event_id,customer_id,session_id,event_ts,event_type,device
12293,10348,s3000000,2026-08-01 08:28:18,page_view,mobile
12294,10348,s3000000,2026-08-01 08:29:22,page_view,mobile
12295,10348,s3000000,2026-08-01 08:30:55,page_view,mobile
12296,10348,s3000000,2026-08-01 08:32:11,page_view,mobile
12297,10462,s3000001,2026-08-01 07:29:32,page_view,mobile
12298,10462,s3000001,2026-08-01 07:29:40,page_view,mobile
12299,10225,s3000002,2026-08-01 14:24:52,page_view,desktop
12300,10225,s3000002,2026-08-01 14:26:50,add_to_cart,desktop
12301,10225,s3000002,2026-08-01 14:27:20,begin_checkout,desktop
12302,10225,s3000002,2026-08-01 14:27:33,purchase,desktop
12303,10280,s3000003,2026-08-01 17:03:11,page_view,mobile
12304,10280,s3000003,2026-08-01 17:05:04,add_to_cart,mobile
12305,10280,s3000003,2026-08-01 17:07:00,begin_checkout,mobile
12306,10182,s3000004,2026-08-01 07:09:58,page_view,mobile
12307,10182,s3000004,2026-08-01 07:11:30,page_view,mobile
12308,10182,s3000004,2026-08-01 07:12:27,page_view,mobile
12309,10182,s3000004,2026-08-01 07:12:48,page_view,mobile
12310,10182,s3000004,2026-08-01 07:13:10,add_to_cart,mobile
12311,10182,s3000004,2026-08-01 07:14:05,begin_checkout,mobile
12312,10182,s3000004,2026-08-01 07:16:02,purchase,mobile
12313,10640,s3000005,2026-08-01 12:21:26,page_view,desktop
12314,10640,s3000005,2026-08-01 12:22:26,page_view,desktop
12315,10640,s3000005,2026-08-01 12:24:06,page_view,desktop
12316,10640,s3000005,2026-08-01 12:24:58,add_to_cart,desktop
12317,10137,s3000006,2026-08-01 12:09:52,page_view,desktop
12318,10137,s3000006,2026-08-01 12:10:38,add_to_cart,desktop
12319,10334,s3000007,2026-08-01 08:04:18,page_view,mobile
12320,10334,s3000007,2026-08-01 08:06:05,page_view,mobile
12321,10334,s3000007,2026-08-01 08:06:36,add_to_cart,mobile
12322,10334,s3000007,2026-08-01 08:08:31,begin_checkout,mobile
12323,10254,s3000008,2026-08-01 06:17:05,page_view,desktop
12324,10228,s3000009,2026-08-01 00:46:11,page_view,tablet
12325,10228,s3000009,2026-08-01 00:46:15,page_view,tablet
12326,10228,s3000009,2026-08-01 00:47:40,page_view,tablet
12327,10228,s3000009,2026-08-01 00:49:31,page_view,tablet
12328,10510,s3000010,2026-08-01 06:09:00,page_view,mobile
12329,10510,s3000010,2026-08-01 06:10:57,page_view,mobile
12330,10510,s3000010,2026-08-01 06:12:00,page_view,mobile
12331,10510,s3000010,2026-08-01 06:12:39,page_view,mobile
12332,10138,s3000011,2026-08-01 20:33:36,page_view,desktop
12333,10138,s3000011,2026-08-01 20:35:19,page_view,desktop
12334,10138,s3000011,2026-08-01 20:37:16,page_view,desktop
12335,10138,s3000011,2026-08-01 20:38:53,page_view,desktop
12336,10375,s3000012,2026-08-01 20:05:06,page_view,mobile
12337,10375,s3000012,2026-08-01 20:06:42,page_view,mobile
12338,10091,s3000013,2026-08-01 16:29:25,page_view,desktop
12339,,s3000014,2026-08-01 12:18:26,page_view,desktop
12340,,s3000014,2026-08-01 12:19:27,page_view,desktop
12341,,s3000014,2026-08-01 12:19:48,page_view,desktop
12342,,s3000014,2026-08-01 12:20:43,page_view,desktop
12343,10668,s3000015,2026-08-01 13:53:34,page_view,tablet
12344,10668,s3000015,2026-08-01 13:54:57,page_view,tablet
12345,10668,s3000015,2026-08-01 13:55:53,add_to_cart,tablet
12346,10366,s3000016,2026-08-01 18:17:10,page_view,mobile
12347,,s3000017,2026-08-01 02:07:03,page_view,mobile
12348,,s3000017,2026-08-01 02:07:32,page_view,mobile
12349,10214,s3000018,2026-08-01 13:57:43,page_view,tablet
12350,10214,s3000018,2026-08-01 13:59:03,page_view,tablet
12351,10214,s3000018,2026-08-01 14:00:30,page_view,tablet
12352,10214,s3000018,2026-08-01 14:01:20,add_to_cart,tablet
12353,10379,s3000019,2026-08-01 05:13:50,page_view,tablet
12354,10379,s3000019,2026-08-01 05:15:27,page_view,tablet
12355,10379,s3000019,2026-08-01 05:17:21,add_to_cart,tablet
12356,,s3000020,2026-08-01 09:49:04,page_view,desktop
12357,10071,s3000021,2026-08-01 07:01:32,page_view,desktop
12358,10071,s3000021,2026-08-01 07:02:43,page_view,desktop
12359,10071,s3000021,2026-08-01 07:04:09,page_view,desktop
12360,10216,s3000022,2026-08-01 04:41:27,page_view,desktop
12361,10216,s3000022,2026-08-01 04:42:29,page_view,desktop
12362,10216,s3000022,2026-08-01 04:44:08,page_view,desktop
12363,10216,s3000022,2026-08-01 04:45:48,add_to_cart,desktop
12364,10216,s3000022,2026-08-01 04:47:47,begin_checkout,desktop
12365,,s3000023,2026-08-01 12:56:33,page_view,desktop
12366,,s3000023,2026-08-01 12:58:27,page_view,desktop
12367,,s3000024,2026-08-01 12:40:49,page_view,desktop
12368,,s3000024,2026-08-01 12:41:06,page_view,desktop
12369,,s3000024,2026-08-01 12:42:18,page_view,desktop
12370,,s3000024,2026-08-01 12:43:40,page_view,desktop
12371,,s3000025,2026-08-01 10:32:59,page_view,desktop
12372,,s3000025,2026-08-01 10:34:51,page_view,desktop
12373,,s3000025,2026-08-01 10:35:15,page_view,desktop
12374,,s3000025,2026-08-01 10:37:13,page_view,desktop
12375,10133,s3000026,2026-08-01 15:24:19,page_view,desktop
12376,10133,s3000026,2026-08-01 15:25:28,page_view,desktop
12377,10680,s3000027,2026-08-01 13:14:40,page_view,desktop
12378,10680,s3000027,2026-08-01 13:15:55,page_view,desktop
12379,10680,s3000027,2026-08-01 13:16:13,page_view,desktop
12380,10680,s3000027,2026-08-01 13:17:02,add_to_cart,desktop
12381,,s3000028,2026-08-01 10:36:26,page_view,mobile
12382,,s3000028,2026-08-01 10:36:36,page_view,mobile
12383,,s3000029,2026-08-01 01:54:56,page_view,Mobile
12384,10079,s3000030,2026-08-01 05:15:48,page_view,mobile
12385,10025,s3000031,2026-08-01 00:23:35,page_view,mobile
12386,10025,s3000031,2026-08-01 00:24:44,page_view,mobile
12387,10025,s3000031,2026-08-01 00:25:07,add_to_cart,mobile
12388,10025,s3000031,2026-08-01 00:26:50,begin_checkout,mobile
12389,10025,s3000031,2026-08-01 00:28:45,purchase,mobile
12390,,s3000032,2026-08-01 20:07:31,page_view,mobile
12391,,s3000032,2026-08-01 20:08:32,page_view,mobile
12392,,s3000032,2026-08-01 20:09:41,page_view,mobile
12393,10395,s3000033,2026-08-01 02:57:02,page_view,desktop
12394,10395,s3000033,2026-08-01 02:58:52,page_view,desktop
12395,10395,s3000033,2026-08-01 02:59:14,page_view,desktop
12396,10395,s3000033,2026-08-01 03:01:12,page_view,desktop
12397,10020,s3000034,2026-08-01 06:08:11,page_view,Desktop
12398,10067,s3000035,2026-08-01 08:05:24,page_view,mobile
12399,10067,s3000035,2026-08-01 08:06:59,page_view,mobile
12400,10067,s3000035,2026-08-01 08:07:31,page_view,mobile
12401,10067,s3000035,2026-08-01 08:09:23,page_view,mobile
12402,10067,s3000035,2026-08-01 08:10:11,add_to_cart,mobile
12403,10067,s3000035,2026-08-01 08:11:13,begin_checkout,mobile
12404,10696,s3000036,2026-08-01 13:28:04,page_view,desktop
12405,10696,s3000036,2026-08-01 13:28:50,page_view,desktop
12406,10682,s3000037,2026-08-01 09:45:18,page_view,mobile
12407,10682,s3000037,2026-08-01 09:46:19,page_view,mobile
12408,10682,s3000037,2026-08-01 09:46:25,page_view,mobile
12409,10640,s3000038,2026-08-01 07:41:30,page_view,mobile
12410,10640,s3000038,2026-08-01 07:42:19,add_to_cart,mobile
12411,,s3000039,2026-08-01 04:49:24,page_view,desktop
12412,10373,s3000040,2026-08-01 01:27:37,page_view,mobile
12413,10373,s3000040,2026-08-01 01:28:23,page_view,mobile
12414,10373,s3000040,2026-08-01 01:28:28,add_to_cart,mobile
12415,10373,s3000040,2026-08-01 01:29:34,begin_checkout,mobile
12416,10373,s3000040,2026-08-01 01:30:41,purchase,mobile
12417,10085,s3000041,2026-08-01 14:43:16,page_view,tablet
12418,10085,s3000041,2026-08-01 14:43:45,page_view,tablet
12419,10085,s3000041,2026-08-01 14:43:58,page_view,tablet
12420,,s3000042,2026-08-01 01:20:16,page_view,mobile
12421,,s3000042,2026-08-01 01:22:01,page_view,mobile
12422,,s3000042,2026-08-01 01:24:00,add_to_cart,mobile
12423,,s3000042,2026-08-01 01:24:19,begin_checkout,mobile
12424,10607,s3000043,2026-08-01 10:18:32,page_view,mobile
12425,10607,s3000043,2026-08-01 10:20:00,page_view,mobile
12426,10607,s3000043,2026-08-01 10:20:21,page_view,mobile
12427,10607,s3000043,2026-08-01 10:21:06,page_view,mobile
12428,10132,s3000044,2026-08-01 00:41:44,page_view,desktop
12429,10132,s3000044,2026-08-01 00:42:35,page_view,desktop
12430,10132,s3000044,2026-08-01 00:44:04,page_view,desktop
12431,10384,s3000045,2026-08-01 13:29:06,page_view,desktop
12432,10384,s3000045,2026-08-01 13:29:41,page_view,desktop
12433,10384,s3000045,2026-08-01 13:29:55,page_view,desktop
12434,10273,s3000046,2026-08-01 10:45:25,page_view,mobile
12435,10273,s3000046,2026-08-01 10:45:51,page_view,mobile
12436,10273,s3000046,2026-08-01 10:46:50,page_view,mobile
12437,,s3000047,2026-08-01 05:12:27,page_view,desktop
12438,,s3000047,2026-08-01 05:14:22,page_view,desktop
12439,,s3000047,2026-08-01 05:16:13,page_view,desktop
12440,10642,s3000048,2026-08-01 18:19:50,page_view,desktop
12441,10642,s3000048,2026-08-01 18:20:53,page_view,desktop
12442,10642,s3000048,2026-08-01 18:21:04,page_view,desktop
12443,10642,s3000048,2026-08-01 18:21:22,add_to_cart,desktop
12444,,s3000049,2026-08-01 11:28:12,page_view,desktop
12445,,s3000049,2026-08-01 11:28:37,page_view,desktop
12446,,s3000049,2026-08-01 11:30:11,page_view,desktop
12447,,s3000049,2026-08-01 11:31:48,page_view,desktop
12448,,s3000050,2026-08-01 17:40:04,page_view,desktop
12449,,s3000050,2026-08-01 17:41:37,page_view,desktop
12450,,s3000050,2026-08-01 17:43:34,add_to_cart,desktop
12451,,s3000050,2026-08-01 17:45:06,begin_checkout,desktop
12452,,s3000050,2026-08-01 17:46:25,purchase,desktop
12453,10538,s3000051,2026-08-02 14:48:36,page_view,mobile
12454,10538,s3000051,2026-08-02 14:49:27,add_to_cart,mobile
12455,10538,s3000051,2026-08-02 14:51:15,begin_checkout,mobile
12456,10457,s3000052,2026-08-02 04:37:07,page_view,desktop
12457,10457,s3000052,2026-08-02 04:37:25,page_view,desktop
12458,10457,s3000052,2026-08-02 04:38:58,page_view,desktop
12459,10457,s3000052,2026-08-02 04:40:33,page_view,desktop
12460,,s3000053,2026-08-02 18:06:35,page_view,Desktop
12461,,s3000053,2026-08-02 18:07:48,page_view,Desktop
12462,,s3000053,2026-08-02 18:09:46,page_view,Desktop
12463,,s3000053,2026-08-02 18:11:36,page_view,Desktop
12464,,s3000054,2026-08-02 00:09:46,page_view,tablet
12465,10495,s3000055,2026-08-02 03:49:58,page_view,desktop
12466,10622,s3000056,2026-08-02 06:48:26,page_view,mobile
12467,10622,s3000056,2026-08-02 06:50:19,page_view,mobile
12468,,s3000057,2026-08-02 02:00:30,page_view,tablet
12469,,s3000057,2026-08-02 02:00:35,page_view,tablet
12470,,s3000057,2026-08-02 02:00:50,page_view,tablet
12471,,s3000057,2026-08-02 02:01:51,add_to_cart,tablet
12472,,s3000057,2026-08-02 02:02:33,begin_checkout,tablet
12473,10657,s3000058,2026-08-02 15:30:21,page_view,tablet
12474,10657,s3000058,2026-08-02 15:31:22,add_to_cart,tablet
12475,10657,s3000058,2026-08-02 15:32:47,begin_checkout,tablet
12476,10657,s3000058,2026-08-02 15:33:26,purchase,tablet
12477,10525,s3000059,2026-08-02 00:07:12,page_view,mobile
12478,10525,s3000059,2026-08-02 00:07:43,page_view,mobile
12479,10525,s3000059,2026-08-02 00:08:47,page_view,mobile
12480,10675,s3000060,2026-08-02 11:43:14,page_view,desktop
12481,10675,s3000060,2026-08-02 11:43:17,page_view,desktop
12482,10675,s3000060,2026-08-02 11:44:07,page_view,desktop
12483,10675,s3000060,2026-08-02 11:44:43,page_view,desktop
12484,10168,s3000061,2026-08-02 13:19:28,page_view,desktop
12485,10168,s3000061,2026-08-02 13:20:03,page_view,desktop
12486,,s3000062,2026-08-02 07:04:15,page_view,mobile
12487,,s3000062,2026-08-02 07:04:59,page_view,mobile
12488,,s3000062,2026-08-02 07:05:54,page_view,mobile
12489,,s3000062,2026-08-02 07:06:24,add_to_cart,mobile
12490,10668,s3000063,2026-08-02 13:17:56,page_view,mobile
12491,10668,s3000063,2026-08-02 13:18:50,add_to_cart,mobile
12492,10447,s3000064,2026-08-02 16:53:44,page_view,mobile
12493,10447,s3000064,2026-08-02 16:54:43,page_view,mobile
12494,10447,s3000064,2026-08-02 16:55:40,page_view,mobile
12495,10480,s3000065,2026-08-02 14:45:17,page_view,desktop
12496,10480,s3000065,2026-08-02 14:45:32,page_view,desktop
12497,10480,s3000065,2026-08-02 14:46:27,page_view,desktop
12498,,s3000066,2026-08-02 07:01:01,page_view,desktop
12499,10685,s3000067,2026-08-02 02:23:13,page_view,desktop
12500,10685,s3000067,2026-08-02 02:24:31,add_to_cart,desktop
12501,10685,s3000067,2026-08-02 02:25:50,begin_checkout,desktop
12502,10165,s3000068,2026-08-02 17:43:18,page_view,tablet
12503,10165,s3000068,2026-08-02 17:43:22,page_view,tablet
12504,10165,s3000068,2026-08-02 17:44:48,page_view,tablet
12505,,s3000069,2026-08-02 05:18:21,page_view,mobile
12506,10350,s3000070,2026-08-02 12:25:05,page_view,tablet
12507,10350,s3000070,2026-08-02 12:26:35,page_view,tablet
12508,10350,s3000070,2026-08-02 12:27:52,page_view,tablet
12509,10350,s3000070,2026-08-02 12:29:40,page_view,tablet
12510,10350,s3000070,2026-08-02 12:30:01,add_to_cart,tablet
12511,,s3000071,2026-08-02 06:35:14,page_view,desktop
12512,,s3000071,2026-08-02 06:36:58,page_view,desktop
12513,,s3000071,2026-08-02 06:37:15,add_to_cart,desktop
12514,,s3000071,2026-08-02 06:37:51,begin_checkout,desktop
12515,,s3000071,2026-08-02 06:39:50,purchase,desktop
12516,,s3000072,2026-08-02 09:36:53,page_view,desktop
12517,,s3000072,2026-08-02 09:38:37,page_view,desktop
12518,,s3000072,2026-08-02 09:40:07,page_view,desktop
12519,,s3000072,2026-08-02 09:40:13,page_view,desktop
12520,10434,s3000073,2026-08-02 14:01:16,page_view,mobile
12521,10434,s3000073,2026-08-02 14:01:43,add_to_cart,mobile
12522,10434,s3000073,2026-08-02 14:03:30,begin_checkout,mobile
12523,10434,s3000073,2026-08-02 14:03:49,purchase,mobile
12524,10141,s3000074,2026-08-02 07:27:01,page_view,desktop
12525,10141,s3000074,2026-08-02 07:27:07,page_view,desktop
12526,10141,s3000074,2026-08-02 07:28:19,page_view,desktop
12527,10141,s3000074,2026-08-02 07:28:53,add_to_cart,desktop
12528,10141,s3000074,2026-08-02 07:28:57,begin_checkout,desktop
12529,,s3000075,2026-08-02 21:57:09,page_view,tablet
12530,,s3000075,2026-08-02 21:57:54,page_view,tablet
12531,,s3000075,2026-08-02 21:59:43,page_view,tablet
12532,10424,s3000076,2026-08-02 12:16:41,page_view,mobile
12533,10424,s3000076,2026-08-02 12:17:28,page_view,mobile
12534,10424,s3000076,2026-08-02 12:18:49,page_view,mobile
12535,10424,s3000076,2026-08-02 12:20:19,add_to_cart,mobile
12536,10315,s3000077,2026-08-02 12:59:17,page_view,mobile
12537,10315,s3000077,2026-08-02 12:59:52,page_view,mobile
12538,,s3000078,2026-08-02 22:02:41,page_view,mobile
12539,10193,s3000079,2026-08-02 12:46:36,page_view,desktop
12540,10308,s3000080,2026-08-02 03:43:56,page_view,desktop
12541,10308,s3000080,2026-08-02 03:44:59,page_view,desktop
12542,10308,s3000080,2026-08-02 03:45:41,page_view,desktop
12543,10308,s3000080,2026-08-02 03:45:47,add_to_cart,desktop
12544,10547,s3000081,2026-08-02 13:02:54,page_view,desktop
12545,10602,s3000082,2026-08-02 16:58:59,page_view,mobile
12546,10602,s3000082,2026-08-02 16:59:39,page_view,mobile
12547,10602,s3000082,2026-08-02 17:01:20,page_view,mobile
12548,10602,s3000082,2026-08-02 17:03:16,add_to_cart,mobile
12549,10061,s3000083,2026-08-02 05:19:37,page_view,desktop
12550,10061,s3000083,2026-08-02 05:21:14,page_view,desktop
12551,10061,s3000083,2026-08-02 05:22:38,page_view,desktop
12552,10061,s3000083,2026-08-02 05:23:39,page_view,desktop
12553,10019,s3000084,2026-08-02 04:19:58,page_view,mobile
12554,10019,s3000084,2026-08-02 04:21:05,page_view,mobile
12555,10588,s3000085,2026-08-02 11:32:29,page_view,mobile
12556,10588,s3000085,2026-08-02 11:33:19,page_view,mobile
12557,10588,s3000085,2026-08-02 11:35:06,page_view,mobile
12558,10588,s3000085,2026-08-02 11:36:00,page_view,mobile
12559,,s3000086,2026-08-02 02:27:08,page_view,desktop
12560,,s3000086,2026-08-02 02:29:01,add_to_cart,desktop
12561,,s3000087,2026-08-02 00:54:24,page_view,mobile
12562,,s3000087,2026-08-02 00:55:25,page_view,mobile
12563,,s3000087,2026-08-02 00:56:17,page_view,mobile
12564,,s3000087,2026-08-02 00:57:30,page_view,mobile
12565,,s3000087,2026-08-02 00:59:16,add_to_cart,mobile
12566,,s3000087,2026-08-02 00:59:33,begin_checkout,mobile
12567,,s3000087,2026-08-02 00:59:40,purchase,mobile
12568,,s3000088,2026-08-02 10:11:07,page_view,desktop
12569,,s3000088,2026-08-02 10:12:07,page_view,desktop
12570,,s3000088,2026-08-02 10:12:38,page_view,desktop
12571,,s3000088,2026-08-02 10:14:35,page_view,desktop
12572,10493,s3000089,2026-08-02 18:52:23,page_view,desktop
12573,10493,s3000089,2026-08-02 18:52:32,page_view,desktop
12574,10493,s3000089,2026-08-02 18:53:50,add_to_cart,desktop
12575,10493,s3000089,2026-08-02 18:55:43,begin_checkout,desktop
12576,10493,s3000089,2026-08-02 18:56:06,purchase,desktop
12577,10061,s3000090,2026-08-02 11:05:57,page_view,desktop
12578,10061,s3000090,2026-08-02 11:06:50,page_view,desktop
12579,10061,s3000090,2026-08-02 11:07:08,page_view,desktop
12580,10061,s3000090,2026-08-02 11:08:44,page_view,desktop
12581,10061,s3000090,2026-08-02 11:10:04,add_to_cart,desktop
12582,10061,s3000090,2026-08-02 11:11:10,begin_checkout,desktop
12583,10230,s3000091,2026-08-02 18:31:56,page_view,desktop
12584,10230,s3000091,2026-08-02 18:32:22,page_view,desktop
12585,10344,s3000092,2026-08-02 04:34:28,page_view,mobile
12586,10344,s3000092,2026-08-02 04:34:32,page_view,mobile
12587,10344,s3000092,2026-08-02 04:35:24,page_view,mobile
12588,10344,s3000092,2026-08-02 04:36:14,page_view,mobile
12589,10344,s3000092,2026-08-02 04:36:39,add_to_cart,mobile
12590,10344,s3000092,2026-08-02 04:38:31,begin_checkout,mobile
12591,10655,s3000093,2026-08-02 03:50:48,page_view,mobile
12592,10655,s3000093,2026-08-02 03:51:12,page_view,mobile
12593,10655,s3000093,2026-08-02 03:51:33,add_to_cart,mobile
12594,,s3000094,2026-08-02 05:04:21,page_view,mobile
12595,,s3000094,2026-08-02 05:05:03,add_to_cart,mobile
12596,10478,s3000095,2026-08-02 17:12:33,page_view,mobile
12597,10478,s3000095,2026-08-02 17:13:16,page_view,mobile
12598,10478,s3000095,2026-08-02 17:14:44,page_view,mobile
12599,10478,s3000095,2026-08-02 17:15:08,page_view,mobile
12600,10348,s3000096,2026-08-02 13:31:35,page_view,mobile
12601,10348,s3000096,2026-08-02 13:32:33,add_to_cart,mobile
12602,10348,s3000096,2026-08-02 13:33:13,begin_checkout,mobile
12603,10348,s3000096,2026-08-02 13:34:00,purchase,mobile
12604,10470,s3000097,2026-08-02 16:26:15,page_view,mobile
12605,10470,s3000097,2026-08-02 16:27:12,page_view,mobile
12606,10470,s3000097,2026-08-02 16:27:25,add_to_cart,mobile
12607,10470,s3000097,2026-08-02 16:29:08,begin_checkout,mobile
12608,10470,s3000097,2026-08-02 16:29:30,purchase,mobile
12609,10070,s3000098,2026-08-02 09:25:13,page_view,mobile
12610,10640,s3000099,2026-08-02 17:23:43,page_view,Tablet
12611,10640,s3000099,2026-08-02 17:23:53,page_view,Tablet
12612,10640,s3000099,2026-08-02 17:24:53,page_view,Tablet
12613,10640,s3000099,2026-08-02 17:26:24,page_view,Tablet
12614,10640,s3000099,2026-08-02 17:27:09,add_to_cart,Tablet
12615,10640,s3000099,2026-08-02 17:27:49,begin_checkout,Tablet
12616,10640,s3000099,2026-08-02 17:27:57,purchase,Tablet
12617,10300,s3000100,2026-08-02 11:57:05,page_view,desktop
12618,10300,s3000100,2026-08-02 11:57:20,page_view,desktop
12619,10300,s3000100,2026-08-02 11:57:38,page_view,desktop
12620,10025,s3000101,2026-08-02 16:01:27,page_view,tablet
12621,10025,s3000101,2026-08-02 16:01:31,page_view,tablet
12622,,s3000102,2026-08-02 04:23:58,page_view,desktop
12623,,s3000102,2026-08-02 04:24:27,page_view,desktop
12624,,s3000102,2026-08-02 04:25:34,page_view,desktop
12625,10649,s3000103,2026-08-03 03:27:42,page_view,desktop
12626,10649,s3000103,2026-08-03 03:28:36,page_view,desktop
12627,,s3000104,2026-08-03 11:48:10,page_view,mobile
12628,,s3000104,2026-08-03 11:48:27,page_view,mobile
12629,,s3000105,2026-08-03 01:10:17,page_view,mobile
12630,,s3000105,2026-08-03 01:12:04,page_view,mobile
12631,,s3000105,2026-08-03 01:13:10,page_view,mobile
12632,,s3000105,2026-08-03 01:14:42,add_to_cart,mobile
12633,10672,s3000106,2026-08-03 08:19:02,page_view,mobile
12634,10672,s3000106,2026-08-03 08:19:29,page_view,mobile
12635,10672,s3000106,2026-08-03 08:21:07,page_view,mobile
12636,,s3000107,2026-08-03 21:45:09,page_view,desktop
12637,,s3000107,2026-08-03 21:45:38,page_view,desktop
12638,,s3000107,2026-08-03 21:46:07,page_view,desktop
12639,,s3000108,2026-08-03 13:21:37,page_view,desktop
12640,10287,s3000109,2026-08-03 02:06:46,page_view,mobile
12641,,s3000110,2026-08-03 08:38:20,page_view,mobile
12642,,s3000110,2026-08-03 08:39:56,page_view,mobile
12643,,s3000110,2026-08-03 08:40:34,page_view,mobile
12644,,s3000110,2026-08-03 08:42:10,page_view,mobile
12645,,s3000111,2026-08-03 19:18:00,page_view,mobile
12646,,s3000111,2026-08-03 19:18:18,page_view,mobile
12647,,s3000111,2026-08-03 19:20:12,add_to_cart,mobile
12648,10492,s3000112,2026-08-03 20:49:31,page_view,mobile
12649,10492,s3000112,2026-08-03 20:51:19,add_to_cart,mobile
12650,10026,s3000113,2026-08-03 01:00:04,page_view,desktop
12651,10504,s3000114,2026-08-03 11:04:11,page_view,mobile
12652,10504,s3000114,2026-08-03 11:05:42,page_view,mobile
12653,10504,s3000114,2026-08-03 11:07:31,add_to_cart,mobile
12654,10438,s3000115,2026-08-03 12:26:47,page_view,desktop
12655,10438,s3000115,2026-08-03 12:27:20,page_view,desktop
12656,,s3000116,2026-08-03 06:39:38,page_view,Mobile
12657,,s3000116,2026-08-03 06:41:37,page_view,Mobile
12658,,s3000116,2026-08-03 06:42:21,page_view,Mobile
12659,,s3000117,2026-08-03 16:09:42,page_view,Mobile
12660,,s3000117,2026-08-03 16:10:57,page_view,Mobile
12661,,s3000117,2026-08-03 16:11:15,page_view,Mobile
12662,,s3000117,2026-08-03 16:11:55,page_view,Mobile
12663,,s3000117,2026-08-03 16:13:25,add_to_cart,Mobile
12664,,s3000117,2026-08-03 16:13:33,begin_checkout,Mobile
12665,,s3000117,2026-08-03 16:14:55,purchase,Mobile
12666,,s3000118,2026-08-03 12:36:56,page_view,desktop
12667,,s3000118,2026-08-03 12:37:02,add_to_cart,desktop
12668,10086,s3000119,2026-08-03 01:04:38,page_view,desktop
12669,10086,s3000119,2026-08-03 01:06:33,page_view,desktop
12670,10254,s3000120,2026-08-03 09:21:37,page_view,mobile
12671,10254,s3000120,2026-08-03 09:22:41,page_view,mobile
12672,10254,s3000120,2026-08-03 09:23:54,page_view,mobile
12673,10024,s3000121,2026-08-03 10:53:00,page_view,mobile
12674,10024,s3000121,2026-08-03 10:53:34,add_to_cart,mobile
12675,,s3000122,2026-08-03 15:57:16,page_view,tablet
12676,,s3000122,2026-08-03 15:58:33,page_view,tablet
12677,,s3000122,2026-08-03 15:59:33,page_view,tablet
12678,,s3000122,2026-08-03 16:00:19,page_view,tablet
12679,10436,s3000123,2026-08-03 02:16:40,page_view,tablet
12680,10436,s3000123,2026-08-03 02:17:19,page_view,tablet
12681,10436,s3000123,2026-08-03 02:18:19,page_view,tablet
12682,10436,s3000123,2026-08-03 02:19:38,page_view,tablet
12683,,s3000124,2026-08-03 11:31:19,page_view,desktop
12684,,s3000124,2026-08-03 11:31:48,page_view,desktop
12685,,s3000124,2026-08-03 11:32:49,page_view,desktop
12686,,s3000124,2026-08-03 11:33:31,page_view,desktop
12687,,s3000125,2026-08-03 06:24:05,page_view,mobile
12688,,s3000126,2026-08-03 10:08:12,page_view,Desktop
12689,,s3000127,2026-08-03 11:43:22,page_view,mobile
12690,,s3000127,2026-08-03 11:43:44,page_view,mobile
12691,,s3000127,2026-08-03 11:44:03,page_view,mobile
12692,,s3000127,2026-08-03 11:44:11,page_view,mobile
12693,,s3000127,2026-08-03 11:44:14,add_to_cart,mobile
12694,10356,s3000128,2026-08-03 13:56:10,page_view,mobile
12695,10356,s3000128,2026-08-03 13:56:46,page_view,mobile
12696,10356,s3000128,2026-08-03 13:58:12,page_view,mobile
12697,10356,s3000128,2026-08-03 13:59:03,page_view,mobile
12698,10356,s3000128,2026-08-03 14:00:59,add_to_cart,mobile
12699,10358,s3000129,2026-08-03 13:12:07,page_view,desktop
12700,10358,s3000129,2026-08-03 13:13:42,page_view,desktop
12701,10358,s3000129,2026-08-03 13:14:52,page_view,desktop
12702,10374,s3000130,2026-08-03 17:35:06,page_view,mobile
12703,10374,s3000130,2026-08-03 17:36:44,page_view,mobile
12704,,s3000131,2026-08-03 09:56:39,page_view,mobile
12705,,s3000131,2026-08-03 09:56:45,page_view,mobile
12706,,s3000131,2026-08-03 09:57:52,page_view,mobile
12707,,s3000131,2026-08-03 09:59:01,page_view,mobile
12708,,s3000132,2026-08-03 04:01:14,page_view,desktop
12709,,s3000132,2026-08-03 04:01:43,page_view,desktop
12710,,s3000132,2026-08-03 04:01:58,page_view,desktop
12711,,s3000132,2026-08-03 04:02:09,page_view,desktop
12712,,s3000132,2026-08-03 04:03:22,add_to_cart,desktop
12713,,s3000132,2026-08-03 04:05:00,begin_checkout,desktop
12714,,s3000132,2026-08-03 04:05:32,purchase,desktop
12715,10659,s3000133,2026-08-03 17:10:42,page_view,desktop
12716,10659,s3000133,2026-08-03 17:11:13,page_view,desktop
12717,10659,s3000133,2026-08-03 17:11:52,page_view,desktop
12718,10659,s3000133,2026-08-03 17:13:05,add_to_cart,desktop
12719,,s3000134,2026-08-03 16:08:13,page_view,desktop
12720,,s3000134,2026-08-03 16:09:37,page_view,desktop
12721,,s3000134,2026-08-03 16:10:54,page_view,desktop
12722,,s3000134,2026-08-03 16:11:35,page_view,desktop
12723,10008,s3000135,2026-08-03 17:29:00,page_view,tablet
12724,10124,s3000136,2026-08-03 18:14:55,page_view,mobile
12725,10124,s3000136,2026-08-03 18:16:46,page_view,mobile
12726,10228,s3000137,2026-08-03 08:37:42,page_view,desktop
12727,10228,s3000137,2026-08-03 08:39:39,page_view,desktop
12728,10228,s3000137,2026-08-03 08:41:34,page_view,desktop
12729,10228,s3000137,2026-08-03 08:41:55,add_to_cart,desktop
12730,10296,s3000138,2026-08-03 16:07:43,page_view,desktop
12731,10296,s3000138,2026-08-03 16:09:02,page_view,desktop
12732,10169,s3000139,2026-08-03 19:06:34,page_view,desktop
12733,10169,s3000139,2026-08-03 19:06:58,page_view,desktop
12734,10169,s3000139,2026-08-03 19:08:41,page_view,desktop
12735,10169,s3000139,2026-08-03 19:08:47,page_view,desktop
12736,10169,s3000139,2026-08-03 19:09:42,add_to_cart,desktop
12737,10253,s3000140,2026-08-03 04:18:51,page_view,tablet
12738,10516,s3000141,2026-08-03 01:04:21,page_view,mobile
12739,10516,s3000141,2026-08-03 01:06:09,page_view,mobile
12740,10516,s3000141,2026-08-03 01:07:38,page_view,mobile
12741,10516,s3000141,2026-08-03 01:08:47,page_view,mobile
12742,,s3000142,2026-08-03 22:28:57,page_view,desktop
12743,,s3000142,2026-08-03 22:30:30,page_view,desktop
12744,,s3000142,2026-08-03 22:30:54,add_to_cart,desktop
12745,,s3000142,2026-08-03 22:31:54,begin_checkout,desktop
12746,,s3000142,2026-08-03 22:33:49,purchase,desktop
12747,,s3000143,2026-08-03 09:07:04,page_view,Tablet
12748,,s3000143,2026-08-03 09:07:12,page_view,Tablet
12749,,s3000143,2026-08-03 09:08:22,page_view,Tablet
12750,,s3000144,2026-08-03 22:15:22,page_view,desktop
12751,,s3000144,2026-08-03 22:15:29,page_view,desktop
12752,,s3000144,2026-08-03 22:17:19,page_view,desktop
12753,,s3000144,2026-08-03 22:17:53,page_view,desktop
12754,10014,s3000145,2026-08-03 08:59:10,page_view,mobile
12755,10014,s3000145,2026-08-03 09:00:46,page_view,mobile
12756,10014,s3000145,2026-08-03 09:01:07,add_to_cart,mobile
12757,10648,s3000146,2026-08-03 07:32:01,page_view,desktop
12758,10648,s3000146,2026-08-03 07:34:00,add_to_cart,desktop
12759,,s3000147,2026-08-03 14:07:03,page_view,Mobile
12760,,s3000148,2026-08-03 07:00:44,page_view,desktop
12761,,s3000148,2026-08-03 07:02:44,page_view,desktop
12762,,s3000148,2026-08-03 07:04:15,page_view,desktop
12763,,s3000148,2026-08-03 07:04:34,page_view,desktop
12764,10152,s3000149,2026-08-03 03:12:05,page_view,desktop
12765,10152,s3000149,2026-08-03 03:13:51,add_to_cart,desktop
12766,10152,s3000149,2026-08-03 03:15:42,begin_checkout,desktop
12767,10152,s3000149,2026-08-03 03:15:56,purchase,desktop
12768,,s3000150,2026-08-03 11:52:48,page_view,tablet
12769,,s3000150,2026-08-03 11:53:58,page_view,tablet
12770,10393,s3000151,2026-08-03 14:26:34,page_view,mobile
12771,,s3000152,2026-08-03 17:09:31,page_view,desktop
12772,,s3000152,2026-08-03 17:10:29,page_view,desktop
12773,,s3000152,2026-08-03 17:10:56,page_view,desktop
12774,,s3000152,2026-08-03 17:11:39,page_view,desktop
12775,10132,s3000153,2026-08-03 04:08:13,page_view,mobile
12776,10132,s3000153,2026-08-03 04:09:25,page_view,mobile
12777,10132,s3000153,2026-08-03 04:10:44,page_view,mobile
12778,10132,s3000153,2026-08-03 04:12:04,page_view,mobile
12779,,s3000154,2026-08-03 03:10:46,page_view,desktop
12780,,s3000155,2026-08-03 10:45:09,page_view,desktop
12781,,s3000155,2026-08-03 10:45:41,page_view,desktop
12782,10476,s3000156,2026-08-03 19:18:41,page_view,desktop
12783,10476,s3000156,2026-08-03 19:20:23,page_view,desktop
12784,10476,s3000156,2026-08-03 19:22:12,page_view,desktop
12785,,s3000157,2026-08-03 05:42:59,page_view,desktop
12786,,s3000157,2026-08-03 05:44:40,add_to_cart,desktop
12787,,s3000158,2026-08-03 05:11:01,page_view,desktop
12788,,s3000158,2026-08-03 05:12:01,page_view,desktop
12789,,s3000158,2026-08-03 05:13:29,page_view,desktop
12790,,s3000159,2026-08-03 03:45:19,page_view,Desktop
12791,,s3000159,2026-08-03 03:46:51,page_view,Desktop
12792,,s3000159,2026-08-03 03:47:21,page_view,Desktop
12793,,s3000159,2026-08-03 03:48:09,page_view,Desktop
12794,10544,s3000160,2026-08-03 13:12:22,page_view,desktop
12795,10544,s3000160,2026-08-03 13:14:00,page_view,desktop
12796,10544,s3000160,2026-08-03 13:14:18,page_view,desktop
12797,10544,s3000160,2026-08-03 13:14:57,add_to_cart,desktop
12798,10544,s3000160,2026-08-03 13:16:20,begin_checkout,desktop
12799,10544,s3000160,2026-08-03 13:17:44,purchase,desktop
12800,,s3000161,2026-08-04 17:43:23,page_view,desktop
12801,,s3000161,2026-08-04 17:44:31,page_view,desktop
12802,,s3000161,2026-08-04 17:45:09,page_view,desktop
12803,,s3000161,2026-08-04 17:46:10,page_view,desktop
12804,10268,s3000162,2026-08-04 13:37:23,page_view,tablet
12805,10268,s3000162,2026-08-04 13:39:10,add_to_cart,tablet
12806,10337,s3000163,2026-08-04 19:28:41,page_view,mobile
12807,10337,s3000163,2026-08-04 19:28:48,page_view,mobile
12808,10337,s3000163,2026-08-04 19:29:08,add_to_cart,mobile
12809,10337,s3000163,2026-08-04 19:30:20,begin_checkout,mobile
12810,10177,s3000164,2026-08-04 11:34:51,page_view,tablet
12811,10177,s3000164,2026-08-04 11:36:23,page_view,tablet
12812,10177,s3000164,2026-08-04 11:37:14,page_view,tablet
12813,10177,s3000164,2026-08-04 11:37:51,page_view,tablet
12814,,s3000165,2026-08-04 11:29:37,page_view,desktop
12815,,s3000166,2026-08-04 19:30:01,page_view,desktop
12816,10381,s3000167,2026-08-04 06:48:02,page_view,desktop
12817,10381,s3000167,2026-08-04 06:49:05,page_view,desktop
12818,10381,s3000167,2026-08-04 06:49:47,page_view,desktop
12819,10381,s3000167,2026-08-04 06:50:02,add_to_cart,desktop
12820,10381,s3000167,2026-08-04 06:50:43,begin_checkout,desktop
12821,10381,s3000167,2026-08-04 06:52:32,purchase,desktop
12822,10136,s3000168,2026-08-04 02:15:32,page_view,desktop
12823,10136,s3000168,2026-08-04 02:15:49,add_to_cart,desktop
12824,10402,s3000169,2026-08-04 20:34:19,page_view,Desktop
12825,10402,s3000169,2026-08-04 20:36:06,page_view,Desktop
12826,10402,s3000169,2026-08-04 20:36:57,page_view,Desktop
12827,10402,s3000169,2026-08-04 20:38:33,page_view,Desktop
12828,10402,s3000169,2026-08-04 20:39:43,add_to_cart,Desktop
12829,10402,s3000169,2026-08-04 20:40:11,begin_checkout,Desktop
12830,10402,s3000169,2026-08-04 20:40:53,purchase,Desktop
12831,,s3000170,2026-08-04 21:51:07,page_view,desktop
12832,,s3000170,2026-08-04 21:53:00,page_view,desktop
12833,,s3000170,2026-08-04 21:53:59,page_view,desktop
12834,,s3000170,2026-08-04 21:55:24,page_view,desktop
12835,,s3000170,2026-08-04 21:56:17,add_to_cart,desktop
12836,,s3000171,2026-08-04 22:49:54,page_view,mobile
12837,,s3000171,2026-08-04 22:50:40,page_view,mobile
12838,,s3000171,2026-08-04 22:51:08,page_view,mobile
12839,,s3000171,2026-08-04 22:52:07,page_view,mobile
12840,10153,s3000172,2026-08-04 14:11:37,page_view,desktop
12841,10153,s3000172,2026-08-04 14:11:59,page_view,desktop
12842,10153,s3000172,2026-08-04 14:12:25,page_view,desktop
12843,10580,s3000173,2026-08-04 16:52:16,page_view,desktop
12844,10580,s3000173,2026-08-04 16:53:34,page_view,desktop
12845,10580,s3000173,2026-08-04 16:54:50,page_view,desktop
12846,10580,s3000173,2026-08-04 16:56:43,add_to_cart,desktop
12847,10580,s3000173,2026-08-04 16:58:10,begin_checkout,desktop
12848,10580,s3000173,2026-08-04 17:00:08,purchase,desktop
12849,10485,s3000174,2026-08-04 18:16:31,page_view,mobile
12850,10485,s3000174,2026-08-04 18:17:33,page_view,mobile
12851,10485,s3000174,2026-08-04 18:18:44,page_view,mobile
12852,10485,s3000174,2026-08-04 18:19:38,page_view,mobile
12853,10160,s3000175,2026-08-04 22:58:58,page_view,mobile
12854,10160,s3000175,2026-08-04 22:59:18,page_view,mobile
12855,10160,s3000175,2026-08-04 22:59:31,add_to_cart,mobile
12856,10160,s3000175,2026-08-04 22:59:43,begin_checkout,mobile
12857,10160,s3000175,2026-08-04 23:00:15,purchase,mobile
12858,,s3000176,2026-08-04 01:22:30,page_view,tablet
12859,,s3000176,2026-08-04 01:24:27,add_to_cart,tablet
12860,,s3000177,2026-08-04 20:15:45,page_view,mobile
12861,,s3000177,2026-08-04 20:17:01,page_view,mobile
12862,,s3000177,2026-08-04 20:18:31,page_view,mobile
12863,,s3000177,2026-08-04 20:19:12,add_to_cart,mobile
12864,,s3000177,2026-08-04 20:19:16,begin_checkout,mobile
12865,10506,s3000178,2026-08-04 13:10:29,page_view,mobile
12866,10599,s3000179,2026-08-04 01:42:03,page_view,mobile
12867,10599,s3000179,2026-08-04 01:43:34,page_view,mobile
12868,10599,s3000179,2026-08-04 01:43:56,page_view,mobile
12869,10599,s3000179,2026-08-04 01:44:50,page_view,mobile
12870,10599,s3000179,2026-08-04 01:45:57,add_to_cart,mobile
12871,10599,s3000179,2026-08-04 01:46:07,begin_checkout,mobile
12872,10599,s3000179,2026-08-04 01:46:36,purchase,mobile
12873,,s3000180,2026-08-04 21:31:26,page_view,mobile
12874,,s3000180,2026-08-04 21:31:41,page_view,mobile
12875,,s3000180,2026-08-04 21:33:28,page_view,mobile
12876,10250,s3000181,2026-08-04 13:17:47,page_view,mobile
12877,10250,s3000181,2026-08-04 13:18:22,page_view,mobile
12878,10061,s3000182,2026-08-04 07:54:29,page_view,desktop
12879,10061,s3000182,2026-08-04 07:55:54,page_view,desktop
12880,10061,s3000182,2026-08-04 07:56:54,page_view,desktop
12881,10061,s3000182,2026-08-04 07:57:16,page_view,desktop
12882,10061,s3000182,2026-08-04 07:58:26,add_to_cart,desktop
12883,10652,s3000183,2026-08-04 16:10:21,page_view,desktop
12884,10652,s3000183,2026-08-04 16:11:20,page_view,desktop
12885,10652,s3000183,2026-08-04 16:12:11,page_view,desktop
12886,,s3000184,2026-08-04 22:11:40,page_view,desktop
12887,,s3000184,2026-08-04 22:13:31,page_view,desktop
12888,,s3000184,2026-08-04 22:15:07,page_view,desktop
12889,10416,s3000185,2026-08-04 08:48:16,page_view,mobile
12890,10416,s3000185,2026-08-04 08:49:13,page_view,mobile
12891,10434,s3000186,2026-08-04 10:28:01,page_view,desktop
12892,10434,s3000186,2026-08-04 10:28:27,page_view,desktop
12893,10173,s3000187,2026-08-04 05:32:39,page_view,desktop
12894,10173,s3000187,2026-08-04 05:34:32,page_view,desktop
12895,10173,s3000187,2026-08-04 05:35:13,page_view,desktop
12896,10173,s3000187,2026-08-04 05:36:09,page_view,desktop
12897,10612,s3000188,2026-08-04 18:11:56,page_view,mobile
12898,10612,s3000188,2026-08-04 18:12:30,add_to_cart,mobile
12899,10612,s3000188,2026-08-04 18:13:16,begin_checkout,mobile
12900,10612,s3000188,2026-08-04 18:14:30,purchase,mobile
12901,10501,s3000189,2026-08-04 19:41:02,page_view,mobile
12902,,s3000190,2026-08-04 01:43:01,page_view,tablet
12903,,s3000190,2026-08-04 01:44:57,page_view,tablet
12904,,s3000190,2026-08-04 01:46:40,page_view,tablet
12905,,s3000190,2026-08-04 01:48:11,add_to_cart,tablet
12906,10333,s3000191,2026-08-04 19:30:25,page_view,mobile
12907,10333,s3000191,2026-08-04 19:31:39,page_view,mobile
12908,10333,s3000191,2026-08-04 19:32:07,page_view,mobile
12909,10333,s3000191,2026-08-04 19:33:29,page_view,mobile
12910,,s3000192,2026-08-04 09:12:38,page_view,tablet
12911,10144,s3000193,2026-08-04 14:07:53,page_view,desktop
12912,10144,s3000193,2026-08-04 14:09:10,page_view,desktop
12913,10144,s3000193,2026-08-04 14:10:31,page_view,desktop
12914,10144,s3000193,2026-08-04 14:10:43,page_view,desktop
12915,,s3000194,2026-08-04 15:10:54,page_view,tablet
12916,,s3000195,2026-08-04 03:21:33,page_view,mobile
12917,,s3000196,2026-08-04 07:12:00,page_view,desktop
12918,,s3000196,2026-08-04 07:12:55,page_view,desktop
12919,10627,s3000197,2026-08-04 18:01:07,page_view,desktop
12920,10627,s3000197,2026-08-04 18:02:20,page_view,desktop
12921,10627,s3000197,2026-08-04 18:02:33,page_view,desktop
12922,10627,s3000197,2026-08-04 18:04:24,page_view,desktop
12923,10627,s3000197,2026-08-04 18:05:16,add_to_cart,desktop
12924,10627,s3000197,2026-08-04 18:06:58,begin_checkout,desktop
12925,10669,s3000198,2026-08-04 13:20:02,page_view,mobile
12926,10669,s3000198,2026-08-04 13:21:31,page_view,mobile
12927,10223,s3000199,2026-08-04 22:36:08,page_view,mobile
12928,10223,s3000199,2026-08-04 22:37:18,add_to_cart,mobile
12929,10223,s3000199,2026-08-04 22:38:55,begin_checkout,mobile
12930,10290,s3000200,2026-08-04 08:24:02,page_view,desktop
12931,10290,s3000200,2026-08-04 08:25:37,page_view,desktop
12932,10290,s3000200,2026-08-04 08:27:37,add_to_cart,desktop
12933,,s3000201,2026-08-04 07:11:44,page_view,desktop
12934,,s3000201,2026-08-04 07:13:35,page_view,desktop
12935,10629,s3000202,2026-08-04 03:29:52,page_view,desktop
12936,10629,s3000202,2026-08-04 03:31:16,page_view,desktop
12937,10629,s3000202,2026-08-04 03:32:26,page_view,desktop
12938,10013,s3000203,2026-08-04 07:34:12,page_view,mobile
12939,,s3000204,2026-08-04 17:44:43,page_view,mobile
12940,,s3000205,2026-08-04 11:41:38,page_view,desktop
12941,10513,s3000206,2026-08-04 17:04:38,page_view,mobile
12942,10513,s3000206,2026-08-04 17:05:15,page_view,mobile
12943,10513,s3000206,2026-08-04 17:05:19,add_to_cart,mobile
12944,,s3000207,2026-08-04 21:53:57,page_view,mobile
12945,,s3000207,2026-08-04 21:54:49,page_view,mobile
12946,,s3000207,2026-08-04 21:56:29,page_view,mobile
12947,10302,s3000208,2026-08-04 07:59:11,page_view,mobile
12948,10302,s3000208,2026-08-04 07:59:34,page_view,mobile
12949,10302,s3000208,2026-08-04 07:59:45,page_view,mobile
12950,10302,s3000208,2026-08-04 08:00:34,page_view,mobile
12951,,s3000209,2026-08-04 16:03:02,page_view,desktop
12952,,s3000209,2026-08-04 16:04:06,page_view,desktop
12953,,s3000209,2026-08-04 16:04:17,page_view,desktop
12954,,s3000209,2026-08-04 16:05:33,page_view,desktop
12955,,s3000209,2026-08-04 16:07:21,add_to_cart,desktop
12956,,s3000209,2026-08-04 16:09:08,begin_checkout,desktop
12957,,s3000209,2026-08-04 16:10:15,purchase,desktop
12958,10573,s3000210,2026-08-04 03:25:31,page_view,desktop
12959,10573,s3000210,2026-08-04 03:27:17,page_view,desktop
12960,10573,s3000210,2026-08-04 03:28:29,add_to_cart,desktop
12961,10573,s3000210,2026-08-04 03:29:36,begin_checkout,desktop
12962,10573,s3000210,2026-08-04 03:31:34,purchase,desktop
12963,10671,s3000211,2026-08-04 13:56:35,page_view,desktop
12964,10671,s3000211,2026-08-04 13:58:27,page_view,desktop
12965,10368,s3000212,2026-08-04 22:49:22,page_view,desktop
12966,10368,s3000212,2026-08-04 22:50:23,page_view,desktop
12967,10368,s3000212,2026-08-04 22:51:29,page_view,desktop
12968,10368,s3000212,2026-08-04 22:51:37,page_view,desktop
12969,10368,s3000212,2026-08-04 22:52:00,add_to_cart,desktop
12970,10441,s3000213,2026-08-04 05:49:25,page_view,desktop
12971,10441,s3000213,2026-08-04 05:50:03,page_view,desktop
12972,10441,s3000213,2026-08-04 05:51:06,page_view,desktop
12973,10441,s3000213,2026-08-04 05:53:02,page_view,desktop
12974,,s3000214,2026-08-04 06:22:58,page_view,mobile
12975,,s3000214,2026-08-04 06:24:46,page_view,mobile
12976,,s3000214,2026-08-04 06:25:42,page_view,mobile
12977,,s3000214,2026-08-04 06:25:52,page_view,mobile
12978,,s3000214,2026-08-04 06:27:36,add_to_cart,mobile
12979,,s3000214,2026-08-04 06:28:56,begin_checkout,mobile
12980,10013,s3000215,2026-08-04 02:48:17,page_view,desktop
12981,10013,s3000215,2026-08-04 02:48:35,page_view,desktop
12982,10013,s3000215,2026-08-04 02:50:30,page_view,desktop
12983,10013,s3000215,2026-08-04 02:52:15,page_view,desktop
12984,,s3000216,2026-08-04 16:43:45,page_view,desktop
12985,,s3000216,2026-08-04 16:44:48,page_view,desktop
12986,,s3000216,2026-08-04 16:45:46,page_view,desktop
12987,,s3000216,2026-08-04 16:46:24,page_view,desktop
12988,,s3000216,2026-08-04 16:46:46,add_to_cart,desktop
12989,,s3000216,2026-08-04 16:47:32,begin_checkout,desktop
12990,,s3000216,2026-08-04 16:47:45,purchase,desktop
12991,,s3000217,2026-08-05 20:43:32,page_view,desktop
12992,10568,s3000218,2026-08-05 10:14:33,page_view,desktop
12993,10568,s3000218,2026-08-05 10:16:28,page_view,desktop
12994,10568,s3000218,2026-08-05 10:18:03,page_view,desktop
12995,10568,s3000218,2026-08-05 10:19:34,page_view,desktop
12996,10568,s3000218,2026-08-05 10:20:31,add_to_cart,desktop
12997,10568,s3000218,2026-08-05 10:21:34,begin_checkout,desktop
12998,10568,s3000218,2026-08-05 10:21:48,purchase,desktop
12999,10294,s3000219,2026-08-05 15:35:06,page_view,mobile
13000,10294,s3000219,2026-08-05 15:36:41,page_view,mobile
13001,10294,s3000219,2026-08-05 15:37:27,page_view,mobile
13002,10294,s3000219,2026-08-05 15:38:07,page_view,mobile
13003,10761,s3000220,2026-08-05 04:26:43,page_view,desktop
13004,10761,s3000220,2026-08-05 04:26:58,page_view,desktop
13005,10761,s3000220,2026-08-05 04:28:53,page_view,desktop
13006,10380,s3000221,2026-08-05 13:53:43,page_view,desktop
13007,10380,s3000221,2026-08-05 13:53:56,page_view,desktop
13008,10380,s3000221,2026-08-05 13:55:18,page_view,desktop
13009,10448,s3000222,2026-08-05 21:36:24,page_view,mobile
13010,10448,s3000222,2026-08-05 21:36:34,add_to_cart,mobile
13011,10448,s3000222,2026-08-05 21:37:28,begin_checkout,mobile
13012,10448,s3000222,2026-08-05 21:38:31,purchase,mobile
13013,,s3000223,2026-08-05 06:47:36,page_view,mobile
13014,,s3000223,2026-08-05 06:48:23,page_view,mobile
13015,10579,s3000224,2026-08-05 20:06:40,page_view,mobile
13016,10579,s3000224,2026-08-05 20:06:52,page_view,mobile
13017,10579,s3000224,2026-08-05 20:07:33,page_view,mobile
13018,10579,s3000224,2026-08-05 20:07:52,page_view,mobile
13019,10634,s3000225,2026-08-05 02:22:34,page_view,mobile
13020,10634,s3000225,2026-08-05 02:23:30,page_view,mobile
13021,10634,s3000225,2026-08-05 02:24:49,page_view,mobile
13022,10441,s3000226,2026-08-05 07:22:22,page_view,mobile
13023,10441,s3000226,2026-08-05 07:22:28,page_view,mobile
13024,10441,s3000226,2026-08-05 07:23:11,page_view,mobile
13025,10441,s3000226,2026-08-05 07:23:24,page_view,mobile
13026,10049,s3000227,2026-08-05 12:35:34,page_view,desktop
13027,10049,s3000227,2026-08-05 12:36:21,add_to_cart,desktop
13028,10049,s3000227,2026-08-05 12:37:06,begin_checkout,desktop
13029,10049,s3000227,2026-08-05 12:37:24,purchase,desktop
13030,10648,s3000228,2026-08-05 20:56:40,page_view,desktop
13031,10648,s3000228,2026-08-05 20:57:25,page_view,desktop
13032,10648,s3000228,2026-08-05 20:57:36,page_view,desktop
13033,10648,s3000228,2026-08-05 20:59:27,page_view,desktop
13034,10648,s3000228,2026-08-05 21:01:15,add_to_cart,desktop
13035,10648,s3000228,2026-08-05 21:02:12,begin_checkout,desktop
13036,10648,s3000228,2026-08-05 21:02:17,purchase,desktop
13037,,s3000229,2026-08-05 03:13:15,page_view,Mobile
13038,,s3000229,2026-08-05 03:14:24,page_view,Mobile
13039,,s3000229,2026-08-05 03:15:50,page_view,Mobile
13040,,s3000229,2026-08-05 03:17:46,add_to_cart,Mobile
13041,10141,s3000230,2026-08-05 16:05:07,page_view,mobile
13042,10141,s3000230,2026-08-05 16:06:22,page_view,mobile
13043,10141,s3000230,2026-08-05 16:07:59,page_view,mobile
13044,10759,s3000231,2026-08-05 10:30:24,page_view,tablet
13045,10759,s3000231,2026-08-05 10:31:30,page_view,tablet
13046,10322,s3000232,2026-08-05 09:54:30,page_view,tablet
13047,10322,s3000232,2026-08-05 09:55:52,page_view,tablet
13048,10322,s3000232,2026-08-05 09:55:59,add_to_cart,tablet
13049,10322,s3000232,2026-08-05 09:56:31,begin_checkout,tablet
13050,10322,s3000232,2026-08-05 09:57:50,purchase,tablet
13051,10599,s3000233,2026-08-05 01:57:10,page_view,desktop
13052,10599,s3000233,2026-08-05 01:57:49,page_view,desktop
13053,,s3000234,2026-08-05 11:25:22,page_view,desktop
13054,,s3000234,2026-08-05 11:26:44,page_view,desktop
13055,,s3000234,2026-08-05 11:28:21,page_view,desktop
13056,10297,s3000235,2026-08-05 12:31:17,page_view,mobile
13057,10297,s3000235,2026-08-05 12:33:16,add_to_cart,mobile
13058,,s3000236,2026-08-05 13:40:41,page_view,desktop
13059,,s3000236,2026-08-05 13:42:11,page_view,desktop
13060,,s3000236,2026-08-05 13:42:48,page_view,desktop
13061,,s3000237,2026-08-05 21:58:54,page_view,mobile
13062,,s3000237,2026-08-05 22:00:06,page_view,mobile
13063,,s3000238,2026-08-05 06:01:05,page_view,mobile
13064,,s3000238,2026-08-05 06:01:46,page_view,mobile
13065,,s3000238,2026-08-05 06:02:41,page_view,mobile
13066,,s3000238,2026-08-05 06:03:11,add_to_cart,mobile
13067,,s3000238,2026-08-05 06:04:06,begin_checkout,mobile
13068,,s3000238,2026-08-05 06:05:37,purchase,mobile
13069,10097,s3000239,2026-08-05 18:03:58,page_view,mobile
13070,10097,s3000239,2026-08-05 18:04:59,page_view,mobile
13071,10097,s3000239,2026-08-05 18:06:03,page_view,mobile
13072,10097,s3000239,2026-08-05 18:06:18,page_view,mobile
13073,10097,s3000239,2026-08-05 18:07:07,add_to_cart,mobile
13074,10192,s3000240,2026-08-05 14:25:45,page_view,desktop
13075,10192,s3000240,2026-08-05 14:27:19,page_view,desktop
13076,,s3000241,2026-08-05 18:45:59,page_view,desktop
13077,,s3000241,2026-08-05 18:47:44,page_view,desktop
13078,10400,s3000242,2026-08-05 17:10:30,page_view,desktop
13079,10400,s3000242,2026-08-05 17:10:54,page_view,desktop
13080,10400,s3000242,2026-08-05 17:12:44,page_view,desktop
13081,10400,s3000242,2026-08-05 17:13:54,page_view,desktop
13082,10400,s3000242,2026-08-05 17:14:41,add_to_cart,desktop
13083,10400,s3000242,2026-08-05 17:16:29,begin_checkout,desktop
13084,10400,s3000242,2026-08-05 17:17:30,purchase,desktop
13085,,s3000243,2026-08-05 18:40:13,page_view,desktop
13086,,s3000243,2026-08-05 18:41:07,page_view,desktop
13087,,s3000243,2026-08-05 18:41:27,page_view,desktop
13088,10609,s3000244,2026-08-05 02:08:16,page_view,desktop
13089,10609,s3000244,2026-08-05 02:10:14,page_view,desktop
13090,10609,s3000244,2026-08-05 02:10:37,add_to_cart,desktop
13091,10609,s3000244,2026-08-05 02:12:07,begin_checkout,desktop
13092,10117,s3000245,2026-08-05 21:40:06,page_view,desktop
13093,10117,s3000245,2026-08-05 21:41:19,page_view,desktop
13094,10117,s3000245,2026-08-05 21:41:37,page_view,desktop
13095,,s3000246,2026-08-05 09:51:02,page_view,mobile
13096,,s3000246,2026-08-05 09:52:59,page_view,mobile
13097,,s3000246,2026-08-05 09:54:59,page_view,mobile
13098,,s3000246,2026-08-05 09:55:21,page_view,mobile
13099,,s3000247,2026-08-05 21:10:04,page_view,mobile
13100,,s3000247,2026-08-05 21:10:54,add_to_cart,mobile
13101,,s3000247,2026-08-05 21:11:09,begin_checkout,mobile
13102,,s3000247,2026-08-05 21:12:42,purchase,mobile
13103,,s3000248,2026-08-05 13:36:58,page_view,mobile
13104,,s3000248,2026-08-05 13:37:17,page_view,mobile
13105,,s3000248,2026-08-05 13:37:50,page_view,mobile
13106,,s3000248,2026-08-05 13:38:03,page_view,mobile
13107,,s3000249,2026-08-05 22:41:10,page_view,desktop
13108,,s3000249,2026-08-05 22:41:44,page_view,desktop
13109,,s3000249,2026-08-05 22:42:30,add_to_cart,desktop
13110,10184,s3000250,2026-08-05 19:46:07,page_view,mobile
13111,10184,s3000250,2026-08-05 19:46:12,add_to_cart,mobile
13112,10184,s3000250,2026-08-05 19:47:17,begin_checkout,mobile
13113,10184,s3000250,2026-08-05 19:48:58,purchase,mobile
13114,10593,s3000251,2026-08-05 21:38:46,page_view,desktop
13115,10593,s3000251,2026-08-05 21:39:35,page_view,desktop
13116,10593,s3000251,2026-08-05 21:41:23,page_view,desktop
13117,10593,s3000251,2026-08-05 21:42:37,page_view,desktop
13118,,s3000252,2026-08-05 10:07:30,page_view,mobile
13119,,s3000252,2026-08-05 10:08:34,page_view,mobile
13120,,s3000252,2026-08-05 10:10:12,page_view,mobile
13121,10202,s3000253,2026-08-05 08:16:29,page_view,desktop
13122,10202,s3000253,2026-08-05 08:16:55,page_view,desktop
13123,10202,s3000253,2026-08-05 08:17:14,page_view,desktop
13124,10202,s3000253,2026-08-05 08:17:58,add_to_cart,desktop
13125,10202,s3000253,2026-08-05 08:18:58,begin_checkout,desktop
13126,10202,s3000253,2026-08-05 08:20:43,purchase,desktop
13127,10393,s3000254,2026-08-05 18:26:44,page_view,desktop
13128,10393,s3000254,2026-08-05 18:28:10,add_to_cart,desktop
13129,,s3000255,2026-08-05 03:31:30,page_view,mobile
13130,,s3000255,2026-08-05 03:32:36,page_view,mobile
13131,,s3000255,2026-08-05 03:33:19,page_view,mobile
13132,,s3000255,2026-08-05 03:34:21,page_view,mobile
13133,,s3000256,2026-08-05 02:43:27,page_view,desktop
13134,10255,s3000257,2026-08-05 14:00:45,page_view,desktop
13135,10255,s3000257,2026-08-05 14:02:42,page_view,desktop
13136,10255,s3000257,2026-08-05 14:03:03,page_view,desktop
13137,10056,s3000258,2026-08-05 10:04:03,page_view,mobile
13138,10056,s3000258,2026-08-05 10:05:06,page_view,mobile
13139,,s3000259,2026-08-05 06:37:28,page_view,mobile
13140,,s3000259,2026-08-05 06:39:20,page_view,mobile
13141,,s3000259,2026-08-05 06:40:03,page_view,mobile
13142,,s3000259,2026-08-05 06:41:25,add_to_cart,mobile
13143,10100,s3000260,2026-08-05 14:29:54,page_view,desktop
13144,10100,s3000260,2026-08-05 14:30:26,page_view,desktop
13145,10100,s3000260,2026-08-05 14:30:41,page_view,desktop
13146,10100,s3000260,2026-08-05 14:31:26,page_view,desktop
13147,10100,s3000260,2026-08-05 14:32:27,add_to_cart,desktop
13148,10100,s3000260,2026-08-05 14:34:17,begin_checkout,desktop
13149,10100,s3000260,2026-08-05 14:35:24,purchase,desktop
13150,,s3000261,2026-08-05 04:59:24,page_view,desktop
13151,,s3000261,2026-08-05 04:59:32,page_view,desktop
13152,,s3000261,2026-08-05 05:00:03,page_view,desktop
13153,,s3000261,2026-08-05 05:01:47,page_view,desktop
13154,,s3000261,2026-08-05 05:03:00,add_to_cart,desktop
13155,,s3000261,2026-08-05 05:04:21,begin_checkout,desktop
13156,,s3000261,2026-08-05 05:04:38,purchase,desktop
13157,,s3000262,2026-08-05 09:29:31,page_view,desktop
13158,,s3000262,2026-08-05 09:31:26,page_view,desktop
13159,,s3000262,2026-08-05 09:32:15,page_view,desktop
13160,,s3000262,2026-08-05 09:33:46,page_view,desktop
13161,,s3000263,2026-08-05 11:06:26,page_view,mobile
13162,,s3000263,2026-08-05 11:07:38,page_view,mobile
13163,,s3000263,2026-08-05 11:09:31,page_view,mobile
13164,,s3000263,2026-08-05 11:11:31,page_view,mobile
13165,10469,s3000264,2026-08-05 00:02:40,page_view,desktop
13166,10469,s3000264,2026-08-05 00:02:53,page_view,desktop
13167,10469,s3000264,2026-08-05 00:03:57,add_to_cart,desktop
13168,10469,s3000264,2026-08-05 00:05:12,begin_checkout,desktop
13169,10373,s3000265,2026-08-05 05:06:26,page_view,mobile
13170,10692,s3000266,2026-08-05 04:37:18,page_view,mobile
13171,10081,s3000267,2026-08-06 20:20:40,page_view,mobile
13172,10521,s3000268,2026-08-06 16:03:44,page_view,mobile
13173,10521,s3000268,2026-08-06 16:04:56,page_view,mobile
13174,10521,s3000268,2026-08-06 16:06:19,page_view,mobile
13175,,s3000269,2026-08-06 20:51:37,page_view,desktop
13176,,s3000269,2026-08-06 20:53:16,page_view,desktop
13177,10041,s3000270,2026-08-06 05:36:24,page_view,mobile
13178,10041,s3000270,2026-08-06 05:36:49,page_view,mobile
13179,10041,s3000270,2026-08-06 05:37:13,add_to_cart,mobile
13180,10531,s3000271,2026-08-06 22:38:14,page_view,desktop
13181,10531,s3000271,2026-08-06 22:40:01,page_view,desktop
13182,10531,s3000271,2026-08-06 22:41:06,page_view,desktop
13183,10531,s3000271,2026-08-06 22:42:24,page_view,desktop
13184,10531,s3000271,2026-08-06 22:42:30,add_to_cart,desktop
13185,,s3000272,2026-08-06 14:39:47,page_view,desktop
13186,10193,s3000273,2026-08-06 18:45:54,page_view,mobile
13187,10193,s3000273,2026-08-06 18:47:29,page_view,mobile
13188,10193,s3000273,2026-08-06 18:48:54,add_to_cart,mobile
13189,,s3000274,2026-08-06 08:07:33,page_view,mobile
13190,,s3000274,2026-08-06 08:09:16,page_view,mobile
13191,,s3000274,2026-08-06 08:09:45,page_view,mobile
13192,,s3000274,2026-08-06 08:09:56,page_view,mobile
13193,,s3000275,2026-08-06 21:15:13,page_view,desktop
13194,,s3000275,2026-08-06 21:15:50,page_view,desktop
13195,10345,s3000276,2026-08-06 10:54:25,page_view,desktop
13196,10345,s3000276,2026-08-06 10:55:36,page_view,desktop
13197,10345,s3000276,2026-08-06 10:56:34,page_view,desktop
13198,10593,s3000277,2026-08-06 06:14:57,page_view,mobile
13199,10593,s3000277,2026-08-06 06:16:30,page_view,mobile
13200,10593,s3000277,2026-08-06 06:16:57,add_to_cart,mobile
13201,,s3000278,2026-08-06 20:11:45,page_view,mobile
13202,,s3000279,2026-08-06 09:59:29,page_view,mobile
13203,,s3000279,2026-08-06 10:00:05,page_view,mobile
13204,,s3000280,2026-08-06 07:50:25,page_view,mobile
13205,,s3000280,2026-08-06 07:50:35,page_view,mobile
13206,10375,s3000281,2026-08-06 06:09:55,page_view,mobile
13207,10375,s3000281,2026-08-06 06:10:08,page_view,mobile
13208,10375,s3000281,2026-08-06 06:11:52,page_view,mobile
13209,10375,s3000281,2026-08-06 06:12:47,page_view,mobile
13210,10375,s3000281,2026-08-06 06:13:54,add_to_cart,mobile
13211,10375,s3000281,2026-08-06 06:14:32,begin_checkout,mobile
13212,10375,s3000281,2026-08-06 06:15:08,purchase,mobile
13213,10299,s3000282,2026-08-06 15:21:01,page_view,mobile
13214,10299,s3000282,2026-08-06 15:22:43,page_view,mobile
13215,10662,s3000283,2026-08-06 01:08:14,page_view,mobile
13216,10662,s3000283,2026-08-06 01:09:56,add_to_cart,mobile
13217,10662,s3000283,2026-08-06 01:10:06,begin_checkout,mobile
13218,10295,s3000284,2026-08-06 17:54:56,page_view,mobile
13219,,s3000285,2026-08-06 20:32:18,page_view,mobile
13220,,s3000285,2026-08-06 20:32:42,page_view,mobile
13221,10103,s3000286,2026-08-06 06:10:19,page_view,tablet
13222,10103,s3000286,2026-08-06 06:10:53,page_view,tablet
13223,10103,s3000286,2026-08-06 06:11:43,page_view,tablet
13224,10103,s3000286,2026-08-06 06:13:32,add_to_cart,tablet
13225,10103,s3000286,2026-08-06 06:15:21,begin_checkout,tablet
13226,10103,s3000286,2026-08-06 06:16:44,purchase,tablet
13227,10005,s3000287,2026-08-06 01:17:31,page_view,mobile
13228,10005,s3000287,2026-08-06 01:18:20,add_to_cart,mobile
13229,10005,s3000287,2026-08-06 01:19:06,begin_checkout,mobile
13230,10005,s3000287,2026-08-06 01:20:55,purchase,mobile
13231,10293,s3000288,2026-08-06 19:15:45,page_view,mobile
13232,10293,s3000288,2026-08-06 19:17:02,page_view,mobile
13233,10293,s3000288,2026-08-06 19:17:22,page_view,mobile
13234,10377,s3000289,2026-08-06 21:15:52,page_view,mobile
13235,10377,s3000289,2026-08-06 21:17:31,page_view,mobile
13236,10377,s3000289,2026-08-06 21:19:27,page_view,mobile
13237,10377,s3000289,2026-08-06 21:20:28,page_view,mobile
13238,10647,s3000290,2026-08-06 06:23:51,page_view,Mobile
13239,,s3000291,2026-08-06 01:50:39,page_view,desktop
13240,,s3000291,2026-08-06 01:50:46,page_view,desktop
13241,10244,s3000292,2026-08-06 17:17:03,page_view,desktop
13242,10244,s3000292,2026-08-06 17:18:04,page_view,desktop
13243,10244,s3000292,2026-08-06 17:18:51,page_view,desktop
13244,10244,s3000292,2026-08-06 17:20:07,page_view,desktop
13245,10301,s3000293,2026-08-06 08:47:19,page_view,desktop
13246,10301,s3000293,2026-08-06 08:47:39,page_view,desktop
13247,10301,s3000293,2026-08-06 08:49:37,add_to_cart,desktop
13248,10073,s3000294,2026-08-06 02:25:55,page_view,mobile
13249,10073,s3000294,2026-08-06 02:27:52,page_view,mobile
13250,,s3000295,2026-08-06 01:27:16,page_view,desktop
13251,,s3000295,2026-08-06 01:28:58,page_view,desktop
13252,,s3000295,2026-08-06 01:29:25,page_view,desktop
13253,,s3000295,2026-08-06 01:31:17,page_view,desktop
13254,,s3000296,2026-08-06 18:17:48,page_view,tablet
13255,10284,s3000297,2026-08-06 09:42:23,page_view,desktop
13256,10284,s3000297,2026-08-06 09:43:49,page_view,desktop
13257,10284,s3000297,2026-08-06 09:45:12,page_view,desktop
13258,,s3000298,2026-08-06 16:04:36,page_view,mobile
13259,,s3000298,2026-08-06 16:05:29,page_view,mobile
13260,,s3000298,2026-08-06 16:06:43,page_view,mobile
13261,,s3000298,2026-08-06 16:07:15,page_view,mobile
13262,10441,s3000299,2026-08-06 03:57:15,page_view,desktop
13263,10441,s3000299,2026-08-06 03:59:00,page_view,desktop
13264,10441,s3000299,2026-08-06 03:59:57,page_view,desktop
13265,10441,s3000299,2026-08-06 04:00:44,page_view,desktop
13266,10676,s3000300,2026-08-06 21:13:08,page_view,desktop
13267,10676,s3000300,2026-08-06 21:15:03,page_view,desktop
13268,10317,s3000301,2026-08-06 17:50:31,page_view,desktop
13269,,s3000302,2026-08-06 01:41:53,page_view,mobile
13270,,s3000302,2026-08-06 01:43:20,page_view,mobile
13271,,s3000302,2026-08-06 01:44:21,page_view,mobile
13272,,s3000302,2026-08-06 01:46:21,page_view,mobile
13273,,s3000302,2026-08-06 01:47:14,add_to_cart,mobile
13274,,s3000302,2026-08-06 01:47:29,begin_checkout,mobile
13275,,s3000302,2026-08-06 01:48:30,purchase,mobile
13276,10661,s3000303,2026-08-06 15:18:24,page_view,Mobile
13277,10661,s3000303,2026-08-06 15:18:49,page_view,Mobile
13278,10661,s3000303,2026-08-06 15:19:24,page_view,Mobile
13279,10455,s3000304,2026-08-06 01:02:33,page_view,mobile
13280,10455,s3000304,2026-08-06 01:03:02,page_view,mobile
13281,10455,s3000304,2026-08-06 01:03:37,add_to_cart,mobile
13282,10455,s3000304,2026-08-06 01:04:40,begin_checkout,mobile
13283,10455,s3000304,2026-08-06 01:04:43,purchase,mobile
13284,10529,s3000305,2026-08-06 08:50:23,page_view,mobile
13285,10529,s3000305,2026-08-06 08:51:37,page_view,mobile
13286,10529,s3000305,2026-08-06 08:52:40,page_view,mobile
13287,,s3000306,2026-08-06 09:42:01,page_view,desktop
13288,,s3000306,2026-08-06 09:42:18,page_view,desktop
13289,,s3000307,2026-08-06 19:08:51,page_view,mobile
13290,,s3000307,2026-08-06 19:09:55,page_view,mobile
13291,,s3000307,2026-08-06 19:10:07,page_view,mobile
13292,,s3000307,2026-08-06 19:11:42,add_to_cart,mobile
13293,10396,s3000308,2026-08-06 03:16:06,page_view,tablet
13294,10396,s3000308,2026-08-06 03:17:16,add_to_cart,tablet
13295,,s3000309,2026-08-06 20:05:52,page_view,mobile
13296,,s3000309,2026-08-06 20:06:47,page_view,mobile
13297,,s3000309,2026-08-06 20:08:43,page_view,mobile
13298,,s3000309,2026-08-06 20:10:11,page_view,mobile
13299,,s3000309,2026-08-06 20:12:08,add_to_cart,mobile
13300,10454,s3000310,2026-08-06 20:02:04,page_view,desktop
13301,10454,s3000310,2026-08-06 20:02:35,page_view,desktop
13302,10454,s3000310,2026-08-06 20:03:47,page_view,desktop
13303,10033,s3000311,2026-08-06 00:34:21,page_view,desktop
13304,10416,s3000312,2026-08-06 07:20:27,page_view,desktop
13305,10416,s3000312,2026-08-06 07:21:06,page_view,desktop
13306,10318,s3000313,2026-08-06 01:07:27,page_view,desktop
13307,10318,s3000313,2026-08-06 01:07:37,page_view,desktop
13308,10318,s3000313,2026-08-06 01:07:53,page_view,desktop
13309,10318,s3000313,2026-08-06 01:08:29,add_to_cart,desktop
13310,10318,s3000313,2026-08-06 01:10:05,begin_checkout,desktop
13311,10318,s3000313,2026-08-06 01:10:22,purchase,desktop
13312,10606,s3000314,2026-08-06 17:23:16,page_view,desktop
13313,10606,s3000314,2026-08-06 17:24:36,page_view,desktop
13314,10565,s3000315,2026-08-06 05:43:49,page_view,desktop
13315,10565,s3000315,2026-08-06 05:44:24,page_view,desktop
13316,10565,s3000315,2026-08-06 05:46:06,page_view,desktop
13317,10565,s3000315,2026-08-06 05:46:44,page_view,desktop
13318,10565,s3000315,2026-08-06 05:47:18,add_to_cart,desktop
13319,10530,s3000316,2026-08-06 21:17:29,page_view,desktop
13320,10530,s3000316,2026-08-06 21:18:56,page_view,desktop
13321,10530,s3000316,2026-08-06 21:19:09,page_view,desktop
13322,,s3000317,2026-08-06 09:13:06,page_view,desktop
13323,10294,s3000318,2026-08-06 19:30:25,page_view,mobile
13324,10294,s3000318,2026-08-06 19:31:54,page_view,mobile
13325,10294,s3000318,2026-08-06 19:32:37,page_view,mobile
13326,10294,s3000318,2026-08-06 19:33:16,add_to_cart,mobile
13327,,s3000319,2026-08-06 14:53:31,page_view,mobile
13328,,s3000319,2026-08-06 14:54:41,add_to_cart,mobile
13329,,s3000319,2026-08-06 14:55:12,begin_checkout,mobile
13330,,s3000319,2026-08-06 14:55:21,purchase,mobile
13331,10317,s3000320,2026-08-06 20:34:58,page_view,tablet
13332,10657,s3000321,2026-08-06 15:00:25,page_view,desktop
13333,10032,s3000322,2026-08-06 05:41:49,page_view,desktop
13334,10032,s3000322,2026-08-06 05:43:17,page_view,desktop
13335,,s3000323,2026-08-06 19:23:20,page_view,mobile
13336,,s3000323,2026-08-06 19:24:59,add_to_cart,mobile
13337,10097,s3000324,2026-08-06 06:25:59,page_view,mobile
13338,10097,s3000324,2026-08-06 06:27:09,page_view,mobile
13339,10097,s3000324,2026-08-06 06:27:49,page_view,mobile
13340,10097,s3000324,2026-08-06 06:28:50,add_to_cart,mobile
13341,10367,s3000325,2026-08-06 05:55:24,page_view,mobile
13342,10367,s3000325,2026-08-06 05:56:57,page_view,mobile
13343,10367,s3000325,2026-08-06 05:57:03,page_view,mobile
13344,10367,s3000325,2026-08-06 05:57:28,page_view,mobile
13345,,s3000326,2026-08-06 09:12:37,page_view,mobile
13346,10300,s3000327,2026-08-07 12:22:03,page_view,tablet
13347,10300,s3000327,2026-08-07 12:22:45,page_view,tablet
13348,10300,s3000327,2026-08-07 12:23:05,page_view,tablet
13349,10300,s3000327,2026-08-07 12:23:18,page_view,tablet
13350,10549,s3000328,2026-08-07 19:09:24,page_view,desktop
13351,10549,s3000328,2026-08-07 19:10:51,page_view,desktop
13352,10549,s3000328,2026-08-07 19:10:57,page_view,desktop
13353,10549,s3000328,2026-08-07 19:11:40,page_view,desktop
13354,10549,s3000328,2026-08-07 19:12:44,add_to_cart,desktop
13355,,s3000329,2026-08-07 18:17:18,page_view,Desktop
13356,,s3000329,2026-08-07 18:19:02,page_view,Desktop
13357,,s3000329,2026-08-07 18:19:33,page_view,Desktop
13358,,s3000330,2026-08-07 18:19:40,page_view,desktop
13359,10147,s3000331,2026-08-07 20:44:47,page_view,mobile
13360,10147,s3000331,2026-08-07 20:45:40,page_view,mobile
13361,10147,s3000331,2026-08-07 20:47:01,page_view,mobile
13362,10147,s3000331,2026-08-07 20:47:25,page_view,mobile
13363,10147,s3000331,2026-08-07 20:47:44,add_to_cart,mobile
13364,10147,s3000331,2026-08-07 20:48:36,begin_checkout,mobile
13365,10147,s3000331,2026-08-07 20:50:34,purchase,mobile
13366,10397,s3000332,2026-08-07 06:26:20,page_view,mobile
13367,10397,s3000332,2026-08-07 06:27:21,add_to_cart,mobile
13368,10397,s3000332,2026-08-07 06:28:42,begin_checkout,mobile
13369,10397,s3000332,2026-08-07 06:30:12,purchase,mobile
13370,10194,s3000333,2026-08-07 04:52:05,page_view,Desktop
13371,10194,s3000333,2026-08-07 04:53:47,page_view,Desktop
13372,10194,s3000333,2026-08-07 04:55:19,page_view,Desktop
13373,10194,s3000333,2026-08-07 04:55:42,add_to_cart,Desktop
13374,10078,s3000334,2026-08-07 08:02:26,page_view,Desktop
13375,10078,s3000334,2026-08-07 08:03:18,page_view,Desktop
13376,10078,s3000334,2026-08-07 08:05:17,page_view,Desktop
13377,10078,s3000334,2026-08-07 08:05:34,add_to_cart,Desktop
13378,10078,s3000334,2026-08-07 08:06:41,begin_checkout,Desktop
13379,10527,s3000335,2026-08-07 17:53:55,page_view,desktop
13380,10527,s3000335,2026-08-07 17:54:34,page_view,desktop
13381,10527,s3000335,2026-08-07 17:55:54,add_to_cart,desktop
13382,10487,s3000336,2026-08-07 13:16:46,page_view,Mobile
13383,10487,s3000336,2026-08-07 13:17:46,page_view,Mobile
13384,10487,s3000336,2026-08-07 13:17:58,page_view,Mobile
13385,10487,s3000336,2026-08-07 13:18:38,page_view,Mobile
13386,10487,s3000336,2026-08-07 13:19:35,add_to_cart,Mobile
13387,10296,s3000337,2026-08-07 00:52:17,page_view,mobile
13388,10296,s3000337,2026-08-07 00:52:35,page_view,mobile
13389,10296,s3000337,2026-08-07 00:53:13,page_view,mobile
13390,10296,s3000337,2026-08-07 00:54:07,add_to_cart,mobile
13391,10296,s3000337,2026-08-07 00:54:30,begin_checkout,mobile
13392,,s3000338,2026-08-07 03:36:03,page_view,desktop
13393,,s3000338,2026-08-07 03:36:53,page_view,desktop
13394,,s3000338,2026-08-07 03:38:03,page_view,desktop
13395,,s3000338,2026-08-07 03:38:17,page_view,desktop
13396,10226,s3000339,2026-08-07 00:46:26,page_view,mobile
13397,10226,s3000339,2026-08-07 00:46:54,page_view,mobile
13398,10226,s3000339,2026-08-07 00:48:22,page_view,mobile
13399,10226,s3000339,2026-08-07 00:49:20,page_view,mobile
13400,10226,s3000339,2026-08-07 00:49:37,add_to_cart,mobile
13401,10119,s3000340,2026-08-07 17:08:54,page_view,mobile
13402,10119,s3000340,2026-08-07 17:10:41,add_to_cart,mobile
13403,10119,s3000340,2026-08-07 17:10:54,begin_checkout,mobile
13404,,s3000341,2026-08-07 08:27:30,page_view,mobile
13405,,s3000341,2026-08-07 08:28:07,page_view,mobile
13406,,s3000342,2026-08-07 15:39:39,page_view,desktop
13407,,s3000343,2026-08-07 22:13:59,page_view,desktop
13408,,s3000343,2026-08-07 22:15:46,add_to_cart,desktop
13409,10072,s3000344,2026-08-07 18:02:39,page_view,desktop
13410,,s3000345,2026-08-07 20:21:56,page_view,mobile
13411,,s3000345,2026-08-07 20:23:13,page_view,mobile
13412,,s3000345,2026-08-07 20:24:16,add_to_cart,mobile
13413,,s3000345,2026-08-07 20:25:58,begin_checkout,mobile
13414,,s3000346,2026-08-07 06:59:06,page_view,mobile
13415,,s3000346,2026-08-07 06:59:19,page_view,mobile
13416,,s3000346,2026-08-07 06:59:44,page_view,mobile
13417,,s3000346,2026-08-07 07:01:25,add_to_cart,mobile
13418,,s3000346,2026-08-07 07:02:49,begin_checkout,mobile
13419,10098,s3000347,2026-08-07 22:04:49,page_view,mobile
13420,10098,s3000347,2026-08-07 22:05:17,page_view,mobile
13421,10098,s3000347,2026-08-07 22:06:42,add_to_cart,mobile
13422,,s3000348,2026-08-07 19:32:51,page_view,tablet
13423,,s3000348,2026-08-07 19:34:45,page_view,tablet
13424,,s3000348,2026-08-07 19:36:42,page_view,tablet
13425,,s3000348,2026-08-07 19:37:00,page_view,tablet
13426,10067,s3000349,2026-08-07 19:45:03,page_view,tablet
13427,10067,s3000349,2026-08-07 19:46:19,page_view,tablet
13428,10285,s3000350,2026-08-07 05:42:41,page_view,desktop
13429,10285,s3000350,2026-08-07 05:44:10,page_view,desktop
13430,10610,s3000351,2026-08-07 03:46:52,page_view,desktop
13431,10073,s3000352,2026-08-07 22:40:33,page_view,desktop
13432,10073,s3000352,2026-08-07 22:42:17,page_view,desktop
13433,10073,s3000352,2026-08-07 22:42:28,add_to_cart,desktop
13434,,s3000353,2026-08-07 20:04:55,page_view,tablet
13435,,s3000353,2026-08-07 20:05:38,page_view,tablet
13436,,s3000353,2026-08-07 20:06:39,page_view,tablet
13437,,s3000353,2026-08-07 20:07:50,page_view,tablet
13438,,s3000353,2026-08-07 20:09:46,add_to_cart,tablet
13439,,s3000353,2026-08-07 20:11:36,begin_checkout,tablet
13440,,s3000353,2026-08-07 20:12:41,purchase,tablet
13441,10332,s3000354,2026-08-07 02:49:51,page_view,mobile
13442,10332,s3000354,2026-08-07 02:50:32,add_to_cart,mobile
13443,10332,s3000354,2026-08-07 02:52:11,begin_checkout,mobile
13444,10472,s3000355,2026-08-07 16:57:16,page_view,tablet
13445,10472,s3000355,2026-08-07 16:58:41,page_view,tablet
13446,10328,s3000356,2026-08-07 02:15:34,page_view,tablet
13447,10328,s3000356,2026-08-07 02:15:47,page_view,tablet
13448,10328,s3000356,2026-08-07 02:17:21,page_view,tablet
13449,10328,s3000356,2026-08-07 02:18:46,page_view,tablet
13450,,s3000357,2026-08-07 19:25:23,page_view,desktop
13451,,s3000357,2026-08-07 19:25:29,page_view,desktop
13452,,s3000357,2026-08-07 19:26:49,page_view,desktop
13453,10393,s3000358,2026-08-07 20:16:28,page_view,desktop
13454,10566,s3000359,2026-08-07 02:26:31,page_view,mobile
13455,10566,s3000359,2026-08-07 02:27:47,page_view,mobile
13456,10566,s3000359,2026-08-07 02:27:55,add_to_cart,mobile
13457,,s3000360,2026-08-07 03:09:08,page_view,mobile
13458,10268,s3000361,2026-08-07 09:57:37,page_view,desktop
13459,10268,s3000361,2026-08-07 09:58:47,page_view,desktop
13460,10268,s3000361,2026-08-07 10:00:34,page_view,desktop
13461,10268,s3000361,2026-08-07 10:02:23,page_view,desktop
13462,10268,s3000361,2026-08-07 10:03:47,add_to_cart,desktop
13463,10268,s3000361,2026-08-07 10:05:11,begin_checkout,desktop
13464,10268,s3000361,2026-08-07 10:06:31,purchase,desktop
13465,10475,s3000362,2026-08-07 05:06:47,page_view,desktop
13466,10475,s3000362,2026-08-07 05:07:27,page_view,desktop
13467,10475,s3000362,2026-08-07 05:08:05,page_view,desktop
13468,10475,s3000362,2026-08-07 05:09:53,add_to_cart,desktop
13469,10032,s3000363,2026-08-07 02:58:35,page_view,mobile
13470,10032,s3000363,2026-08-07 02:59:33,page_view,mobile
13471,10032,s3000363,2026-08-07 03:00:43,page_view,mobile
13472,10032,s3000363,2026-08-07 03:02:09,page_view,mobile
13473,,s3000364,2026-08-07 06:38:46,page_view,tablet
13474,,s3000365,2026-08-07 04:40:38,page_view,tablet
13475,,s3000365,2026-08-07 04:41:26,page_view,tablet
13476,,s3000365,2026-08-07 04:42:21,page_view,tablet
13477,10772,s3000366,2026-08-07 22:51:26,page_view,mobile
13478,,s3000367,2026-08-07 20:35:03,page_view,mobile
13479,10201,s3000368,2026-08-07 06:15:31,page_view,desktop
13480,10201,s3000368,2026-08-07 06:16:26,page_view,desktop
13481,10201,s3000368,2026-08-07 06:18:11,page_view,desktop
13482,10201,s3000368,2026-08-07 06:18:41,page_view,desktop
13483,10462,s3000369,2026-08-07 14:27:06,page_view,mobile
13484,,s3000370,2026-08-07 11:14:29,page_view,desktop
13485,,s3000370,2026-08-07 11:16:28,page_view,desktop
13486,,s3000370,2026-08-07 11:16:47,page_view,desktop
13487,,s3000370,2026-08-07 11:17:52,page_view,desktop
13488,10241,s3000371,2026-08-07 05:38:32,page_view,tablet
13489,10394,s3000372,2026-08-07 22:12:34,page_view,mobile
13490,10394,s3000372,2026-08-07 22:12:44,add_to_cart,mobile
13491,10394,s3000372,2026-08-07 22:14:08,begin_checkout,mobile
13492,10394,s3000372,2026-08-07 22:15:10,purchase,mobile
13493,,s3000373,2026-08-07 21:51:09,page_view,mobile
13494,,s3000374,2026-08-07 09:15:27,page_view,mobile
13495,,s3000374,2026-08-07 09:16:22,page_view,mobile
13496,,s3000374,2026-08-07 09:17:24,page_view,mobile
13497,,s3000374,2026-08-07 09:18:55,add_to_cart,mobile
13498,10142,s3000375,2026-08-07 06:38:30,page_view,mobile
13499,,s3000376,2026-08-07 00:43:42,page_view,tablet
13500,,s3000376,2026-08-07 00:45:26,page_view,tablet
13501,,s3000376,2026-08-07 00:45:43,add_to_cart,tablet
13502,,s3000376,2026-08-07 00:47:30,begin_checkout,tablet
13503,10355,s3000377,2026-08-07 14:50:53,page_view,mobile
13504,10435,s3000378,2026-08-07 08:46:13,page_view,mobile
13505,10435,s3000378,2026-08-07 08:47:17,page_view,mobile
13506,10435,s3000378,2026-08-07 08:47:23,page_view,mobile
13507,10435,s3000378,2026-08-07 08:48:59,add_to_cart,mobile
13508,10158,s3000379,2026-08-07 02:57:59,page_view,mobile
13509,10158,s3000379,2026-08-07 02:59:03,page_view,mobile
13510,,s3000380,2026-08-07 21:31:20,page_view,desktop
13511,,s3000380,2026-08-07 21:32:36,page_view,desktop
13512,,s3000380,2026-08-07 21:34:23,page_view,desktop
13513,10652,s3000381,2026-08-07 04:27:46,page_view,mobile
13514,,s3000382,2026-08-07 02:58:14,page_view,mobile
13515,,s3000382,2026-08-07 02:59:35,page_view,mobile
13516,,s3000382,2026-08-07 03:00:36,page_view,mobile
13517,,s3000382,2026-08-07 03:02:16,add_to_cart,mobile
13518,10240,s3000383,2026-08-07 00:09:08,page_view,desktop
13519,10240,s3000383,2026-08-07 00:10:17,page_view,desktop
13520,10240,s3000383,2026-08-07 00:10:34,page_view,desktop
13521,10240,s3000383,2026-08-07 00:11:52,page_view,desktop
13522,10601,s3000384,2026-08-07 06:56:46,page_view,mobile
13523,10601,s3000384,2026-08-07 06:57:53,add_to_cart,mobile
13524,10601,s3000384,2026-08-07 06:58:51,begin_checkout,mobile
13525,10396,s3000385,2026-08-07 19:40:48,page_view,desktop
13526,10396,s3000385,2026-08-07 19:42:22,page_view,desktop
13527,10396,s3000385,2026-08-07 19:43:44,page_view,desktop
13528,10396,s3000385,2026-08-07 19:44:47,page_view,desktop
13529,,s3000386,2026-08-07 19:08:52,page_view,mobile
13530,10293,s3000387,2026-08-07 03:59:12,page_view,mobile
13531,10293,s3000387,2026-08-07 04:00:16,page_view,mobile
13532,,s3000388,2026-08-07 15:53:13,page_view,mobile
13533,10689,s3000389,2026-08-07 00:09:22,page_view,desktop
13534,10689,s3000389,2026-08-07 00:09:30,page_view,desktop
13535,10689,s3000389,2026-08-07 00:10:29,page_view,desktop
13536,10689,s3000389,2026-08-07 00:11:28,page_view,desktop
13537,10642,s3000390,2026-08-07 01:10:34,page_view,tablet
13538,,s3000391,2026-08-07 13:58:50,page_view,desktop
13539,,s3000391,2026-08-07 14:00:25,page_view,desktop
13540,,s3000391,2026-08-07 14:02:12,add_to_cart,desktop
13541,,s3000391,2026-08-07 14:04:06,begin_checkout,desktop
13542,10238,s3000392,2026-08-07 02:46:10,page_view,Tablet
13543,10238,s3000392,2026-08-07 02:46:34,add_to_cart,Tablet
13544,10238,s3000392,2026-08-07 02:46:37,begin_checkout,Tablet
13545,10253,s3000393,2026-08-07 14:56:23,page_view,mobile
13546,10253,s3000393,2026-08-07 14:57:17,page_view,mobile
13547,10253,s3000393,2026-08-07 14:59:14,page_view,mobile
13548,10043,s3000394,2026-08-07 02:05:33,page_view,desktop
13549,10043,s3000394,2026-08-07 02:06:32,page_view,desktop
13550,10043,s3000394,2026-08-07 02:07:12,page_view,desktop
13551,,s3000395,2026-08-07 11:43:47,page_view,desktop
13552,,s3000395,2026-08-07 11:44:50,add_to_cart,desktop
13553,10034,s3000396,2026-08-07 18:55:19,page_view,mobile
13554,10034,s3000396,2026-08-07 18:55:41,page_view,mobile
13555,10034,s3000396,2026-08-07 18:55:44,page_view,mobile
13556,10034,s3000396,2026-08-07 18:56:28,page_view,mobile
13557,10034,s3000396,2026-08-07 18:57:05,add_to_cart,mobile
13558,,s3000397,2026-08-07 11:15:49,page_view,tablet
13559,,s3000397,2026-08-07 11:17:18,page_view,tablet
13560,,s3000397,2026-08-07 11:17:26,page_view,tablet
13561,,s3000397,2026-08-07 11:18:23,page_view,tablet
13562,10309,s3000398,2026-08-07 13:36:17,page_view,mobile
13563,,s3000399,2026-08-08 06:52:09,page_view,desktop
13564,,s3000399,2026-08-08 06:52:21,page_view,desktop
13565,,s3000399,2026-08-08 06:53:06,page_view,desktop
13566,,s3000399,2026-08-08 06:54:56,page_view,desktop
13567,,s3000400,2026-08-08 14:36:03,page_view,mobile
13568,,s3000400,2026-08-08 14:36:30,page_view,mobile
13569,,s3000400,2026-08-08 14:37:06,page_view,mobile
13570,,s3000400,2026-08-08 14:37:57,add_to_cart,mobile
13571,,s3000400,2026-08-08 14:39:08,begin_checkout,mobile
13572,,s3000400,2026-08-08 14:40:32,purchase,mobile
13573,10689,s3000401,2026-08-08 21:33:09,page_view,desktop
13574,10689,s3000401,2026-08-08 21:34:51,page_view,desktop
13575,10689,s3000401,2026-08-08 21:34:58,page_view,desktop
13576,10689,s3000401,2026-08-08 21:35:34,add_to_cart,desktop
13577,10689,s3000401,2026-08-08 21:36:44,begin_checkout,desktop
13578,10689,s3000401,2026-08-08 21:36:50,purchase,desktop
13579,,s3000402,2026-08-08 08:34:22,page_view,desktop
13580,,s3000402,2026-08-08 08:34:58,page_view,desktop
13581,,s3000402,2026-08-08 08:35:45,page_view,desktop
13582,10243,s3000403,2026-08-08 11:51:21,page_view,desktop
13583,10243,s3000403,2026-08-08 11:51:24,page_view,desktop
13584,10243,s3000403,2026-08-08 11:52:34,page_view,desktop
13585,10243,s3000403,2026-08-08 11:53:49,page_view,desktop
13586,10243,s3000403,2026-08-08 11:54:13,add_to_cart,desktop
13587,10243,s3000403,2026-08-08 11:55:31,begin_checkout,desktop
13588,10243,s3000403,2026-08-08 11:55:37,purchase,desktop
13589,10201,s3000404,2026-08-08 13:08:43,page_view,desktop
13590,10201,s3000404,2026-08-08 13:10:09,page_view,desktop
13591,10201,s3000404,2026-08-08 13:11:59,page_view,desktop
13592,,s3000405,2026-08-08 20:43:46,page_view,desktop
13593,,s3000406,2026-08-08 06:13:26,page_view,mobile
13594,,s3000406,2026-08-08 06:14:33,page_view,mobile
13595,,s3000406,2026-08-08 06:15:30,page_view,mobile
13596,,s3000407,2026-08-08 09:40:23,page_view,mobile
13597,,s3000407,2026-08-08 09:42:08,page_view,mobile
13598,,s3000407,2026-08-08 09:43:57,page_view,mobile
13599,10169,s3000408,2026-08-08 15:40:21,page_view,desktop
13600,10269,s3000409,2026-08-08 11:02:01,page_view,desktop
13601,10269,s3000409,2026-08-08 11:02:36,page_view,desktop
13602,10269,s3000409,2026-08-08 11:02:48,page_view,desktop
13603,10269,s3000409,2026-08-08 11:04:13,page_view,desktop
13604,10269,s3000409,2026-08-08 11:06:03,add_to_cart,desktop
13605,10269,s3000409,2026-08-08 11:07:02,begin_checkout,desktop
13606,10269,s3000409,2026-08-08 11:08:46,purchase,desktop
13607,,s3000410,2026-08-08 12:05:57,page_view,mobile
13608,,s3000411,2026-08-08 12:45:48,page_view,desktop
13609,,s3000411,2026-08-08 12:47:00,page_view,desktop
13610,,s3000412,2026-08-08 05:20:49,page_view,tablet
13611,,s3000412,2026-08-08 05:21:13,page_view,tablet
13612,,s3000412,2026-08-08 05:22:19,page_view,tablet
13613,,s3000413,2026-08-08 13:49:05,page_view,tablet
13614,,s3000413,2026-08-08 13:49:44,page_view,tablet
13615,,s3000413,2026-08-08 13:50:32,page_view,tablet
13616,,s3000413,2026-08-08 13:50:40,page_view,tablet
13617,,s3000413,2026-08-08 13:51:52,add_to_cart,tablet
13618,,s3000414,2026-08-08 17:12:36,page_view,desktop
13619,,s3000414,2026-08-08 17:13:32,page_view,desktop
13620,,s3000415,2026-08-08 14:31:38,page_view,mobile
13621,,s3000415,2026-08-08 14:32:47,page_view,mobile
13622,,s3000415,2026-08-08 14:33:14,add_to_cart,mobile
13623,,s3000415,2026-08-08 14:34:57,begin_checkout,mobile
13624,10676,s3000416,2026-08-08 08:04:18,page_view,desktop
13625,10676,s3000416,2026-08-08 08:05:25,page_view,desktop
13626,10676,s3000416,2026-08-08 08:06:35,page_view,desktop
13627,10676,s3000416,2026-08-08 08:06:46,page_view,desktop
13628,,s3000417,2026-08-08 12:47:56,page_view,desktop
13629,,s3000418,2026-08-08 11:33:24,page_view,desktop
13630,,s3000418,2026-08-08 11:34:04,add_to_cart,desktop
13631,,s3000418,2026-08-08 11:35:29,begin_checkout,desktop
13632,,s3000418,2026-08-08 11:36:49,purchase,desktop
13633,,s3000419,2026-08-08 17:14:18,page_view,Mobile
13634,,s3000420,2026-08-08 21:10:45,page_view,desktop
13635,,s3000420,2026-08-08 21:11:30,page_view,desktop
13636,,s3000420,2026-08-08 21:12:41,page_view,desktop
13637,,s3000420,2026-08-08 21:14:27,add_to_cart,desktop
13638,,s3000420,2026-08-08 21:15:49,begin_checkout,desktop
13639,,s3000421,2026-08-08 06:10:11,page_view,desktop
13640,,s3000422,2026-08-08 14:46:04,page_view,Tablet
13641,,s3000422,2026-08-08 14:46:36,page_view,Tablet
13642,,s3000422,2026-08-08 14:48:09,add_to_cart,Tablet
13643,,s3000422,2026-08-08 14:48:25,begin_checkout,Tablet
13644,,s3000423,2026-08-08 21:41:29,page_view,desktop
13645,,s3000423,2026-08-08 21:43:28,page_view,desktop
13646,,s3000423,2026-08-08 21:44:15,page_view,desktop
13647,,s3000423,2026-08-08 21:45:06,add_to_cart,desktop
13648,,s3000423,2026-08-08 21:46:23,begin_checkout,desktop
13649,,s3000424,2026-08-08 14:54:19,page_view,mobile
13650,,s3000425,2026-08-08 17:46:54,page_view,desktop
13651,,s3000425,2026-08-08 17:47:33,page_view,desktop
13652,,s3000425,2026-08-08 17:49:20,page_view,desktop
13653,,s3000425,2026-08-08 17:51:00,add_to_cart,desktop
13654,,s3000425,2026-08-08 17:52:05,begin_checkout,desktop
13655,,s3000425,2026-08-08 17:52:50,purchase,desktop
13656,,s3000426,2026-08-08 08:41:59,page_view,mobile
13657,,s3000426,2026-08-08 08:42:29,page_view,mobile
13658,,s3000426,2026-08-08 08:42:55,page_view,mobile
13659,,s3000426,2026-08-08 08:43:26,page_view,mobile
13660,,s3000427,2026-08-08 01:53:42,page_view,desktop
13661,,s3000427,2026-08-08 01:54:32,page_view,desktop
13662,,s3000427,2026-08-08 01:55:23,page_view,desktop
13663,,s3000427,2026-08-08 01:55:49,page_view,desktop
13664,,s3000427,2026-08-08 01:57:08,add_to_cart,desktop
13665,,s3000427,2026-08-08 01:57:32,begin_checkout,desktop
13666,,s3000427,2026-08-08 01:59:11,purchase,desktop
13667,10633,s3000428,2026-08-08 14:20:12,page_view,tablet
13668,10633,s3000428,2026-08-08 14:21:53,page_view,tablet
13669,10633,s3000428,2026-08-08 14:23:34,page_view,tablet
13670,10633,s3000428,2026-08-08 14:24:25,add_to_cart,tablet
13671,10272,s3000429,2026-08-08 17:49:29,page_view,desktop
13672,10272,s3000429,2026-08-08 17:50:29,page_view,desktop
13673,10187,s3000430,2026-08-08 12:59:33,page_view,desktop
13674,10187,s3000430,2026-08-08 12:59:40,page_view,desktop
13675,10187,s3000430,2026-08-08 13:01:33,add_to_cart,desktop
13676,10187,s3000430,2026-08-08 13:02:29,begin_checkout,desktop
13677,10187,s3000430,2026-08-08 13:02:48,purchase,desktop
13678,,s3000431,2026-08-08 18:32:05,page_view,mobile
13679,,s3000431,2026-08-08 18:33:17,page_view,mobile
13680,,s3000432,2026-08-08 14:07:37,page_view,desktop
13681,,s3000432,2026-08-08 14:08:27,page_view,desktop
13682,,s3000432,2026-08-08 14:10:22,add_to_cart,desktop
13683,10547,s3000433,2026-08-08 14:50:06,page_view,desktop
13684,10547,s3000433,2026-08-08 14:51:29,page_view,desktop
13685,10547,s3000433,2026-08-08 14:52:55,page_view,desktop
13686,10547,s3000433,2026-08-08 14:54:13,page_view,desktop
13687,10005,s3000434,2026-08-08 09:34:31,page_view,mobile
13688,10005,s3000434,2026-08-08 09:35:36,page_view,mobile
13689,10005,s3000434,2026-08-08 09:37:28,page_view,mobile
13690,10005,s3000434,2026-08-08 09:37:43,page_view,mobile
13691,,s3000435,2026-08-08 08:38:05,page_view,desktop
13692,,s3000435,2026-08-08 08:39:06,page_view,desktop
13693,,s3000435,2026-08-08 08:40:04,page_view,desktop
13694,,s3000435,2026-08-08 08:40:50,page_view,desktop
13695,,s3000435,2026-08-08 08:42:11,add_to_cart,desktop
13696,,s3000435,2026-08-08 08:42:42,begin_checkout,desktop
13697,,s3000435,2026-08-08 08:43:57,purchase,desktop
13698,10500,s3000436,2026-08-08 08:16:17,page_view,mobile
13699,10500,s3000436,2026-08-08 08:18:08,page_view,mobile
13700,10500,s3000436,2026-08-08 08:18:29,page_view,mobile
13701,10559,s3000437,2026-08-08 14:05:17,page_view,mobile
13702,10547,s3000438,2026-08-08 08:08:21,page_view,mobile
13703,10547,s3000438,2026-08-08 08:09:23,page_view,mobile
13704,10039,s3000439,2026-08-08 22:54:14,page_view,desktop
13705,10039,s3000439,2026-08-08 22:56:08,page_view,desktop
13706,,s3000440,2026-08-08 08:59:50,page_view,tablet
13707,,s3000440,2026-08-08 09:01:29,page_view,tablet
13708,,s3000440,2026-08-08 09:02:49,page_view,tablet
13709,10628,s3000441,2026-08-08 20:08:14,page_view,mobile
13710,10628,s3000441,2026-08-08 20:09:00,page_view,mobile
13711,10628,s3000441,2026-08-08 20:09:18,page_view,mobile
13712,10628,s3000441,2026-08-08 20:11:11,page_view,mobile
13713,10232,s3000442,2026-08-08 20:28:51,page_view,desktop
13714,10232,s3000442,2026-08-08 20:30:08,page_view,desktop
13715,10232,s3000442,2026-08-08 20:31:52,page_view,desktop
13716,10630,s3000443,2026-08-08 06:28:30,page_view,mobile
13717,10630,s3000443,2026-08-08 06:28:59,page_view,mobile
13718,10630,s3000443,2026-08-08 06:30:01,page_view,mobile
13719,,s3000444,2026-08-08 15:28:25,page_view,mobile
13720,,s3000444,2026-08-08 15:29:35,add_to_cart,mobile
13721,10089,s3000445,2026-08-08 15:03:46,page_view,desktop
13722,10089,s3000445,2026-08-08 15:05:29,page_view,desktop
13723,10089,s3000445,2026-08-08 15:06:13,add_to_cart,desktop
13724,10089,s3000445,2026-08-08 15:07:11,begin_checkout,desktop
13725,10411,s3000446,2026-08-08 16:54:15,page_view,mobile
13726,10411,s3000446,2026-08-08 16:55:15,page_view,mobile
13727,10411,s3000446,2026-08-08 16:55:35,page_view,mobile
13728,10411,s3000446,2026-08-08 16:57:29,page_view,mobile
13729,10558,s3000447,2026-08-08 11:21:00,page_view,mobile
13730,10558,s3000447,2026-08-08 11:22:12,page_view,mobile
13731,10558,s3000447,2026-08-08 11:22:54,page_view,mobile
13732,10558,s3000447,2026-08-08 11:24:01,page_view,mobile
13733,10311,s3000448,2026-08-08 02:51:31,page_view,desktop
13734,10311,s3000448,2026-08-08 02:52:59,page_view,desktop
13735,10311,s3000448,2026-08-08 02:54:42,page_view,desktop
13736,10311,s3000448,2026-08-08 02:55:16,add_to_cart,desktop
13737,10311,s3000448,2026-08-08 02:56:48,begin_checkout,desktop
13738,10311,s3000448,2026-08-08 02:57:53,purchase,desktop
13739,10132,s3000449,2026-08-08 22:42:03,page_view,mobile
13740,10132,s3000449,2026-08-08 22:43:53,add_to_cart,mobile
13741,10132,s3000449,2026-08-08 22:44:26,begin_checkout,mobile
13742,10132,s3000449,2026-08-08 22:44:58,purchase,mobile
13743,10745,s3000450,2026-08-08 11:56:20,page_view,desktop
13744,10745,s3000450,2026-08-08 11:56:50,page_view,desktop
13745,10745,s3000450,2026-08-08 11:57:20,page_view,desktop
13746,10745,s3000450,2026-08-08 11:59:20,page_view,desktop
13747,10128,s3000451,2026-08-08 07:13:27,page_view,mobile
13748,10128,s3000451,2026-08-08 07:14:39,page_view,mobile
13749,,s3000452,2026-08-08 10:16:13,page_view,tablet
13750,,s3000452,2026-08-08 10:16:38,page_view,tablet
13751,,s3000452,2026-08-08 10:16:52,page_view,tablet
13752,,s3000452,2026-08-08 10:17:05,page_view,tablet
13753,10046,s3000453,2026-08-09 09:13:25,page_view,desktop
13754,10046,s3000453,2026-08-09 09:14:13,page_view,desktop
13755,,s3000454,2026-08-09 15:40:26,page_view,desktop
13756,,s3000454,2026-08-09 15:41:30,page_view,desktop
13757,,s3000454,2026-08-09 15:42:02,page_view,desktop
13758,,s3000455,2026-08-09 15:16:41,page_view,desktop
13759,,s3000455,2026-08-09 15:18:05,add_to_cart,desktop
13760,,s3000456,2026-08-09 10:01:58,page_view,mobile
13761,,s3000457,2026-08-09 12:20:49,page_view,desktop
13762,,s3000457,2026-08-09 12:20:58,page_view,desktop
13763,,s3000457,2026-08-09 12:22:53,page_view,desktop
13764,,s3000457,2026-08-09 12:24:32,add_to_cart,desktop
13765,,s3000457,2026-08-09 12:25:53,begin_checkout,desktop
13766,,s3000457,2026-08-09 12:26:18,purchase,desktop
13767,10699,s3000458,2026-08-09 13:51:03,page_view,desktop
13768,10757,s3000459,2026-08-09 08:14:55,page_view,mobile
13769,10757,s3000459,2026-08-09 08:16:28,page_view,mobile
13770,10094,s3000460,2026-08-09 12:36:57,page_view,desktop
13771,10043,s3000461,2026-08-09 05:59:20,page_view,desktop
13772,10043,s3000461,2026-08-09 05:59:55,page_view,desktop
13773,10043,s3000461,2026-08-09 06:00:52,page_view,desktop
13774,10043,s3000461,2026-08-09 06:01:07,page_view,desktop
13775,10123,s3000462,2026-08-09 07:29:10,page_view,mobile
13776,10123,s3000462,2026-08-09 07:30:06,page_view,mobile
13777,10123,s3000462,2026-08-09 07:32:03,page_view,mobile
13778,10194,s3000463,2026-08-09 22:18:19,page_view,tablet
13779,10194,s3000463,2026-08-09 22:20:01,page_view,tablet
13780,10194,s3000463,2026-08-09 22:20:07,add_to_cart,tablet
13781,10194,s3000463,2026-08-09 22:21:54,begin_checkout,tablet
13782,10194,s3000463,2026-08-09 22:22:58,purchase,tablet
13783,,s3000464,2026-08-09 13:50:51,page_view,tablet
13784,,s3000464,2026-08-09 13:51:36,page_view,tablet
13785,,s3000464,2026-08-09 13:51:45,page_view,tablet
13786,,s3000464,2026-08-09 13:52:23,page_view,tablet
13787,,s3000464,2026-08-09 13:54:08,add_to_cart,tablet
13788,,s3000464,2026-08-09 13:55:55,begin_checkout,tablet
13789,,s3000464,2026-08-09 13:57:48,purchase,tablet
13790,10546,s3000465,2026-08-09 05:20:07,page_view,mobile
13791,10622,s3000466,2026-08-09 02:28:37,page_view,desktop
13792,10622,s3000466,2026-08-09 02:29:43,page_view,desktop
13793,10622,s3000466,2026-08-09 02:31:09,page_view,desktop
13794,10622,s3000466,2026-08-09 02:31:56,add_to_cart,desktop
13795,10622,s3000466,2026-08-09 02:33:46,begin_checkout,desktop
13796,10622,s3000466,2026-08-09 02:34:00,purchase,desktop
13797,,s3000467,2026-08-09 06:30:22,page_view,desktop
13798,,s3000467,2026-08-09 06:30:54,page_view,desktop
13799,,s3000467,2026-08-09 06:31:29,page_view,desktop
13800,,s3000467,2026-08-09 06:33:14,add_to_cart,desktop
13801,10457,s3000468,2026-08-09 14:52:00,page_view,mobile
13802,10457,s3000468,2026-08-09 14:53:03,page_view,mobile
13803,10457,s3000468,2026-08-09 14:53:46,page_view,mobile
13804,,s3000469,2026-08-09 01:35:51,page_view,desktop
13805,,s3000469,2026-08-09 01:36:35,page_view,desktop
13806,,s3000469,2026-08-09 01:37:23,page_view,desktop
13807,,s3000469,2026-08-09 01:38:43,add_to_cart,desktop
13808,,s3000469,2026-08-09 01:39:22,begin_checkout,desktop
13809,,s3000469,2026-08-09 01:41:20,purchase,desktop
13810,10417,s3000470,2026-08-09 17:08:21,page_view,desktop
13811,10417,s3000470,2026-08-09 17:08:41,page_view,desktop
13812,10417,s3000470,2026-08-09 17:08:51,page_view,desktop
13813,10528,s3000471,2026-08-09 14:18:11,page_view,tablet
13814,10528,s3000471,2026-08-09 14:18:34,page_view,tablet
13815,10528,s3000471,2026-08-09 14:19:08,page_view,tablet
13816,10528,s3000471,2026-08-09 14:19:12,add_to_cart,tablet
13817,10528,s3000471,2026-08-09 14:19:51,begin_checkout,tablet
13818,10528,s3000471,2026-08-09 14:21:28,purchase,tablet
13819,,s3000472,2026-08-09 10:09:55,page_view,tablet
13820,10050,s3000473,2026-08-09 08:15:00,page_view,mobile
13821,10050,s3000473,2026-08-09 08:15:28,page_view,mobile
13822,10356,s3000474,2026-08-09 21:27:49,page_view,desktop
13823,10356,s3000474,2026-08-09 21:28:16,page_view,desktop
13824,10484,s3000475,2026-08-09 16:44:08,page_view,desktop
13825,10484,s3000475,2026-08-09 16:45:35,page_view,desktop
13826,10484,s3000475,2026-08-09 16:47:24,page_view,desktop
13827,10484,s3000475,2026-08-09 16:47:35,add_to_cart,desktop
13828,,s3000476,2026-08-09 14:43:24,page_view,mobile
13829,,s3000477,2026-08-09 07:05:21,page_view,desktop
13830,,s3000477,2026-08-09 07:06:28,page_view,desktop
13831,,s3000478,2026-08-09 14:38:10,page_view,mobile
13832,,s3000478,2026-08-09 14:38:30,page_view,mobile
13833,,s3000478,2026-08-09 14:40:19,add_to_cart,mobile
13834,,s3000478,2026-08-09 14:41:23,begin_checkout,mobile
13835,,s3000478,2026-08-09 14:42:18,purchase,mobile
13836,,s3000479,2026-08-09 07:42:19,page_view,mobile
13837,,s3000479,2026-08-09 07:43:35,page_view,mobile
13838,,s3000479,2026-08-09 07:44:38,page_view,mobile
13839,,s3000479,2026-08-09 07:45:20,add_to_cart,mobile
13840,,s3000479,2026-08-09 07:46:01,begin_checkout,mobile
13841,10028,s3000480,2026-08-09 01:09:41,page_view,desktop
13842,10028,s3000480,2026-08-09 01:11:09,page_view,desktop
13843,10017,s3000481,2026-08-09 08:34:14,page_view,tablet
13844,10017,s3000481,2026-08-09 08:35:52,page_view,tablet
13845,10017,s3000481,2026-08-09 08:37:44,page_view,tablet
13846,10017,s3000481,2026-08-09 08:39:10,add_to_cart,tablet
13847,10017,s3000481,2026-08-09 08:39:14,begin_checkout,tablet
13848,,s3000482,2026-08-09 22:12:10,page_view,desktop
13849,,s3000482,2026-08-09 22:12:26,page_view,desktop
13850,,s3000482,2026-08-09 22:13:01,add_to_cart,desktop
13851,,s3000483,2026-08-09 19:48:12,page_view,mobile
13852,,s3000483,2026-08-09 19:49:23,page_view,mobile
13853,,s3000484,2026-08-09 09:36:17,page_view,Desktop
13854,,s3000484,2026-08-09 09:36:28,page_view,Desktop
13855,,s3000485,2026-08-09 15:08:41,page_view,tablet
13856,,s3000485,2026-08-09 15:09:47,page_view,tablet
13857,,s3000485,2026-08-09 15:11:30,page_view,tablet
13858,10172,s3000486,2026-08-09 13:51:40,page_view,mobile
13859,10215,s3000487,2026-08-09 16:41:14,page_view,tablet
13860,10215,s3000487,2026-08-09 16:41:37,page_view,tablet
13861,10215,s3000487,2026-08-09 16:42:05,page_view,tablet
13862,10215,s3000487,2026-08-09 16:43:18,add_to_cart,tablet
13863,10215,s3000487,2026-08-09 16:44:06,begin_checkout,tablet
13864,10215,s3000487,2026-08-09 16:44:26,purchase,tablet
13865,,s3000488,2026-08-09 01:23:54,page_view,mobile
13866,,s3000488,2026-08-09 01:25:13,page_view,mobile
13867,,s3000488,2026-08-09 01:25:54,page_view,mobile
13868,,s3000488,2026-08-09 01:26:57,page_view,mobile
13869,,s3000489,2026-08-09 16:28:40,page_view,desktop
13870,,s3000489,2026-08-09 16:29:41,page_view,desktop
13871,,s3000489,2026-08-09 16:30:08,page_view,desktop
13872,,s3000489,2026-08-09 16:30:18,page_view,desktop
13873,10262,s3000490,2026-08-09 00:22:42,page_view,desktop
13874,10262,s3000490,2026-08-09 00:22:58,page_view,desktop
13875,10262,s3000490,2026-08-09 00:23:55,page_view,desktop
13876,10143,s3000491,2026-08-09 14:55:33,page_view,tablet
13877,10143,s3000491,2026-08-09 14:57:22,page_view,tablet
13878,10143,s3000491,2026-08-09 14:58:03,add_to_cart,tablet
13879,10499,s3000492,2026-08-09 19:02:55,page_view,mobile
13880,10499,s3000492,2026-08-09 19:04:02,page_view,mobile
13881,10499,s3000492,2026-08-09 19:04:21,page_view,mobile
13882,10499,s3000492,2026-08-09 19:05:14,page_view,mobile
13883,,s3000493,2026-08-09 12:45:40,page_view,mobile
13884,,s3000493,2026-08-09 12:46:29,page_view,mobile
13885,,s3000493,2026-08-09 12:48:01,page_view,mobile
13886,,s3000494,2026-08-09 07:44:03,page_view,mobile
13887,,s3000494,2026-08-09 07:44:30,page_view,mobile
13888,,s3000494,2026-08-09 07:45:11,page_view,mobile
13889,,s3000494,2026-08-09 07:46:19,add_to_cart,mobile
13890,,s3000495,2026-08-09 17:55:50,page_view,desktop
13891,,s3000495,2026-08-09 17:57:20,page_view,desktop
13892,,s3000495,2026-08-09 17:57:54,page_view,desktop
13893,,s3000495,2026-08-09 17:59:44,page_view,desktop
13894,10596,s3000496,2026-08-09 21:56:06,page_view,tablet
13895,10596,s3000496,2026-08-09 21:58:01,add_to_cart,tablet
13896,10596,s3000496,2026-08-09 21:59:45,begin_checkout,tablet
13897,,s3000497,2026-08-09 18:16:15,page_view,desktop
13898,,s3000497,2026-08-09 18:16:33,page_view,desktop
13899,,s3000497,2026-08-09 18:17:50,page_view,desktop
13900,,s3000497,2026-08-09 18:18:51,page_view,desktop
13901,,s3000497,2026-08-09 18:20:24,add_to_cart,desktop
13902,,s3000497,2026-08-09 18:21:06,begin_checkout,desktop
13903,,s3000497,2026-08-09 18:21:36,purchase,desktop
13904,10085,s3000498,2026-08-09 05:31:08,page_view,desktop
13905,10085,s3000498,2026-08-09 05:32:42,add_to_cart,desktop
13906,10085,s3000498,2026-08-09 05:32:56,begin_checkout,desktop
13907,10085,s3000498,2026-08-09 05:34:47,purchase,desktop
13908,10438,s3000499,2026-08-09 11:26:08,page_view,mobile
13909,10438,s3000499,2026-08-09 11:26:32,page_view,mobile
13910,10438,s3000499,2026-08-09 11:28:13,page_view,mobile
13911,10438,s3000499,2026-08-09 11:30:08,add_to_cart,mobile
13912,10438,s3000499,2026-08-09 11:30:19,begin_checkout,mobile
13913,,s3000500,2026-08-09 03:57:14,page_view,mobile
13914,10175,s3000501,2026-08-10 14:57:50,page_view,mobile
13915,10175,s3000501,2026-08-10 14:58:54,page_view,mobile
13916,10175,s3000501,2026-08-10 14:59:12,page_view,mobile
13917,10283,s3000502,2026-08-10 01:25:37,page_view,mobile
13918,10283,s3000502,2026-08-10 01:27:21,add_to_cart,mobile
13919,10061,s3000503,2026-08-10 14:23:02,page_view,desktop
13920,10061,s3000503,2026-08-10 14:23:19,page_view,desktop
13921,10061,s3000503,2026-08-10 14:24:04,page_view,desktop
13922,10061,s3000503,2026-08-10 14:24:24,page_view,desktop
13923,10413,s3000504,2026-08-10 05:43:29,page_view,mobile
13924,10413,s3000504,2026-08-10 05:43:55,page_view,mobile
13925,10413,s3000504,2026-08-10 05:44:46,page_view,mobile
13926,10413,s3000504,2026-08-10 05:46:43,page_view,mobile
13927,10329,s3000505,2026-08-10 03:45:15,page_view,Desktop
13928,10329,s3000505,2026-08-10 03:46:13,page_view,Desktop
13929,10329,s3000505,2026-08-10 03:47:47,page_view,Desktop
13930,10329,s3000505,2026-08-10 03:48:14,page_view,Desktop
13931,10626,s3000506,2026-08-10 01:41:18,page_view,desktop
13932,10626,s3000506,2026-08-10 01:42:10,page_view,desktop
13933,10626,s3000506,2026-08-10 01:42:59,page_view,desktop
13934,10626,s3000506,2026-08-10 01:44:16,add_to_cart,desktop
13935,10596,s3000507,2026-08-10 09:50:55,page_view,desktop
13936,10596,s3000507,2026-08-10 09:51:40,page_view,desktop
13937,10596,s3000507,2026-08-10 09:52:45,page_view,desktop
13938,10596,s3000507,2026-08-10 09:53:24,page_view,desktop
13939,10596,s3000507,2026-08-10 09:55:07,add_to_cart,desktop
13940,10596,s3000507,2026-08-10 09:56:22,begin_checkout,desktop
13941,10596,s3000507,2026-08-10 09:56:58,purchase,desktop
13942,10689,s3000508,2026-08-10 16:45:22,page_view,tablet
13943,10689,s3000508,2026-08-10 16:46:53,page_view,tablet
13944,10689,s3000508,2026-08-10 16:48:28,add_to_cart,tablet
13945,10689,s3000508,2026-08-10 16:50:17,begin_checkout,tablet
13946,10689,s3000508,2026-08-10 16:51:05,purchase,tablet
13947,10168,s3000509,2026-08-10 00:26:01,page_view,desktop
13948,10168,s3000509,2026-08-10 00:27:39,add_to_cart,desktop
13949,10346,s3000510,2026-08-10 22:33:34,page_view,mobile
13950,10346,s3000510,2026-08-10 22:35:16,add_to_cart,mobile
13951,10346,s3000510,2026-08-10 22:37:15,begin_checkout,mobile
13952,10131,s3000511,2026-08-10 13:03:44,page_view,tablet
13953,10131,s3000511,2026-08-10 13:04:44,page_view,tablet
13954,10131,s3000511,2026-08-10 13:06:08,page_view,tablet
13955,10693,s3000512,2026-08-10 01:08:33,page_view,desktop
13956,10693,s3000512,2026-08-10 01:09:28,page_view,desktop
13957,10168,s3000513,2026-08-10 14:55:57,page_view,tablet
13958,10168,s3000513,2026-08-10 14:56:17,page_view,tablet
13959,10168,s3000513,2026-08-10 14:58:13,page_view,tablet
13960,10168,s3000513,2026-08-10 14:58:34,page_view,tablet
13961,10168,s3000513,2026-08-10 14:59:39,add_to_cart,tablet
13962,10168,s3000513,2026-08-10 15:01:28,begin_checkout,tablet
13963,10168,s3000513,2026-08-10 15:02:54,purchase,tablet
13964,,s3000514,2026-08-10 07:34:34,page_view,mobile
13965,,s3000514,2026-08-10 07:35:53,add_to_cart,mobile
13966,,s3000514,2026-08-10 07:37:33,begin_checkout,mobile
13967,,s3000514,2026-08-10 07:38:58,purchase,mobile
13968,10555,s3000515,2026-08-10 11:35:55,page_view,desktop
13969,10555,s3000515,2026-08-10 11:36:18,page_view,desktop
13970,10379,s3000516,2026-08-10 15:49:50,page_view,desktop
13971,10379,s3000516,2026-08-10 15:51:34,add_to_cart,desktop
13972,10379,s3000516,2026-08-10 15:52:38,begin_checkout,desktop
13973,,s3000517,2026-08-10 12:30:25,page_view,Desktop
13974,,s3000517,2026-08-10 12:31:41,page_view,Desktop
13975,,s3000517,2026-08-10 12:33:13,page_view,Desktop
13976,,s3000517,2026-08-10 12:33:33,page_view,Desktop
13977,,s3000517,2026-08-10 12:34:01,add_to_cart,Desktop
13978,,s3000517,2026-08-10 12:34:42,begin_checkout,Desktop
13979,,s3000517,2026-08-10 12:34:54,purchase,Desktop
13980,,s3000518,2026-08-10 16:16:48,page_view,mobile
13981,,s3000518,2026-08-10 16:17:14,page_view,mobile
13982,,s3000518,2026-08-10 16:17:49,page_view,mobile
13983,10364,s3000519,2026-08-10 10:41:26,page_view,desktop
13984,10039,s3000520,2026-08-10 10:52:42,page_view,desktop
13985,10039,s3000520,2026-08-10 10:53:50,page_view,desktop
13986,,s3000521,2026-08-10 12:01:04,page_view,mobile
13987,,s3000521,2026-08-10 12:02:12,page_view,mobile
13988,,s3000521,2026-08-10 12:03:37,page_view,mobile
13989,10062,s3000522,2026-08-10 14:47:13,page_view,desktop
13990,10062,s3000522,2026-08-10 14:47:17,page_view,desktop
13991,10062,s3000522,2026-08-10 14:48:03,page_view,desktop
13992,10062,s3000522,2026-08-10 14:49:47,page_view,desktop
13993,10038,s3000523,2026-08-10 14:47:02,page_view,mobile
13994,10038,s3000523,2026-08-10 14:48:10,page_view,mobile
13995,10120,s3000524,2026-08-10 11:44:40,page_view,mobile
13996,10120,s3000524,2026-08-10 11:45:07,page_view,mobile
13997,10314,s3000525,2026-08-10 05:16:37,page_view,desktop
13998,10314,s3000525,2026-08-10 05:18:27,page_view,desktop
13999,10314,s3000525,2026-08-10 05:19:37,page_view,desktop
14000,10314,s3000525,2026-08-10 05:20:48,page_view,desktop
14001,10328,s3000526,2026-08-10 01:47:36,page_view,desktop
14002,10328,s3000526,2026-08-10 01:47:55,page_view,desktop
14003,,s3000527,2026-08-10 03:09:44,page_view,desktop
14004,,s3000527,2026-08-10 03:10:36,page_view,desktop
14005,10294,s3000528,2026-08-10 07:13:42,page_view,desktop
14006,10294,s3000528,2026-08-10 07:14:05,page_view,desktop
14007,,s3000529,2026-08-10 04:43:17,page_view,mobile
14008,,s3000529,2026-08-10 04:44:11,page_view,mobile
14009,,s3000529,2026-08-10 04:44:21,add_to_cart,mobile
14010,,s3000529,2026-08-10 04:46:09,begin_checkout,mobile
14011,,s3000529,2026-08-10 04:46:42,purchase,mobile
14012,10216,s3000530,2026-08-10 18:25:00,page_view,desktop
14013,10216,s3000530,2026-08-10 18:26:57,add_to_cart,desktop
14014,,s3000531,2026-08-10 22:35:35,page_view,desktop
14015,,s3000531,2026-08-10 22:36:51,page_view,desktop
14016,,s3000531,2026-08-10 22:38:06,page_view,desktop
14017,,s3000531,2026-08-10 22:39:27,add_to_cart,desktop
14018,10710,s3000532,2026-08-10 03:52:40,page_view,tablet
14019,10710,s3000532,2026-08-10 03:53:12,page_view,tablet
14020,10710,s3000532,2026-08-10 03:54:53,add_to_cart,tablet
14021,10128,s3000533,2026-08-10 17:27:26,page_view,mobile
14022,10128,s3000533,2026-08-10 17:27:39,page_view,mobile
14023,10128,s3000533,2026-08-10 17:28:41,add_to_cart,mobile
14024,10128,s3000533,2026-08-10 17:29:52,begin_checkout,mobile
14025,10128,s3000533,2026-08-10 17:31:25,purchase,mobile
14026,,s3000534,2026-08-10 19:44:52,page_view,desktop
14027,,s3000534,2026-08-10 19:46:07,page_view,desktop
14028,,s3000534,2026-08-10 19:47:40,add_to_cart,desktop
14029,,s3000534,2026-08-10 19:47:56,begin_checkout,desktop
14030,,s3000534,2026-08-10 19:49:26,purchase,desktop
14031,10321,s3000535,2026-08-10 07:45:55,page_view,tablet
14032,10321,s3000535,2026-08-10 07:46:50,page_view,tablet
14033,10321,s3000535,2026-08-10 07:48:29,page_view,tablet
14034,10321,s3000535,2026-08-10 07:49:28,page_view,tablet
14035,10321,s3000535,2026-08-10 07:51:24,add_to_cart,tablet
14036,,s3000536,2026-08-10 06:27:05,page_view,Mobile
14037,,s3000536,2026-08-10 06:27:12,add_to_cart,Mobile
14038,,s3000536,2026-08-10 06:29:10,begin_checkout,Mobile
14039,,s3000536,2026-08-10 06:30:54,purchase,Mobile
14040,10420,s3000537,2026-08-10 16:44:31,page_view,mobile
14041,10420,s3000537,2026-08-10 16:45:26,page_view,mobile
14042,10428,s3000538,2026-08-10 20:12:57,page_view,mobile
14043,10428,s3000538,2026-08-10 20:14:18,page_view,mobile
14044,10428,s3000538,2026-08-10 20:15:35,page_view,mobile
14045,10428,s3000538,2026-08-10 20:16:56,page_view,mobile
14046,10259,s3000539,2026-08-10 20:51:09,page_view,desktop
14047,10259,s3000539,2026-08-10 20:52:07,page_view,desktop
14048,10259,s3000539,2026-08-10 20:53:41,page_view,desktop
14049,10259,s3000539,2026-08-10 20:55:22,page_view,desktop
14050,,s3000540,2026-08-10 09:28:17,page_view,desktop
14051,,s3000540,2026-08-10 09:29:27,page_view,desktop
14052,,s3000540,2026-08-10 09:31:20,page_view,desktop
14053,,s3000540,2026-08-10 09:31:55,page_view,desktop
14054,,s3000540,2026-08-10 09:33:43,add_to_cart,desktop
14055,,s3000540,2026-08-10 09:34:47,begin_checkout,desktop
14056,,s3000540,2026-08-10 09:35:25,purchase,desktop
14057,10417,s3000541,2026-08-10 02:05:37,page_view,mobile
14058,10278,s3000542,2026-08-10 16:46:17,page_view,mobile
14059,10278,s3000542,2026-08-10 16:47:05,page_view,mobile
14060,,s3000543,2026-08-10 11:42:54,page_view,mobile
14061,,s3000543,2026-08-10 11:43:30,page_view,mobile
14062,,s3000543,2026-08-10 11:44:41,page_view,mobile
14063,,s3000543,2026-08-10 11:44:59,page_view,mobile
14064,10684,s3000544,2026-08-10 14:53:17,page_view,desktop
14065,10684,s3000544,2026-08-10 14:55:12,page_view,desktop
14066,10251,s3000545,2026-08-10 22:07:36,page_view,Mobile
14067,10251,s3000545,2026-08-10 22:08:08,page_view,Mobile
14068,10251,s3000545,2026-08-10 22:10:00,page_view,Mobile
14069,10251,s3000545,2026-08-10 22:10:36,page_view,Mobile
14070,,s3000546,2026-08-10 08:16:32,page_view,mobile
14071,,s3000546,2026-08-10 08:17:29,page_view,mobile
14072,10292,s3000547,2026-08-10 16:13:50,page_view,mobile
14073,10292,s3000547,2026-08-10 16:14:17,page_view,mobile
14074,,s3000548,2026-08-10 08:40:46,page_view,mobile
14075,,s3000548,2026-08-10 08:40:59,page_view,mobile
14076,,s3000548,2026-08-10 08:42:57,page_view,mobile
14077,,s3000548,2026-08-10 08:44:23,page_view,mobile
14078,10285,s3000549,2026-08-11 18:59:44,page_view,mobile
14079,10082,s3000550,2026-08-11 08:44:34,page_view,mobile
14080,10082,s3000550,2026-08-11 08:44:49,page_view,mobile
14081,10082,s3000550,2026-08-11 08:46:41,add_to_cart,mobile
14082,10082,s3000550,2026-08-11 08:46:59,begin_checkout,mobile
14083,10082,s3000550,2026-08-11 08:47:23,purchase,mobile
14084,10628,s3000551,2026-08-11 14:46:57,page_view,mobile
14085,10628,s3000551,2026-08-11 14:48:43,add_to_cart,mobile
14086,10628,s3000551,2026-08-11 14:50:42,begin_checkout,mobile
14087,10007,s3000552,2026-08-11 13:44:48,page_view,mobile
14088,10355,s3000553,2026-08-11 08:41:06,page_view,Mobile
14089,10355,s3000553,2026-08-11 08:42:40,page_view,Mobile
14090,10329,s3000554,2026-08-11 06:56:20,page_view,tablet
14091,10329,s3000554,2026-08-11 06:57:01,page_view,tablet
14092,10329,s3000554,2026-08-11 06:57:47,page_view,tablet
14093,10329,s3000554,2026-08-11 06:58:28,add_to_cart,tablet
14094,10329,s3000554,2026-08-11 06:59:43,begin_checkout,tablet
14095,,s3000555,2026-08-11 21:06:20,page_view,mobile
14096,,s3000555,2026-08-11 21:07:50,page_view,mobile
14097,,s3000555,2026-08-11 21:08:09,page_view,mobile
14098,,s3000555,2026-08-11 21:08:47,page_view,mobile
14099,,s3000555,2026-08-11 21:09:23,add_to_cart,mobile
14100,,s3000556,2026-08-11 04:43:02,page_view,mobile
14101,,s3000556,2026-08-11 04:43:38,page_view,mobile
14102,10726,s3000557,2026-08-11 16:11:46,page_view,tablet
14103,10726,s3000557,2026-08-11 16:11:53,page_view,tablet
14104,10726,s3000557,2026-08-11 16:12:21,page_view,tablet
14105,10145,s3000558,2026-08-11 01:33:40,page_view,mobile
14106,10145,s3000558,2026-08-11 01:35:22,page_view,mobile
14107,10145,s3000558,2026-08-11 01:36:39,page_view,mobile
14108,10604,s3000559,2026-08-11 03:52:51,page_view,desktop
14109,10604,s3000559,2026-08-11 03:54:50,page_view,desktop
14110,10604,s3000559,2026-08-11 03:55:05,add_to_cart,desktop
14111,,s3000560,2026-08-11 03:29:47,page_view,tablet
14112,,s3000560,2026-08-11 03:30:15,page_view,tablet
14113,,s3000560,2026-08-11 03:31:27,page_view,tablet
14114,,s3000560,2026-08-11 03:32:07,add_to_cart,tablet
14115,,s3000560,2026-08-11 03:33:03,begin_checkout,tablet
14116,,s3000560,2026-08-11 03:34:47,purchase,tablet
14117,,s3000561,2026-08-11 10:02:51,page_view,tablet
14118,,s3000562,2026-08-11 02:17:42,page_view,desktop
14119,,s3000562,2026-08-11 02:19:15,page_view,desktop
14120,,s3000562,2026-08-11 02:20:52,page_view,desktop
14121,,s3000562,2026-08-11 02:21:16,add_to_cart,desktop
14122,,s3000562,2026-08-11 02:21:36,begin_checkout,desktop
14123,10398,s3000563,2026-08-11 02:12:52,page_view,mobile
14124,10398,s3000563,2026-08-11 02:14:34,page_view,mobile
14125,10398,s3000563,2026-08-11 02:15:39,add_to_cart,mobile
14126,10398,s3000563,2026-08-11 02:17:20,begin_checkout,mobile
14127,,s3000564,2026-08-11 22:39:22,page_view,desktop
14128,,s3000564,2026-08-11 22:40:17,page_view,desktop
14129,,s3000564,2026-08-11 22:40:59,add_to_cart,desktop
14130,,s3000564,2026-08-11 22:41:58,begin_checkout,desktop
14131,10621,s3000565,2026-08-11 16:09:49,page_view,mobile
14132,10316,s3000566,2026-08-11 05:37:12,page_view,desktop
14133,10316,s3000566,2026-08-11 05:39:12,page_view,desktop
14134,10316,s3000566,2026-08-11 05:40:32,add_to_cart,desktop
14135,10427,s3000567,2026-08-11 09:51:24,page_view,mobile
14136,10427,s3000567,2026-08-11 09:53:06,add_to_cart,mobile
14137,10440,s3000568,2026-08-11 13:05:15,page_view,mobile
14138,10440,s3000568,2026-08-11 13:06:26,page_view,mobile
14139,10561,s3000569,2026-08-11 11:40:42,page_view,tablet
14140,10561,s3000569,2026-08-11 11:41:59,page_view,tablet
14141,10561,s3000569,2026-08-11 11:43:38,page_view,tablet
14142,10542,s3000570,2026-08-11 06:47:18,page_view,desktop
14143,10542,s3000570,2026-08-11 06:49:07,page_view,desktop
14144,10542,s3000570,2026-08-11 06:50:14,page_view,desktop
14145,10542,s3000570,2026-08-11 06:51:11,page_view,desktop
14146,10542,s3000570,2026-08-11 06:51:47,add_to_cart,desktop
14147,10542,s3000570,2026-08-11 06:53:43,begin_checkout,desktop
14148,10247,s3000571,2026-08-11 07:05:57,page_view,desktop
14149,10247,s3000571,2026-08-11 07:06:06,page_view,desktop
14150,10613,s3000572,2026-08-11 12:47:12,page_view,desktop
14151,10613,s3000572,2026-08-11 12:48:44,add_to_cart,desktop
14152,10159,s3000573,2026-08-11 18:34:49,page_view,mobile
14153,10159,s3000573,2026-08-11 18:36:34,page_view,mobile
14154,10159,s3000573,2026-08-11 18:37:10,page_view,mobile
14155,10159,s3000573,2026-08-11 18:37:27,page_view,mobile
14156,10159,s3000573,2026-08-11 18:37:42,add_to_cart,mobile
14157,,s3000574,2026-08-11 11:37:29,page_view,desktop
14158,,s3000575,2026-08-11 12:05:30,page_view,mobile
14159,10174,s3000576,2026-08-11 15:06:35,page_view,mobile
14160,10174,s3000576,2026-08-11 15:06:55,add_to_cart,mobile
14161,10174,s3000576,2026-08-11 15:07:16,begin_checkout,mobile
14162,10174,s3000576,2026-08-11 15:07:20,purchase,mobile
14163,10071,s3000577,2026-08-11 03:42:35,page_view,desktop
14164,10268,s3000578,2026-08-11 16:25:15,page_view,mobile
14165,10268,s3000578,2026-08-11 16:27:05,page_view,mobile
14166,10268,s3000578,2026-08-11 16:27:59,page_view,mobile
14167,,s3000579,2026-08-11 21:43:41,page_view,desktop
14168,,s3000579,2026-08-11 21:45:04,page_view,desktop
14169,,s3000579,2026-08-11 21:46:33,add_to_cart,desktop
14170,10543,s3000580,2026-08-11 14:02:12,page_view,mobile
14171,10543,s3000580,2026-08-11 14:02:43,page_view,mobile
14172,,s3000581,2026-08-11 07:05:46,page_view,Desktop
14173,,s3000581,2026-08-11 07:06:02,page_view,Desktop
14174,,s3000581,2026-08-11 07:08:01,page_view,Desktop
14175,,s3000581,2026-08-11 07:08:51,page_view,Desktop
14176,,s3000581,2026-08-11 07:09:40,add_to_cart,Desktop
14177,10111,s3000582,2026-08-11 09:36:32,page_view,mobile
14178,10111,s3000582,2026-08-11 09:37:01,page_view,mobile
14179,10485,s3000583,2026-08-11 14:10:49,page_view,mobile
14180,10485,s3000583,2026-08-11 14:10:56,page_view,mobile
14181,10485,s3000583,2026-08-11 14:12:50,page_view,mobile
14182,10485,s3000583,2026-08-11 14:14:04,page_view,mobile
14183,10135,s3000584,2026-08-11 22:31:50,page_view,tablet
14184,10135,s3000584,2026-08-11 22:32:06,page_view,tablet
14185,10135,s3000584,2026-08-11 22:33:55,page_view,tablet
14186,10135,s3000584,2026-08-11 22:34:59,page_view,tablet
14187,10460,s3000585,2026-08-11 08:52:36,page_view,mobile
14188,10460,s3000585,2026-08-11 08:52:57,add_to_cart,mobile
14189,10460,s3000585,2026-08-11 08:53:24,begin_checkout,mobile
14190,10460,s3000585,2026-08-11 08:53:34,purchase,mobile
14191,10443,s3000586,2026-08-11 13:41:30,page_view,desktop
14192,,s3000587,2026-08-11 18:40:55,page_view,desktop
14193,,s3000587,2026-08-11 18:41:18,page_view,desktop
14194,,s3000588,2026-08-11 17:03:56,page_view,Desktop
14195,,s3000588,2026-08-11 17:05:07,page_view,Desktop
14196,,s3000588,2026-08-11 17:07:00,page_view,Desktop
14197,,s3000588,2026-08-11 17:08:15,page_view,Desktop
14198,10531,s3000589,2026-08-11 19:22:00,page_view,mobile
14199,10531,s3000589,2026-08-11 19:23:04,page_view,mobile
14200,10531,s3000589,2026-08-11 19:23:52,page_view,mobile
14201,10531,s3000589,2026-08-11 19:24:18,page_view,mobile
14202,10319,s3000590,2026-08-11 03:43:16,page_view,mobile
14203,10319,s3000590,2026-08-11 03:44:31,page_view,mobile
14204,10319,s3000590,2026-08-11 03:45:48,page_view,mobile
14205,10319,s3000590,2026-08-11 03:46:58,add_to_cart,mobile
14206,10710,s3000591,2026-08-11 07:56:38,page_view,mobile
14207,10710,s3000591,2026-08-11 07:57:59,page_view,mobile
14208,10710,s3000591,2026-08-11 07:58:16,add_to_cart,mobile
14209,10710,s3000591,2026-08-11 07:58:55,begin_checkout,mobile
14210,10710,s3000591,2026-08-11 07:59:01,purchase,mobile
14211,10229,s3000592,2026-08-11 03:25:52,page_view,desktop
14212,10229,s3000592,2026-08-11 03:27:14,page_view,desktop
14213,,s3000593,2026-08-11 22:08:12,page_view,Mobile
14214,10344,s3000594,2026-08-11 17:39:08,page_view,mobile
14215,10344,s3000594,2026-08-11 17:40:09,page_view,mobile
14216,10344,s3000594,2026-08-11 17:41:59,add_to_cart,mobile
14217,10344,s3000594,2026-08-11 17:43:28,begin_checkout,mobile
14218,,s3000595,2026-08-11 03:25:38,page_view,mobile
14219,,s3000595,2026-08-11 03:25:52,page_view,mobile
14220,,s3000596,2026-08-12 20:05:09,page_view,tablet
14221,,s3000596,2026-08-12 20:05:34,page_view,tablet
14222,,s3000596,2026-08-12 20:05:49,page_view,tablet
14223,,s3000596,2026-08-12 20:07:14,add_to_cart,tablet
14224,,s3000596,2026-08-12 20:08:55,begin_checkout,tablet
14225,,s3000597,2026-08-12 20:56:34,page_view,desktop
14226,,s3000597,2026-08-12 20:57:12,page_view,desktop
14227,,s3000598,2026-08-12 14:15:10,page_view,Mobile
14228,,s3000598,2026-08-12 14:16:06,page_view,Mobile
14229,,s3000598,2026-08-12 14:17:19,page_view,Mobile
14230,,s3000598,2026-08-12 14:18:19,add_to_cart,Mobile
14231,,s3000598,2026-08-12 14:18:26,begin_checkout,Mobile
14232,,s3000598,2026-08-12 14:18:50,purchase,Mobile
14233,,s3000599,2026-08-12 12:10:38,page_view,mobile
14234,,s3000600,2026-08-12 06:28:11,page_view,desktop
14235,,s3000600,2026-08-12 06:29:13,page_view,desktop
14236,,s3000600,2026-08-12 06:31:02,page_view,desktop
14237,10144,s3000601,2026-08-12 16:21:45,page_view,desktop
14238,10144,s3000601,2026-08-12 16:23:22,page_view,desktop
14239,10144,s3000601,2026-08-12 16:24:09,page_view,desktop
14240,10335,s3000602,2026-08-12 08:56:13,page_view,desktop
14241,10335,s3000602,2026-08-12 08:56:32,page_view,desktop
14242,10335,s3000602,2026-08-12 08:56:40,add_to_cart,desktop
14243,10335,s3000602,2026-08-12 08:58:37,begin_checkout,desktop
14244,10335,s3000602,2026-08-12 09:00:13,purchase,desktop
14245,10136,s3000603,2026-08-12 01:02:28,page_view,mobile
14246,10136,s3000603,2026-08-12 01:03:19,page_view,mobile
14247,10136,s3000603,2026-08-12 01:03:29,page_view,mobile
14248,10136,s3000603,2026-08-12 01:04:54,page_view,mobile
14249,10136,s3000603,2026-08-12 01:05:13,add_to_cart,mobile
14250,10136,s3000603,2026-08-12 01:06:33,begin_checkout,mobile
14251,10136,s3000603,2026-08-12 01:06:49,purchase,mobile
14252,,s3000604,2026-08-12 22:30:05,page_view,mobile
14253,,s3000604,2026-08-12 22:30:27,page_view,mobile
14254,,s3000604,2026-08-12 22:31:08,page_view,mobile
14255,,s3000604,2026-08-12 22:32:14,page_view,mobile
14256,,s3000604,2026-08-12 22:33:58,add_to_cart,mobile
14257,,s3000604,2026-08-12 22:34:20,begin_checkout,mobile
14258,,s3000604,2026-08-12 22:35:53,purchase,mobile
14259,,s3000605,2026-08-12 19:58:50,page_view,mobile
14260,10330,s3000606,2026-08-12 11:59:42,page_view,mobile
14261,10330,s3000606,2026-08-12 12:01:25,page_view,mobile
14262,10330,s3000606,2026-08-12 12:01:34,page_view,mobile
14263,10422,s3000607,2026-08-12 20:14:20,page_view,Mobile
14264,10422,s3000607,2026-08-12 20:14:54,page_view,Mobile
14265,10287,s3000608,2026-08-12 11:57:15,page_view,desktop
14266,10287,s3000608,2026-08-12 11:57:45,page_view,desktop
14267,10287,s3000608,2026-08-12 11:58:26,page_view,desktop
14268,,s3000609,2026-08-12 07:15:13,page_view,Mobile
14269,,s3000609,2026-08-12 07:16:20,page_view,Mobile
14270,,s3000609,2026-08-12 07:17:01,page_view,Mobile
14271,,s3000609,2026-08-12 07:17:43,add_to_cart,Mobile
14272,,s3000610,2026-08-12 16:01:39,page_view,mobile
14273,,s3000610,2026-08-12 16:02:52,page_view,mobile
14274,,s3000610,2026-08-12 16:04:39,add_to_cart,mobile
14275,,s3000610,2026-08-12 16:05:23,begin_checkout,mobile
14276,,s3000610,2026-08-12 16:05:52,purchase,mobile
14277,,s3000611,2026-08-12 06:43:16,page_view,desktop
14278,,s3000611,2026-08-12 06:44:44,page_view,desktop
14279,,s3000612,2026-08-12 17:21:57,page_view,mobile
14280,,s3000612,2026-08-12 17:23:25,page_view,mobile
14281,,s3000612,2026-08-12 17:23:47,page_view,mobile
14282,,s3000612,2026-08-12 17:25:23,page_view,mobile
14283,,s3000612,2026-08-12 17:25:37,add_to_cart,mobile
14284,,s3000613,2026-08-12 07:50:40,page_view,desktop
14285,,s3000614,2026-08-12 11:02:01,page_view,mobile
14286,,s3000614,2026-08-12 11:02:57,page_view,mobile
14287,,s3000614,2026-08-12 11:03:19,page_view,mobile
14288,10284,s3000615,2026-08-12 05:27:39,page_view,mobile
14289,10284,s3000615,2026-08-12 05:27:50,page_view,mobile
14290,10284,s3000615,2026-08-12 05:29:11,page_view,mobile
14291,10284,s3000615,2026-08-12 05:29:33,page_view,mobile
14292,,s3000616,2026-08-12 00:24:23,page_view,mobile
14293,,s3000616,2026-08-12 00:25:40,page_view,mobile
14294,10419,s3000617,2026-08-12 11:53:17,page_view,mobile
14295,10419,s3000617,2026-08-12 11:54:43,page_view,mobile
14296,10419,s3000617,2026-08-12 11:56:10,page_view,mobile
14297,10419,s3000617,2026-08-12 11:56:55,add_to_cart,mobile
14298,10419,s3000617,2026-08-12 11:57:26,begin_checkout,mobile
14299,10419,s3000617,2026-08-12 11:58:19,purchase,mobile
14300,,s3000618,2026-08-12 18:40:07,page_view,mobile
14301,,s3000618,2026-08-12 18:40:15,page_view,mobile
14302,,s3000618,2026-08-12 18:42:10,page_view,mobile
14303,10439,s3000619,2026-08-12 07:38:40,page_view,Desktop
14304,10439,s3000619,2026-08-12 07:38:51,page_view,Desktop
14305,10439,s3000619,2026-08-12 07:39:33,page_view,Desktop
14306,,s3000620,2026-08-12 10:32:15,page_view,mobile
14307,,s3000620,2026-08-12 10:32:35,page_view,mobile
14308,,s3000620,2026-08-12 10:34:04,page_view,mobile
14309,,s3000620,2026-08-12 10:34:23,page_view,mobile
14310,10615,s3000621,2026-08-12 01:10:34,page_view,desktop
14311,10565,s3000622,2026-08-12 00:49:44,page_view,desktop
14312,10565,s3000622,2026-08-12 00:50:33,page_view,desktop
14313,10565,s3000622,2026-08-12 00:51:59,page_view,desktop
14314,10565,s3000622,2026-08-12 00:52:32,page_view,desktop
14315,10565,s3000622,2026-08-12 00:54:18,add_to_cart,desktop
14316,10565,s3000622,2026-08-12 00:56:13,begin_checkout,desktop
14317,10565,s3000622,2026-08-12 00:57:52,purchase,desktop
14318,10115,s3000623,2026-08-12 21:01:57,page_view,mobile
14319,10115,s3000623,2026-08-12 21:02:31,page_view,mobile
14320,10115,s3000623,2026-08-12 21:03:37,page_view,mobile
14321,10213,s3000624,2026-08-12 05:59:49,page_view,tablet
14322,10213,s3000624,2026-08-12 06:00:20,add_to_cart,tablet
14323,10213,s3000624,2026-08-12 06:00:25,begin_checkout,tablet
14324,10213,s3000624,2026-08-12 06:01:52,purchase,tablet
14325,10051,s3000625,2026-08-12 07:55:53,page_view,desktop
14326,10051,s3000625,2026-08-12 07:57:44,add_to_cart,desktop
14327,10416,s3000626,2026-08-12 03:32:05,page_view,mobile
14328,,s3000627,2026-08-12 10:36:28,page_view,desktop
14329,,s3000627,2026-08-12 10:37:29,page_view,desktop
14330,10392,s3000628,2026-08-12 05:01:58,page_view,mobile
14331,10094,s3000629,2026-08-12 03:07:33,page_view,Desktop
14332,10097,s3000630,2026-08-12 12:23:22,page_view,mobile
14333,10097,s3000630,2026-08-12 12:25:03,page_view,mobile
14334,10097,s3000630,2026-08-12 12:25:27,page_view,mobile
14335,10097,s3000630,2026-08-12 12:26:39,page_view,mobile
14336,10286,s3000631,2026-08-12 06:52:51,page_view,desktop
14337,10286,s3000631,2026-08-12 06:53:40,page_view,desktop
14338,10286,s3000631,2026-08-12 06:55:28,page_view,desktop
14339,10005,s3000632,2026-08-12 15:08:26,page_view,mobile
14340,10005,s3000632,2026-08-12 15:09:27,page_view,mobile
14341,10005,s3000632,2026-08-12 15:10:49,page_view,mobile
14342,10190,s3000633,2026-08-12 13:50:09,page_view,tablet
14343,10190,s3000633,2026-08-12 13:50:52,page_view,tablet
14344,10190,s3000633,2026-08-12 13:52:13,page_view,tablet
14345,,s3000634,2026-08-12 14:56:32,page_view,mobile
14346,,s3000634,2026-08-12 14:57:04,page_view,mobile
14347,,s3000634,2026-08-12 14:58:09,page_view,mobile
14348,,s3000634,2026-08-12 14:58:46,page_view,mobile
14349,10539,s3000635,2026-08-12 11:09:36,page_view,Desktop
14350,10539,s3000635,2026-08-12 11:10:37,page_view,Desktop
14351,10539,s3000635,2026-08-12 11:10:49,page_view,Desktop
14352,10163,s3000636,2026-08-12 16:59:37,page_view,mobile
14353,10463,s3000637,2026-08-12 07:25:25,page_view,Mobile
14354,10463,s3000637,2026-08-12 07:26:37,page_view,Mobile
14355,10463,s3000637,2026-08-12 07:27:11,page_view,Mobile
14356,10463,s3000637,2026-08-12 07:27:22,add_to_cart,Mobile
14357,10463,s3000637,2026-08-12 07:28:30,begin_checkout,Mobile
14358,10463,s3000637,2026-08-12 07:29:53,purchase,Mobile
14359,10050,s3000638,2026-08-12 20:29:59,page_view,tablet
14360,10050,s3000638,2026-08-12 20:31:40,page_view,tablet
14361,10050,s3000638,2026-08-12 20:32:28,page_view,tablet
14362,10050,s3000638,2026-08-12 20:34:09,add_to_cart,tablet
14363,10050,s3000638,2026-08-12 20:34:38,begin_checkout,tablet
14364,10050,s3000638,2026-08-12 20:34:51,purchase,tablet
14365,10380,s3000639,2026-08-12 02:39:03,page_view,mobile
14366,10380,s3000639,2026-08-12 02:39:22,page_view,mobile
14367,10380,s3000639,2026-08-12 02:39:57,page_view,mobile
14368,10380,s3000639,2026-08-12 02:41:37,add_to_cart,mobile
14369,10380,s3000639,2026-08-12 02:43:34,begin_checkout,mobile
14370,10048,s3000640,2026-08-12 18:06:44,page_view,mobile
14371,10048,s3000640,2026-08-12 18:08:26,page_view,mobile
14372,10376,s3000641,2026-08-12 09:13:57,page_view,tablet
14373,10157,s3000642,2026-08-12 22:30:07,page_view,mobile
14374,10157,s3000642,2026-08-12 22:31:37,page_view,mobile
14375,10157,s3000642,2026-08-12 22:33:25,page_view,mobile
14376,10663,s3000643,2026-08-12 12:44:58,page_view,tablet
14377,10423,s3000644,2026-08-12 16:54:31,page_view,mobile
14378,10423,s3000644,2026-08-12 16:54:58,page_view,mobile
14379,10423,s3000644,2026-08-12 16:55:25,add_to_cart,mobile
14380,10423,s3000644,2026-08-12 16:56:31,begin_checkout,mobile
14381,10423,s3000644,2026-08-12 16:56:51,purchase,mobile
14382,,s3000645,2026-08-12 01:36:22,page_view,desktop
14383,,s3000645,2026-08-12 01:36:35,page_view,desktop
14384,10568,s3000646,2026-08-12 14:56:08,page_view,Desktop
14385,10568,s3000646,2026-08-12 14:57:29,add_to_cart,Desktop
14386,10568,s3000646,2026-08-12 14:57:50,begin_checkout,Desktop
14387,10568,s3000646,2026-08-12 14:57:53,purchase,Desktop
14388,10669,s3000647,2026-08-12 10:51:14,page_view,Desktop
14389,10669,s3000647,2026-08-12 10:52:14,page_view,Desktop
14390,10669,s3000647,2026-08-12 10:53:05,add_to_cart,Desktop
14391,10669,s3000647,2026-08-12 10:54:33,begin_checkout,Desktop
14392,,s3000648,2026-08-12 04:42:17,page_view,mobile
14393,,s3000648,2026-08-12 04:43:09,page_view,mobile
14394,10699,s3000649,2026-08-12 04:10:12,page_view,Mobile
14395,10683,s3000650,2026-08-12 13:38:27,page_view,desktop
14396,10683,s3000650,2026-08-12 13:40:11,page_view,desktop
14397,10683,s3000650,2026-08-12 13:42:00,page_view,desktop
14398,,s3000651,2026-08-12 10:37:15,page_view,mobile
14399,,s3000651,2026-08-12 10:37:58,page_view,mobile
14400,,s3000651,2026-08-12 10:39:52,page_view,mobile
14401,,s3000651,2026-08-12 10:41:17,page_view,mobile
14402,,s3000652,2026-08-12 02:11:08,page_view,mobile
14403,,s3000652,2026-08-12 02:13:01,page_view,mobile
14404,,s3000652,2026-08-12 02:14:34,add_to_cart,mobile
14405,,s3000653,2026-08-12 21:59:31,page_view,desktop
14406,,s3000653,2026-08-12 22:00:55,page_view,desktop
14407,10224,s3000654,2026-08-12 22:09:04,page_view,desktop
14408,10224,s3000654,2026-08-12 22:10:41,page_view,desktop
14409,10224,s3000654,2026-08-12 22:11:26,page_view,desktop
14410,10224,s3000654,2026-08-12 22:12:05,page_view,desktop
14411,10353,s3000655,2026-08-12 10:48:02,page_view,mobile
14412,10448,s3000656,2026-08-13 03:11:06,page_view,mobile
14413,10448,s3000656,2026-08-13 03:11:13,page_view,mobile
14414,10448,s3000656,2026-08-13 03:11:20,page_view,mobile
14415,10147,s3000657,2026-08-13 00:58:27,page_view,mobile
14416,10147,s3000657,2026-08-13 01:00:17,page_view,mobile
14417,10188,s3000658,2026-08-13 07:54:23,page_view,mobile
14418,10188,s3000658,2026-08-13 07:54:57,page_view,mobile
14419,10188,s3000658,2026-08-13 07:55:13,page_view,mobile
14420,10188,s3000658,2026-08-13 07:56:25,add_to_cart,mobile
14421,10188,s3000658,2026-08-13 07:57:32,begin_checkout,mobile
14422,10188,s3000658,2026-08-13 07:58:18,purchase,mobile
14423,,s3000659,2026-08-13 21:54:45,page_view,tablet
14424,,s3000659,2026-08-13 21:56:29,page_view,tablet
14425,,s3000659,2026-08-13 21:57:52,page_view,tablet
14426,,s3000659,2026-08-13 21:58:17,page_view,tablet
14427,10028,s3000660,2026-08-13 18:45:21,page_view,desktop
14428,10028,s3000660,2026-08-13 18:46:23,page_view,desktop
14429,10028,s3000660,2026-08-13 18:46:35,page_view,desktop
14430,10028,s3000660,2026-08-13 18:47:21,add_to_cart,desktop
14431,10028,s3000660,2026-08-13 18:48:33,begin_checkout,desktop
14432,,s3000661,2026-08-13 14:47:44,page_view,mobile
14433,10207,s3000662,2026-08-13 02:09:42,page_view,Mobile
14434,10207,s3000662,2026-08-13 02:11:24,page_view,Mobile
14435,10207,s3000662,2026-08-13 02:12:11,add_to_cart,Mobile
14436,10665,s3000663,2026-08-13 04:29:44,page_view,mobile
14437,10665,s3000663,2026-08-13 04:30:20,page_view,mobile
14438,10665,s3000663,2026-08-13 04:30:41,add_to_cart,mobile
14439,10665,s3000663,2026-08-13 04:31:06,begin_checkout,mobile
14440,10665,s3000663,2026-08-13 04:31:15,purchase,mobile
14441,10507,s3000664,2026-08-13 00:03:16,page_view,tablet
14442,10507,s3000664,2026-08-13 00:04:37,add_to_cart,tablet
14443,10507,s3000664,2026-08-13 00:05:42,begin_checkout,tablet
14444,10701,s3000665,2026-08-13 13:56:59,page_view,desktop
14445,10701,s3000665,2026-08-13 13:58:30,page_view,desktop
14446,10701,s3000665,2026-08-13 14:00:22,page_view,desktop
14447,10701,s3000665,2026-08-13 14:00:37,page_view,desktop
14448,10459,s3000666,2026-08-13 10:15:08,page_view,mobile
14449,10459,s3000666,2026-08-13 10:16:31,page_view,mobile
14450,10459,s3000666,2026-08-13 10:16:58,page_view,mobile
14451,10459,s3000666,2026-08-13 10:18:15,page_view,mobile
14452,,s3000667,2026-08-13 04:50:14,page_view,desktop
14453,,s3000667,2026-08-13 04:50:45,page_view,desktop
14454,,s3000667,2026-08-13 04:51:55,page_view,desktop
14455,,s3000668,2026-08-13 00:15:50,page_view,mobile
14456,,s3000668,2026-08-13 00:17:45,page_view,mobile
14457,,s3000669,2026-08-13 17:49:29,page_view,mobile
14458,10497,s3000670,2026-08-13 14:45:46,page_view,Mobile
14459,10497,s3000670,2026-08-13 14:46:19,page_view,Mobile
14460,,s3000671,2026-08-13 00:22:19,page_view,mobile
14461,,s3000671,2026-08-13 00:23:01,add_to_cart,mobile
14462,,s3000671,2026-08-13 00:23:06,begin_checkout,mobile
14463,,s3000671,2026-08-13 00:24:23,purchase,mobile
14464,,s3000672,2026-08-13 15:03:42,page_view,mobile
14465,,s3000672,2026-08-13 15:04:10,page_view,mobile
14466,,s3000672,2026-08-13 15:04:47,page_view,mobile
14467,,s3000672,2026-08-13 15:06:06,add_to_cart,mobile
14468,,s3000672,2026-08-13 15:06:25,begin_checkout,mobile
14469,,s3000672,2026-08-13 15:07:48,purchase,mobile
14470,,s3000673,2026-08-13 09:39:11,page_view,mobile
14471,,s3000673,2026-08-13 09:39:48,page_view,mobile
14472,,s3000674,2026-08-13 17:16:08,page_view,desktop
14473,,s3000675,2026-08-13 01:49:47,page_view,mobile
14474,,s3000675,2026-08-13 01:50:28,page_view,mobile
14475,,s3000675,2026-08-13 01:51:19,page_view,mobile
14476,,s3000676,2026-08-13 22:33:27,page_view,desktop
14477,,s3000676,2026-08-13 22:34:07,page_view,desktop
14478,,s3000676,2026-08-13 22:36:05,page_view,desktop
14479,,s3000676,2026-08-13 22:36:55,page_view,desktop
14480,10119,s3000677,2026-08-13 17:42:59,page_view,desktop
14481,10119,s3000677,2026-08-13 17:43:59,add_to_cart,desktop
14482,10119,s3000677,2026-08-13 17:44:09,begin_checkout,desktop
14483,10119,s3000677,2026-08-13 17:44:22,purchase,desktop
14484,10758,s3000678,2026-08-13 10:58:56,page_view,mobile
14485,10758,s3000678,2026-08-13 10:59:21,page_view,mobile
14486,10758,s3000678,2026-08-13 10:59:49,page_view,mobile
14487,10758,s3000678,2026-08-13 11:01:14,page_view,mobile
14488,10758,s3000678,2026-08-13 11:02:26,add_to_cart,mobile
14489,10034,s3000679,2026-08-13 14:29:37,page_view,mobile
14490,10034,s3000679,2026-08-13 14:30:15,page_view,mobile
14491,10034,s3000679,2026-08-13 14:32:09,page_view,mobile
14492,10034,s3000679,2026-08-13 14:32:26,page_view,mobile
14493,10034,s3000679,2026-08-13 14:33:54,add_to_cart,mobile
14494,,s3000680,2026-08-13 12:19:49,page_view,desktop
14495,,s3000680,2026-08-13 12:20:20,page_view,desktop
14496,,s3000680,2026-08-13 12:20:51,page_view,desktop
14497,,s3000680,2026-08-13 12:21:29,page_view,desktop
14498,,s3000680,2026-08-13 12:22:40,add_to_cart,desktop
14499,10328,s3000681,2026-08-13 01:30:42,page_view,desktop
14500,10328,s3000681,2026-08-13 01:31:37,page_view,desktop
14501,10328,s3000681,2026-08-13 01:32:14,page_view,desktop
14502,,s3000682,2026-08-13 21:03:25,page_view,mobile
14503,10502,s3000683,2026-08-13 08:37:01,page_view,mobile
14504,10502,s3000683,2026-08-13 08:37:30,page_view,mobile
14505,10502,s3000683,2026-08-13 08:38:01,add_to_cart,mobile
14506,,s3000684,2026-08-13 01:54:10,page_view,desktop
14507,,s3000684,2026-08-13 01:54:45,page_view,desktop
14508,,s3000684,2026-08-13 01:55:36,page_view,desktop
14509,,s3000684,2026-08-13 01:56:43,page_view,desktop
14510,10091,s3000685,2026-08-13 00:02:15,page_view,mobile
14511,10091,s3000685,2026-08-13 00:03:10,page_view,mobile
14512,10091,s3000685,2026-08-13 00:05:09,page_view,mobile
14513,10091,s3000685,2026-08-13 00:06:56,page_view,mobile
14514,,s3000686,2026-08-13 22:52:18,page_view,desktop
14515,10608,s3000687,2026-08-13 17:46:37,page_view,desktop
14516,10608,s3000687,2026-08-13 17:47:36,page_view,desktop
14517,10608,s3000687,2026-08-13 17:48:14,page_view,desktop
14518,10692,s3000688,2026-08-13 02:55:28,page_view,mobile
14519,10692,s3000688,2026-08-13 02:56:27,page_view,mobile
14520,10692,s3000688,2026-08-13 02:58:22,page_view,mobile
14521,,s3000689,2026-08-13 05:56:05,page_view,desktop
14522,,s3000689,2026-08-13 05:57:35,page_view,desktop
14523,,s3000689,2026-08-13 05:58:26,page_view,desktop
14524,,s3000690,2026-08-13 15:45:49,page_view,Desktop
14525,,s3000690,2026-08-13 15:47:13,page_view,Desktop
14526,,s3000690,2026-08-13 15:49:13,page_view,Desktop
14527,,s3000690,2026-08-13 15:50:59,page_view,Desktop
14528,10319,s3000691,2026-08-13 12:56:24,page_view,tablet
14529,10319,s3000691,2026-08-13 12:58:23,page_view,tablet
14530,10736,s3000692,2026-08-13 16:41:02,page_view,Desktop
14531,10736,s3000692,2026-08-13 16:41:43,page_view,Desktop
14532,10736,s3000692,2026-08-13 16:42:51,page_view,Desktop
14533,10245,s3000693,2026-08-13 09:53:35,page_view,desktop
14534,10245,s3000693,2026-08-13 09:54:27,page_view,desktop
14535,10245,s3000693,2026-08-13 09:54:41,page_view,desktop
14536,10245,s3000693,2026-08-13 09:54:54,page_view,desktop
14537,10654,s3000694,2026-08-13 07:26:11,page_view,desktop
14538,10654,s3000694,2026-08-13 07:28:06,page_view,desktop
14539,10240,s3000695,2026-08-13 17:17:08,page_view,desktop
14540,10263,s3000696,2026-08-13 00:59:41,page_view,mobile
14541,10263,s3000696,2026-08-13 00:59:57,page_view,mobile
14542,10314,s3000697,2026-08-13 20:44:46,page_view,mobile
14543,,s3000698,2026-08-13 03:18:52,page_view,desktop
14544,,s3000698,2026-08-13 03:20:51,page_view,desktop
14545,,s3000698,2026-08-13 03:21:05,add_to_cart,desktop
14546,,s3000699,2026-08-13 03:53:22,page_view,mobile
14547,,s3000699,2026-08-13 03:53:46,add_to_cart,mobile
14548,,s3000699,2026-08-13 03:55:41,begin_checkout,mobile
14549,,s3000699,2026-08-13 03:56:33,purchase,mobile
14550,10698,s3000700,2026-08-13 01:09:24,page_view,mobile
14551,10445,s3000701,2026-08-13 21:11:53,page_view,desktop
14552,10445,s3000701,2026-08-13 21:12:21,page_view,desktop
14553,10445,s3000701,2026-08-13 21:13:30,page_view,desktop
14554,10445,s3000701,2026-08-13 21:14:23,page_view,desktop
14555,10694,s3000702,2026-08-13 00:45:20,page_view,mobile
14556,10506,s3000703,2026-08-13 04:45:00,page_view,mobile
14557,10506,s3000703,2026-08-13 04:45:51,add_to_cart,mobile
14558,10506,s3000703,2026-08-13 04:47:36,begin_checkout,mobile
14559,10506,s3000703,2026-08-13 04:47:55,purchase,mobile
14560,,s3000704,2026-08-13 01:04:38,page_view,desktop
14561,,s3000704,2026-08-13 01:05:21,page_view,desktop
14562,,s3000704,2026-08-13 01:06:28,page_view,desktop
14563,,s3000704,2026-08-13 01:07:36,page_view,desktop
14564,,s3000705,2026-08-13 09:13:29,page_view,desktop
14565,10250,s3000706,2026-08-13 00:27:45,page_view,mobile
14566,10250,s3000706,2026-08-13 00:28:30,page_view,mobile
14567,,s3000707,2026-08-13 02:06:24,page_view,desktop
14568,,s3000707,2026-08-13 02:07:48,add_to_cart,desktop
14569,,s3000708,2026-08-13 09:18:37,page_view,desktop
14570,,s3000708,2026-08-13 09:20:25,page_view,desktop
14571,,s3000708,2026-08-13 09:22:12,page_view,desktop
14572,,s3000708,2026-08-13 09:22:52,page_view,desktop
14573,,s3000709,2026-08-13 08:04:48,page_view,mobile
14574,,s3000709,2026-08-13 08:05:09,page_view,mobile
14575,,s3000709,2026-08-13 08:05:29,page_view,mobile
14576,,s3000709,2026-08-13 08:06:35,page_view,mobile
14577,,s3000710,2026-08-13 03:03:47,page_view,mobile
14578,,s3000710,2026-08-13 03:03:55,page_view,mobile
14579,,s3000710,2026-08-13 03:04:34,page_view,mobile
14580,,s3000710,2026-08-13 03:05:54,page_view,mobile
14581,10064,s3000711,2026-08-13 03:07:39,page_view,desktop
14582,10064,s3000711,2026-08-13 03:08:12,page_view,desktop
14583,10064,s3000711,2026-08-13 03:08:29,page_view,desktop
14584,10064,s3000711,2026-08-13 03:09:32,add_to_cart,desktop
14585,10465,s3000712,2026-08-13 10:43:45,page_view,mobile
14586,10465,s3000712,2026-08-13 10:45:29,page_view,mobile
14587,,s3000713,2026-08-13 11:32:20,page_view,desktop
14588,,s3000713,2026-08-13 11:33:59,page_view,desktop
14589,,s3000714,2026-08-13 18:05:26,page_view,desktop
14590,,s3000714,2026-08-13 18:05:30,page_view,desktop
14591,,s3000715,2026-08-13 05:34:23,page_view,mobile
14592,10342,s3000716,2026-08-13 07:55:04,page_view,mobile
14593,10342,s3000716,2026-08-13 07:55:46,page_view,mobile
14594,10615,s3000717,2026-08-13 21:56:23,page_view,desktop
14595,10199,s3000718,2026-08-13 17:50:28,page_view,mobile
14596,10199,s3000718,2026-08-13 17:51:34,page_view,mobile
14597,10199,s3000718,2026-08-13 17:52:58,page_view,mobile
14598,10199,s3000718,2026-08-13 17:54:00,page_view,mobile
14599,,s3000719,2026-08-13 14:00:31,page_view,desktop
14600,10590,s3000720,2026-08-13 21:30:36,page_view,Tablet
14601,10590,s3000720,2026-08-13 21:30:39,page_view,Tablet
14602,10590,s3000720,2026-08-13 21:31:55,page_view,Tablet
14603,,s3000721,2026-08-13 07:21:01,page_view,desktop
14604,,s3000721,2026-08-13 07:21:53,page_view,desktop
14605,10584,s3000722,2026-08-13 09:50:46,page_view,mobile
14606,10584,s3000722,2026-08-13 09:52:26,page_view,mobile
14607,10584,s3000722,2026-08-13 09:54:02,page_view,mobile
14608,10584,s3000722,2026-08-13 09:55:09,page_view,mobile
14609,10691,s3000723,2026-08-13 09:21:42,page_view,desktop
14610,10691,s3000723,2026-08-13 09:23:05,page_view,desktop
14611,10691,s3000723,2026-08-13 09:23:58,page_view,desktop
14612,10527,s3000724,2026-08-13 01:53:46,page_view,mobile
14613,10702,s3000725,2026-08-13 20:04:31,page_view,desktop
14614,10323,s3000726,2026-08-13 11:31:02,page_view,mobile
14615,10323,s3000726,2026-08-13 11:31:55,page_view,mobile
14616,10413,s3000727,2026-08-13 16:03:18,page_view,desktop
14617,10413,s3000727,2026-08-13 16:05:00,add_to_cart,desktop
14618,10413,s3000727,2026-08-13 16:06:42,begin_checkout,desktop
14619,10413,s3000727,2026-08-13 16:08:06,purchase,desktop
14620,10697,s3000728,2026-08-13 21:44:28,page_view,desktop
14621,10697,s3000728,2026-08-13 21:44:56,page_view,desktop
14622,10697,s3000728,2026-08-13 21:45:59,page_view,desktop
14623,10697,s3000728,2026-08-13 21:46:42,page_view,desktop
14624,10694,s3000729,2026-08-14 13:50:11,page_view,desktop
14625,10694,s3000729,2026-08-14 13:51:00,add_to_cart,desktop
14626,,s3000730,2026-08-14 00:12:54,page_view,tablet
14627,,s3000730,2026-08-14 00:14:07,page_view,tablet
14628,,s3000730,2026-08-14 00:14:21,page_view,tablet
14629,10545,s3000731,2026-08-14 17:27:56,page_view,mobile
14630,10545,s3000731,2026-08-14 17:29:33,page_view,mobile
14631,10545,s3000731,2026-08-14 17:29:55,page_view,mobile
14632,10153,s3000732,2026-08-14 11:00:32,page_view,mobile
14633,10153,s3000732,2026-08-14 11:01:50,page_view,mobile
14634,10153,s3000732,2026-08-14 11:02:17,page_view,mobile
14635,10153,s3000732,2026-08-14 11:02:57,page_view,mobile
14636,10341,s3000733,2026-08-14 13:06:00,page_view,desktop
14637,10341,s3000733,2026-08-14 13:06:52,page_view,desktop
14638,10341,s3000733,2026-08-14 13:07:03,page_view,desktop
14639,10341,s3000733,2026-08-14 13:08:29,add_to_cart,desktop
14640,10451,s3000734,2026-08-14 03:14:37,page_view,mobile
14641,10451,s3000734,2026-08-14 03:15:35,page_view,mobile
14642,10451,s3000734,2026-08-14 03:17:18,page_view,mobile
14643,10451,s3000734,2026-08-14 03:19:18,add_to_cart,mobile
14644,,s3000735,2026-08-14 16:38:44,page_view,desktop
14645,10170,s3000736,2026-08-14 08:05:17,page_view,desktop
14646,10170,s3000736,2026-08-14 08:06:42,page_view,desktop
14647,10170,s3000736,2026-08-14 08:07:05,add_to_cart,desktop
14648,10170,s3000736,2026-08-14 08:08:11,begin_checkout,desktop
14649,10170,s3000736,2026-08-14 08:08:45,purchase,desktop
14650,10636,s3000737,2026-08-14 09:30:19,page_view,mobile
14651,10636,s3000737,2026-08-14 09:31:37,add_to_cart,mobile
14652,10636,s3000737,2026-08-14 09:32:54,begin_checkout,mobile
14653,10636,s3000737,2026-08-14 09:34:07,purchase,mobile
14654,10269,s3000738,2026-08-14 22:14:44,page_view,mobile
14655,10667,s3000739,2026-08-14 06:29:44,page_view,mobile
14656,10667,s3000739,2026-08-14 06:31:01,page_view,mobile
14657,10667,s3000739,2026-08-14 06:32:15,page_view,mobile
14658,10667,s3000739,2026-08-14 06:33:15,page_view,mobile
14659,10667,s3000739,2026-08-14 06:34:45,add_to_cart,mobile
14660,10667,s3000739,2026-08-14 06:36:11,begin_checkout,mobile
14661,10667,s3000739,2026-08-14 06:36:25,purchase,mobile
14662,10321,s3000740,2026-08-14 02:23:18,page_view,desktop
14663,10321,s3000740,2026-08-14 02:25:17,page_view,desktop
14664,10321,s3000740,2026-08-14 02:27:06,page_view,desktop
14665,,s3000741,2026-08-14 10:02:22,page_view,Mobile
14666,,s3000741,2026-08-14 10:02:35,page_view,Mobile
14667,,s3000741,2026-08-14 10:03:12,add_to_cart,Mobile
14668,,s3000741,2026-08-14 10:03:25,begin_checkout,Mobile
14669,,s3000742,2026-08-14 04:12:24,page_view,desktop
14670,,s3000742,2026-08-14 04:13:28,page_view,desktop
14671,,s3000742,2026-08-14 04:15:23,page_view,desktop
14672,,s3000742,2026-08-14 04:15:27,add_to_cart,desktop
14673,10566,s3000743,2026-08-14 18:42:42,page_view,mobile
14674,10566,s3000743,2026-08-14 18:42:54,page_view,mobile
14675,10566,s3000743,2026-08-14 18:43:53,page_view,mobile
14676,,s3000744,2026-08-14 13:21:30,page_view,Desktop
14677,,s3000744,2026-08-14 13:22:12,page_view,Desktop
14678,,s3000744,2026-08-14 13:22:31,page_view,Desktop
14679,,s3000745,2026-08-14 06:26:09,page_view,desktop
14680,10341,s3000746,2026-08-14 13:07:25,page_view,desktop
14681,10341,s3000746,2026-08-14 13:09:16,page_view,desktop
14682,10341,s3000746,2026-08-14 13:09:40,page_view,desktop
14683,10341,s3000746,2026-08-14 13:10:59,page_view,desktop
14684,,s3000747,2026-08-14 01:04:26,page_view,tablet
14685,,s3000747,2026-08-14 01:05:13,add_to_cart,tablet
14686,10700,s3000748,2026-08-14 06:07:55,page_view,mobile
14687,10700,s3000748,2026-08-14 06:08:49,page_view,mobile
14688,,s3000749,2026-08-14 08:59:08,page_view,desktop
14689,,s3000749,2026-08-14 09:00:59,page_view,desktop
14690,,s3000749,2026-08-14 09:01:51,add_to_cart,desktop
14691,,s3000749,2026-08-14 09:03:34,begin_checkout,desktop
14692,,s3000750,2026-08-14 15:36:22,page_view,mobile
14693,,s3000750,2026-08-14 15:37:45,page_view,mobile
14694,,s3000750,2026-08-14 15:39:04,add_to_cart,mobile
14695,10472,s3000751,2026-08-14 09:29:17,page_view,desktop
14696,10472,s3000751,2026-08-14 09:31:07,page_view,desktop
14697,10472,s3000751,2026-08-14 09:33:07,page_view,desktop
14698,10472,s3000751,2026-08-14 09:34:37,add_to_cart,desktop
14699,10472,s3000751,2026-08-14 09:35:41,begin_checkout,desktop
14700,10472,s3000751,2026-08-14 09:36:13,purchase,desktop
14701,,s3000752,2026-08-14 15:19:34,page_view,mobile
14702,,s3000752,2026-08-14 15:20:01,add_to_cart,mobile
14703,,s3000752,2026-08-14 15:20:29,begin_checkout,mobile
14704,,s3000752,2026-08-14 15:21:19,purchase,mobile
14705,,s3000753,2026-08-14 14:06:09,page_view,desktop
14706,,s3000753,2026-08-14 14:06:39,page_view,desktop
14707,,s3000753,2026-08-14 14:08:17,page_view,desktop
14708,,s3000753,2026-08-14 14:10:13,page_view,desktop
14709,,s3000754,2026-08-14 04:48:59,page_view,mobile
14710,,s3000754,2026-08-14 04:49:17,page_view,mobile
14711,,s3000754,2026-08-14 04:50:31,page_view,mobile
14712,,s3000754,2026-08-14 04:51:52,page_view,mobile
14713,,s3000754,2026-08-14 04:52:14,add_to_cart,mobile
14714,,s3000754,2026-08-14 04:52:45,begin_checkout,mobile
14715,,s3000754,2026-08-14 04:53:26,purchase,mobile
14716,10601,s3000755,2026-08-14 14:53:44,page_view,desktop
14717,10601,s3000755,2026-08-14 14:55:01,page_view,desktop
14718,10300,s3000756,2026-08-14 12:09:09,page_view,desktop
14719,,s3000757,2026-08-14 03:27:40,page_view,desktop
14720,,s3000757,2026-08-14 03:28:56,add_to_cart,desktop
14721,10503,s3000758,2026-08-14 10:09:02,page_view,desktop
14722,,s3000759,2026-08-14 10:35:31,page_view,desktop
14723,,s3000759,2026-08-14 10:36:48,page_view,desktop
14724,,s3000759,2026-08-14 10:37:05,page_view,desktop
14725,10608,s3000760,2026-08-14 21:02:07,page_view,mobile
14726,10608,s3000760,2026-08-14 21:02:43,page_view,mobile
14727,10608,s3000760,2026-08-14 21:04:10,page_view,mobile
14728,10608,s3000760,2026-08-14 21:05:06,page_view,mobile
14729,,s3000761,2026-08-14 20:05:44,page_view,mobile
14730,,s3000761,2026-08-14 20:07:05,page_view,mobile
14731,,s3000761,2026-08-14 20:07:12,page_view,mobile
14732,,s3000761,2026-08-14 20:09:05,page_view,mobile
14733,,s3000762,2026-08-14 06:10:16,page_view,mobile
14734,,s3000762,2026-08-14 06:11:39,page_view,mobile
14735,,s3000762,2026-08-14 06:11:46,page_view,mobile
14736,10232,s3000763,2026-08-14 14:38:29,page_view,desktop
14737,10232,s3000763,2026-08-14 14:38:34,page_view,desktop
14738,,s3000764,2026-08-14 15:33:32,page_view,desktop
14739,,s3000764,2026-08-14 15:35:24,page_view,desktop
14740,,s3000764,2026-08-14 15:37:03,page_view,desktop
14741,10062,s3000765,2026-08-14 19:18:51,page_view,desktop
14742,10062,s3000765,2026-08-14 19:19:47,page_view,desktop
14743,10062,s3000765,2026-08-14 19:19:58,page_view,desktop
14744,10062,s3000765,2026-08-14 19:21:27,add_to_cart,desktop
14745,10062,s3000765,2026-08-14 19:22:05,begin_checkout,desktop
14746,10062,s3000765,2026-08-14 19:23:49,purchase,desktop
14747,10109,s3000766,2026-08-14 09:05:56,page_view,mobile
14748,10109,s3000766,2026-08-14 09:06:44,add_to_cart,mobile
14749,10109,s3000766,2026-08-14 09:08:23,begin_checkout,mobile
14750,10447,s3000767,2026-08-14 12:10:23,page_view,desktop
14751,10447,s3000767,2026-08-14 12:12:06,add_to_cart,desktop
14752,10597,s3000768,2026-08-14 01:59:19,page_view,tablet
14753,10597,s3000768,2026-08-14 02:00:32,page_view,tablet
14754,10597,s3000768,2026-08-14 02:01:45,page_view,tablet
14755,10597,s3000768,2026-08-14 02:01:52,page_view,tablet
14756,10597,s3000768,2026-08-14 02:03:46,add_to_cart,tablet
14757,,s3000769,2026-08-14 10:04:29,page_view,mobile
14758,,s3000769,2026-08-14 10:06:28,add_to_cart,mobile
14759,,s3000769,2026-08-14 10:07:56,begin_checkout,mobile
14760,,s3000770,2026-08-14 11:47:26,page_view,mobile
14761,,s3000770,2026-08-14 11:49:12,page_view,mobile
14762,,s3000770,2026-08-14 11:49:29,page_view,mobile
14763,10035,s3000771,2026-08-14 05:42:58,page_view,desktop
14764,10035,s3000771,2026-08-14 05:43:46,page_view,desktop
14765,10035,s3000771,2026-08-14 05:45:36,page_view,desktop
14766,10035,s3000771,2026-08-14 05:47:26,page_view,desktop
14767,10285,s3000772,2026-08-14 08:20:51,page_view,mobile
14768,10285,s3000772,2026-08-14 08:22:07,page_view,mobile
14769,10285,s3000772,2026-08-14 08:22:47,add_to_cart,mobile
14770,10285,s3000772,2026-08-14 08:24:12,begin_checkout,mobile
14771,10425,s3000773,2026-08-14 09:25:54,page_view,mobile
14772,10425,s3000773,2026-08-14 09:26:45,add_to_cart,mobile
14773,,s3000774,2026-08-14 10:41:02,page_view,mobile
14774,,s3000774,2026-08-14 10:41:45,page_view,mobile
14775,10473,s3000775,2026-08-14 14:46:26,page_view,desktop
14776,10404,s3000776,2026-08-14 17:44:37,page_view,mobile
14777,10404,s3000776,2026-08-14 17:46:28,page_view,mobile
14778,10404,s3000776,2026-08-14 17:47:22,page_view,mobile
14779,10404,s3000776,2026-08-14 17:49:13,page_view,mobile
14780,10404,s3000776,2026-08-14 17:49:48,add_to_cart,mobile
14781,10404,s3000776,2026-08-14 17:49:54,begin_checkout,mobile
14782,10404,s3000776,2026-08-14 17:50:56,purchase,mobile
14783,,s3000777,2026-08-14 12:32:34,page_view,tablet
14784,,s3000777,2026-08-14 12:33:19,add_to_cart,tablet
14785,10428,s3000778,2026-08-14 00:19:47,page_view,mobile
14786,10428,s3000778,2026-08-14 00:21:27,add_to_cart,mobile
14787,10311,s3000779,2026-08-14 07:19:07,page_view,mobile
14788,10311,s3000779,2026-08-14 07:20:30,page_view,mobile
14789,10311,s3000779,2026-08-14 07:21:29,page_view,mobile
14790,10311,s3000779,2026-08-14 07:22:18,add_to_cart,mobile
14791,,s3000780,2026-08-14 00:36:21,page_view,desktop
14792,,s3000780,2026-08-14 00:37:25,page_view,desktop
14793,,s3000780,2026-08-14 00:38:44,add_to_cart,desktop
14794,10412,s3000781,2026-08-14 21:20:14,page_view,desktop
14795,10412,s3000781,2026-08-14 21:21:47,page_view,desktop
14796,,s3000782,2026-08-14 10:23:39,page_view,desktop
14797,,s3000782,2026-08-14 10:24:45,page_view,desktop
14798,,s3000782,2026-08-14 10:26:38,page_view,desktop
14799,10647,s3000783,2026-08-14 19:57:46,page_view,mobile
14800,10647,s3000783,2026-08-14 19:58:42,page_view,mobile
14801,10647,s3000783,2026-08-14 20:00:26,page_view,mobile
14802,10647,s3000783,2026-08-14 20:01:14,page_view,mobile
14803,,s3000784,2026-08-14 02:46:40,page_view,desktop
14804,,s3000785,2026-08-14 02:30:11,page_view,desktop
14805,,s3000785,2026-08-14 02:31:59,page_view,desktop
14806,,s3000785,2026-08-14 02:32:45,page_view,desktop
14807,,s3000785,2026-08-14 02:33:34,page_view,desktop
14808,10042,s3000786,2026-08-14 10:31:45,page_view,mobile
14809,10042,s3000786,2026-08-14 10:33:42,page_view,mobile
14810,10042,s3000786,2026-08-14 10:35:13,page_view,mobile
14811,10042,s3000786,2026-08-14 10:35:18,add_to_cart,mobile
14812,10042,s3000786,2026-08-14 10:36:50,begin_checkout,mobile
14813,,s3000787,2026-08-14 16:26:48,page_view,tablet
14814,,s3000787,2026-08-14 16:28:05,page_view,tablet
14815,,s3000787,2026-08-14 16:28:56,page_view,tablet
14816,,s3000787,2026-08-14 16:30:15,add_to_cart,tablet
14817,10594,s3000788,2026-08-14 12:08:45,page_view,mobile
14818,10572,s3000789,2026-08-15 21:48:41,page_view,desktop
14819,10572,s3000789,2026-08-15 21:49:25,page_view,desktop
14820,10572,s3000789,2026-08-15 21:49:50,page_view,desktop
14821,10572,s3000789,2026-08-15 21:49:54,page_view,desktop
14822,,s3000790,2026-08-15 08:51:38,page_view,desktop
14823,,s3000790,2026-08-15 08:53:26,page_view,desktop
14824,,s3000790,2026-08-15 08:53:34,page_view,desktop
14825,,s3000790,2026-08-15 08:54:39,page_view,desktop
14826,10654,s3000791,2026-08-15 04:15:06,page_view,mobile
14827,10654,s3000791,2026-08-15 04:15:16,page_view,mobile
14828,10654,s3000791,2026-08-15 04:15:54,page_view,mobile
14829,,s3000792,2026-08-15 15:00:25,page_view,desktop
14830,10081,s3000793,2026-08-15 04:26:42,page_view,mobile
14831,10081,s3000793,2026-08-15 04:27:16,page_view,mobile
14832,10081,s3000793,2026-08-15 04:29:02,page_view,mobile
14833,10081,s3000793,2026-08-15 04:31:01,add_to_cart,mobile
14834,10081,s3000793,2026-08-15 04:33:01,begin_checkout,mobile
14835,10081,s3000793,2026-08-15 04:34:42,purchase,mobile
14836,10501,s3000794,2026-08-15 18:51:54,page_view,desktop
14837,10501,s3000794,2026-08-15 18:53:19,page_view,desktop
14838,10501,s3000794,2026-08-15 18:53:30,page_view,desktop
14839,10501,s3000794,2026-08-15 18:53:40,page_view,desktop
14840,10547,s3000795,2026-08-15 06:15:19,page_view,desktop
14841,10547,s3000795,2026-08-15 06:15:58,page_view,desktop
14842,10773,s3000796,2026-08-15 05:29:21,page_view,mobile
14843,10073,s3000797,2026-08-15 22:37:19,page_view,desktop
14844,10073,s3000797,2026-08-15 22:39:05,add_to_cart,desktop
14845,,s3000798,2026-08-15 06:22:58,page_view,desktop
14846,,s3000798,2026-08-15 06:23:54,page_view,desktop
14847,,s3000799,2026-08-15 21:33:36,page_view,tablet
14848,,s3000799,2026-08-15 21:34:11,page_view,tablet
14849,,s3000800,2026-08-15 21:02:01,page_view,desktop
14850,,s3000800,2026-08-15 21:02:45,page_view,desktop
14851,,s3000800,2026-08-15 21:03:17,page_view,desktop
14852,,s3000800,2026-08-15 21:05:03,add_to_cart,desktop
14853,,s3000801,2026-08-15 10:06:34,page_view,desktop
14854,,s3000801,2026-08-15 10:07:13,page_view,desktop
14855,,s3000801,2026-08-15 10:07:37,page_view,desktop
14856,,s3000801,2026-08-15 10:08:48,page_view,desktop
14857,10474,s3000802,2026-08-15 02:44:38,page_view,desktop
14858,10474,s3000802,2026-08-15 02:44:58,page_view,desktop
14859,10474,s3000802,2026-08-15 02:45:39,page_view,desktop
14860,10474,s3000802,2026-08-15 02:46:10,add_to_cart,desktop
14861,10474,s3000802,2026-08-15 02:46:45,begin_checkout,desktop
14862,10474,s3000802,2026-08-15 02:47:30,purchase,desktop
14863,,s3000803,2026-08-15 06:03:45,page_view,tablet
14864,,s3000803,2026-08-15 06:04:16,page_view,tablet
14865,,s3000803,2026-08-15 06:04:38,page_view,tablet
14866,,s3000803,2026-08-15 06:04:49,page_view,tablet
14867,,s3000804,2026-08-15 02:34:41,page_view,desktop
14868,,s3000804,2026-08-15 02:36:01,page_view,desktop
14869,10419,s3000805,2026-08-15 09:28:57,page_view,mobile
14870,10419,s3000805,2026-08-15 09:30:44,page_view,mobile
14871,,s3000806,2026-08-15 09:02:11,page_view,mobile
14872,,s3000806,2026-08-15 09:03:52,page_view,mobile
14873,,s3000806,2026-08-15 09:04:32,page_view,mobile
14874,,s3000806,2026-08-15 09:06:15,page_view,mobile
14875,,s3000806,2026-08-15 09:06:55,add_to_cart,mobile
14876,10783,s3000807,2026-08-15 21:47:53,page_view,mobile
14877,10783,s3000807,2026-08-15 21:49:02,page_view,mobile
14878,10783,s3000807,2026-08-15 21:50:01,page_view,mobile
14879,10783,s3000807,2026-08-15 21:51:38,page_view,mobile
14880,10783,s3000807,2026-08-15 21:53:13,add_to_cart,mobile
14881,10783,s3000807,2026-08-15 21:53:46,begin_checkout,mobile
14882,,s3000808,2026-08-15 03:46:48,page_view,desktop
14883,,s3000808,2026-08-15 03:47:58,add_to_cart,desktop
14884,10156,s3000809,2026-08-15 17:22:10,page_view,mobile
14885,10156,s3000809,2026-08-15 17:24:05,page_view,mobile
14886,10156,s3000809,2026-08-15 17:24:48,page_view,mobile
14887,10296,s3000810,2026-08-15 11:56:13,page_view,mobile
14888,10296,s3000810,2026-08-15 11:56:42,page_view,mobile
14889,10535,s3000811,2026-08-15 01:40:19,page_view,tablet
14890,10535,s3000811,2026-08-15 01:41:06,page_view,tablet
14891,,s3000812,2026-08-15 12:16:56,page_view,mobile
14892,,s3000812,2026-08-15 12:17:48,page_view,mobile
14893,,s3000812,2026-08-15 12:19:36,page_view,mobile
14894,,s3000812,2026-08-15 12:21:03,page_view,mobile
14895,,s3000812,2026-08-15 12:21:24,add_to_cart,mobile
14896,,s3000812,2026-08-15 12:21:59,begin_checkout,mobile
14897,10036,s3000813,2026-08-15 17:38:44,page_view,mobile
14898,10036,s3000813,2026-08-15 17:38:48,page_view,mobile
14899,10036,s3000813,2026-08-15 17:39:18,page_view,mobile
14900,10036,s3000813,2026-08-15 17:41:04,add_to_cart,mobile
14901,10036,s3000813,2026-08-15 17:42:33,begin_checkout,mobile
14902,10036,s3000813,2026-08-15 17:43:14,purchase,mobile
14903,10072,s3000814,2026-08-15 04:10:53,page_view,mobile
14904,10349,s3000815,2026-08-15 22:49:18,page_view,mobile
14905,10349,s3000815,2026-08-15 22:50:08,page_view,mobile
14906,10349,s3000815,2026-08-15 22:51:03,page_view,mobile
14907,10349,s3000815,2026-08-15 22:51:18,add_to_cart,mobile
14908,10686,s3000816,2026-08-15 16:03:53,page_view,desktop
14909,10454,s3000817,2026-08-15 01:35:53,page_view,mobile
14910,10454,s3000817,2026-08-15 01:36:15,page_view,mobile
14911,10454,s3000817,2026-08-15 01:36:46,page_view,mobile
14912,,s3000818,2026-08-15 08:03:15,page_view,desktop
14913,,s3000818,2026-08-15 08:04:45,page_view,desktop
14914,,s3000818,2026-08-15 08:06:07,page_view,desktop
14915,10203,s3000819,2026-08-15 19:33:24,page_view,desktop
14916,10203,s3000819,2026-08-15 19:34:11,page_view,desktop
14917,10203,s3000819,2026-08-15 19:36:05,page_view,desktop
14918,10610,s3000820,2026-08-15 01:11:11,page_view,desktop
14919,10610,s3000820,2026-08-15 01:11:38,page_view,desktop
14920,10610,s3000820,2026-08-15 01:12:25,page_view,desktop
14921,10606,s3000821,2026-08-15 14:36:27,page_view,mobile
14922,10606,s3000821,2026-08-15 14:38:16,page_view,mobile
14923,10606,s3000821,2026-08-15 14:39:51,page_view,mobile
14924,,s3000822,2026-08-15 18:12:35,page_view,Desktop
14925,,s3000822,2026-08-15 18:12:52,page_view,Desktop
14926,,s3000822,2026-08-15 18:13:07,page_view,Desktop
14927,10213,s3000823,2026-08-15 14:55:17,page_view,desktop
14928,10554,s3000824,2026-08-15 06:44:48,page_view,desktop
14929,10554,s3000824,2026-08-15 06:45:54,page_view,desktop
14930,10258,s3000825,2026-08-15 18:03:18,page_view,desktop
14931,10258,s3000825,2026-08-15 18:04:42,page_view,desktop
14932,10273,s3000826,2026-08-15 20:13:45,page_view,desktop
14933,10273,s3000826,2026-08-15 20:14:18,page_view,desktop
14934,10273,s3000826,2026-08-15 20:15:27,page_view,desktop
14935,10273,s3000826,2026-08-15 20:17:02,add_to_cart,desktop
14936,,s3000827,2026-08-15 14:45:31,page_view,desktop
14937,,s3000827,2026-08-15 14:47:24,page_view,desktop
14938,,s3000827,2026-08-15 14:49:24,page_view,desktop
14939,,s3000827,2026-08-15 14:50:03,page_view,desktop
14940,10237,s3000828,2026-08-15 13:56:09,page_view,desktop
14941,10237,s3000828,2026-08-15 13:56:58,page_view,desktop
14942,10237,s3000828,2026-08-15 13:58:53,page_view,desktop
14943,10165,s3000829,2026-08-15 16:24:00,page_view,desktop
14944,10165,s3000829,2026-08-15 16:24:46,page_view,desktop
14945,10165,s3000829,2026-08-15 16:26:36,add_to_cart,desktop
14946,10165,s3000829,2026-08-15 16:27:51,begin_checkout,desktop
14947,10165,s3000829,2026-08-15 16:28:55,purchase,desktop
14948,10214,s3000830,2026-08-15 03:16:00,page_view,desktop
14949,10214,s3000830,2026-08-15 03:17:59,page_view,desktop
14950,10214,s3000830,2026-08-15 03:19:49,add_to_cart,desktop
14951,10227,s3000831,2026-08-15 06:18:51,page_view,desktop
14952,10227,s3000831,2026-08-15 06:19:28,page_view,desktop
14953,10264,s3000832,2026-08-15 14:11:32,page_view,desktop
14954,10264,s3000832,2026-08-15 14:12:06,page_view,desktop
14955,10264,s3000832,2026-08-15 14:12:44,page_view,desktop
14956,,s3000833,2026-08-15 19:08:42,page_view,desktop
14957,,s3000833,2026-08-15 19:09:34,page_view,desktop
14958,10011,s3000834,2026-08-15 05:35:03,page_view,mobile
14959,,s3000835,2026-08-15 00:54:06,page_view,mobile
14960,,s3000836,2026-08-15 17:03:58,page_view,desktop
14961,,s3000836,2026-08-15 17:05:50,page_view,desktop
14962,10517,s3000837,2026-08-16 12:05:50,page_view,tablet
14963,10517,s3000837,2026-08-16 12:07:28,page_view,tablet
14964,10517,s3000837,2026-08-16 12:09:04,page_view,tablet
14965,10517,s3000837,2026-08-16 12:10:36,page_view,tablet
14966,10517,s3000837,2026-08-16 12:11:14,add_to_cart,tablet
14967,10517,s3000837,2026-08-16 12:11:56,begin_checkout,tablet
14968,10517,s3000837,2026-08-16 12:13:29,purchase,tablet
14969,10512,s3000838,2026-08-16 16:15:12,page_view,mobile
14970,10512,s3000838,2026-08-16 16:17:01,page_view,mobile
14971,10512,s3000838,2026-08-16 16:18:58,page_view,mobile
14972,10512,s3000838,2026-08-16 16:19:12,page_view,mobile
14973,10512,s3000838,2026-08-16 16:20:02,add_to_cart,mobile
14974,10577,s3000839,2026-08-16 06:10:13,page_view,desktop
14975,10610,s3000840,2026-08-16 16:51:46,page_view,desktop
14976,10264,s3000841,2026-08-16 22:42:45,page_view,mobile
14977,10264,s3000841,2026-08-16 22:43:53,page_view,mobile
14978,10409,s3000842,2026-08-16 03:37:44,page_view,Mobile
14979,10409,s3000842,2026-08-16 03:39:42,page_view,Mobile
14980,10409,s3000842,2026-08-16 03:40:24,page_view,Mobile
14981,10409,s3000842,2026-08-16 03:41:29,page_view,Mobile
14982,10409,s3000842,2026-08-16 03:42:04,add_to_cart,Mobile
14983,10070,s3000843,2026-08-16 19:21:37,page_view,desktop
14984,10449,s3000844,2026-08-16 13:43:51,page_view,desktop
14985,10449,s3000844,2026-08-16 13:45:11,page_view,desktop
14986,10449,s3000844,2026-08-16 13:45:58,page_view,desktop
14987,10449,s3000844,2026-08-16 13:46:04,page_view,desktop
14988,,s3000845,2026-08-16 05:17:11,page_view,mobile
14989,10737,s3000846,2026-08-16 08:43:19,page_view,desktop
14990,10737,s3000846,2026-08-16 08:43:34,page_view,desktop
14991,10737,s3000846,2026-08-16 08:44:02,add_to_cart,desktop
14992,10021,s3000847,2026-08-16 21:52:54,page_view,mobile
14993,10021,s3000847,2026-08-16 21:53:49,page_view,mobile
14994,,s3000848,2026-08-16 05:10:56,page_view,desktop
14995,,s3000848,2026-08-16 05:12:41,page_view,desktop
14996,,s3000848,2026-08-16 05:13:17,page_view,desktop
14997,,s3000848,2026-08-16 05:14:54,page_view,desktop
14998,,s3000848,2026-08-16 05:15:14,add_to_cart,desktop
14999,10566,s3000849,2026-08-16 09:59:02,page_view,mobile
15000,10566,s3000849,2026-08-16 10:00:53,page_view,mobile
15001,10566,s3000849,2026-08-16 10:00:59,page_view,mobile
15002,10566,s3000849,2026-08-16 10:01:27,page_view,mobile
15003,10566,s3000849,2026-08-16 10:01:58,add_to_cart,mobile
15004,10566,s3000849,2026-08-16 10:03:37,begin_checkout,mobile
15005,10566,s3000849,2026-08-16 10:05:16,purchase,mobile
15006,10682,s3000850,2026-08-16 05:50:33,page_view,mobile
15007,10682,s3000850,2026-08-16 05:51:00,page_view,mobile
15008,10776,s3000851,2026-08-16 19:30:23,page_view,mobile
15009,10776,s3000851,2026-08-16 19:30:45,page_view,mobile
15010,10776,s3000851,2026-08-16 19:31:59,add_to_cart,mobile
15011,10776,s3000851,2026-08-16 19:33:21,begin_checkout,mobile
15012,10776,s3000851,2026-08-16 19:35:07,purchase,mobile
15013,10027,s3000852,2026-08-16 20:16:50,page_view,mobile
15014,10518,s3000853,2026-08-16 05:51:09,page_view,desktop
15015,10518,s3000853,2026-08-16 05:52:02,add_to_cart,desktop
15016,10272,s3000854,2026-08-16 09:22:14,page_view,desktop
15017,10272,s3000854,2026-08-16 09:23:57,page_view,desktop
15018,10272,s3000854,2026-08-16 09:25:35,page_view,desktop
15019,10272,s3000854,2026-08-16 09:27:08,page_view,desktop
15020,10272,s3000854,2026-08-16 09:27:46,add_to_cart,desktop
15021,10527,s3000855,2026-08-16 16:40:23,page_view,desktop
15022,10527,s3000855,2026-08-16 16:40:37,page_view,desktop
15023,10527,s3000855,2026-08-16 16:41:53,page_view,desktop
15024,10527,s3000855,2026-08-16 16:43:53,page_view,desktop
15025,,s3000856,2026-08-16 20:45:48,page_view,mobile
15026,10445,s3000857,2026-08-16 03:56:11,page_view,desktop
15027,10445,s3000857,2026-08-16 03:57:01,page_view,desktop
15028,10445,s3000857,2026-08-16 03:57:19,page_view,desktop
15029,10445,s3000857,2026-08-16 03:57:31,page_view,desktop
15030,10445,s3000857,2026-08-16 03:58:13,add_to_cart,desktop
15031,10445,s3000857,2026-08-16 03:59:31,begin_checkout,desktop
15032,10445,s3000857,2026-08-16 04:00:22,purchase,desktop
15033,10608,s3000858,2026-08-16 02:27:35,page_view,tablet
15034,10608,s3000858,2026-08-16 02:29:32,page_view,tablet
15035,10608,s3000858,2026-08-16 02:30:32,page_view,tablet
15036,10216,s3000859,2026-08-16 03:54:49,page_view,mobile
15037,10216,s3000859,2026-08-16 03:55:11,page_view,mobile
15038,10369,s3000860,2026-08-16 08:23:06,page_view,desktop
15039,10369,s3000860,2026-08-16 08:24:59,add_to_cart,desktop
15040,10777,s3000861,2026-08-16 14:59:56,page_view,mobile
15041,10777,s3000861,2026-08-16 15:01:41,page_view,mobile
15042,10777,s3000861,2026-08-16 15:03:39,page_view,mobile
15043,10777,s3000861,2026-08-16 15:04:13,page_view,mobile
15044,,s3000862,2026-08-16 22:12:54,page_view,mobile
15045,,s3000862,2026-08-16 22:13:05,page_view,mobile
15046,,s3000862,2026-08-16 22:13:24,page_view,mobile
15047,,s3000862,2026-08-16 22:14:28,page_view,mobile
15048,,s3000863,2026-08-16 17:43:49,page_view,desktop
15049,,s3000863,2026-08-16 17:44:10,page_view,desktop
15050,,s3000863,2026-08-16 17:46:10,page_view,desktop
15051,,s3000863,2026-08-16 17:46:58,add_to_cart,desktop
15052,,s3000863,2026-08-16 17:48:07,begin_checkout,desktop
15053,,s3000863,2026-08-16 17:50:06,purchase,desktop
15054,10559,s3000864,2026-08-16 10:51:15,page_view,Desktop
15055,10559,s3000864,2026-08-16 10:52:54,page_view,Desktop
15056,10559,s3000864,2026-08-16 10:54:39,page_view,Desktop
15057,10559,s3000864,2026-08-16 10:55:28,add_to_cart,Desktop
15058,10559,s3000864,2026-08-16 10:57:09,begin_checkout,Desktop
15059,10559,s3000864,2026-08-16 10:59:07,purchase,Desktop
15060,10112,s3000865,2026-08-16 16:20:25,page_view,desktop
15061,10112,s3000865,2026-08-16 16:20:48,page_view,desktop
15062,10112,s3000865,2026-08-16 16:21:03,page_view,desktop
15063,10112,s3000865,2026-08-16 16:21:11,page_view,desktop
15064,10431,s3000866,2026-08-16 15:50:43,page_view,desktop
15065,10431,s3000866,2026-08-16 15:52:36,page_view,desktop
15066,10431,s3000866,2026-08-16 15:53:39,page_view,desktop
15067,10431,s3000866,2026-08-16 15:55:32,add_to_cart,desktop
15068,,s3000867,2026-08-16 18:13:23,page_view,mobile
15069,,s3000867,2026-08-16 18:13:31,page_view,mobile
15070,,s3000867,2026-08-16 18:14:16,page_view,mobile
15071,,s3000868,2026-08-16 14:08:25,page_view,desktop
15072,,s3000868,2026-08-16 14:09:58,page_view,desktop
15073,,s3000868,2026-08-16 14:11:39,page_view,desktop
15074,10689,s3000869,2026-08-16 15:55:12,page_view,mobile
15075,10689,s3000869,2026-08-16 15:55:53,page_view,mobile
15076,10689,s3000869,2026-08-16 15:57:22,add_to_cart,mobile
15077,10689,s3000869,2026-08-16 15:57:56,begin_checkout,mobile
15078,,s3000870,2026-08-16 00:37:08,page_view,desktop
15079,10385,s3000871,2026-08-16 12:17:23,page_view,desktop
15080,10385,s3000871,2026-08-16 12:17:52,add_to_cart,desktop
15081,,s3000872,2026-08-16 09:10:33,page_view,desktop
15082,,s3000872,2026-08-16 09:10:51,page_view,desktop
15083,,s3000872,2026-08-16 09:11:11,page_view,desktop
15084,10125,s3000873,2026-08-16 00:22:13,page_view,desktop
15085,10125,s3000873,2026-08-16 00:22:17,page_view,desktop
15086,10125,s3000873,2026-08-16 00:22:30,add_to_cart,desktop
15087,10125,s3000873,2026-08-16 00:22:46,begin_checkout,desktop
15088,10125,s3000873,2026-08-16 00:22:49,purchase,desktop
15089,,s3000874,2026-08-16 09:21:17,page_view,desktop
15090,,s3000874,2026-08-16 09:21:23,page_view,desktop
15091,,s3000874,2026-08-16 09:21:47,page_view,desktop
15092,,s3000874,2026-08-16 09:21:51,page_view,desktop
15093,,s3000875,2026-08-16 22:36:14,page_view,mobile
15094,,s3000875,2026-08-16 22:36:44,add_to_cart,mobile
15095,,s3000876,2026-08-16 22:08:53,page_view,desktop
15096,10127,s3000877,2026-08-16 01:23:36,page_view,mobile
15097,10127,s3000877,2026-08-16 01:24:56,page_view,mobile
15098,10127,s3000877,2026-08-16 01:26:55,page_view,mobile
15099,,s3000878,2026-08-16 15:45:29,page_view,mobile
15100,,s3000878,2026-08-16 15:45:51,page_view,mobile
15101,,s3000878,2026-08-16 15:46:43,page_view,mobile
15102,,s3000878,2026-08-16 15:47:21,page_view,mobile
15103,10038,s3000879,2026-08-16 18:31:26,page_view,mobile
15104,10038,s3000879,2026-08-16 18:33:13,add_to_cart,mobile
15105,10038,s3000879,2026-08-16 18:34:56,begin_checkout,mobile
15106,10038,s3000879,2026-08-16 18:36:22,purchase,mobile
15107,,s3000880,2026-08-16 20:24:55,page_view,desktop
15108,,s3000880,2026-08-16 20:25:25,page_view,desktop
15109,,s3000880,2026-08-16 20:26:21,page_view,desktop
15110,,s3000880,2026-08-16 20:27:00,page_view,desktop
15111,10592,s3000881,2026-08-16 09:25:12,page_view,mobile
15112,10592,s3000881,2026-08-16 09:25:18,page_view,mobile
15113,10592,s3000881,2026-08-16 09:26:13,add_to_cart,mobile
15114,10592,s3000881,2026-08-16 09:26:44,begin_checkout,mobile
15115,,s3000882,2026-08-16 17:00:31,page_view,desktop
15116,,s3000882,2026-08-16 17:01:13,page_view,desktop
15117,,s3000883,2026-08-16 22:51:34,page_view,desktop
15118,,s3000883,2026-08-16 22:53:02,page_view,desktop
15119,,s3000883,2026-08-16 22:53:17,page_view,desktop
15120,10025,s3000884,2026-08-16 14:46:48,page_view,desktop
15121,10025,s3000884,2026-08-16 14:48:28,page_view,desktop
15122,10535,s3000885,2026-08-16 15:39:09,page_view,mobile
15123,10535,s3000885,2026-08-16 15:40:04,page_view,mobile
15124,10535,s3000885,2026-08-16 15:40:29,page_view,mobile
15125,,s3000886,2026-08-16 21:10:37,page_view,tablet
15126,,s3000886,2026-08-16 21:11:58,page_view,tablet
15127,,s3000886,2026-08-16 21:13:03,add_to_cart,tablet
15128,,s3000886,2026-08-16 21:13:53,begin_checkout,tablet
15129,,s3000887,2026-08-16 21:29:12,page_view,mobile
15130,,s3000887,2026-08-16 21:29:46,add_to_cart,mobile
15131,10297,s3000888,2026-08-16 17:55:38,page_view,desktop
15132,10297,s3000888,2026-08-16 17:56:50,page_view,desktop
15133,10297,s3000888,2026-08-16 17:57:18,add_to_cart,desktop
15134,10308,s3000889,2026-08-16 20:09:23,page_view,Desktop
15135,10308,s3000889,2026-08-16 20:11:22,add_to_cart,Desktop
15136,10308,s3000889,2026-08-16 20:12:37,begin_checkout,Desktop
15137,10308,s3000889,2026-08-16 20:13:15,purchase,Desktop
15138,,s3000890,2026-08-16 19:11:49,page_view,mobile
15139,,s3000890,2026-08-16 19:13:41,add_to_cart,mobile
15140,,s3000891,2026-08-16 22:21:35,page_view,desktop
15141,,s3000891,2026-08-16 22:23:22,page_view,desktop
15142,,s3000891,2026-08-16 22:24:17,add_to_cart,desktop
15143,,s3000891,2026-08-16 22:25:57,begin_checkout,desktop
15144,,s3000891,2026-08-16 22:26:07,purchase,desktop
15145,,s3000892,2026-08-16 03:17:38,page_view,desktop
15146,,s3000892,2026-08-16 03:19:00,page_view,desktop
15147,,s3000892,2026-08-16 03:19:38,page_view,desktop
15148,,s3000893,2026-08-16 09:55:24,page_view,desktop
15149,,s3000893,2026-08-16 09:55:28,page_view,desktop
15150,,s3000893,2026-08-16 09:56:33,add_to_cart,desktop
15151,,s3000893,2026-08-16 09:57:36,begin_checkout,desktop
15152,10230,s3000894,2026-08-16 09:11:09,page_view,mobile
15153,10230,s3000894,2026-08-16 09:13:09,page_view,mobile
15154,10442,s3000895,2026-08-16 08:07:32,page_view,tablet
15155,10442,s3000895,2026-08-16 08:09:10,page_view,tablet
15156,10442,s3000895,2026-08-16 08:10:57,page_view,tablet
15157,10442,s3000895,2026-08-16 08:11:42,page_view,tablet
15158,,s3000896,2026-08-16 14:26:20,page_view,mobile
15159,,s3000896,2026-08-16 14:26:23,page_view,mobile
15160,,s3000896,2026-08-16 14:26:52,page_view,mobile
15161,,s3000896,2026-08-16 14:28:47,page_view,mobile
15162,10020,s3000897,2026-08-16 01:09:33,page_view,tablet
15163,,s3000898,2026-08-16 00:36:36,page_view,desktop
15164,,s3000898,2026-08-16 00:36:55,page_view,desktop
15165,,s3000898,2026-08-16 00:38:26,page_view,desktop
15166,,s3000898,2026-08-16 00:40:03,page_view,desktop
15167,,s3000898,2026-08-16 00:40:09,add_to_cart,desktop
15168,,s3000898,2026-08-16 00:40:38,begin_checkout,desktop
15169,,s3000898,2026-08-16 00:40:42,purchase,desktop
15170,10668,s3000899,2026-08-16 16:50:14,page_view,tablet
15171,10668,s3000899,2026-08-16 16:50:47,page_view,tablet
15172,10668,s3000899,2026-08-16 16:51:41,page_view,tablet
15173,10668,s3000899,2026-08-16 16:52:31,add_to_cart,tablet
15174,10668,s3000899,2026-08-16 16:53:54,begin_checkout,tablet
15175,10668,s3000899,2026-08-16 16:54:32,purchase,tablet
15176,10018,s3000900,2026-08-16 21:15:01,page_view,desktop
15177,10018,s3000900,2026-08-16 21:16:50,page_view,desktop
15178,10018,s3000900,2026-08-16 21:17:20,page_view,desktop
15179,10018,s3000900,2026-08-16 21:18:22,add_to_cart,desktop
15180,10470,s3000901,2026-08-16 20:07:09,page_view,desktop
15181,10470,s3000901,2026-08-16 20:07:14,page_view,desktop
15182,10470,s3000901,2026-08-16 20:08:30,page_view,desktop
15183,10475,s3000902,2026-08-16 03:53:41,page_view,mobile
15184,10475,s3000902,2026-08-16 03:54:27,add_to_cart,mobile
15185,10475,s3000902,2026-08-16 03:55:35,begin_checkout,mobile
15186,10475,s3000902,2026-08-16 03:56:25,purchase,mobile
15187,,s3000903,2026-08-16 09:32:55,page_view,mobile
15188,,s3000903,2026-08-16 09:33:18,page_view,mobile
15189,,s3000903,2026-08-16 09:35:12,page_view,mobile
15190,,s3000903,2026-08-16 09:36:33,add_to_cart,mobile
15191,,s3000904,2026-08-16 15:18:15,page_view,mobile
15192,,s3000904,2026-08-16 15:18:53,page_view,mobile
15193,,s3000904,2026-08-16 15:19:09,page_view,mobile
15194,,s3000904,2026-08-16 15:20:38,add_to_cart,mobile
15195,10289,s3000905,2026-08-17 04:17:16,page_view,mobile
15196,10289,s3000905,2026-08-17 04:18:51,page_view,mobile
15197,10289,s3000905,2026-08-17 04:20:29,page_view,mobile
15198,10289,s3000905,2026-08-17 04:22:07,page_view,mobile
15199,10197,s3000906,2026-08-17 02:21:26,page_view,desktop
15200,10197,s3000906,2026-08-17 02:21:56,page_view,desktop
15201,10197,s3000906,2026-08-17 02:22:35,page_view,desktop
15202,,s3000907,2026-08-17 18:36:18,page_view,mobile
15203,,s3000907,2026-08-17 18:37:02,page_view,mobile
15204,10493,s3000908,2026-08-17 03:23:04,page_view,desktop
15205,10493,s3000908,2026-08-17 03:24:21,page_view,desktop
15206,10493,s3000908,2026-08-17 03:24:58,page_view,desktop
15207,,s3000909,2026-08-17 11:49:07,page_view,desktop
15208,,s3000909,2026-08-17 11:50:51,page_view,desktop
15209,,s3000909,2026-08-17 11:52:16,page_view,desktop
15210,,s3000909,2026-08-17 11:53:17,page_view,desktop
15211,,s3000910,2026-08-17 17:10:50,page_view,desktop
15212,,s3000910,2026-08-17 17:11:32,page_view,desktop
15213,,s3000910,2026-08-17 17:11:47,page_view,desktop
15214,,s3000910,2026-08-17 17:12:07,page_view,desktop
15215,,s3000911,2026-08-17 04:10:34,page_view,mobile
15216,,s3000911,2026-08-17 04:11:38,page_view,mobile
15217,,s3000912,2026-08-17 14:20:45,page_view,mobile
15218,,s3000913,2026-08-17 04:55:19,page_view,desktop
15219,,s3000913,2026-08-17 04:56:31,page_view,desktop
15220,,s3000913,2026-08-17 04:58:09,page_view,desktop
15221,10692,s3000914,2026-08-17 18:43:30,page_view,mobile
15222,10692,s3000914,2026-08-17 18:44:31,page_view,mobile
15223,10692,s3000914,2026-08-17 18:44:40,page_view,mobile
15224,10692,s3000914,2026-08-17 18:45:29,add_to_cart,mobile
15225,10692,s3000914,2026-08-17 18:47:26,begin_checkout,mobile
15226,10692,s3000914,2026-08-17 18:48:55,purchase,mobile
15227,10522,s3000915,2026-08-17 13:02:55,page_view,mobile
15228,10522,s3000915,2026-08-17 13:03:17,page_view,mobile
15229,10522,s3000915,2026-08-17 13:03:49,page_view,mobile
15230,10522,s3000915,2026-08-17 13:05:45,page_view,mobile
15231,10377,s3000916,2026-08-17 04:04:59,page_view,desktop
15232,10377,s3000916,2026-08-17 04:06:59,add_to_cart,desktop
15233,10377,s3000916,2026-08-17 04:07:23,begin_checkout,desktop
15234,10377,s3000916,2026-08-17 04:08:06,purchase,desktop
15235,10371,s3000917,2026-08-17 15:05:48,page_view,desktop
15236,10371,s3000917,2026-08-17 15:06:03,page_view,desktop
15237,10269,s3000918,2026-08-17 03:21:46,page_view,mobile
15238,10586,s3000919,2026-08-17 18:20:28,page_view,mobile
15239,,s3000920,2026-08-17 19:58:03,page_view,mobile
15240,,s3000920,2026-08-17 19:59:05,page_view,mobile
15241,,s3000920,2026-08-17 19:59:39,add_to_cart,mobile
15242,,s3000920,2026-08-17 20:01:06,begin_checkout,mobile
15243,,s3000921,2026-08-17 08:32:32,page_view,tablet
15244,10283,s3000922,2026-08-17 03:32:48,page_view,desktop
15245,10706,s3000923,2026-08-17 11:00:34,page_view,mobile
15246,10706,s3000923,2026-08-17 11:00:45,page_view,mobile
15247,10706,s3000923,2026-08-17 11:01:50,page_view,mobile
15248,10706,s3000923,2026-08-17 11:02:26,page_view,mobile
15249,10228,s3000924,2026-08-17 09:40:33,page_view,tablet
15250,10228,s3000924,2026-08-17 09:40:43,page_view,tablet
15251,10228,s3000924,2026-08-17 09:42:11,page_view,tablet
15252,10228,s3000924,2026-08-17 09:42:45,add_to_cart,tablet
15253,,s3000925,2026-08-17 09:19:20,page_view,mobile
15254,10142,s3000926,2026-08-17 22:49:55,page_view,desktop
15255,,s3000927,2026-08-17 16:59:11,page_view,mobile
15256,,s3000927,2026-08-17 17:00:55,page_view,mobile
15257,,s3000927,2026-08-17 17:02:50,page_view,mobile
15258,,s3000927,2026-08-17 17:03:02,add_to_cart,mobile
15259,,s3000927,2026-08-17 17:03:42,begin_checkout,mobile
15260,,s3000927,2026-08-17 17:05:19,purchase,mobile
15261,10150,s3000928,2026-08-17 17:51:27,page_view,mobile
15262,10150,s3000928,2026-08-17 17:51:46,page_view,mobile
15263,10150,s3000928,2026-08-17 17:53:16,add_to_cart,mobile
15264,10150,s3000928,2026-08-17 17:53:48,begin_checkout,mobile
15265,10191,s3000929,2026-08-17 06:08:41,page_view,desktop
15266,10191,s3000929,2026-08-17 06:09:00,page_view,desktop
15267,10191,s3000929,2026-08-17 06:09:09,page_view,desktop
15268,10191,s3000929,2026-08-17 06:10:04,add_to_cart,desktop
15269,10191,s3000929,2026-08-17 06:11:22,begin_checkout,desktop
15270,10191,s3000929,2026-08-17 06:11:31,purchase,desktop
15271,10484,s3000930,2026-08-17 19:09:25,page_view,desktop
15272,10484,s3000930,2026-08-17 19:09:52,page_view,desktop
15273,10484,s3000930,2026-08-17 19:11:20,page_view,desktop
15274,10484,s3000930,2026-08-17 19:11:24,add_to_cart,desktop
15275,,s3000931,2026-08-17 05:06:48,page_view,desktop
15276,,s3000931,2026-08-17 05:07:36,add_to_cart,desktop
15277,,s3000931,2026-08-17 05:09:24,begin_checkout,desktop
15278,,s3000931,2026-08-17 05:09:59,purchase,desktop
15279,10661,s3000932,2026-08-17 16:21:10,page_view,desktop
15280,10661,s3000932,2026-08-17 16:21:34,page_view,desktop
15281,10381,s3000933,2026-08-17 09:52:57,page_view,mobile
15282,10381,s3000933,2026-08-17 09:54:33,page_view,mobile
15283,10381,s3000933,2026-08-17 09:55:44,page_view,mobile
15284,10381,s3000933,2026-08-17 09:56:11,add_to_cart,mobile
15285,10446,s3000934,2026-08-17 04:05:15,page_view,desktop
15286,10446,s3000934,2026-08-17 04:06:30,page_view,desktop
15287,10446,s3000934,2026-08-17 04:08:28,page_view,desktop
15288,10446,s3000934,2026-08-17 04:09:12,add_to_cart,desktop
15289,10446,s3000934,2026-08-17 04:10:09,begin_checkout,desktop
15290,,s3000935,2026-08-17 13:29:33,page_view,desktop
15291,,s3000935,2026-08-17 13:31:07,page_view,desktop
15292,10267,s3000936,2026-08-17 08:43:12,page_view,tablet
15293,10267,s3000936,2026-08-17 08:43:29,page_view,tablet
15294,10267,s3000936,2026-08-17 08:45:24,page_view,tablet
15295,10267,s3000936,2026-08-17 08:47:21,page_view,tablet
15296,10267,s3000936,2026-08-17 08:47:58,add_to_cart,tablet
15297,10267,s3000936,2026-08-17 08:49:49,begin_checkout,tablet
15298,10413,s3000937,2026-08-17 13:01:43,page_view,desktop
15299,,s3000938,2026-08-17 17:55:45,page_view,mobile
15300,,s3000938,2026-08-17 17:56:22,page_view,mobile
15301,,s3000938,2026-08-17 17:57:27,page_view,mobile
15302,,s3000938,2026-08-17 17:57:45,page_view,mobile
15303,,s3000939,2026-08-17 04:39:58,page_view,mobile
15304,,s3000939,2026-08-17 04:40:34,page_view,mobile
15305,,s3000939,2026-08-17 04:42:32,page_view,mobile
15306,,s3000939,2026-08-17 04:43:50,page_view,mobile
15307,10143,s3000940,2026-08-17 07:28:58,page_view,desktop
15308,10173,s3000941,2026-08-17 10:55:05,page_view,mobile
15309,10173,s3000941,2026-08-17 10:56:36,page_view,mobile
15310,10173,s3000941,2026-08-17 10:57:22,page_view,mobile
15311,10173,s3000941,2026-08-17 10:58:26,page_view,mobile
15312,10043,s3000942,2026-08-17 02:01:33,page_view,desktop
15313,10043,s3000942,2026-08-17 02:01:43,page_view,desktop
15314,10025,s3000943,2026-08-17 16:21:56,page_view,mobile
15315,10699,s3000944,2026-08-17 05:01:38,page_view,tablet
15316,10699,s3000944,2026-08-17 05:01:48,page_view,tablet
15317,10699,s3000944,2026-08-17 05:02:40,page_view,tablet
15318,10669,s3000945,2026-08-17 04:40:10,page_view,mobile
15319,10669,s3000945,2026-08-17 04:40:48,page_view,mobile
15320,10669,s3000945,2026-08-17 04:41:32,page_view,mobile
15321,10233,s3000946,2026-08-17 20:08:58,page_view,mobile
15322,10233,s3000946,2026-08-17 20:09:45,page_view,mobile
15323,10233,s3000946,2026-08-17 20:10:58,page_view,mobile
15324,10233,s3000946,2026-08-17 20:11:49,add_to_cart,mobile
15325,10233,s3000946,2026-08-17 20:13:39,begin_checkout,mobile
15326,10233,s3000946,2026-08-17 20:13:58,purchase,mobile
15327,10059,s3000947,2026-08-17 07:51:49,page_view,mobile
15328,,s3000948,2026-08-17 15:50:52,page_view,desktop
15329,,s3000948,2026-08-17 15:51:45,page_view,desktop
15330,,s3000948,2026-08-17 15:53:00,page_view,desktop
15331,,s3000948,2026-08-17 15:54:08,page_view,desktop
15332,10506,s3000949,2026-08-17 11:28:09,page_view,desktop
15333,10506,s3000949,2026-08-17 11:30:05,page_view,desktop
15334,10506,s3000949,2026-08-17 11:30:12,page_view,desktop
15335,10506,s3000949,2026-08-17 11:30:35,add_to_cart,desktop
15336,10351,s3000950,2026-08-17 07:15:53,page_view,mobile
15337,10351,s3000950,2026-08-17 07:16:39,page_view,mobile
15338,10351,s3000950,2026-08-17 07:17:21,add_to_cart,mobile
15339,10351,s3000950,2026-08-17 07:19:05,begin_checkout,mobile
15340,,s3000951,2026-08-17 21:07:21,page_view,mobile
15341,,s3000951,2026-08-17 21:07:38,page_view,mobile
15342,,s3000951,2026-08-17 21:09:28,page_view,mobile
15343,,s3000951,2026-08-17 21:10:19,page_view,mobile
15344,,s3000952,2026-08-17 06:20:49,page_view,tablet
15345,,s3000952,2026-08-17 06:21:44,page_view,tablet
15346,,s3000952,2026-08-17 06:23:44,page_view,tablet
15347,,s3000952,2026-08-17 06:25:35,add_to_cart,tablet
15348,10674,s3000953,2026-08-17 16:37:01,page_view,mobile
15349,10674,s3000953,2026-08-17 16:38:50,page_view,mobile
15350,10674,s3000953,2026-08-17 16:40:14,page_view,mobile
15351,10246,s3000954,2026-08-17 04:15:58,page_view,mobile
15352,,s3000955,2026-08-17 11:57:14,page_view,mobile
15353,,s3000955,2026-08-17 11:58:50,page_view,mobile
15354,,s3000955,2026-08-17 12:00:07,page_view,mobile
15355,10493,s3000956,2026-08-17 21:19:36,page_view,mobile
15356,10422,s3000957,2026-08-17 12:37:37,page_view,tablet
15357,10422,s3000957,2026-08-17 12:38:40,page_view,tablet
15358,10422,s3000957,2026-08-17 12:39:29,page_view,tablet
15359,10622,s3000958,2026-08-17 15:13:31,page_view,mobile
15360,10622,s3000958,2026-08-17 15:13:56,add_to_cart,mobile
15361,10622,s3000958,2026-08-17 15:14:19,begin_checkout,mobile
15362,10622,s3000958,2026-08-17 15:14:25,purchase,mobile
15363,10567,s3000959,2026-08-17 17:41:23,page_view,mobile
15364,10567,s3000959,2026-08-17 17:41:49,page_view,mobile
15365,10567,s3000959,2026-08-17 17:43:27,page_view,mobile
15366,10567,s3000959,2026-08-17 17:44:57,page_view,mobile
15367,10086,s3000960,2026-08-17 17:51:25,page_view,tablet
15368,,s3000961,2026-08-17 02:42:47,page_view,mobile
15369,,s3000961,2026-08-17 02:43:19,page_view,mobile
15370,,s3000961,2026-08-17 02:44:30,page_view,mobile
15371,,s3000961,2026-08-17 02:45:14,page_view,mobile
15372,,s3000961,2026-08-17 02:46:51,add_to_cart,mobile
15373,10479,s3000962,2026-08-17 11:23:40,page_view,mobile
15374,10479,s3000962,2026-08-17 11:24:18,page_view,mobile
15375,,s3000963,2026-08-17 16:56:51,page_view,desktop
15376,,s3000963,2026-08-17 16:56:58,page_view,desktop
15377,,s3000963,2026-08-17 16:58:55,page_view,desktop
15378,,s3000963,2026-08-17 16:59:38,page_view,desktop
15379,,s3000964,2026-08-17 15:15:21,page_view,mobile
15380,,s3000965,2026-08-17 03:23:36,page_view,desktop
15381,,s3000965,2026-08-17 03:25:14,page_view,desktop
15382,,s3000965,2026-08-17 03:26:57,page_view,desktop
15383,,s3000965,2026-08-17 03:27:49,page_view,desktop
15384,,s3000965,2026-08-17 03:29:31,add_to_cart,desktop
15385,,s3000965,2026-08-17 03:30:34,begin_checkout,desktop
15386,,s3000965,2026-08-17 03:30:53,purchase,desktop
15387,10590,s3000966,2026-08-17 13:40:14,page_view,mobile
15388,10002,s3000967,2026-08-17 09:32:04,page_view,desktop
15389,10002,s3000967,2026-08-17 09:33:31,page_view,desktop
15390,10002,s3000967,2026-08-17 09:35:11,add_to_cart,desktop
15391,10002,s3000967,2026-08-17 09:35:22,begin_checkout,desktop
15392,10002,s3000967,2026-08-17 09:35:59,purchase,desktop
15393,,s3000968,2026-08-17 11:06:05,page_view,Mobile
15394,,s3000968,2026-08-17 11:06:35,page_view,Mobile
15395,,s3000968,2026-08-17 11:07:44,page_view,Mobile
15396,10360,s3000969,2026-08-17 02:22:44,page_view,desktop
15397,10281,s3000970,2026-08-17 10:19:45,page_view,desktop
15398,10281,s3000970,2026-08-17 10:21:38,add_to_cart,desktop
15399,,s3000971,2026-08-17 11:08:33,page_view,desktop
15400,,s3000971,2026-08-17 11:10:31,page_view,desktop
15401,10185,s3000972,2026-08-17 09:21:03,page_view,tablet
15402,10185,s3000972,2026-08-17 09:21:53,page_view,tablet
15403,10185,s3000972,2026-08-17 09:23:46,page_view,tablet
15404,10185,s3000972,2026-08-17 09:25:44,add_to_cart,tablet
15405,10185,s3000972,2026-08-17 09:26:50,begin_checkout,tablet
15406,10185,s3000972,2026-08-17 09:28:27,purchase,tablet
15407,,s3000973,2026-08-17 11:13:53,page_view,mobile
15408,,s3000973,2026-08-17 11:14:15,page_view,mobile
15409,,s3000973,2026-08-17 11:16:12,page_view,mobile
15410,,s3000973,2026-08-17 11:16:49,page_view,mobile
15411,,s3000973,2026-08-17 11:17:29,add_to_cart,mobile
15412,10795,s3000974,2026-08-17 04:51:37,page_view,desktop
15413,10017,s3000975,2026-08-18 05:17:44,page_view,tablet
15414,10017,s3000975,2026-08-18 05:19:13,page_view,tablet
15415,10017,s3000975,2026-08-18 05:19:53,page_view,tablet
15416,10017,s3000975,2026-08-18 05:21:11,page_view,tablet
15417,,s3000976,2026-08-18 09:00:16,page_view,desktop
15418,,s3000976,2026-08-18 09:01:17,page_view,desktop
15419,,s3000976,2026-08-18 09:03:01,page_view,desktop
15420,,s3000976,2026-08-18 09:03:21,add_to_cart,desktop
15421,,s3000976,2026-08-18 09:04:19,begin_checkout,desktop
15422,10348,s3000977,2026-08-18 20:02:46,page_view,mobile
15423,10348,s3000977,2026-08-18 20:03:32,add_to_cart,mobile
15424,10648,s3000978,2026-08-18 22:20:16,page_view,mobile
15425,10648,s3000978,2026-08-18 22:21:34,page_view,mobile
15426,,s3000979,2026-08-18 04:27:18,page_view,desktop
15427,,s3000979,2026-08-18 04:27:44,add_to_cart,desktop
15428,,s3000979,2026-08-18 04:29:07,begin_checkout,desktop
15429,10076,s3000980,2026-08-18 11:16:13,page_view,desktop
15430,10076,s3000980,2026-08-18 11:17:22,page_view,desktop
15431,10076,s3000980,2026-08-18 11:17:58,add_to_cart,desktop
15432,,s3000981,2026-08-18 15:42:39,page_view,tablet
15433,,s3000981,2026-08-18 15:43:34,page_view,tablet
15434,,s3000982,2026-08-18 06:35:46,page_view,desktop
15435,10372,s3000983,2026-08-18 03:04:30,page_view,mobile
15436,10372,s3000983,2026-08-18 03:05:10,page_view,mobile
15437,10372,s3000983,2026-08-18 03:07:01,page_view,mobile
15438,10372,s3000983,2026-08-18 03:08:25,page_view,mobile
15439,,s3000984,2026-08-18 05:31:50,page_view,desktop
15440,,s3000984,2026-08-18 05:33:05,page_view,desktop
15441,,s3000984,2026-08-18 05:35:02,page_view,desktop
15442,,s3000984,2026-08-18 05:36:33,page_view,desktop
15443,,s3000985,2026-08-18 05:08:21,page_view,mobile
15444,,s3000985,2026-08-18 05:09:54,page_view,mobile
15445,,s3000985,2026-08-18 05:11:44,page_view,mobile
15446,,s3000985,2026-08-18 05:12:43,page_view,mobile
15447,,s3000985,2026-08-18 05:14:00,add_to_cart,mobile
15448,,s3000986,2026-08-18 00:29:11,page_view,desktop
15449,,s3000986,2026-08-18 00:30:25,add_to_cart,desktop
15450,,s3000986,2026-08-18 00:30:44,begin_checkout,desktop
15451,,s3000986,2026-08-18 00:31:06,purchase,desktop
15452,10413,s3000987,2026-08-18 05:09:08,page_view,mobile
15453,10413,s3000987,2026-08-18 05:09:14,page_view,mobile
15454,10413,s3000987,2026-08-18 05:10:39,add_to_cart,mobile
15455,10413,s3000987,2026-08-18 05:12:08,begin_checkout,mobile
15456,10413,s3000987,2026-08-18 05:13:44,purchase,mobile
15457,,s3000988,2026-08-18 09:03:13,page_view,mobile
15458,,s3000988,2026-08-18 09:03:38,page_view,mobile
15459,,s3000988,2026-08-18 09:03:52,page_view,mobile
15460,10689,s3000989,2026-08-18 12:33:17,page_view,desktop
15461,10689,s3000989,2026-08-18 12:34:12,add_to_cart,desktop
15462,10689,s3000989,2026-08-18 12:35:12,begin_checkout,desktop
15463,10689,s3000989,2026-08-18 12:36:08,purchase,desktop
15464,,s3000990,2026-08-18 14:57:49,page_view,tablet
15465,,s3000990,2026-08-18 14:59:14,page_view,tablet
15466,,s3000990,2026-08-18 15:00:22,page_view,tablet
15467,,s3000990,2026-08-18 15:00:43,add_to_cart,tablet
15468,,s3000990,2026-08-18 15:01:52,begin_checkout,tablet
15469,10203,s3000991,2026-08-18 03:20:45,page_view,Mobile
15470,10203,s3000991,2026-08-18 03:22:24,page_view,Mobile
15471,10203,s3000991,2026-08-18 03:22:37,page_view,Mobile
15472,10203,s3000991,2026-08-18 03:24:18,page_view,Mobile
15473,10203,s3000991,2026-08-18 03:24:43,add_to_cart,Mobile
15474,10203,s3000991,2026-08-18 03:24:57,begin_checkout,Mobile
15475,10203,s3000991,2026-08-18 03:25:53,purchase,Mobile
15476,,s3000992,2026-08-18 19:18:55,page_view,mobile
15477,,s3000992,2026-08-18 19:20:04,page_view,mobile
15478,,s3000992,2026-08-18 19:21:13,page_view,mobile
15479,,s3000992,2026-08-18 19:21:50,add_to_cart,mobile
15480,,s3000993,2026-08-18 17:58:23,page_view,tablet
15481,,s3000993,2026-08-18 17:59:15,add_to_cart,tablet
15482,,s3000993,2026-08-18 18:00:28,begin_checkout,tablet
15483,,s3000993,2026-08-18 18:02:13,purchase,tablet
15484,10494,s3000994,2026-08-18 12:02:36,page_view,desktop
15485,10494,s3000994,2026-08-18 12:03:54,page_view,desktop
15486,10494,s3000994,2026-08-18 12:04:03,add_to_cart,desktop
15487,10326,s3000995,2026-08-18 17:50:00,page_view,desktop
15488,10326,s3000995,2026-08-18 17:51:53,page_view,desktop
15489,10326,s3000995,2026-08-18 17:52:41,page_view,desktop
15490,10326,s3000995,2026-08-18 17:53:08,page_view,desktop
15491,10326,s3000995,2026-08-18 17:53:21,add_to_cart,desktop
15492,10394,s3000996,2026-08-18 09:56:12,page_view,Mobile
15493,10394,s3000996,2026-08-18 09:56:43,page_view,Mobile
15494,10394,s3000996,2026-08-18 09:57:37,page_view,Mobile
15495,,s3000997,2026-08-18 08:36:19,page_view,mobile
15496,,s3000997,2026-08-18 08:36:35,page_view,mobile
15497,,s3000997,2026-08-18 08:37:45,page_view,mobile
15498,,s3000998,2026-08-18 07:03:07,page_view,desktop
15499,,s3000999,2026-08-18 14:04:10,page_view,desktop
15500,,s3000999,2026-08-18 14:04:48,page_view,desktop
15501,,s3000999,2026-08-18 14:05:23,add_to_cart,desktop
15502,10343,s3001000,2026-08-18 07:31:02,page_view,desktop
15503,10343,s3001000,2026-08-18 07:31:34,add_to_cart,desktop
15504,10600,s3001001,2026-08-18 18:16:47,page_view,mobile
15505,10600,s3001001,2026-08-18 18:17:53,page_view,mobile
15506,10600,s3001001,2026-08-18 18:19:11,page_view,mobile
15507,10600,s3001001,2026-08-18 18:19:40,page_view,mobile
15508,10600,s3001001,2026-08-18 18:21:40,add_to_cart,mobile
15509,10600,s3001001,2026-08-18 18:21:48,begin_checkout,mobile
15510,10600,s3001001,2026-08-18 18:22:53,purchase,mobile
15511,10592,s3001002,2026-08-18 07:01:45,page_view,Mobile
15512,10592,s3001002,2026-08-18 07:02:08,page_view,Mobile
15513,10592,s3001002,2026-08-18 07:02:48,add_to_cart,Mobile
15514,10503,s3001003,2026-08-18 20:15:05,page_view,desktop
15515,10503,s3001003,2026-08-18 20:17:05,page_view,desktop
15516,,s3001004,2026-08-18 14:44:54,page_view,mobile
15517,10470,s3001005,2026-08-18 21:07:42,page_view,desktop
15518,10470,s3001005,2026-08-18 21:08:14,page_view,desktop
15519,10470,s3001005,2026-08-18 21:09:46,page_view,desktop
15520,10470,s3001005,2026-08-18 21:09:54,page_view,desktop
15521,10470,s3001005,2026-08-18 21:10:40,add_to_cart,desktop
15522,10470,s3001005,2026-08-18 21:12:04,begin_checkout,desktop
15523,10339,s3001006,2026-08-18 01:46:32,page_view,mobile
15524,10585,s3001007,2026-08-18 11:04:10,page_view,mobile
15525,,s3001008,2026-08-18 10:59:22,page_view,desktop
15526,,s3001008,2026-08-18 11:01:01,page_view,desktop
15527,,s3001009,2026-08-18 15:05:14,page_view,tablet
15528,,s3001009,2026-08-18 15:06:14,page_view,tablet
15529,,s3001009,2026-08-18 15:08:07,add_to_cart,tablet
15530,,s3001009,2026-08-18 15:09:15,begin_checkout,tablet
15531,,s3001009,2026-08-18 15:10:31,purchase,tablet
15532,10280,s3001010,2026-08-18 00:45:15,page_view,desktop
15533,10280,s3001010,2026-08-18 00:46:12,page_view,desktop
15534,10280,s3001010,2026-08-18 00:47:45,page_view,desktop
15535,10024,s3001011,2026-08-18 03:04:43,page_view,mobile
15536,10024,s3001011,2026-08-18 03:05:37,page_view,mobile
15537,10024,s3001011,2026-08-18 03:07:02,page_view,mobile
15538,10024,s3001011,2026-08-18 03:08:18,page_view,mobile
15539,10780,s3001012,2026-08-18 07:16:08,page_view,mobile
15540,10780,s3001012,2026-08-18 07:17:09,page_view,mobile
15541,10780,s3001012,2026-08-18 07:17:31,page_view,mobile
15542,10780,s3001012,2026-08-18 07:18:13,page_view,mobile
15543,10108,s3001013,2026-08-18 09:22:03,page_view,desktop
15544,10108,s3001013,2026-08-18 09:22:48,page_view,desktop
15545,10108,s3001013,2026-08-18 09:23:31,page_view,desktop
15546,10108,s3001013,2026-08-18 09:25:14,add_to_cart,desktop
15547,10108,s3001013,2026-08-18 09:26:11,begin_checkout,desktop
15548,10108,s3001013,2026-08-18 09:28:09,purchase,desktop
15549,10188,s3001014,2026-08-18 13:22:36,page_view,desktop
15550,10188,s3001014,2026-08-18 13:23:57,page_view,desktop
15551,,s3001015,2026-08-18 19:07:35,page_view,desktop
15552,,s3001015,2026-08-18 19:09:13,page_view,desktop
15553,,s3001015,2026-08-18 19:10:47,page_view,desktop
15554,,s3001015,2026-08-18 19:11:19,page_view,desktop
15555,,s3001015,2026-08-18 19:11:43,add_to_cart,desktop
15556,,s3001015,2026-08-18 19:11:52,begin_checkout,desktop
15557,,s3001015,2026-08-18 19:13:35,purchase,desktop
15558,,s3001016,2026-08-18 08:02:20,page_view,mobile
15559,,s3001016,2026-08-18 08:03:04,page_view,mobile
15560,,s3001016,2026-08-18 08:04:28,page_view,mobile
15561,,s3001016,2026-08-18 08:05:18,page_view,mobile
15562,,s3001017,2026-08-18 16:41:49,page_view,mobile
15563,,s3001017,2026-08-18 16:42:13,page_view,mobile
15564,,s3001017,2026-08-18 16:43:36,page_view,mobile
15565,,s3001017,2026-08-18 16:45:08,page_view,mobile
15566,,s3001017,2026-08-18 16:46:43,add_to_cart,mobile
15567,10607,s3001018,2026-08-18 07:26:08,page_view,desktop
15568,10607,s3001018,2026-08-18 07:26:22,page_view,desktop
15569,10607,s3001018,2026-08-18 07:27:20,page_view,desktop
15570,10607,s3001018,2026-08-18 07:28:06,page_view,desktop
15571,10755,s3001019,2026-08-18 18:49:12,page_view,mobile
15572,10755,s3001019,2026-08-18 18:49:43,page_view,mobile
15573,,s3001020,2026-08-18 22:47:40,page_view,mobile
15574,,s3001020,2026-08-18 22:47:43,add_to_cart,mobile
15575,,s3001020,2026-08-18 22:49:11,begin_checkout,mobile
15576,,s3001020,2026-08-18 22:49:56,purchase,mobile
15577,10485,s3001021,2026-08-18 08:05:41,page_view,mobile
15578,10485,s3001021,2026-08-18 08:06:12,page_view,mobile
15579,10485,s3001021,2026-08-18 08:06:47,add_to_cart,mobile
15580,10044,s3001022,2026-08-18 21:30:13,page_view,mobile
15581,10044,s3001022,2026-08-18 21:30:38,page_view,mobile
15582,10044,s3001022,2026-08-18 21:31:24,page_view,mobile
15583,10044,s3001022,2026-08-18 21:31:44,add_to_cart,mobile
15584,10044,s3001022,2026-08-18 21:33:40,begin_checkout,mobile
15585,10295,s3001023,2026-08-18 16:38:14,page_view,desktop
15586,10295,s3001023,2026-08-18 16:38:27,page_view,desktop
15587,10295,s3001023,2026-08-18 16:40:23,page_view,desktop
15588,10029,s3001024,2026-08-18 21:27:08,page_view,desktop
15589,10029,s3001024,2026-08-18 21:28:07,page_view,desktop
15590,10029,s3001024,2026-08-18 21:29:56,page_view,desktop
15591,10029,s3001024,2026-08-18 21:31:08,page_view,desktop
15592,,s3001025,2026-08-18 09:55:45,page_view,tablet
15593,,s3001025,2026-08-18 09:57:16,page_view,tablet
15594,10125,s3001026,2026-08-19 09:23:13,page_view,desktop
15595,10125,s3001026,2026-08-19 09:23:50,page_view,desktop
15596,10125,s3001026,2026-08-19 09:25:29,add_to_cart,desktop
15597,10125,s3001026,2026-08-19 09:25:48,begin_checkout,desktop
15598,10125,s3001026,2026-08-19 09:26:20,purchase,desktop
15599,,s3001027,2026-08-19 19:56:42,page_view,Tablet
15600,,s3001027,2026-08-19 19:57:04,page_view,Tablet
15601,,s3001027,2026-08-19 19:58:00,page_view,Tablet
15602,,s3001027,2026-08-19 19:59:28,page_view,Tablet
15603,10183,s3001028,2026-08-19 19:56:32,page_view,mobile
15604,10183,s3001028,2026-08-19 19:57:48,page_view,mobile
15605,10176,s3001029,2026-08-19 10:44:32,page_view,mobile
15606,10176,s3001029,2026-08-19 10:44:59,add_to_cart,mobile
15607,,s3001030,2026-08-19 05:11:57,page_view,desktop
15608,,s3001030,2026-08-19 05:12:33,page_view,desktop
15609,,s3001030,2026-08-19 05:14:21,page_view,desktop
15610,,s3001030,2026-08-19 05:15:42,add_to_cart,desktop
15611,,s3001030,2026-08-19 05:16:33,begin_checkout,desktop
15612,,s3001030,2026-08-19 05:18:28,purchase,desktop
15613,,s3001031,2026-08-19 22:04:46,page_view,desktop
15614,,s3001031,2026-08-19 22:06:45,page_view,desktop
15615,,s3001031,2026-08-19 22:08:02,add_to_cart,desktop
15616,,s3001031,2026-08-19 22:09:51,begin_checkout,desktop
15617,,s3001031,2026-08-19 22:10:43,purchase,desktop
15618,,s3001032,2026-08-19 13:34:33,page_view,desktop
15619,,s3001033,2026-08-19 06:47:21,page_view,Mobile
15620,,s3001033,2026-08-19 06:48:12,page_view,Mobile
15621,,s3001033,2026-08-19 06:48:16,page_view,Mobile
15622,,s3001033,2026-08-19 06:48:36,page_view,Mobile
15623,10074,s3001034,2026-08-19 10:57:02,page_view,mobile
15624,10074,s3001034,2026-08-19 10:58:17,page_view,mobile
15625,10074,s3001034,2026-08-19 10:59:37,page_view,mobile
15626,10074,s3001034,2026-08-19 11:00:49,page_view,mobile
15627,10186,s3001035,2026-08-19 01:48:44,page_view,mobile
15628,10186,s3001035,2026-08-19 01:49:11,page_view,mobile
15629,10186,s3001035,2026-08-19 01:49:44,page_view,mobile
15630,,s3001036,2026-08-19 09:43:51,page_view,mobile
15631,,s3001036,2026-08-19 09:44:22,page_view,mobile
15632,,s3001036,2026-08-19 09:44:38,add_to_cart,mobile
15633,,s3001037,2026-08-19 02:18:10,page_view,mobile
15634,,s3001037,2026-08-19 02:18:14,page_view,mobile
15635,,s3001038,2026-08-19 19:54:12,page_view,Mobile
15636,,s3001038,2026-08-19 19:56:06,page_view,Mobile
15637,10254,s3001039,2026-08-19 07:16:15,page_view,mobile
15638,10254,s3001039,2026-08-19 07:17:54,page_view,mobile
15639,10254,s3001039,2026-08-19 07:18:06,page_view,mobile
15640,10345,s3001040,2026-08-19 21:04:26,page_view,mobile
15641,10345,s3001040,2026-08-19 21:06:09,page_view,mobile
15642,10345,s3001040,2026-08-19 21:07:51,page_view,mobile
15643,10345,s3001040,2026-08-19 21:09:49,page_view,mobile
15644,10345,s3001040,2026-08-19 21:10:26,add_to_cart,mobile
15645,10345,s3001040,2026-08-19 21:11:38,begin_checkout,mobile
15646,,s3001041,2026-08-19 08:03:16,page_view,mobile
15647,,s3001041,2026-08-19 08:04:17,page_view,mobile
15648,,s3001041,2026-08-19 08:04:41,page_view,mobile
15649,,s3001041,2026-08-19 08:05:25,page_view,mobile
15650,,s3001041,2026-08-19 08:05:47,add_to_cart,mobile
15651,,s3001041,2026-08-19 08:07:37,begin_checkout,mobile
15652,,s3001042,2026-08-19 00:51:26,page_view,tablet
15653,,s3001042,2026-08-19 00:52:21,page_view,tablet
15654,,s3001043,2026-08-19 08:25:33,page_view,mobile
15655,,s3001043,2026-08-19 08:27:27,page_view,mobile
15656,,s3001043,2026-08-19 08:28:07,page_view,mobile
15657,,s3001043,2026-08-19 08:29:11,add_to_cart,mobile
15658,,s3001044,2026-08-19 20:26:53,page_view,desktop
15659,,s3001044,2026-08-19 20:27:30,page_view,desktop
15660,,s3001044,2026-08-19 20:27:45,page_view,desktop
15661,,s3001044,2026-08-19 20:27:59,add_to_cart,desktop
15662,10045,s3001045,2026-08-19 16:39:46,page_view,mobile
15663,10045,s3001045,2026-08-19 16:40:11,page_view,mobile
15664,10045,s3001045,2026-08-19 16:40:50,page_view,mobile
15665,10045,s3001045,2026-08-19 16:42:00,page_view,mobile
15666,10253,s3001046,2026-08-19 01:01:06,page_view,desktop
15667,10253,s3001046,2026-08-19 01:02:36,add_to_cart,desktop
15668,10253,s3001046,2026-08-19 01:03:16,begin_checkout,desktop
15669,10253,s3001046,2026-08-19 01:04:20,purchase,desktop
15670,,s3001047,2026-08-19 13:20:19,page_view,desktop
15671,,s3001048,2026-08-19 01:44:03,page_view,desktop
15672,,s3001048,2026-08-19 01:45:05,page_view,desktop
15673,,s3001048,2026-08-19 01:45:14,page_view,desktop
15674,,s3001048,2026-08-19 01:46:06,page_view,desktop
15675,,s3001048,2026-08-19 01:47:16,add_to_cart,desktop
15676,,s3001049,2026-08-19 09:12:53,page_view,Desktop
15677,,s3001049,2026-08-19 09:13:42,page_view,Desktop
15678,,s3001049,2026-08-19 09:14:11,page_view,Desktop
15679,10268,s3001050,2026-08-19 05:08:26,page_view,mobile
15680,10268,s3001050,2026-08-19 05:09:31,page_view,mobile
15681,10268,s3001050,2026-08-19 05:11:09,page_view,mobile
15682,10268,s3001050,2026-08-19 05:12:04,add_to_cart,mobile
15683,10268,s3001050,2026-08-19 05:13:56,begin_checkout,mobile
15684,10268,s3001050,2026-08-19 05:15:55,purchase,mobile
15685,10225,s3001051,2026-08-19 10:09:06,page_view,desktop
15686,10225,s3001051,2026-08-19 10:09:12,page_view,desktop
15687,10225,s3001051,2026-08-19 10:10:53,page_view,desktop
15688,10197,s3001052,2026-08-19 17:52:44,page_view,tablet
15689,10197,s3001052,2026-08-19 17:53:09,page_view,tablet
15690,10197,s3001052,2026-08-19 17:54:36,page_view,tablet
15691,10197,s3001052,2026-08-19 17:55:40,page_view,tablet
15692,10235,s3001053,2026-08-19 02:31:10,page_view,mobile
15693,10634,s3001054,2026-08-19 02:09:07,page_view,desktop
15694,10634,s3001054,2026-08-19 02:09:46,page_view,desktop
15695,10634,s3001054,2026-08-19 02:10:37,page_view,desktop
15696,10635,s3001055,2026-08-19 02:38:05,page_view,mobile
15697,,s3001056,2026-08-19 03:49:51,page_view,mobile
15698,,s3001056,2026-08-19 03:49:56,page_view,mobile
15699,,s3001056,2026-08-19 03:50:07,add_to_cart,mobile
15700,10288,s3001057,2026-08-19 07:31:04,page_view,desktop
15701,10288,s3001057,2026-08-19 07:31:51,add_to_cart,desktop
15702,10367,s3001058,2026-08-19 02:05:24,page_view,mobile
15703,10367,s3001058,2026-08-19 02:06:30,page_view,mobile
15704,10367,s3001058,2026-08-19 02:07:12,page_view,mobile
15705,10367,s3001058,2026-08-19 02:08:40,page_view,mobile
15706,10008,s3001059,2026-08-19 03:57:55,page_view,mobile
15707,10008,s3001059,2026-08-19 03:59:20,page_view,mobile
15708,10008,s3001059,2026-08-19 04:00:05,page_view,mobile
15709,10008,s3001059,2026-08-19 04:02:03,page_view,mobile
15710,10008,s3001059,2026-08-19 04:03:19,add_to_cart,mobile
15711,10205,s3001060,2026-08-19 14:00:17,page_view,desktop
15712,10205,s3001060,2026-08-19 14:02:16,page_view,desktop
15713,10714,s3001061,2026-08-19 03:38:31,page_view,desktop
15714,10714,s3001061,2026-08-19 03:39:18,page_view,desktop
15715,10714,s3001061,2026-08-19 03:39:33,add_to_cart,desktop
15716,10714,s3001061,2026-08-19 03:41:25,begin_checkout,desktop
15717,10714,s3001061,2026-08-19 03:41:51,purchase,desktop
15718,,s3001062,2026-08-19 21:59:33,page_view,mobile
15719,,s3001062,2026-08-19 22:01:10,page_view,mobile
15720,,s3001062,2026-08-19 22:01:52,page_view,mobile
15721,10737,s3001063,2026-08-19 13:17:35,page_view,desktop
15722,10737,s3001063,2026-08-19 13:19:02,page_view,desktop
15723,10737,s3001063,2026-08-19 13:19:31,page_view,desktop
15724,10337,s3001064,2026-08-19 07:51:24,page_view,desktop
15725,10337,s3001064,2026-08-19 07:52:58,add_to_cart,desktop
15726,10337,s3001064,2026-08-19 07:53:51,begin_checkout,desktop
15727,10337,s3001064,2026-08-19 07:55:16,purchase,desktop
15728,,s3001065,2026-08-19 08:13:26,page_view,mobile
15729,,s3001065,2026-08-19 08:15:09,page_view,mobile
15730,10417,s3001066,2026-08-19 21:55:49,page_view,desktop
15731,,s3001067,2026-08-19 16:36:19,page_view,desktop
15732,,s3001068,2026-08-19 00:30:07,page_view,mobile
15733,,s3001068,2026-08-19 00:31:21,page_view,mobile
15734,,s3001068,2026-08-19 00:31:32,page_view,mobile
15735,,s3001068,2026-08-19 00:32:05,add_to_cart,mobile
15736,,s3001068,2026-08-19 00:32:50,begin_checkout,mobile
15737,,s3001068,2026-08-19 00:32:56,purchase,mobile
15738,,s3001069,2026-08-19 20:12:26,page_view,mobile
15739,,s3001069,2026-08-19 20:14:20,page_view,mobile
15740,10422,s3001070,2026-08-19 16:43:06,page_view,tablet
15741,10422,s3001070,2026-08-19 16:44:34,add_to_cart,tablet
15742,10546,s3001071,2026-08-19 04:17:32,page_view,desktop
15743,10525,s3001072,2026-08-19 17:05:17,page_view,desktop
15744,10243,s3001073,2026-08-19 12:49:43,page_view,desktop
15745,10243,s3001073,2026-08-19 12:50:35,page_view,desktop
15746,10347,s3001074,2026-08-19 05:46:36,page_view,desktop
15747,10347,s3001074,2026-08-19 05:47:07,page_view,desktop
15748,10347,s3001074,2026-08-19 05:47:18,page_view,desktop
15749,10673,s3001075,2026-08-19 07:51:17,page_view,desktop
15750,10673,s3001075,2026-08-19 07:52:25,page_view,desktop
15751,10673,s3001075,2026-08-19 07:53:10,add_to_cart,desktop
15752,10198,s3001076,2026-08-19 14:06:38,page_view,mobile
15753,10198,s3001076,2026-08-19 14:07:12,page_view,mobile
15754,10198,s3001076,2026-08-19 14:08:57,page_view,mobile
15755,10303,s3001077,2026-08-19 13:49:22,page_view,mobile
15756,10303,s3001077,2026-08-19 13:50:40,page_view,mobile
15757,10303,s3001077,2026-08-19 13:52:17,add_to_cart,mobile
15758,10176,s3001078,2026-08-19 10:38:24,page_view,mobile
15759,10176,s3001078,2026-08-19 10:39:38,page_view,mobile
15760,10176,s3001078,2026-08-19 10:40:21,page_view,mobile
15761,10176,s3001078,2026-08-19 10:41:20,add_to_cart,mobile
15762,,s3001079,2026-08-19 11:22:27,page_view,mobile
15763,,s3001079,2026-08-19 11:23:48,page_view,mobile
15764,,s3001079,2026-08-19 11:25:17,page_view,mobile
15765,,s3001079,2026-08-19 11:26:55,page_view,mobile
15766,,s3001079,2026-08-19 11:27:10,add_to_cart,mobile
15767,,s3001079,2026-08-19 11:28:00,begin_checkout,mobile
15768,,s3001079,2026-08-19 11:29:16,purchase,mobile
15769,10763,s3001080,2026-08-20 05:05:54,page_view,mobile
15770,10763,s3001080,2026-08-20 05:06:55,page_view,mobile
15771,10763,s3001080,2026-08-20 05:08:46,page_view,mobile
15772,10763,s3001080,2026-08-20 05:09:10,add_to_cart,mobile
15773,10763,s3001080,2026-08-20 05:09:30,begin_checkout,mobile
15774,10763,s3001080,2026-08-20 05:10:49,purchase,mobile
15775,10652,s3001081,2026-08-20 14:03:12,page_view,desktop
15776,10652,s3001081,2026-08-20 14:04:47,page_view,desktop
15777,10652,s3001081,2026-08-20 14:05:54,add_to_cart,desktop
15778,,s3001082,2026-08-20 05:33:09,page_view,Desktop
15779,,s3001083,2026-08-20 07:09:29,page_view,desktop
15780,,s3001083,2026-08-20 07:10:46,page_view,desktop
15781,10630,s3001084,2026-08-20 06:43:16,page_view,mobile
15782,10630,s3001084,2026-08-20 06:43:52,add_to_cart,mobile
15783,10630,s3001084,2026-08-20 06:45:26,begin_checkout,mobile
15784,10630,s3001084,2026-08-20 06:46:37,purchase,mobile
15785,,s3001085,2026-08-20 15:28:57,page_view,mobile
15786,,s3001085,2026-08-20 15:30:31,page_view,mobile
15787,,s3001085,2026-08-20 15:30:59,page_view,mobile
15788,,s3001085,2026-08-20 15:32:10,page_view,mobile
15789,,s3001086,2026-08-20 04:20:41,page_view,mobile
15790,,s3001086,2026-08-20 04:21:31,page_view,mobile
15791,,s3001086,2026-08-20 04:22:40,add_to_cart,mobile
15792,10389,s3001087,2026-08-20 09:29:25,page_view,desktop
15793,10389,s3001087,2026-08-20 09:30:38,page_view,desktop
15794,10166,s3001088,2026-08-20 06:27:18,page_view,desktop
15795,10166,s3001088,2026-08-20 06:29:07,page_view,desktop
15796,10166,s3001088,2026-08-20 06:29:21,page_view,desktop
15797,,s3001089,2026-08-20 16:29:33,page_view,desktop
15798,,s3001089,2026-08-20 16:30:58,page_view,desktop
15799,,s3001090,2026-08-20 19:02:06,page_view,mobile
15800,,s3001090,2026-08-20 19:03:12,page_view,mobile
15801,,s3001090,2026-08-20 19:05:04,page_view,mobile
15802,,s3001090,2026-08-20 19:05:24,add_to_cart,mobile
15803,10376,s3001091,2026-08-20 14:26:37,page_view,mobile
15804,10376,s3001091,2026-08-20 14:27:52,page_view,mobile
15805,10376,s3001091,2026-08-20 14:29:31,page_view,mobile
15806,10376,s3001091,2026-08-20 14:30:45,page_view,mobile
15807,10135,s3001092,2026-08-20 17:10:00,page_view,tablet
15808,10135,s3001092,2026-08-20 17:11:12,page_view,tablet
15809,10135,s3001092,2026-08-20 17:12:24,page_view,tablet
15810,,s3001093,2026-08-20 22:51:13,page_view,desktop
15811,10106,s3001094,2026-08-20 15:55:27,page_view,mobile
15812,10106,s3001094,2026-08-20 15:56:09,page_view,mobile
15813,10106,s3001094,2026-08-20 15:57:16,page_view,mobile
15814,,s3001095,2026-08-20 02:26:34,page_view,desktop
15815,,s3001095,2026-08-20 02:28:16,add_to_cart,desktop
15816,,s3001096,2026-08-20 10:37:33,page_view,mobile
15817,,s3001096,2026-08-20 10:38:05,page_view,mobile
15818,10701,s3001097,2026-08-20 01:15:56,page_view,desktop
15819,10701,s3001097,2026-08-20 01:17:01,page_view,desktop
15820,,s3001098,2026-08-20 21:03:59,page_view,mobile
15821,,s3001098,2026-08-20 21:05:28,page_view,mobile
15822,10660,s3001099,2026-08-20 00:43:45,page_view,desktop
15823,10660,s3001099,2026-08-20 00:44:01,page_view,desktop
15824,10660,s3001099,2026-08-20 00:45:45,add_to_cart,desktop
15825,10660,s3001099,2026-08-20 00:45:55,begin_checkout,desktop
15826,10660,s3001099,2026-08-20 00:47:55,purchase,desktop
15827,,s3001100,2026-08-20 17:06:14,page_view,mobile
15828,,s3001100,2026-08-20 17:07:53,page_view,mobile
15829,,s3001100,2026-08-20 17:08:58,page_view,mobile
15830,10791,s3001101,2026-08-20 21:13:54,page_view,desktop
15831,10791,s3001101,2026-08-20 21:14:31,page_view,desktop
15832,10791,s3001101,2026-08-20 21:16:15,add_to_cart,desktop
15833,10791,s3001101,2026-08-20 21:17:50,begin_checkout,desktop
15834,10791,s3001101,2026-08-20 21:18:01,purchase,desktop
15835,10767,s3001102,2026-08-20 02:28:03,page_view,mobile
15836,10767,s3001102,2026-08-20 02:28:50,page_view,mobile
15837,10767,s3001102,2026-08-20 02:30:08,page_view,mobile
15838,,s3001103,2026-08-20 18:42:45,page_view,desktop
15839,,s3001103,2026-08-20 18:42:55,page_view,desktop
15840,,s3001103,2026-08-20 18:43:21,page_view,desktop
15841,10170,s3001104,2026-08-20 13:42:10,page_view,Mobile
15842,10170,s3001104,2026-08-20 13:43:11,add_to_cart,Mobile
15843,10170,s3001104,2026-08-20 13:45:00,begin_checkout,Mobile
15844,10170,s3001104,2026-08-20 13:45:06,purchase,Mobile
15845,10180,s3001105,2026-08-20 17:21:33,page_view,mobile
15846,10180,s3001105,2026-08-20 17:23:32,page_view,mobile
15847,10180,s3001105,2026-08-20 17:24:56,page_view,mobile
15848,10180,s3001105,2026-08-20 17:26:08,page_view,mobile
15849,,s3001106,2026-08-20 15:34:00,page_view,desktop
15850,,s3001106,2026-08-20 15:35:36,page_view,desktop
15851,,s3001106,2026-08-20 15:36:11,page_view,desktop
15852,,s3001106,2026-08-20 15:37:00,page_view,desktop
15853,,s3001106,2026-08-20 15:37:48,add_to_cart,desktop
15854,,s3001107,2026-08-20 11:49:43,page_view,desktop
15855,,s3001107,2026-08-20 11:50:44,page_view,desktop
15856,,s3001107,2026-08-20 11:51:42,page_view,desktop
15857,10069,s3001108,2026-08-20 14:07:08,page_view,desktop
15858,10069,s3001108,2026-08-20 14:07:39,page_view,desktop
15859,10069,s3001108,2026-08-20 14:09:15,page_view,desktop
15860,10069,s3001108,2026-08-20 14:10:07,page_view,desktop
15861,10142,s3001109,2026-08-20 18:21:51,page_view,mobile
15862,10142,s3001109,2026-08-20 18:21:56,page_view,mobile
15863,10142,s3001109,2026-08-20 18:23:48,page_view,mobile
15864,10142,s3001109,2026-08-20 18:25:34,page_view,mobile
15865,10142,s3001109,2026-08-20 18:26:40,add_to_cart,mobile
15866,10142,s3001109,2026-08-20 18:26:53,begin_checkout,mobile
15867,10142,s3001109,2026-08-20 18:28:29,purchase,mobile
15868,10605,s3001110,2026-08-20 14:52:51,page_view,mobile
15869,10605,s3001110,2026-08-20 14:53:55,page_view,mobile
15870,10605,s3001110,2026-08-20 14:54:56,page_view,mobile
15871,10307,s3001111,2026-08-20 11:27:31,page_view,mobile
15872,10307,s3001111,2026-08-20 11:28:01,add_to_cart,mobile
15873,,s3001112,2026-08-20 17:49:26,page_view,desktop
15874,,s3001112,2026-08-20 17:50:14,page_view,desktop
15875,,s3001112,2026-08-20 17:50:59,page_view,desktop
15876,,s3001113,2026-08-20 17:24:17,page_view,tablet
15877,,s3001113,2026-08-20 17:25:26,page_view,tablet
15878,,s3001113,2026-08-20 17:27:25,page_view,tablet
15879,,s3001113,2026-08-20 17:28:31,add_to_cart,tablet
15880,10576,s3001114,2026-08-20 13:44:35,page_view,mobile
15881,10576,s3001114,2026-08-20 13:46:21,page_view,mobile
15882,10576,s3001114,2026-08-20 13:47:59,page_view,mobile
15883,10576,s3001114,2026-08-20 13:48:32,add_to_cart,mobile
15884,10576,s3001114,2026-08-20 13:49:36,begin_checkout,mobile
15885,,s3001115,2026-08-20 11:41:49,page_view,mobile
15886,,s3001116,2026-08-20 03:30:14,page_view,desktop
15887,,s3001116,2026-08-20 03:31:20,page_view,desktop
15888,,s3001116,2026-08-20 03:31:30,page_view,desktop
15889,,s3001117,2026-08-20 20:32:57,page_view,mobile
15890,,s3001117,2026-08-20 20:33:00,page_view,mobile
15891,,s3001117,2026-08-20 20:33:16,add_to_cart,mobile
15892,10489,s3001118,2026-08-20 00:53:43,page_view,desktop
15893,10489,s3001118,2026-08-20 00:54:22,page_view,desktop
15894,10489,s3001118,2026-08-20 00:55:54,page_view,desktop
15895,10489,s3001118,2026-08-20 00:57:40,page_view,desktop
15896,10002,s3001119,2026-08-20 16:16:05,page_view,mobile
15897,10002,s3001119,2026-08-20 16:17:57,page_view,mobile
15898,10002,s3001119,2026-08-20 16:19:20,add_to_cart,mobile
15899,10613,s3001120,2026-08-20 10:26:24,page_view,mobile
15900,10613,s3001120,2026-08-20 10:28:01,page_view,mobile
15901,10613,s3001120,2026-08-20 10:29:43,page_view,mobile
15902,10613,s3001120,2026-08-20 10:30:31,add_to_cart,mobile
15903,10372,s3001121,2026-08-20 04:49:02,page_view,desktop
15904,10372,s3001121,2026-08-20 04:50:50,page_view,desktop
15905,10372,s3001121,2026-08-20 04:52:37,page_view,desktop
15906,10372,s3001121,2026-08-20 04:53:05,page_view,desktop
15907,10529,s3001122,2026-08-20 22:11:55,page_view,tablet
15908,10529,s3001122,2026-08-20 22:13:45,add_to_cart,tablet
15909,10529,s3001122,2026-08-20 22:14:03,begin_checkout,tablet
15910,10529,s3001122,2026-08-20 22:15:41,purchase,tablet
15911,,s3001123,2026-08-20 06:39:23,page_view,mobile
15912,,s3001124,2026-08-20 15:31:52,page_view,mobile
15913,,s3001124,2026-08-20 15:31:56,page_view,mobile
15914,,s3001124,2026-08-20 15:33:32,page_view,mobile
15915,,s3001124,2026-08-20 15:35:22,add_to_cart,mobile
15916,,s3001124,2026-08-20 15:37:00,begin_checkout,mobile
15917,,s3001124,2026-08-20 15:38:30,purchase,mobile
15918,,s3001125,2026-08-20 07:48:45,page_view,tablet
15919,,s3001125,2026-08-20 07:49:19,page_view,tablet
15920,,s3001125,2026-08-20 07:49:22,add_to_cart,tablet
15921,,s3001125,2026-08-20 07:49:39,begin_checkout,tablet
15922,,s3001125,2026-08-20 07:50:19,purchase,tablet
15923,,s3001126,2026-08-21 17:24:50,page_view,mobile
15924,,s3001126,2026-08-21 17:26:27,page_view,mobile
15925,,s3001126,2026-08-21 17:27:49,add_to_cart,mobile
15926,,s3001126,2026-08-21 17:28:34,begin_checkout,mobile
15927,,s3001126,2026-08-21 17:29:11,purchase,mobile
15928,10185,s3001127,2026-08-21 06:07:23,page_view,desktop
15929,10185,s3001127,2026-08-21 06:07:58,page_view,desktop
15930,10185,s3001127,2026-08-21 06:09:58,page_view,desktop
15931,10185,s3001127,2026-08-21 06:10:57,add_to_cart,desktop
15932,,s3001128,2026-08-21 00:16:37,page_view,mobile
15933,,s3001128,2026-08-21 00:16:41,page_view,mobile
15934,,s3001128,2026-08-21 00:17:56,page_view,mobile
15935,,s3001128,2026-08-21 00:19:23,page_view,mobile
15936,10263,s3001129,2026-08-21 13:49:30,page_view,mobile
15937,,s3001130,2026-08-21 04:57:11,page_view,desktop
15938,,s3001130,2026-08-21 04:58:08,add_to_cart,desktop
15939,,s3001130,2026-08-21 04:59:20,begin_checkout,desktop
15940,,s3001130,2026-08-21 05:00:47,purchase,desktop
15941,,s3001131,2026-08-21 14:08:51,page_view,mobile
15942,,s3001131,2026-08-21 14:10:01,page_view,mobile
15943,,s3001131,2026-08-21 14:11:07,page_view,mobile
15944,,s3001131,2026-08-21 14:12:04,add_to_cart,mobile
15945,,s3001132,2026-08-21 15:41:36,page_view,desktop
15946,,s3001133,2026-08-21 19:01:30,page_view,mobile
15947,,s3001133,2026-08-21 19:02:21,page_view,mobile
15948,,s3001133,2026-08-21 19:02:54,page_view,mobile
15949,10480,s3001134,2026-08-21 07:55:05,page_view,mobile
15950,10480,s3001134,2026-08-21 07:56:30,add_to_cart,mobile
15951,10480,s3001134,2026-08-21 07:57:10,begin_checkout,mobile
15952,,s3001135,2026-08-21 10:15:14,page_view,mobile
15953,,s3001135,2026-08-21 10:16:50,page_view,mobile
15954,,s3001135,2026-08-21 10:17:51,page_view,mobile
15955,,s3001135,2026-08-21 10:18:00,page_view,mobile
15956,10760,s3001136,2026-08-21 10:12:19,page_view,desktop
15957,10760,s3001136,2026-08-21 10:13:16,page_view,desktop
15958,10760,s3001136,2026-08-21 10:15:09,page_view,desktop
15959,10760,s3001136,2026-08-21 10:16:50,page_view,desktop
15960,,s3001137,2026-08-21 13:45:54,page_view,mobile
15961,,s3001137,2026-08-21 13:47:07,page_view,mobile
15962,,s3001137,2026-08-21 13:47:37,page_view,mobile
15963,,s3001138,2026-08-21 11:03:51,page_view,desktop
15964,10282,s3001139,2026-08-21 13:44:49,page_view,tablet
15965,10282,s3001139,2026-08-21 13:46:00,page_view,tablet
15966,10282,s3001139,2026-08-21 13:47:18,page_view,tablet
15967,,s3001140,2026-08-21 05:29:17,page_view,desktop
15968,,s3001140,2026-08-21 05:31:02,page_view,desktop
15969,,s3001140,2026-08-21 05:31:12,page_view,desktop
15970,10745,s3001141,2026-08-21 20:51:47,page_view,desktop
15971,10745,s3001141,2026-08-21 20:52:48,page_view,desktop
15972,10745,s3001141,2026-08-21 20:53:57,page_view,desktop
15973,10745,s3001141,2026-08-21 20:55:25,add_to_cart,desktop
15974,10745,s3001141,2026-08-21 20:55:53,begin_checkout,desktop
15975,10745,s3001141,2026-08-21 20:56:47,purchase,desktop
15976,10286,s3001142,2026-08-21 13:18:02,page_view,desktop
15977,10286,s3001142,2026-08-21 13:18:23,page_view,desktop
15978,10286,s3001142,2026-08-21 13:19:52,add_to_cart,desktop
15979,,s3001143,2026-08-21 19:19:55,page_view,desktop
15980,10675,s3001144,2026-08-21 08:02:28,page_view,desktop
15981,10675,s3001144,2026-08-21 08:03:11,page_view,desktop
15982,10675,s3001144,2026-08-21 08:04:01,page_view,desktop
15983,10675,s3001144,2026-08-21 08:04:25,page_view,desktop
15984,10675,s3001144,2026-08-21 08:05:52,add_to_cart,desktop
15985,,s3001145,2026-08-21 22:40:14,page_view,mobile
15986,,s3001145,2026-08-21 22:40:34,page_view,mobile
15987,,s3001145,2026-08-21 22:41:18,page_view,mobile
15988,,s3001145,2026-08-21 22:42:29,page_view,mobile
15989,10656,s3001146,2026-08-21 01:07:35,page_view,tablet
15990,10050,s3001147,2026-08-21 03:39:10,page_view,desktop
15991,10050,s3001147,2026-08-21 03:40:54,page_view,desktop
15992,10419,s3001148,2026-08-21 19:25:33,page_view,Mobile
15993,10419,s3001148,2026-08-21 19:25:54,add_to_cart,Mobile
15994,10419,s3001148,2026-08-21 19:26:20,begin_checkout,Mobile
15995,10617,s3001149,2026-08-21 11:56:52,page_view,desktop
15996,10617,s3001149,2026-08-21 11:57:44,page_view,desktop
15997,10617,s3001149,2026-08-21 11:58:22,page_view,desktop
15998,10617,s3001149,2026-08-21 11:59:39,page_view,desktop
15999,10433,s3001150,2026-08-21 12:15:01,page_view,desktop
16000,10433,s3001150,2026-08-21 12:17:01,page_view,desktop
16001,10510,s3001151,2026-08-21 22:11:50,page_view,mobile
16002,10510,s3001151,2026-08-21 22:13:24,page_view,mobile
16003,10510,s3001151,2026-08-21 22:14:12,page_view,mobile
16004,10510,s3001151,2026-08-21 22:14:35,page_view,mobile
16005,10510,s3001151,2026-08-21 22:15:37,add_to_cart,mobile
16006,,s3001152,2026-08-21 17:43:22,page_view,mobile
16007,,s3001153,2026-08-21 17:53:37,page_view,mobile
16008,,s3001153,2026-08-21 17:54:26,page_view,mobile
16009,,s3001153,2026-08-21 17:55:00,page_view,mobile
16010,,s3001153,2026-08-21 17:56:20,add_to_cart,mobile
16011,10722,s3001154,2026-08-21 20:31:35,page_view,mobile
16012,10722,s3001154,2026-08-21 20:32:09,page_view,mobile
16013,10722,s3001154,2026-08-21 20:32:42,page_view,mobile
16014,,s3001155,2026-08-21 06:08:15,page_view,mobile
16015,,s3001155,2026-08-21 06:09:33,page_view,mobile
16016,,s3001155,2026-08-21 06:11:23,page_view,mobile
16017,,s3001155,2026-08-21 06:13:20,page_view,mobile
16018,,s3001155,2026-08-21 06:15:02,add_to_cart,mobile
16019,,s3001156,2026-08-21 10:46:07,page_view,mobile
16020,,s3001156,2026-08-21 10:46:15,page_view,mobile
16021,,s3001156,2026-08-21 10:47:16,page_view,mobile
16022,,s3001156,2026-08-21 10:48:50,page_view,mobile
16023,10599,s3001157,2026-08-21 03:43:32,page_view,mobile
16024,10599,s3001157,2026-08-21 03:44:43,page_view,mobile
16025,10599,s3001157,2026-08-21 03:46:01,add_to_cart,mobile
16026,10207,s3001158,2026-08-21 16:51:48,page_view,desktop
16027,10207,s3001158,2026-08-21 16:53:20,add_to_cart,desktop
16028,10207,s3001158,2026-08-21 16:55:16,begin_checkout,desktop
16029,10154,s3001159,2026-08-21 08:36:53,page_view,mobile
16030,,s3001160,2026-08-21 22:37:03,page_view,mobile
16031,,s3001160,2026-08-21 22:37:50,add_to_cart,mobile
16032,10460,s3001161,2026-08-21 06:37:09,page_view,desktop
16033,10460,s3001161,2026-08-21 06:38:56,page_view,desktop
16034,10460,s3001161,2026-08-21 06:40:26,page_view,desktop
16035,10460,s3001161,2026-08-21 06:40:49,page_view,desktop
16036,,s3001162,2026-08-21 05:34:22,page_view,desktop
16037,,s3001162,2026-08-21 05:36:04,page_view,desktop
16038,,s3001162,2026-08-21 05:36:58,page_view,desktop
16039,10355,s3001163,2026-08-21 19:24:49,page_view,desktop
16040,10355,s3001163,2026-08-21 19:26:15,add_to_cart,desktop
16041,10355,s3001163,2026-08-21 19:26:44,begin_checkout,desktop
16042,10355,s3001163,2026-08-21 19:28:20,purchase,desktop
16043,10759,s3001164,2026-08-21 03:37:14,page_view,mobile
16044,10759,s3001164,2026-08-21 03:38:22,page_view,mobile
16045,10759,s3001164,2026-08-21 03:38:53,page_view,mobile
16046,10759,s3001164,2026-08-21 03:40:38,page_view,mobile
16047,10759,s3001164,2026-08-21 03:42:34,add_to_cart,mobile
16048,10639,s3001165,2026-08-21 13:54:39,page_view,mobile
16049,10639,s3001165,2026-08-21 13:55:19,page_view,mobile
16050,10176,s3001166,2026-08-21 09:19:18,page_view,desktop
16051,10176,s3001166,2026-08-21 09:19:59,page_view,desktop
16052,10176,s3001166,2026-08-21 09:20:57,page_view,desktop
16053,10176,s3001166,2026-08-21 09:22:05,add_to_cart,desktop
16054,10176,s3001166,2026-08-21 09:22:26,begin_checkout,desktop
16055,10142,s3001167,2026-08-21 12:33:15,page_view,mobile
16056,10142,s3001167,2026-08-21 12:34:50,page_view,mobile
16057,10142,s3001167,2026-08-21 12:36:49,add_to_cart,mobile
16058,10399,s3001168,2026-08-21 04:20:06,page_view,mobile
16059,10113,s3001169,2026-08-21 14:45:22,page_view,mobile
16060,10113,s3001169,2026-08-21 14:46:57,page_view,mobile
16061,10113,s3001169,2026-08-21 14:48:36,page_view,mobile
16062,,s3001170,2026-08-21 01:44:01,page_view,tablet
16063,,s3001170,2026-08-21 01:45:28,page_view,tablet
16064,,s3001170,2026-08-21 01:47:11,page_view,tablet
16065,,s3001170,2026-08-21 01:48:59,page_view,tablet
16066,,s3001170,2026-08-21 01:50:49,add_to_cart,tablet
16067,,s3001170,2026-08-21 01:52:02,begin_checkout,tablet
16068,,s3001170,2026-08-21 01:54:00,purchase,tablet
16069,,s3001171,2026-08-21 03:18:21,page_view,mobile
16070,,s3001171,2026-08-21 03:18:33,add_to_cart,mobile
16071,,s3001171,2026-08-21 03:19:46,begin_checkout,mobile
16072,,s3001171,2026-08-21 03:20:12,purchase,mobile
16073,10131,s3001172,2026-08-21 10:11:29,page_view,mobile
16074,10131,s3001172,2026-08-21 10:11:44,page_view,mobile
16075,10131,s3001172,2026-08-21 10:11:57,page_view,mobile
16076,10800,s3001173,2026-08-21 15:10:29,page_view,desktop
16077,10800,s3001173,2026-08-21 15:10:49,page_view,desktop
16078,10800,s3001173,2026-08-21 15:11:43,add_to_cart,desktop
16079,10800,s3001173,2026-08-21 15:12:29,begin_checkout,desktop
16080,10624,s3001174,2026-08-21 04:12:28,page_view,mobile
16081,10624,s3001174,2026-08-21 04:12:43,page_view,mobile
16082,10337,s3001175,2026-08-21 18:23:17,page_view,desktop
16083,10337,s3001175,2026-08-21 18:23:29,page_view,desktop
16084,10337,s3001175,2026-08-21 18:24:39,page_view,desktop
16085,10337,s3001175,2026-08-21 18:25:58,page_view,desktop
16086,10337,s3001175,2026-08-21 18:26:30,add_to_cart,desktop
16087,10337,s3001175,2026-08-21 18:27:29,begin_checkout,desktop
16088,10337,s3001175,2026-08-21 18:29:22,purchase,desktop
16089,10508,s3001176,2026-08-22 04:51:07,page_view,desktop
16090,10508,s3001176,2026-08-22 04:52:23,page_view,desktop
16091,10508,s3001176,2026-08-22 04:52:50,add_to_cart,desktop
16092,10508,s3001176,2026-08-22 04:54:34,begin_checkout,desktop
16093,10508,s3001176,2026-08-22 04:55:29,purchase,desktop
16094,,s3001177,2026-08-22 21:58:18,page_view,desktop
16095,,s3001177,2026-08-22 21:58:34,page_view,desktop
16096,,s3001177,2026-08-22 21:59:10,page_view,desktop
16097,,s3001177,2026-08-22 21:59:19,page_view,desktop
16098,,s3001177,2026-08-22 21:59:36,add_to_cart,desktop
16099,,s3001177,2026-08-22 22:00:01,begin_checkout,desktop
16100,,s3001177,2026-08-22 22:01:45,purchase,desktop
16101,10750,s3001178,2026-08-22 11:15:40,page_view,desktop
16102,10750,s3001178,2026-08-22 11:17:01,page_view,desktop
16103,10750,s3001178,2026-08-22 11:17:46,page_view,desktop
16104,10750,s3001178,2026-08-22 11:19:40,page_view,desktop
16105,10452,s3001179,2026-08-22 12:39:23,page_view,desktop
16106,10157,s3001180,2026-08-22 23:00:55,page_view,desktop
16107,10157,s3001180,2026-08-22 23:01:17,page_view,desktop
16108,10157,s3001180,2026-08-22 23:01:56,page_view,desktop
16109,10157,s3001180,2026-08-22 23:02:04,page_view,desktop
16110,,s3001181,2026-08-22 16:38:06,page_view,mobile
16111,,s3001181,2026-08-22 16:39:48,page_view,mobile
16112,,s3001181,2026-08-22 16:40:51,page_view,mobile
16113,,s3001181,2026-08-22 16:41:55,page_view,mobile
16114,10198,s3001182,2026-08-22 06:14:58,page_view,desktop
16115,10198,s3001182,2026-08-22 06:16:26,page_view,desktop
16116,10198,s3001182,2026-08-22 06:16:42,page_view,desktop
16117,10198,s3001182,2026-08-22 06:18:01,add_to_cart,desktop
16118,,s3001183,2026-08-22 15:39:55,page_view,mobile
16119,10503,s3001184,2026-08-22 16:27:49,page_view,mobile
16120,10503,s3001184,2026-08-22 16:28:40,page_view,mobile
16121,,s3001185,2026-08-22 00:03:59,page_view,mobile
16122,,s3001185,2026-08-22 00:04:03,page_view,mobile
16123,10006,s3001186,2026-08-22 07:36:04,page_view,tablet
16124,10006,s3001186,2026-08-22 07:38:02,page_view,tablet
16125,10006,s3001186,2026-08-22 07:38:30,page_view,tablet
16126,,s3001187,2026-08-22 14:59:02,page_view,mobile
16127,,s3001187,2026-08-22 14:59:47,page_view,mobile
16128,,s3001187,2026-08-22 15:00:29,page_view,mobile
16129,,s3001187,2026-08-22 15:02:28,page_view,mobile
16130,,s3001187,2026-08-22 15:03:34,add_to_cart,mobile
16131,,s3001187,2026-08-22 15:03:43,begin_checkout,mobile
16132,,s3001188,2026-08-22 14:00:20,page_view,mobile
16133,,s3001189,2026-08-22 02:24:50,page_view,mobile
16134,10659,s3001190,2026-08-22 05:44:03,page_view,mobile
16135,10659,s3001190,2026-08-22 05:44:57,page_view,mobile
16136,10659,s3001190,2026-08-22 05:46:28,page_view,mobile
16137,10659,s3001190,2026-08-22 05:47:42,add_to_cart,mobile
16138,10405,s3001191,2026-08-22 15:20:57,page_view,mobile
16139,10405,s3001191,2026-08-22 15:22:15,page_view,mobile
16140,,s3001192,2026-08-22 04:49:37,page_view,desktop
16141,,s3001192,2026-08-22 04:50:23,page_view,desktop
16142,10453,s3001193,2026-08-22 04:04:48,page_view,mobile
16143,10453,s3001193,2026-08-22 04:06:24,page_view,mobile
16144,10453,s3001193,2026-08-22 04:08:09,page_view,mobile
16145,,s3001194,2026-08-22 18:54:38,page_view,desktop
16146,,s3001195,2026-08-22 10:40:25,page_view,mobile
16147,,s3001195,2026-08-22 10:42:02,add_to_cart,mobile
16148,10528,s3001196,2026-08-22 10:17:27,page_view,desktop
16149,10528,s3001196,2026-08-22 10:19:02,page_view,desktop
16150,,s3001197,2026-08-22 13:50:21,page_view,mobile
16151,,s3001197,2026-08-22 13:51:39,page_view,mobile
16152,10179,s3001198,2026-08-22 14:49:40,page_view,mobile
16153,10179,s3001198,2026-08-22 14:50:56,page_view,mobile
16154,10179,s3001198,2026-08-22 14:51:43,page_view,mobile
16155,10179,s3001198,2026-08-22 14:52:29,page_view,mobile
16156,10396,s3001199,2026-08-22 06:38:40,page_view,desktop
16157,10396,s3001199,2026-08-22 06:39:17,page_view,desktop
16158,10396,s3001199,2026-08-22 06:39:28,add_to_cart,desktop
16159,10396,s3001199,2026-08-22 06:40:33,begin_checkout,desktop
16160,10286,s3001200,2026-08-22 06:39:25,page_view,mobile
16161,10286,s3001200,2026-08-22 06:39:55,page_view,mobile
16162,10286,s3001200,2026-08-22 06:41:55,page_view,mobile
16163,10622,s3001201,2026-08-22 19:35:25,page_view,mobile
16164,10622,s3001201,2026-08-22 19:36:16,page_view,mobile
16165,,s3001202,2026-08-22 12:48:25,page_view,tablet
16166,,s3001202,2026-08-22 12:50:07,page_view,tablet
16167,,s3001202,2026-08-22 12:50:44,page_view,tablet
16168,,s3001202,2026-08-22 12:51:09,page_view,tablet
16169,,s3001203,2026-08-22 19:56:19,page_view,mobile
16170,,s3001203,2026-08-22 19:56:34,add_to_cart,mobile
16171,,s3001203,2026-08-22 19:57:02,begin_checkout,mobile
16172,,s3001204,2026-08-22 20:36:32,page_view,mobile
16173,,s3001204,2026-08-22 20:36:48,add_to_cart,mobile
16174,,s3001205,2026-08-22 01:10:04,page_view,desktop
16175,,s3001205,2026-08-22 01:11:11,page_view,desktop
16176,,s3001205,2026-08-22 01:12:54,add_to_cart,desktop
16177,10267,s3001206,2026-08-22 08:57:07,page_view,desktop
16178,10267,s3001206,2026-08-22 08:58:44,page_view,desktop
16179,10267,s3001206,2026-08-22 09:00:30,page_view,desktop
16180,,s3001207,2026-08-22 10:48:56,page_view,desktop
16181,,s3001207,2026-08-22 10:49:32,page_view,desktop
16182,,s3001207,2026-08-22 10:49:50,page_view,desktop
16183,10485,s3001208,2026-08-22 05:57:56,page_view,mobile
16184,,s3001209,2026-08-22 06:48:54,page_view,desktop
16185,,s3001209,2026-08-22 06:50:03,page_view,desktop
16186,,s3001209,2026-08-22 06:50:09,add_to_cart,desktop
16187,,s3001210,2026-08-22 19:36:47,page_view,mobile
16188,,s3001210,2026-08-22 19:37:56,page_view,mobile
16189,,s3001210,2026-08-22 19:38:48,page_view,mobile
16190,,s3001210,2026-08-22 19:39:24,add_to_cart,mobile
16191,,s3001210,2026-08-22 19:41:06,begin_checkout,mobile
16192,,s3001210,2026-08-22 19:41:31,purchase,mobile
16193,,s3001211,2026-08-22 05:22:58,page_view,desktop
16194,,s3001211,2026-08-22 05:24:07,page_view,desktop
16195,,s3001211,2026-08-22 05:26:02,add_to_cart,desktop
16196,10145,s3001212,2026-08-22 07:11:00,page_view,tablet
16197,10145,s3001212,2026-08-22 07:12:16,add_to_cart,tablet
16198,,s3001213,2026-08-22 21:52:10,page_view,desktop
16199,,s3001213,2026-08-22 21:52:48,page_view,desktop
16200,,s3001213,2026-08-22 21:53:05,page_view,desktop
16201,,s3001213,2026-08-22 21:53:37,page_view,desktop
16202,,s3001213,2026-08-22 21:54:32,add_to_cart,desktop
16203,,s3001213,2026-08-22 21:55:35,begin_checkout,desktop
16204,,s3001213,2026-08-22 21:56:40,purchase,desktop
16205,10678,s3001214,2026-08-22 20:43:28,page_view,mobile
16206,10678,s3001214,2026-08-22 20:44:33,page_view,mobile
16207,,s3001215,2026-08-22 09:55:23,page_view,mobile
16208,10761,s3001216,2026-08-22 12:44:54,page_view,mobile
16209,10761,s3001216,2026-08-22 12:45:13,page_view,mobile
16210,10761,s3001216,2026-08-22 12:46:13,page_view,mobile
16211,10761,s3001216,2026-08-22 12:47:07,page_view,mobile
16212,10126,s3001217,2026-08-22 21:31:16,page_view,tablet
16213,10126,s3001217,2026-08-22 21:32:34,page_view,tablet
16214,10126,s3001217,2026-08-22 21:33:42,page_view,tablet
16215,10126,s3001217,2026-08-22 21:34:51,add_to_cart,tablet
16216,10558,s3001218,2026-08-22 12:20:31,page_view,tablet
16217,10558,s3001218,2026-08-22 12:22:15,page_view,tablet
16218,10558,s3001218,2026-08-22 12:22:43,page_view,tablet
16219,10558,s3001218,2026-08-22 12:22:50,add_to_cart,tablet
16220,10558,s3001218,2026-08-22 12:24:36,begin_checkout,tablet
16221,10558,s3001218,2026-08-22 12:26:00,purchase,tablet
16222,10025,s3001219,2026-08-22 10:35:59,page_view,desktop
16223,10025,s3001219,2026-08-22 10:37:23,page_view,desktop
16224,10025,s3001219,2026-08-22 10:39:19,page_view,desktop
16225,10533,s3001220,2026-08-22 08:22:03,page_view,desktop
16226,10533,s3001220,2026-08-22 08:22:26,page_view,desktop
16227,10533,s3001220,2026-08-22 08:23:50,page_view,desktop
16228,,s3001221,2026-08-22 07:43:09,page_view,desktop
16229,,s3001221,2026-08-22 07:44:20,page_view,desktop
16230,,s3001221,2026-08-22 07:45:05,add_to_cart,desktop
16231,,s3001221,2026-08-22 07:45:36,begin_checkout,desktop
16232,,s3001221,2026-08-22 07:46:13,purchase,desktop
16233,10483,s3001222,2026-08-22 03:13:49,page_view,mobile
16234,10483,s3001222,2026-08-22 03:14:27,page_view,mobile
16235,10483,s3001222,2026-08-22 03:15:53,add_to_cart,mobile
16236,10600,s3001223,2026-08-22 03:34:05,page_view,desktop
16237,10090,s3001224,2026-08-22 11:56:14,page_view,desktop
16238,10090,s3001224,2026-08-22 11:57:45,page_view,desktop
16239,10090,s3001224,2026-08-22 11:58:03,add_to_cart,desktop
16240,10073,s3001225,2026-08-22 16:11:01,page_view,mobile
16241,10073,s3001225,2026-08-22 16:11:31,page_view,mobile
16242,10477,s3001226,2026-08-22 01:34:45,page_view,mobile
16243,10477,s3001226,2026-08-22 01:36:34,page_view,mobile
16244,,s3001227,2026-08-22 18:08:20,page_view,mobile
16245,10562,s3001228,2026-08-22 19:53:48,page_view,mobile
16246,10562,s3001228,2026-08-22 19:54:29,page_view,mobile
16247,10562,s3001228,2026-08-22 19:54:39,page_view,mobile
16248,10562,s3001228,2026-08-22 19:55:37,page_view,mobile
16249,,s3001229,2026-08-22 19:54:30,page_view,desktop
16250,,s3001229,2026-08-22 19:55:29,page_view,desktop
16251,,s3001230,2026-08-22 15:55:00,page_view,mobile
16252,,s3001230,2026-08-22 15:56:31,page_view,mobile
16253,,s3001230,2026-08-22 15:57:35,page_view,mobile
16254,10148,s3001231,2026-08-22 14:13:16,page_view,mobile
16255,10148,s3001231,2026-08-22 14:13:24,page_view,mobile
16256,10148,s3001231,2026-08-22 14:14:19,add_to_cart,mobile
16257,,s3001232,2026-08-22 04:00:55,page_view,mobile
16258,,s3001232,2026-08-22 04:01:01,page_view,mobile
16259,,s3001232,2026-08-22 04:01:41,page_view,mobile
16260,,s3001232,2026-08-22 04:03:03,add_to_cart,mobile
16261,,s3001232,2026-08-22 04:05:01,begin_checkout,mobile
16262,,s3001232,2026-08-22 04:05:06,purchase,mobile
16263,10678,s3001233,2026-08-22 11:54:49,page_view,mobile
16264,,s3001234,2026-08-22 21:52:50,page_view,mobile
16265,,s3001234,2026-08-22 21:53:54,page_view,mobile
16266,,s3001234,2026-08-22 21:55:12,page_view,mobile
16267,,s3001234,2026-08-22 21:55:32,page_view,mobile
16268,10466,s3001235,2026-08-22 08:43:32,page_view,mobile
16269,10466,s3001235,2026-08-22 08:43:50,page_view,mobile
16270,10466,s3001235,2026-08-22 08:44:00,page_view,mobile
16271,10466,s3001235,2026-08-22 08:46:00,page_view,mobile
16272,10466,s3001235,2026-08-22 08:47:03,add_to_cart,mobile
16273,10158,s3001236,2026-08-23 12:39:02,page_view,desktop
16274,10158,s3001236,2026-08-23 12:40:46,add_to_cart,desktop
16275,10011,s3001237,2026-08-23 19:16:33,page_view,Mobile
16276,10011,s3001237,2026-08-23 19:17:10,page_view,Mobile
16277,,s3001238,2026-08-23 11:22:18,page_view,desktop
16278,,s3001238,2026-08-23 11:22:50,add_to_cart,desktop
16279,,s3001238,2026-08-23 11:23:45,begin_checkout,desktop
16280,,s3001238,2026-08-23 11:24:13,purchase,desktop
16281,10216,s3001239,2026-08-23 03:43:36,page_view,desktop
16282,10216,s3001239,2026-08-23 03:43:43,page_view,desktop
16283,,s3001240,2026-08-23 07:16:43,page_view,desktop
16284,,s3001240,2026-08-23 07:18:17,page_view,desktop
16285,,s3001241,2026-08-23 03:22:25,page_view,mobile
16286,,s3001241,2026-08-23 03:23:50,add_to_cart,mobile
16287,,s3001241,2026-08-23 03:25:36,begin_checkout,mobile
16288,,s3001241,2026-08-23 03:26:14,purchase,mobile
16289,,s3001242,2026-08-23 01:57:03,page_view,mobile
16290,,s3001242,2026-08-23 01:57:17,page_view,mobile
16291,,s3001242,2026-08-23 01:57:40,page_view,mobile
16292,,s3001242,2026-08-23 01:57:45,add_to_cart,mobile
16293,,s3001242,2026-08-23 01:59:07,begin_checkout,mobile
16294,,s3001242,2026-08-23 02:00:10,purchase,mobile
16295,,s3001243,2026-08-23 02:23:26,page_view,desktop
16296,,s3001243,2026-08-23 02:25:26,page_view,desktop
16297,,s3001243,2026-08-23 02:26:21,page_view,desktop
16298,,s3001243,2026-08-23 02:28:08,page_view,desktop
16299,10355,s3001244,2026-08-23 14:42:58,page_view,mobile
16300,10355,s3001244,2026-08-23 14:43:18,page_view,mobile
16301,10355,s3001244,2026-08-23 14:43:43,page_view,mobile
16302,10355,s3001244,2026-08-23 14:44:44,page_view,mobile
16303,,s3001245,2026-08-23 11:50:43,page_view,mobile
16304,,s3001245,2026-08-23 11:50:54,page_view,mobile
16305,,s3001245,2026-08-23 11:52:51,page_view,mobile
16306,10026,s3001246,2026-08-23 08:57:32,page_view,desktop
16307,10026,s3001246,2026-08-23 08:58:47,page_view,desktop
16308,10597,s3001247,2026-08-23 18:45:33,page_view,mobile
16309,,s3001248,2026-08-23 12:36:38,page_view,desktop
16310,10554,s3001249,2026-08-23 13:10:58,page_view,mobile
16311,10554,s3001249,2026-08-23 13:11:13,page_view,mobile
16312,10554,s3001249,2026-08-23 13:12:13,page_view,mobile
16313,10554,s3001249,2026-08-23 13:12:47,page_view,mobile
16314,10165,s3001250,2026-08-23 07:57:06,page_view,desktop
16315,10165,s3001250,2026-08-23 07:58:43,add_to_cart,desktop
16316,,s3001251,2026-08-23 10:28:43,page_view,desktop
16317,10423,s3001252,2026-08-23 15:29:25,page_view,desktop
16318,10423,s3001252,2026-08-23 15:30:29,page_view,desktop
16319,10481,s3001253,2026-08-23 04:09:41,page_view,desktop
16320,10481,s3001253,2026-08-23 04:09:46,page_view,desktop
16321,10481,s3001253,2026-08-23 04:10:38,page_view,desktop
16322,10481,s3001253,2026-08-23 04:11:13,page_view,desktop
16323,10608,s3001254,2026-08-23 17:09:07,page_view,desktop
16324,10608,s3001254,2026-08-23 17:09:19,page_view,desktop
16325,10608,s3001254,2026-08-23 17:11:10,page_view,desktop
16326,10608,s3001254,2026-08-23 17:13:01,page_view,desktop
16327,10608,s3001254,2026-08-23 17:13:14,add_to_cart,desktop
16328,10608,s3001254,2026-08-23 17:13:46,begin_checkout,desktop
16329,10608,s3001254,2026-08-23 17:15:12,purchase,desktop
16330,10092,s3001255,2026-08-23 05:38:16,page_view,mobile
16331,10092,s3001255,2026-08-23 05:38:49,page_view,mobile
16332,10092,s3001255,2026-08-23 05:40:14,page_view,mobile
16333,10092,s3001255,2026-08-23 05:41:15,add_to_cart,mobile
16334,,s3001256,2026-08-23 08:53:47,page_view,desktop
16335,,s3001256,2026-08-23 08:54:53,page_view,desktop
16336,,s3001256,2026-08-23 08:55:14,page_view,desktop
16337,,s3001256,2026-08-23 08:56:40,page_view,desktop
16338,,s3001256,2026-08-23 08:56:55,add_to_cart,desktop
16339,,s3001256,2026-08-23 08:57:01,begin_checkout,desktop
16340,,s3001256,2026-08-23 08:58:38,purchase,desktop
16341,10412,s3001257,2026-08-23 00:55:18,page_view,desktop
16342,10147,s3001258,2026-08-23 17:57:19,page_view,Mobile
16343,,s3001259,2026-08-23 13:45:53,page_view,desktop
16344,,s3001259,2026-08-23 13:47:36,add_to_cart,desktop
16345,10576,s3001260,2026-08-23 09:42:51,page_view,Mobile
16346,10576,s3001260,2026-08-23 09:43:09,add_to_cart,Mobile
16347,10576,s3001260,2026-08-23 09:44:28,begin_checkout,Mobile
16348,10576,s3001260,2026-08-23 09:45:06,purchase,Mobile
16349,10473,s3001261,2026-08-23 02:16:29,page_view,tablet
16350,10473,s3001261,2026-08-23 02:17:16,page_view,tablet
16351,10473,s3001261,2026-08-23 02:19:02,page_view,tablet
16352,10473,s3001261,2026-08-23 02:20:41,page_view,tablet
16353,10473,s3001261,2026-08-23 02:22:16,add_to_cart,tablet
16354,10127,s3001262,2026-08-23 18:04:04,page_view,desktop
16355,10127,s3001262,2026-08-23 18:04:09,page_view,desktop
16356,10548,s3001263,2026-08-23 06:20:53,page_view,desktop
16357,10548,s3001263,2026-08-23 06:22:47,page_view,desktop
16358,10548,s3001263,2026-08-23 06:23:32,page_view,desktop
16359,,s3001264,2026-08-23 08:32:40,page_view,desktop
16360,,s3001264,2026-08-23 08:33:16,page_view,desktop
16361,10578,s3001265,2026-08-23 13:26:18,page_view,mobile
16362,10578,s3001265,2026-08-23 13:27:33,page_view,mobile
16363,10578,s3001265,2026-08-23 13:28:33,page_view,mobile
16364,,s3001266,2026-08-23 13:25:21,page_view,desktop
16365,,s3001266,2026-08-23 13:26:05,add_to_cart,desktop
16366,10519,s3001267,2026-08-23 12:43:48,page_view,desktop
16367,10519,s3001267,2026-08-23 12:43:58,page_view,desktop
16368,10519,s3001267,2026-08-23 12:44:36,page_view,desktop
16369,10519,s3001267,2026-08-23 12:45:16,page_view,desktop
16370,10049,s3001268,2026-08-23 20:34:54,page_view,mobile
16371,10049,s3001268,2026-08-23 20:35:43,page_view,mobile
16372,10049,s3001268,2026-08-23 20:36:11,add_to_cart,mobile
16373,,s3001269,2026-08-23 13:54:04,page_view,desktop
16374,,s3001269,2026-08-23 13:54:10,page_view,desktop
16375,,s3001269,2026-08-23 13:55:51,page_view,desktop
16376,,s3001269,2026-08-23 13:57:32,page_view,desktop
16377,10242,s3001270,2026-08-23 00:23:46,page_view,desktop
16378,10242,s3001270,2026-08-23 00:25:35,page_view,desktop
16379,10242,s3001270,2026-08-23 00:27:28,page_view,desktop
16380,10273,s3001271,2026-08-23 19:27:00,page_view,desktop
16381,10273,s3001271,2026-08-23 19:28:02,page_view,desktop
16382,10273,s3001271,2026-08-23 19:29:10,page_view,desktop
16383,10273,s3001271,2026-08-23 19:30:12,page_view,desktop
16384,10140,s3001272,2026-08-23 09:46:29,page_view,mobile
16385,10140,s3001272,2026-08-23 09:47:51,page_view,mobile
16386,10140,s3001272,2026-08-23 09:49:25,add_to_cart,mobile
16387,10140,s3001272,2026-08-23 09:49:35,begin_checkout,mobile
16388,10140,s3001272,2026-08-23 09:50:16,purchase,mobile
16389,10096,s3001273,2026-08-23 06:17:35,page_view,mobile
16390,10096,s3001273,2026-08-23 06:18:51,page_view,mobile
16391,10660,s3001274,2026-08-23 14:32:57,page_view,desktop
16392,10660,s3001274,2026-08-23 14:34:53,page_view,desktop
16393,10660,s3001274,2026-08-23 14:35:52,page_view,desktop
16394,10660,s3001274,2026-08-23 14:37:08,page_view,desktop
16395,10700,s3001275,2026-08-23 00:38:16,page_view,desktop
16396,10700,s3001275,2026-08-23 00:40:04,page_view,desktop
16397,10700,s3001275,2026-08-23 00:41:27,page_view,desktop
16398,10700,s3001275,2026-08-23 00:41:30,page_view,desktop
16399,10700,s3001275,2026-08-23 00:43:26,add_to_cart,desktop
16400,10410,s3001276,2026-08-23 04:06:15,page_view,tablet
16401,10410,s3001276,2026-08-23 04:06:52,page_view,tablet
16402,10349,s3001277,2026-08-23 19:03:44,page_view,mobile
16403,10349,s3001277,2026-08-23 19:05:33,page_view,mobile
16404,10349,s3001277,2026-08-23 19:07:18,add_to_cart,mobile
16405,10581,s3001278,2026-08-23 12:18:25,page_view,mobile
16406,10581,s3001278,2026-08-23 12:19:32,page_view,mobile
16407,10115,s3001279,2026-08-23 10:23:05,page_view,desktop
16408,10115,s3001279,2026-08-23 10:24:54,page_view,desktop
16409,10115,s3001279,2026-08-23 10:25:52,add_to_cart,desktop
16410,10782,s3001280,2026-08-23 10:29:09,page_view,tablet
16411,10613,s3001281,2026-08-23 00:20:26,page_view,mobile
16412,10704,s3001282,2026-08-23 06:32:50,page_view,mobile
16413,10704,s3001282,2026-08-23 06:33:28,add_to_cart,mobile
16414,,s3001283,2026-08-23 12:30:33,page_view,mobile
16415,10225,s3001284,2026-08-23 06:30:54,page_view,desktop
16416,10225,s3001284,2026-08-23 06:31:16,page_view,desktop
16417,10225,s3001284,2026-08-23 06:32:59,page_view,desktop
16418,10225,s3001284,2026-08-23 06:33:43,page_view,desktop
16419,10378,s3001285,2026-08-23 06:31:38,page_view,desktop
16420,10378,s3001285,2026-08-23 06:33:28,page_view,desktop
16421,10378,s3001285,2026-08-23 06:35:21,page_view,desktop
16422,10378,s3001285,2026-08-23 06:36:17,page_view,desktop
16423,10378,s3001285,2026-08-23 06:37:43,add_to_cart,desktop
16424,10378,s3001285,2026-08-23 06:39:29,begin_checkout,desktop
16425,10378,s3001285,2026-08-23 06:40:48,purchase,desktop
16426,10340,s3001286,2026-08-23 07:24:48,page_view,mobile
16427,10340,s3001286,2026-08-23 07:26:41,page_view,mobile
16428,10107,s3001287,2026-08-23 04:37:57,page_view,mobile
16429,10107,s3001287,2026-08-23 04:38:50,page_view,mobile
16430,,s3001288,2026-08-23 11:46:29,page_view,tablet
16431,,s3001288,2026-08-23 11:47:08,page_view,tablet
16432,,s3001288,2026-08-23 11:48:40,page_view,tablet
16433,,s3001289,2026-08-23 09:30:08,page_view,mobile
16434,10755,s3001290,2026-08-23 17:51:24,page_view,desktop
16435,10755,s3001290,2026-08-23 17:52:44,page_view,desktop
16436,10755,s3001290,2026-08-23 17:54:03,add_to_cart,desktop
16437,10479,s3001291,2026-08-24 06:59:55,page_view,desktop
16438,10479,s3001291,2026-08-24 07:01:37,page_view,desktop
16439,10479,s3001291,2026-08-24 07:03:18,page_view,desktop
16440,10479,s3001291,2026-08-24 07:04:12,page_view,desktop
16441,10302,s3001292,2026-08-24 20:56:01,page_view,mobile
16442,10302,s3001292,2026-08-24 20:57:16,add_to_cart,mobile
16443,10302,s3001292,2026-08-24 20:59:06,begin_checkout,mobile
16444,10302,s3001292,2026-08-24 21:00:30,purchase,mobile
16445,10548,s3001293,2026-08-24 09:11:05,page_view,mobile
16446,10239,s3001294,2026-08-24 03:03:49,page_view,Desktop
16447,,s3001295,2026-08-24 22:13:49,page_view,desktop
16448,,s3001295,2026-08-24 22:15:05,page_view,desktop
16449,,s3001295,2026-08-24 22:16:54,page_view,desktop
16450,10347,s3001296,2026-08-24 10:15:22,page_view,mobile
16451,10347,s3001296,2026-08-24 10:16:23,page_view,mobile
16452,10347,s3001296,2026-08-24 10:16:42,page_view,mobile
16453,10347,s3001296,2026-08-24 10:17:02,page_view,mobile
16454,10347,s3001296,2026-08-24 10:18:40,add_to_cart,mobile
16455,10694,s3001297,2026-08-24 18:51:45,page_view,desktop
16456,10694,s3001297,2026-08-24 18:52:02,page_view,desktop
16457,10694,s3001297,2026-08-24 18:52:21,page_view,desktop
16458,10694,s3001297,2026-08-24 18:53:30,page_view,desktop
16459,10694,s3001297,2026-08-24 18:53:57,add_to_cart,desktop
16460,10694,s3001297,2026-08-24 18:55:41,begin_checkout,desktop
16461,10156,s3001298,2026-08-24 20:38:43,page_view,desktop
16462,10156,s3001298,2026-08-24 20:39:02,page_view,desktop
16463,10156,s3001298,2026-08-24 20:40:30,page_view,desktop
16464,10156,s3001298,2026-08-24 20:41:21,add_to_cart,desktop
16465,10156,s3001298,2026-08-24 20:42:03,begin_checkout,desktop
16466,10156,s3001298,2026-08-24 20:43:23,purchase,desktop
16467,,s3001299,2026-08-24 00:06:08,page_view,mobile
16468,,s3001299,2026-08-24 00:07:47,page_view,mobile
16469,,s3001299,2026-08-24 00:08:55,page_view,mobile
16470,,s3001299,2026-08-24 00:10:21,page_view,mobile
16471,,s3001299,2026-08-24 00:10:37,add_to_cart,mobile
16472,,s3001299,2026-08-24 00:12:24,begin_checkout,mobile
16473,,s3001299,2026-08-24 00:13:13,purchase,mobile
16474,,s3001300,2026-08-24 02:42:26,page_view,desktop
16475,10190,s3001301,2026-08-24 07:34:16,page_view,mobile
16476,10190,s3001301,2026-08-24 07:35:11,page_view,mobile
16477,10190,s3001301,2026-08-24 07:36:23,page_view,mobile
16478,,s3001302,2026-08-24 07:41:54,page_view,desktop
16479,,s3001302,2026-08-24 07:42:45,page_view,desktop
16480,,s3001302,2026-08-24 07:44:12,page_view,desktop
16481,,s3001302,2026-08-24 07:45:07,page_view,desktop
16482,,s3001302,2026-08-24 07:46:39,add_to_cart,desktop
16483,,s3001302,2026-08-24 07:47:01,begin_checkout,desktop
16484,,s3001303,2026-08-24 04:33:18,page_view,Desktop
16485,,s3001303,2026-08-24 04:34:39,page_view,Desktop
16486,,s3001303,2026-08-24 04:35:37,page_view,Desktop
16487,,s3001303,2026-08-24 04:36:09,add_to_cart,Desktop
16488,,s3001303,2026-08-24 04:37:44,begin_checkout,Desktop
16489,,s3001304,2026-08-24 06:28:53,page_view,mobile
16490,,s3001304,2026-08-24 06:30:33,page_view,mobile
16491,,s3001304,2026-08-24 06:32:16,page_view,mobile
16492,,s3001305,2026-08-24 22:45:50,page_view,mobile
16493,10043,s3001306,2026-08-24 20:56:20,page_view,mobile
16494,10043,s3001306,2026-08-24 20:56:30,add_to_cart,mobile
16495,10426,s3001307,2026-08-24 01:05:24,page_view,mobile
16496,10426,s3001307,2026-08-24 01:05:32,page_view,mobile
16497,10426,s3001307,2026-08-24 01:07:17,page_view,mobile
16498,10426,s3001307,2026-08-24 01:07:54,add_to_cart,mobile
16499,,s3001308,2026-08-24 11:04:25,page_view,mobile
16500,,s3001308,2026-08-24 11:05:05,page_view,mobile
16501,10398,s3001309,2026-08-24 12:51:19,page_view,mobile
16502,10398,s3001309,2026-08-24 12:52:52,page_view,mobile
16503,10398,s3001309,2026-08-24 12:53:28,page_view,mobile
16504,10591,s3001310,2026-08-24 20:31:55,page_view,mobile
16505,10591,s3001310,2026-08-24 20:33:16,page_view,mobile
16506,10404,s3001311,2026-08-24 13:24:54,page_view,mobile
16507,10404,s3001311,2026-08-24 13:25:56,page_view,mobile
16508,10404,s3001311,2026-08-24 13:27:35,page_view,mobile
16509,10488,s3001312,2026-08-24 21:02:52,page_view,desktop
16510,10488,s3001312,2026-08-24 21:03:32,page_view,desktop
16511,10488,s3001312,2026-08-24 21:05:16,page_view,desktop
16512,10488,s3001312,2026-08-24 21:07:02,page_view,desktop
16513,10488,s3001312,2026-08-24 21:08:38,add_to_cart,desktop
16514,10488,s3001312,2026-08-24 21:10:01,begin_checkout,desktop
16515,,s3001313,2026-08-24 05:10:58,page_view,mobile
16516,,s3001314,2026-08-24 18:08:35,page_view,desktop
16517,,s3001314,2026-08-24 18:10:29,page_view,desktop
16518,,s3001314,2026-08-24 18:10:42,add_to_cart,desktop
16519,10189,s3001315,2026-08-24 21:19:52,page_view,desktop
16520,10189,s3001315,2026-08-24 21:21:07,page_view,desktop
16521,10189,s3001315,2026-08-24 21:22:46,page_view,desktop
16522,10189,s3001315,2026-08-24 21:23:42,page_view,desktop
16523,10189,s3001315,2026-08-24 21:24:35,add_to_cart,desktop
16524,10189,s3001315,2026-08-24 21:25:03,begin_checkout,desktop
16525,10189,s3001315,2026-08-24 21:26:30,purchase,desktop
16526,10503,s3001316,2026-08-24 18:21:30,page_view,mobile
16527,10503,s3001316,2026-08-24 18:23:13,page_view,mobile
16528,10503,s3001316,2026-08-24 18:23:38,page_view,mobile
16529,10503,s3001316,2026-08-24 18:24:05,page_view,mobile
16530,10503,s3001316,2026-08-24 18:24:40,add_to_cart,mobile
16531,10503,s3001316,2026-08-24 18:24:59,begin_checkout,mobile
16532,10503,s3001316,2026-08-24 18:25:41,purchase,mobile
16533,,s3001317,2026-08-24 21:58:03,page_view,mobile
16534,10392,s3001318,2026-08-24 18:11:39,page_view,desktop
16535,10392,s3001318,2026-08-24 18:11:59,page_view,desktop
16536,,s3001319,2026-08-24 08:06:40,page_view,tablet
16537,,s3001319,2026-08-24 08:06:55,add_to_cart,tablet
16538,,s3001319,2026-08-24 08:08:06,begin_checkout,tablet
16539,,s3001320,2026-08-24 10:44:17,page_view,tablet
16540,,s3001320,2026-08-24 10:44:51,page_view,tablet
16541,,s3001320,2026-08-24 10:45:28,page_view,tablet
16542,,s3001320,2026-08-24 10:46:20,page_view,tablet
16543,10397,s3001321,2026-08-24 10:21:04,page_view,tablet
16544,10397,s3001321,2026-08-24 10:22:06,page_view,tablet
16545,10397,s3001321,2026-08-24 10:23:30,page_view,tablet
16546,10397,s3001321,2026-08-24 10:24:58,page_view,tablet
16547,10397,s3001321,2026-08-24 10:26:17,add_to_cart,tablet
16548,,s3001322,2026-08-24 01:00:40,page_view,desktop
16549,10382,s3001323,2026-08-24 01:20:43,page_view,desktop
16550,10382,s3001323,2026-08-24 01:20:57,page_view,desktop
16551,10382,s3001323,2026-08-24 01:21:50,page_view,desktop
16552,10382,s3001323,2026-08-24 01:22:52,page_view,desktop
16553,10382,s3001323,2026-08-24 01:24:19,add_to_cart,desktop
16554,10470,s3001324,2026-08-24 18:01:02,page_view,mobile
16555,10470,s3001324,2026-08-24 18:02:33,page_view,mobile
16556,10470,s3001324,2026-08-24 18:03:12,page_view,mobile
16557,10470,s3001324,2026-08-24 18:04:00,page_view,mobile
16558,,s3001325,2026-08-24 10:40:01,page_view,desktop
16559,,s3001325,2026-08-24 10:41:26,page_view,desktop
16560,,s3001325,2026-08-24 10:41:30,page_view,desktop
16561,,s3001325,2026-08-24 10:41:57,page_view,desktop
16562,,s3001325,2026-08-24 10:42:36,add_to_cart,desktop
16563,,s3001326,2026-08-24 16:41:50,page_view,mobile
16564,,s3001326,2026-08-24 16:42:38,page_view,mobile
16565,10247,s3001327,2026-08-24 11:59:43,page_view,tablet
16566,10247,s3001327,2026-08-24 12:01:01,page_view,tablet
16567,10247,s3001327,2026-08-24 12:01:46,page_view,tablet
16568,10152,s3001328,2026-08-24 03:31:31,page_view,mobile
16569,10152,s3001328,2026-08-24 03:31:59,page_view,mobile
16570,10152,s3001328,2026-08-24 03:32:44,page_view,mobile
16571,10152,s3001328,2026-08-24 03:33:47,add_to_cart,mobile
16572,10152,s3001328,2026-08-24 03:33:51,begin_checkout,mobile
16573,10079,s3001329,2026-08-24 10:16:21,page_view,desktop
16574,10079,s3001329,2026-08-24 10:17:20,page_view,desktop
16575,10079,s3001329,2026-08-24 10:17:55,page_view,desktop
16576,10079,s3001329,2026-08-24 10:19:44,add_to_cart,desktop
16577,10079,s3001329,2026-08-24 10:20:47,begin_checkout,desktop
16578,,s3001330,2026-08-24 15:44:00,page_view,tablet
16579,,s3001330,2026-08-24 15:45:57,page_view,tablet
16580,,s3001330,2026-08-24 15:47:02,page_view,tablet
16581,,s3001330,2026-08-24 15:48:08,page_view,tablet
16582,,s3001330,2026-08-24 15:48:44,add_to_cart,tablet
16583,,s3001330,2026-08-24 15:49:03,begin_checkout,tablet
16584,,s3001330,2026-08-24 15:50:57,purchase,tablet
16585,10196,s3001331,2026-08-24 22:34:08,page_view,desktop
16586,10196,s3001331,2026-08-24 22:34:12,page_view,desktop
16587,10196,s3001331,2026-08-24 22:35:23,page_view,desktop
16588,10196,s3001331,2026-08-24 22:35:47,add_to_cart,desktop
16589,10744,s3001332,2026-08-24 14:02:22,page_view,desktop
16590,10744,s3001332,2026-08-24 14:02:58,page_view,desktop
16591,10547,s3001333,2026-08-24 09:26:26,page_view,desktop
16592,10547,s3001333,2026-08-24 09:26:41,page_view,desktop
16593,10547,s3001333,2026-08-24 09:28:27,add_to_cart,desktop
16594,10547,s3001333,2026-08-24 09:29:39,begin_checkout,desktop
16595,10547,s3001333,2026-08-24 09:31:25,purchase,desktop
16596,10143,s3001334,2026-08-24 06:20:57,page_view,mobile
16597,10143,s3001334,2026-08-24 06:21:54,page_view,mobile
16598,10143,s3001334,2026-08-24 06:23:12,page_view,mobile
16599,10143,s3001334,2026-08-24 06:24:06,page_view,mobile
16600,10143,s3001334,2026-08-24 06:24:12,add_to_cart,mobile
16601,10105,s3001335,2026-08-24 13:00:24,page_view,desktop
16602,10105,s3001335,2026-08-24 13:01:00,page_view,desktop
16603,,s3001336,2026-08-24 10:44:52,page_view,desktop
16604,10195,s3001337,2026-08-24 06:49:44,page_view,mobile
16605,10195,s3001337,2026-08-24 06:50:00,page_view,mobile
16606,10195,s3001337,2026-08-24 06:51:22,add_to_cart,mobile
16607,10195,s3001337,2026-08-24 06:53:21,begin_checkout,mobile
16608,10653,s3001338,2026-08-25 11:16:24,page_view,desktop
16609,10653,s3001338,2026-08-25 11:17:10,page_view,desktop
16610,10428,s3001339,2026-08-25 21:37:04,page_view,mobile
16611,10428,s3001339,2026-08-25 21:37:12,page_view,mobile
16612,10428,s3001339,2026-08-25 21:38:01,page_view,mobile
16613,10428,s3001339,2026-08-25 21:39:33,page_view,mobile
16614,,s3001340,2026-08-25 00:55:07,page_view,desktop
16615,,s3001340,2026-08-25 00:56:31,add_to_cart,desktop
16616,,s3001341,2026-08-25 00:56:10,page_view,desktop
16617,,s3001341,2026-08-25 00:57:15,page_view,desktop
16618,,s3001341,2026-08-25 00:59:12,page_view,desktop
16619,,s3001341,2026-08-25 01:00:03,page_view,desktop
16620,,s3001341,2026-08-25 01:00:12,add_to_cart,desktop
16621,,s3001341,2026-08-25 01:00:41,begin_checkout,desktop
16622,,s3001341,2026-08-25 01:02:08,purchase,desktop
16623,,s3001342,2026-08-25 13:43:13,page_view,mobile
16624,,s3001342,2026-08-25 13:44:59,page_view,mobile
16625,,s3001342,2026-08-25 13:45:06,page_view,mobile
16626,,s3001342,2026-08-25 13:45:18,page_view,mobile
16627,,s3001343,2026-08-25 14:51:18,page_view,Mobile
16628,,s3001344,2026-08-25 01:29:37,page_view,mobile
16629,,s3001344,2026-08-25 01:30:24,page_view,mobile
16630,10095,s3001345,2026-08-25 14:50:45,page_view,Desktop
16631,10095,s3001345,2026-08-25 14:52:41,page_view,Desktop
16632,,s3001346,2026-08-25 11:19:20,page_view,desktop
16633,10564,s3001347,2026-08-25 01:33:27,page_view,mobile
16634,10564,s3001347,2026-08-25 01:33:54,page_view,mobile
16635,10564,s3001347,2026-08-25 01:35:47,page_view,mobile
16636,10594,s3001348,2026-08-25 11:25:58,page_view,mobile
16637,10594,s3001348,2026-08-25 11:27:52,page_view,mobile
16638,10594,s3001348,2026-08-25 11:28:55,page_view,mobile
16639,10594,s3001348,2026-08-25 11:30:44,page_view,mobile
16640,10450,s3001349,2026-08-25 09:46:59,page_view,desktop
16641,10450,s3001349,2026-08-25 09:48:24,page_view,desktop
16642,10450,s3001349,2026-08-25 09:48:51,page_view,desktop
16643,,s3001350,2026-08-25 00:53:46,page_view,mobile
16644,,s3001350,2026-08-25 00:55:33,add_to_cart,mobile
16645,10615,s3001351,2026-08-25 19:25:40,page_view,desktop
16646,10462,s3001352,2026-08-25 11:09:04,page_view,desktop
16647,10462,s3001352,2026-08-25 11:11:00,page_view,desktop
16648,,s3001353,2026-08-25 13:54:39,page_view,mobile
16649,,s3001353,2026-08-25 13:55:59,page_view,mobile
16650,,s3001353,2026-08-25 13:56:35,page_view,mobile
16651,,s3001354,2026-08-25 05:24:02,page_view,desktop
16652,,s3001354,2026-08-25 05:25:36,page_view,desktop
16653,,s3001354,2026-08-25 05:25:56,page_view,desktop
16654,,s3001354,2026-08-25 05:26:40,add_to_cart,desktop
16655,,s3001354,2026-08-25 05:27:05,begin_checkout,desktop
16656,,s3001354,2026-08-25 05:27:58,purchase,desktop
16657,,s3001355,2026-08-25 11:20:46,page_view,mobile
16658,10308,s3001356,2026-08-25 09:06:05,page_view,mobile
16659,10308,s3001356,2026-08-25 09:06:14,page_view,mobile
16660,10308,s3001356,2026-08-25 09:06:28,page_view,mobile
16661,10308,s3001356,2026-08-25 09:06:42,page_view,mobile
16662,10308,s3001356,2026-08-25 09:07:52,add_to_cart,mobile
16663,10308,s3001356,2026-08-25 09:09:14,begin_checkout,mobile
16664,10351,s3001357,2026-08-25 16:05:09,page_view,mobile
16665,10329,s3001358,2026-08-25 09:02:54,page_view,mobile
16666,10329,s3001358,2026-08-25 09:03:24,page_view,mobile
16667,10329,s3001358,2026-08-25 09:05:01,page_view,mobile
16668,10329,s3001358,2026-08-25 09:05:24,page_view,mobile
16669,10329,s3001358,2026-08-25 09:06:46,add_to_cart,mobile
16670,10329,s3001358,2026-08-25 09:08:31,begin_checkout,mobile
16671,10329,s3001358,2026-08-25 09:10:00,purchase,mobile
16672,10288,s3001359,2026-08-25 02:53:49,page_view,mobile
16673,10288,s3001359,2026-08-25 02:55:31,page_view,mobile
16674,10288,s3001359,2026-08-25 02:57:17,page_view,mobile
16675,10288,s3001359,2026-08-25 02:59:11,page_view,mobile
16676,10288,s3001359,2026-08-25 03:00:38,add_to_cart,mobile
16677,10288,s3001359,2026-08-25 03:01:45,begin_checkout,mobile
16678,10288,s3001359,2026-08-25 03:02:02,purchase,mobile
16679,,s3001360,2026-08-25 11:22:17,page_view,Mobile
16680,,s3001360,2026-08-25 11:22:32,add_to_cart,Mobile
16681,10272,s3001361,2026-08-25 11:23:07,page_view,desktop
16682,10272,s3001361,2026-08-25 11:23:15,page_view,desktop
16683,10272,s3001361,2026-08-25 11:23:27,add_to_cart,desktop
16684,10019,s3001362,2026-08-25 07:13:55,page_view,desktop
16685,10019,s3001362,2026-08-25 07:14:59,page_view,desktop
16686,10019,s3001362,2026-08-25 07:15:34,page_view,desktop
16687,10019,s3001362,2026-08-25 07:15:51,add_to_cart,desktop
16688,10019,s3001362,2026-08-25 07:17:36,begin_checkout,desktop
16689,,s3001363,2026-08-25 04:44:52,page_view,desktop
16690,,s3001363,2026-08-25 04:46:26,page_view,desktop
16691,,s3001363,2026-08-25 04:47:38,page_view,desktop
16692,10102,s3001364,2026-08-25 21:19:25,page_view,mobile
16693,10102,s3001364,2026-08-25 21:20:19,page_view,mobile
16694,10102,s3001364,2026-08-25 21:21:36,page_view,mobile
16695,10102,s3001364,2026-08-25 21:23:23,add_to_cart,mobile
16696,10102,s3001364,2026-08-25 21:23:43,begin_checkout,mobile
16697,10281,s3001365,2026-08-25 04:11:59,page_view,mobile
16698,10281,s3001365,2026-08-25 04:12:03,page_view,mobile
16699,,s3001366,2026-08-25 09:41:12,page_view,desktop
16700,,s3001366,2026-08-25 09:41:35,page_view,desktop
16701,,s3001366,2026-08-25 09:42:25,page_view,desktop
16702,,s3001366,2026-08-25 09:44:01,add_to_cart,desktop
16703,,s3001367,2026-08-25 00:56:31,page_view,mobile
16704,10326,s3001368,2026-08-25 21:22:20,page_view,desktop
16705,10326,s3001368,2026-08-25 21:23:05,page_view,desktop
16706,10326,s3001368,2026-08-25 21:24:43,page_view,desktop
16707,10326,s3001368,2026-08-25 21:26:06,page_view,desktop
16708,,s3001369,2026-08-25 11:01:04,page_view,mobile
16709,,s3001369,2026-08-25 11:01:58,page_view,mobile
16710,10475,s3001370,2026-08-25 02:13:11,page_view,mobile
16711,10475,s3001370,2026-08-25 02:13:22,page_view,mobile
16712,10475,s3001370,2026-08-25 02:13:46,page_view,mobile
16713,10475,s3001370,2026-08-25 02:13:57,page_view,mobile
16714,10475,s3001370,2026-08-25 02:15:09,add_to_cart,mobile
16715,10475,s3001370,2026-08-25 02:15:41,begin_checkout,mobile
16716,10475,s3001370,2026-08-25 02:17:20,purchase,mobile
16717,,s3001371,2026-08-25 09:22:20,page_view,desktop
16718,,s3001371,2026-08-25 09:24:09,page_view,desktop
16719,,s3001371,2026-08-25 09:25:43,add_to_cart,desktop
16720,,s3001371,2026-08-25 09:25:56,begin_checkout,desktop
16721,10129,s3001372,2026-08-25 11:10:02,page_view,desktop
16722,10129,s3001372,2026-08-25 11:11:54,page_view,desktop
16723,10129,s3001372,2026-08-25 11:11:58,page_view,desktop
16724,10129,s3001372,2026-08-25 11:13:07,add_to_cart,desktop
16725,10129,s3001372,2026-08-25 11:14:15,begin_checkout,desktop
16726,10129,s3001372,2026-08-25 11:14:33,purchase,desktop
16727,,s3001373,2026-08-25 16:15:32,page_view,mobile
16728,,s3001373,2026-08-25 16:17:17,page_view,mobile
16729,,s3001373,2026-08-25 16:19:08,page_view,mobile
16730,,s3001373,2026-08-25 16:19:51,add_to_cart,mobile
16731,10032,s3001374,2026-08-25 20:08:32,page_view,mobile
16732,10032,s3001374,2026-08-25 20:09:51,page_view,mobile
16733,10032,s3001374,2026-08-25 20:11:46,page_view,mobile
16734,10032,s3001374,2026-08-25 20:12:42,page_view,mobile
16735,10326,s3001375,2026-08-25 15:57:26,page_view,mobile
16736,10326,s3001375,2026-08-25 15:57:50,page_view,mobile
16737,10326,s3001375,2026-08-25 15:57:58,page_view,mobile
16738,10326,s3001375,2026-08-25 15:58:51,page_view,mobile
16739,,s3001376,2026-08-25 14:39:57,page_view,desktop
16740,,s3001376,2026-08-25 14:41:47,add_to_cart,desktop
16741,10302,s3001377,2026-08-25 11:31:02,page_view,desktop
16742,10302,s3001377,2026-08-25 11:31:05,page_view,desktop
16743,10302,s3001377,2026-08-25 11:31:57,page_view,desktop
16744,,s3001378,2026-08-25 20:55:58,page_view,mobile
16745,,s3001378,2026-08-25 20:56:26,page_view,mobile
16746,,s3001378,2026-08-25 20:57:17,page_view,mobile
16747,,s3001378,2026-08-25 20:58:50,page_view,mobile
16748,10543,s3001379,2026-08-25 17:05:40,page_view,desktop
16749,10543,s3001379,2026-08-25 17:05:43,add_to_cart,desktop
16750,10543,s3001379,2026-08-25 17:06:48,begin_checkout,desktop
16751,10543,s3001379,2026-08-25 17:07:07,purchase,desktop
16752,,s3001380,2026-08-25 18:11:08,page_view,mobile
16753,,s3001380,2026-08-25 18:12:21,page_view,mobile
16754,,s3001380,2026-08-25 18:12:52,page_view,mobile
16755,10462,s3001381,2026-08-25 21:39:01,page_view,mobile
16756,10462,s3001381,2026-08-25 21:40:40,page_view,mobile
16757,10462,s3001381,2026-08-25 21:42:13,page_view,mobile
16758,10462,s3001381,2026-08-25 21:42:26,page_view,mobile
16759,,s3001382,2026-08-25 09:49:45,page_view,mobile
16760,,s3001382,2026-08-25 09:49:54,page_view,mobile
16761,,s3001382,2026-08-25 09:51:13,add_to_cart,mobile
16762,,s3001382,2026-08-25 09:51:47,begin_checkout,mobile
16763,,s3001382,2026-08-25 09:52:26,purchase,mobile
16764,10491,s3001383,2026-08-25 17:42:35,page_view,desktop
16765,10491,s3001383,2026-08-25 17:44:24,page_view,desktop
16766,10491,s3001383,2026-08-25 17:45:00,page_view,desktop
16767,10780,s3001384,2026-08-25 02:38:39,page_view,desktop
16768,10780,s3001384,2026-08-25 02:39:57,page_view,desktop
16769,10780,s3001384,2026-08-25 02:41:27,add_to_cart,desktop
16770,10780,s3001384,2026-08-25 02:43:24,begin_checkout,desktop
16771,10780,s3001384,2026-08-25 02:45:24,purchase,desktop
16772,,s3001385,2026-08-25 00:26:19,page_view,Mobile
16773,,s3001386,2026-08-25 15:45:41,page_view,Desktop
16774,,s3001386,2026-08-25 15:47:30,page_view,Desktop
16775,,s3001386,2026-08-25 15:48:16,page_view,Desktop
16776,,s3001386,2026-08-25 15:50:12,add_to_cart,Desktop
16777,,s3001386,2026-08-25 15:50:58,begin_checkout,Desktop
16778,,s3001386,2026-08-25 15:51:59,purchase,Desktop
16779,,s3001387,2026-08-25 01:41:49,page_view,desktop
16780,,s3001387,2026-08-25 01:43:11,page_view,desktop
16781,,s3001387,2026-08-25 01:44:54,page_view,desktop
16782,10036,s3001388,2026-08-25 22:01:43,page_view,desktop
16783,10036,s3001388,2026-08-25 22:02:36,page_view,desktop
16784,,s3001389,2026-08-25 20:17:36,page_view,desktop
16785,,s3001389,2026-08-25 20:19:10,page_view,desktop
16786,,s3001389,2026-08-25 20:20:58,add_to_cart,desktop
16787,,s3001389,2026-08-25 20:22:17,begin_checkout,desktop
16788,,s3001389,2026-08-25 20:22:42,purchase,desktop
16789,10019,s3001390,2026-08-25 14:33:19,page_view,desktop
16790,10019,s3001390,2026-08-25 14:33:35,page_view,desktop
16791,10019,s3001390,2026-08-25 14:35:15,page_view,desktop
16792,,s3001391,2026-08-25 06:27:14,page_view,desktop
16793,,s3001391,2026-08-25 06:27:36,page_view,desktop
16794,10767,s3001392,2026-08-25 19:48:57,page_view,desktop
16795,10767,s3001392,2026-08-25 19:50:50,page_view,desktop
16796,10424,s3001393,2026-08-25 20:48:10,page_view,desktop
16797,10424,s3001393,2026-08-25 20:49:31,page_view,desktop
16798,10253,s3001394,2026-08-25 12:08:25,page_view,mobile
16799,10253,s3001394,2026-08-25 12:09:54,page_view,mobile
16800,10253,s3001394,2026-08-25 12:09:59,page_view,mobile
16801,10253,s3001394,2026-08-25 12:10:17,page_view,mobile
16802,10768,s3001395,2026-08-25 16:27:12,page_view,desktop
16803,10352,s3001396,2026-08-25 16:27:20,page_view,mobile
16804,10352,s3001396,2026-08-25 16:27:32,page_view,mobile
16805,10352,s3001396,2026-08-25 16:28:14,page_view,mobile
16806,10566,s3001397,2026-08-25 17:17:36,page_view,mobile
16807,10451,s3001398,2026-08-25 22:33:36,page_view,desktop
16808,10451,s3001398,2026-08-25 22:34:30,page_view,desktop
16809,10451,s3001398,2026-08-25 22:35:25,page_view,desktop
16810,10451,s3001398,2026-08-25 22:36:52,page_view,desktop
16811,10758,s3001399,2026-08-25 06:17:56,page_view,mobile
16812,10758,s3001399,2026-08-25 06:18:37,page_view,mobile
16813,10758,s3001399,2026-08-25 06:19:12,page_view,mobile
16814,10758,s3001399,2026-08-25 06:19:46,page_view,mobile
16815,10113,s3001400,2026-08-25 09:39:08,page_view,tablet
16816,10113,s3001400,2026-08-25 09:40:59,page_view,tablet
16817,10113,s3001400,2026-08-25 09:42:42,page_view,tablet
16818,,s3001401,2026-08-25 18:40:52,page_view,desktop
16819,,s3001401,2026-08-25 18:41:54,add_to_cart,desktop
16820,,s3001401,2026-08-25 18:42:51,begin_checkout,desktop
16821,10401,s3001402,2026-08-25 08:11:24,page_view,desktop
16822,10401,s3001402,2026-08-25 08:11:29,page_view,desktop
16823,10401,s3001402,2026-08-25 08:13:16,page_view,desktop
16824,10401,s3001402,2026-08-25 08:14:25,page_view,desktop
16825,10330,s3001403,2026-08-25 22:36:11,page_view,mobile
16826,10330,s3001403,2026-08-25 22:36:52,page_view,mobile
16827,10330,s3001403,2026-08-25 22:37:33,page_view,mobile
16828,,s3001404,2026-08-26 12:38:33,page_view,Mobile
16829,,s3001404,2026-08-26 12:38:39,page_view,Mobile
16830,,s3001404,2026-08-26 12:39:37,page_view,Mobile
16831,,s3001404,2026-08-26 12:40:40,page_view,Mobile
16832,,s3001404,2026-08-26 12:41:52,add_to_cart,Mobile
16833,,s3001405,2026-08-26 07:46:15,page_view,tablet
16834,,s3001405,2026-08-26 07:48:09,page_view,tablet
16835,,s3001405,2026-08-26 07:50:00,page_view,tablet
16836,,s3001405,2026-08-26 07:50:44,page_view,tablet
16837,10549,s3001406,2026-08-26 07:19:43,page_view,tablet
16838,10549,s3001406,2026-08-26 07:21:06,page_view,tablet
16839,10119,s3001407,2026-08-26 01:19:24,page_view,mobile
16840,10119,s3001407,2026-08-26 01:19:27,page_view,mobile
16841,10192,s3001408,2026-08-26 19:08:33,page_view,mobile
16842,10192,s3001408,2026-08-26 19:09:15,page_view,mobile
16843,10192,s3001408,2026-08-26 19:09:55,page_view,mobile
16844,10192,s3001408,2026-08-26 19:10:34,add_to_cart,mobile
16845,10192,s3001408,2026-08-26 19:11:54,begin_checkout,mobile
16846,10192,s3001408,2026-08-26 19:12:06,purchase,mobile
16847,,s3001409,2026-08-26 18:23:00,page_view,mobile
16848,,s3001409,2026-08-26 18:24:49,page_view,mobile
16849,,s3001409,2026-08-26 18:25:44,page_view,mobile
16850,,s3001409,2026-08-26 18:27:19,add_to_cart,mobile
16851,10322,s3001410,2026-08-26 16:59:52,page_view,desktop
16852,10322,s3001410,2026-08-26 17:01:36,page_view,desktop
16853,10322,s3001410,2026-08-26 17:02:12,page_view,desktop
16854,10322,s3001410,2026-08-26 17:02:47,page_view,desktop
16855,10322,s3001410,2026-08-26 17:03:09,add_to_cart,desktop
16856,10322,s3001410,2026-08-26 17:04:47,begin_checkout,desktop
16857,10322,s3001410,2026-08-26 17:05:30,purchase,desktop
16858,,s3001411,2026-08-26 15:47:53,page_view,Mobile
16859,,s3001411,2026-08-26 15:49:04,add_to_cart,Mobile
16860,,s3001412,2026-08-26 03:52:21,page_view,desktop
16861,,s3001412,2026-08-26 03:53:24,page_view,desktop
16862,,s3001412,2026-08-26 03:55:01,page_view,desktop
16863,,s3001412,2026-08-26 03:55:24,page_view,desktop
16864,10461,s3001413,2026-08-26 20:58:17,page_view,tablet
16865,,s3001414,2026-08-26 05:09:59,page_view,desktop
16866,,s3001414,2026-08-26 05:11:45,page_view,desktop
16867,,s3001414,2026-08-26 05:12:38,page_view,desktop
16868,10472,s3001415,2026-08-26 00:33:12,page_view,tablet
16869,10449,s3001416,2026-08-26 02:18:04,page_view,mobile
16870,10449,s3001416,2026-08-26 02:19:36,page_view,mobile
16871,10449,s3001416,2026-08-26 02:20:28,page_view,mobile
16872,10449,s3001416,2026-08-26 02:22:15,page_view,mobile
16873,10109,s3001417,2026-08-26 17:16:59,page_view,mobile
16874,10109,s3001417,2026-08-26 17:18:31,page_view,mobile
16875,10109,s3001417,2026-08-26 17:19:59,page_view,mobile
16876,10109,s3001417,2026-08-26 17:21:19,page_view,mobile
16877,,s3001418,2026-08-26 15:59:36,page_view,mobile
16878,,s3001418,2026-08-26 15:59:52,page_view,mobile
16879,,s3001418,2026-08-26 16:01:15,page_view,mobile
16880,,s3001418,2026-08-26 16:01:57,page_view,mobile
16881,,s3001419,2026-08-26 08:48:48,page_view,mobile
16882,,s3001419,2026-08-26 08:50:00,page_view,mobile
16883,,s3001419,2026-08-26 08:51:15,page_view,mobile
16884,,s3001419,2026-08-26 08:51:41,page_view,mobile
16885,,s3001419,2026-08-26 08:51:47,add_to_cart,mobile
16886,,s3001419,2026-08-26 08:53:07,begin_checkout,mobile
16887,,s3001420,2026-08-26 21:56:28,page_view,desktop
16888,,s3001420,2026-08-26 21:57:36,page_view,desktop
16889,,s3001420,2026-08-26 21:59:16,page_view,desktop
16890,,s3001420,2026-08-26 21:59:57,page_view,desktop
16891,,s3001420,2026-08-26 22:00:06,add_to_cart,desktop
16892,,s3001420,2026-08-26 22:00:09,begin_checkout,desktop
16893,,s3001420,2026-08-26 22:00:14,purchase,desktop
16894,10781,s3001421,2026-08-26 19:46:27,page_view,desktop
16895,10781,s3001421,2026-08-26 19:47:41,page_view,desktop
16896,10781,s3001421,2026-08-26 19:48:16,page_view,desktop
16897,10781,s3001421,2026-08-26 19:50:05,page_view,desktop
16898,10781,s3001421,2026-08-26 19:51:55,add_to_cart,desktop
16899,10781,s3001421,2026-08-26 19:53:25,begin_checkout,desktop
16900,10781,s3001421,2026-08-26 19:54:22,purchase,desktop
16901,,s3001422,2026-08-26 18:50:28,page_view,tablet
16902,,s3001422,2026-08-26 18:52:05,page_view,tablet
16903,,s3001422,2026-08-26 18:53:56,page_view,tablet
16904,,s3001422,2026-08-26 18:55:11,page_view,tablet
16905,,s3001422,2026-08-26 18:55:54,add_to_cart,tablet
16906,,s3001422,2026-08-26 18:56:39,begin_checkout,tablet
16907,,s3001422,2026-08-26 18:56:50,purchase,tablet
16908,10025,s3001423,2026-08-26 16:53:59,page_view,tablet
16909,10025,s3001423,2026-08-26 16:54:32,page_view,tablet
16910,10025,s3001423,2026-08-26 16:54:41,add_to_cart,tablet
16911,,s3001424,2026-08-26 09:02:15,page_view,mobile
16912,,s3001424,2026-08-26 09:03:12,add_to_cart,mobile
16913,,s3001425,2026-08-26 15:31:56,page_view,mobile
16914,,s3001425,2026-08-26 15:32:00,page_view,mobile
16915,,s3001425,2026-08-26 15:32:20,add_to_cart,mobile
16916,10435,s3001426,2026-08-26 00:06:36,page_view,mobile
16917,10435,s3001426,2026-08-26 00:07:27,page_view,mobile
16918,10435,s3001426,2026-08-26 00:08:44,page_view,mobile
16919,10435,s3001426,2026-08-26 00:09:44,add_to_cart,mobile
16920,,s3001427,2026-08-26 05:11:44,page_view,tablet
16921,,s3001427,2026-08-26 05:13:26,add_to_cart,tablet
16922,,s3001428,2026-08-26 15:09:06,page_view,desktop
16923,,s3001428,2026-08-26 15:10:32,add_to_cart,desktop
16924,,s3001428,2026-08-26 15:10:49,begin_checkout,desktop
16925,,s3001428,2026-08-26 15:12:12,purchase,desktop
16926,10078,s3001429,2026-08-26 18:47:13,page_view,mobile
16927,10078,s3001429,2026-08-26 18:49:11,page_view,mobile
16928,10078,s3001429,2026-08-26 18:49:35,page_view,mobile
16929,10269,s3001430,2026-08-26 11:39:25,page_view,mobile
16930,10269,s3001430,2026-08-26 11:39:53,page_view,mobile
16931,10269,s3001430,2026-08-26 11:41:10,page_view,mobile
16932,10269,s3001430,2026-08-26 11:42:04,add_to_cart,mobile
16933,10269,s3001430,2026-08-26 11:43:50,begin_checkout,mobile
16934,10155,s3001431,2026-08-26 09:05:15,page_view,mobile
16935,10155,s3001431,2026-08-26 09:05:55,page_view,mobile
16936,10201,s3001432,2026-08-26 09:46:30,page_view,desktop
16937,10201,s3001432,2026-08-26 09:46:36,page_view,desktop
16938,10201,s3001432,2026-08-26 09:46:55,page_view,desktop
16939,10201,s3001432,2026-08-26 09:47:39,page_view,desktop
16940,,s3001433,2026-08-26 20:12:30,page_view,desktop
16941,,s3001433,2026-08-26 20:13:26,page_view,desktop
16942,,s3001433,2026-08-26 20:15:17,page_view,desktop
16943,,s3001434,2026-08-26 19:37:53,page_view,mobile
16944,,s3001434,2026-08-26 19:38:52,page_view,mobile
16945,,s3001434,2026-08-26 19:40:35,page_view,mobile
16946,10620,s3001435,2026-08-26 18:59:35,page_view,desktop
16947,10620,s3001435,2026-08-26 18:59:53,page_view,desktop
16948,10620,s3001435,2026-08-26 19:00:44,page_view,desktop
16949,10620,s3001435,2026-08-26 19:01:19,add_to_cart,desktop
16950,10620,s3001435,2026-08-26 19:02:27,begin_checkout,desktop
16951,10620,s3001435,2026-08-26 19:03:31,purchase,desktop
16952,,s3001436,2026-08-26 16:10:05,page_view,mobile
16953,,s3001436,2026-08-26 16:11:11,page_view,mobile
16954,,s3001436,2026-08-26 16:12:15,add_to_cart,mobile
16955,,s3001437,2026-08-26 10:22:58,page_view,desktop
16956,,s3001437,2026-08-26 10:24:39,page_view,desktop
16957,10657,s3001438,2026-08-26 03:19:23,page_view,mobile
16958,,s3001439,2026-08-26 20:04:15,page_view,tablet
16959,,s3001439,2026-08-26 20:05:03,page_view,tablet
16960,,s3001439,2026-08-26 20:05:15,page_view,tablet
16961,10482,s3001440,2026-08-26 02:29:28,page_view,desktop
16962,10482,s3001440,2026-08-26 02:31:20,page_view,desktop
16963,10304,s3001441,2026-08-26 04:22:23,page_view,desktop
16964,10304,s3001441,2026-08-26 04:24:16,page_view,desktop
16965,10304,s3001441,2026-08-26 04:26:13,page_view,desktop
16966,10304,s3001441,2026-08-26 04:27:38,add_to_cart,desktop
16967,10304,s3001441,2026-08-26 04:29:06,begin_checkout,desktop
16968,10304,s3001441,2026-08-26 04:29:51,purchase,desktop
16969,10360,s3001442,2026-08-26 14:17:15,page_view,mobile
16970,,s3001443,2026-08-26 22:15:30,page_view,mobile
16971,,s3001443,2026-08-26 22:16:01,page_view,mobile
16972,,s3001443,2026-08-26 22:16:58,page_view,mobile
16973,,s3001443,2026-08-26 22:18:34,page_view,mobile
16974,,s3001443,2026-08-26 22:20:10,add_to_cart,mobile
16975,,s3001443,2026-08-26 22:21:04,begin_checkout,mobile
16976,,s3001444,2026-08-26 17:26:57,page_view,mobile
16977,,s3001444,2026-08-26 17:27:35,page_view,mobile
16978,,s3001444,2026-08-26 17:29:30,page_view,mobile
16979,10540,s3001445,2026-08-26 18:10:01,page_view,mobile
16980,10102,s3001446,2026-08-26 06:03:39,page_view,mobile
16981,10296,s3001447,2026-08-26 19:09:20,page_view,mobile
16982,10296,s3001447,2026-08-26 19:10:38,page_view,mobile
16983,,s3001448,2026-08-26 14:53:02,page_view,desktop
16984,,s3001448,2026-08-26 14:54:36,page_view,desktop
16985,,s3001448,2026-08-26 14:55:49,add_to_cart,desktop
16986,,s3001449,2026-08-26 13:17:01,page_view,mobile
16987,,s3001449,2026-08-26 13:18:05,add_to_cart,mobile
16988,10400,s3001450,2026-08-26 12:45:21,page_view,desktop
16989,10400,s3001450,2026-08-26 12:45:51,page_view,desktop
16990,10400,s3001450,2026-08-26 12:47:23,page_view,desktop
16991,,s3001451,2026-08-26 12:05:35,page_view,desktop
16992,,s3001451,2026-08-26 12:06:27,page_view,desktop
16993,,s3001452,2026-08-26 11:04:58,page_view,desktop
16994,,s3001452,2026-08-26 11:05:14,page_view,desktop
16995,,s3001452,2026-08-26 11:06:34,add_to_cart,desktop
16996,,s3001452,2026-08-26 11:08:14,begin_checkout,desktop
16997,,s3001452,2026-08-26 11:09:01,purchase,desktop
16998,10284,s3001453,2026-08-26 19:01:40,page_view,mobile
16999,10063,s3001454,2026-08-26 13:19:10,page_view,desktop
17000,10063,s3001454,2026-08-26 13:20:43,page_view,desktop
17001,10063,s3001454,2026-08-26 13:22:29,page_view,desktop
17002,10063,s3001454,2026-08-26 13:23:46,page_view,desktop
17003,10063,s3001454,2026-08-26 13:24:19,add_to_cart,desktop
17004,,s3001455,2026-08-26 01:54:57,page_view,mobile
17005,,s3001455,2026-08-26 01:55:12,page_view,mobile
17006,,s3001455,2026-08-26 01:55:37,page_view,mobile
17007,,s3001455,2026-08-26 01:56:59,page_view,mobile
17008,,s3001456,2026-08-26 15:58:27,page_view,mobile
17009,,s3001456,2026-08-26 15:59:43,page_view,mobile
17010,,s3001456,2026-08-26 16:01:14,page_view,mobile
17011,,s3001456,2026-08-26 16:02:37,add_to_cart,mobile
17012,,s3001456,2026-08-26 16:04:26,begin_checkout,mobile
17013,,s3001456,2026-08-26 16:06:22,purchase,mobile
17014,10712,s3001457,2026-08-26 16:56:12,page_view,mobile
17015,10712,s3001457,2026-08-26 16:56:52,page_view,mobile
17016,10712,s3001457,2026-08-26 16:58:07,page_view,mobile
17017,10712,s3001457,2026-08-26 16:58:47,page_view,mobile
17018,10712,s3001457,2026-08-26 17:00:20,add_to_cart,mobile
17019,10661,s3001458,2026-08-26 01:23:42,page_view,tablet
17020,10661,s3001458,2026-08-26 01:24:44,add_to_cart,tablet
17021,10661,s3001458,2026-08-26 01:25:50,begin_checkout,tablet
17022,10661,s3001458,2026-08-26 01:26:02,purchase,tablet
17023,10602,s3001459,2026-08-26 18:16:01,page_view,mobile
17024,10602,s3001459,2026-08-26 18:17:12,page_view,mobile
17025,10406,s3001460,2026-08-26 13:50:59,page_view,desktop
17026,10406,s3001460,2026-08-26 13:52:30,page_view,desktop
17027,10406,s3001460,2026-08-26 13:53:55,page_view,desktop
17028,10406,s3001460,2026-08-26 13:55:37,page_view,desktop
17029,10406,s3001460,2026-08-26 13:57:21,add_to_cart,desktop
17030,10473,s3001461,2026-08-26 00:11:05,page_view,mobile
17031,10473,s3001461,2026-08-26 00:11:50,page_view,mobile
17032,10711,s3001462,2026-08-26 19:16:30,page_view,mobile
17033,10711,s3001462,2026-08-26 19:17:00,page_view,mobile
17034,10711,s3001462,2026-08-26 19:17:15,page_view,mobile
17035,,s3001463,2026-08-26 14:57:42,page_view,desktop
17036,,s3001463,2026-08-26 14:58:44,page_view,desktop
17037,,s3001463,2026-08-26 14:59:20,add_to_cart,desktop
17038,10534,s3001464,2026-08-26 01:02:11,page_view,desktop
17039,,s3001465,2026-08-26 18:07:55,page_view,tablet
17040,,s3001465,2026-08-26 18:08:20,page_view,tablet
17041,,s3001465,2026-08-26 18:09:08,page_view,tablet
17042,,s3001465,2026-08-26 18:09:13,add_to_cart,tablet
17043,,s3001465,2026-08-26 18:09:26,begin_checkout,tablet
17044,,s3001465,2026-08-26 18:11:12,purchase,tablet
17045,,s3001466,2026-08-26 17:25:12,page_view,mobile
17046,,s3001466,2026-08-26 17:26:44,page_view,mobile
17047,,s3001466,2026-08-26 17:27:14,page_view,mobile
17048,,s3001466,2026-08-26 17:27:37,page_view,mobile
17049,10096,s3001467,2026-08-26 11:14:49,page_view,desktop
17050,10096,s3001467,2026-08-26 11:16:45,add_to_cart,desktop
17051,10377,s3001468,2026-08-26 01:51:31,page_view,mobile
17052,10377,s3001468,2026-08-26 01:53:24,page_view,mobile
17053,,s3001469,2026-08-26 00:53:18,page_view,desktop
17054,,s3001469,2026-08-26 00:54:17,page_view,desktop
17055,,s3001469,2026-08-26 00:54:39,page_view,desktop
17056,,s3001469,2026-08-26 00:56:31,add_to_cart,desktop
17057,,s3001469,2026-08-26 00:57:21,begin_checkout,desktop
17058,,s3001470,2026-08-26 21:28:48,page_view,desktop
17059,,s3001470,2026-08-26 21:30:18,page_view,desktop
17060,10346,s3001471,2026-08-26 10:24:49,page_view,tablet
17061,,s3001472,2026-08-26 09:37:13,page_view,Mobile
17062,,s3001472,2026-08-26 09:37:42,page_view,Mobile
17063,,s3001472,2026-08-26 09:38:38,page_view,Mobile
17064,,s3001472,2026-08-26 09:40:30,page_view,Mobile
17065,,s3001472,2026-08-26 09:40:45,add_to_cart,Mobile
17066,10661,s3001473,2026-08-26 22:32:30,page_view,tablet
17067,10351,s3001474,2026-08-26 21:19:11,page_view,mobile
17068,10351,s3001474,2026-08-26 21:20:07,page_view,mobile
17069,10351,s3001474,2026-08-26 21:21:56,page_view,mobile
17070,10351,s3001474,2026-08-26 21:22:16,page_view,mobile
17071,10179,s3001475,2026-08-26 02:17:39,page_view,mobile
17072,10179,s3001475,2026-08-26 02:18:04,page_view,mobile
17073,10179,s3001475,2026-08-26 02:18:34,add_to_cart,mobile
17074,10179,s3001475,2026-08-26 02:19:37,begin_checkout,mobile
17075,10007,s3001476,2026-08-26 22:56:22,page_view,mobile
17076,10007,s3001476,2026-08-26 22:58:18,page_view,mobile
17077,10007,s3001476,2026-08-26 22:59:42,add_to_cart,mobile
17078,10007,s3001476,2026-08-26 23:00:25,begin_checkout,mobile
17079,10007,s3001476,2026-08-26 23:02:16,purchase,mobile
17080,,s3001477,2026-08-26 03:49:17,page_view,mobile
17081,,s3001477,2026-08-26 03:49:22,page_view,mobile
17082,,s3001477,2026-08-26 03:51:03,add_to_cart,mobile
17083,,s3001477,2026-08-26 03:51:46,begin_checkout,mobile
17084,,s3001477,2026-08-26 03:53:23,purchase,mobile
17085,,s3001478,2026-08-27 04:27:48,page_view,mobile
17086,,s3001478,2026-08-27 04:28:57,page_view,mobile
17087,,s3001478,2026-08-27 04:29:28,page_view,mobile
17088,,s3001478,2026-08-27 04:30:29,add_to_cart,mobile
17089,,s3001479,2026-08-27 12:00:12,page_view,desktop
17090,,s3001479,2026-08-27 12:00:55,page_view,desktop
17091,10329,s3001480,2026-08-27 22:14:14,page_view,desktop
17092,10329,s3001480,2026-08-27 22:14:19,page_view,desktop
17093,10329,s3001480,2026-08-27 22:15:52,page_view,desktop
17094,10329,s3001480,2026-08-27 22:17:04,page_view,desktop
17095,,s3001481,2026-08-27 12:10:22,page_view,mobile
17096,,s3001481,2026-08-27 12:11:30,page_view,mobile
17097,,s3001481,2026-08-27 12:11:34,page_view,mobile
17098,,s3001482,2026-08-27 08:27:34,page_view,desktop
17099,,s3001482,2026-08-27 08:28:54,add_to_cart,desktop
17100,,s3001482,2026-08-27 08:29:16,begin_checkout,desktop
17101,10114,s3001483,2026-08-27 19:42:51,page_view,mobile
17102,10114,s3001483,2026-08-27 19:44:17,page_view,mobile
17103,10114,s3001483,2026-08-27 19:44:56,add_to_cart,mobile
17104,10114,s3001483,2026-08-27 19:46:36,begin_checkout,mobile
17105,10114,s3001483,2026-08-27 19:48:36,purchase,mobile
17106,10514,s3001484,2026-08-27 10:00:10,page_view,mobile
17107,,s3001485,2026-08-27 14:23:59,page_view,desktop
17108,,s3001485,2026-08-27 14:24:25,page_view,desktop
17109,,s3001485,2026-08-27 14:25:16,page_view,desktop
17110,,s3001485,2026-08-27 14:26:00,add_to_cart,desktop
17111,,s3001485,2026-08-27 14:27:51,begin_checkout,desktop
17112,10015,s3001486,2026-08-27 15:59:11,page_view,desktop
17113,10015,s3001486,2026-08-27 16:00:55,page_view,desktop
17114,10015,s3001486,2026-08-27 16:02:01,page_view,desktop
17115,10015,s3001486,2026-08-27 16:03:53,add_to_cart,desktop
17116,10015,s3001486,2026-08-27 16:04:18,begin_checkout,desktop
17117,10015,s3001486,2026-08-27 16:05:53,purchase,desktop
17118,10389,s3001487,2026-08-27 03:36:29,page_view,desktop
17119,10389,s3001487,2026-08-27 03:38:29,page_view,desktop
17120,10389,s3001487,2026-08-27 03:39:50,add_to_cart,desktop
17121,10389,s3001487,2026-08-27 03:41:09,begin_checkout,desktop
17122,10389,s3001487,2026-08-27 03:42:39,purchase,desktop
17123,,s3001488,2026-08-27 09:14:58,page_view,mobile
17124,,s3001488,2026-08-27 09:15:34,page_view,mobile
17125,,s3001488,2026-08-27 09:16:03,page_view,mobile
17126,,s3001488,2026-08-27 09:17:54,page_view,mobile
17127,,s3001489,2026-08-27 10:03:36,page_view,desktop
17128,,s3001489,2026-08-27 10:05:14,page_view,desktop
17129,,s3001489,2026-08-27 10:06:16,page_view,desktop
17130,,s3001489,2026-08-27 10:07:21,page_view,desktop
17131,,s3001489,2026-08-27 10:07:48,add_to_cart,desktop
17132,,s3001490,2026-08-27 21:31:38,page_view,tablet
17133,,s3001490,2026-08-27 21:31:41,page_view,tablet
17134,,s3001491,2026-08-27 19:08:10,page_view,desktop
17135,,s3001491,2026-08-27 19:08:19,page_view,desktop
17136,10204,s3001492,2026-08-27 16:24:02,page_view,desktop
17137,10204,s3001492,2026-08-27 16:25:57,page_view,desktop
17138,10204,s3001492,2026-08-27 16:26:01,page_view,desktop
17139,10204,s3001492,2026-08-27 16:27:04,page_view,desktop
17140,,s3001493,2026-08-27 09:26:53,page_view,tablet
17141,,s3001493,2026-08-27 09:28:45,page_view,tablet
17142,,s3001493,2026-08-27 09:30:32,page_view,tablet
17143,,s3001493,2026-08-27 09:31:00,page_view,tablet
17144,10052,s3001494,2026-08-27 18:33:19,page_view,desktop
17145,10052,s3001494,2026-08-27 18:34:33,page_view,desktop
17146,10052,s3001494,2026-08-27 18:35:43,page_view,desktop
17147,10052,s3001494,2026-08-27 18:36:49,add_to_cart,desktop
17148,10498,s3001495,2026-08-27 12:29:17,page_view,desktop
17149,10498,s3001495,2026-08-27 12:31:11,page_view,desktop
17150,10498,s3001495,2026-08-27 12:31:26,page_view,desktop
17151,,s3001496,2026-08-27 13:49:50,page_view,mobile
17152,,s3001496,2026-08-27 13:51:48,add_to_cart,mobile
17153,,s3001496,2026-08-27 13:52:22,begin_checkout,mobile
17154,,s3001496,2026-08-27 13:53:31,purchase,mobile
17155,10405,s3001497,2026-08-27 18:48:36,page_view,mobile
17156,10405,s3001497,2026-08-27 18:48:53,page_view,mobile
17157,,s3001498,2026-08-27 08:05:22,page_view,mobile
17158,,s3001498,2026-08-27 08:07:22,page_view,mobile
17159,,s3001498,2026-08-27 08:08:06,add_to_cart,mobile
17160,,s3001498,2026-08-27 08:09:13,begin_checkout,mobile
17161,,s3001498,2026-08-27 08:09:53,purchase,mobile
17162,10357,s3001499,2026-08-27 02:58:34,page_view,desktop
17163,10357,s3001499,2026-08-27 03:00:14,page_view,desktop
17164,10357,s3001499,2026-08-27 03:01:25,page_view,desktop
17165,10357,s3001499,2026-08-27 03:02:35,page_view,desktop
17166,10357,s3001499,2026-08-27 03:03:41,add_to_cart,desktop
17167,,s3001500,2026-08-27 16:33:16,page_view,mobile
17168,10292,s3001501,2026-08-27 15:37:31,page_view,desktop
17169,10292,s3001501,2026-08-27 15:38:07,page_view,desktop
17170,10634,s3001502,2026-08-27 10:42:45,page_view,mobile
17171,,s3001503,2026-08-27 05:48:51,page_view,mobile
17172,10603,s3001504,2026-08-27 20:49:13,page_view,desktop
17173,10603,s3001504,2026-08-27 20:50:58,page_view,desktop
17174,10603,s3001504,2026-08-27 20:51:23,page_view,desktop
17175,10735,s3001505,2026-08-27 08:28:46,page_view,desktop
17176,10735,s3001505,2026-08-27 08:29:36,page_view,desktop
17177,10735,s3001505,2026-08-27 08:30:41,page_view,desktop
17178,10735,s3001505,2026-08-27 08:31:55,page_view,desktop
17179,10693,s3001506,2026-08-27 05:14:55,page_view,mobile
17180,10693,s3001506,2026-08-27 05:16:19,page_view,mobile
17181,10693,s3001506,2026-08-27 05:16:23,page_view,mobile
17182,10693,s3001506,2026-08-27 05:16:26,page_view,mobile
17183,10200,s3001507,2026-08-27 20:25:09,page_view,desktop
17184,10539,s3001508,2026-08-27 00:49:47,page_view,mobile
17185,10539,s3001508,2026-08-27 00:50:21,add_to_cart,mobile
17186,10539,s3001508,2026-08-27 00:50:35,begin_checkout,mobile
17187,10789,s3001509,2026-08-27 04:16:07,page_view,desktop
17188,10789,s3001509,2026-08-27 04:18:04,page_view,desktop
17189,10789,s3001509,2026-08-27 04:18:22,page_view,desktop
17190,10789,s3001509,2026-08-27 04:19:29,page_view,desktop
17191,10789,s3001509,2026-08-27 04:20:18,add_to_cart,desktop
17192,10256,s3001510,2026-08-27 04:36:32,page_view,mobile
17193,10256,s3001510,2026-08-27 04:38:15,add_to_cart,mobile
17194,10683,s3001511,2026-08-27 07:21:14,page_view,mobile
17195,10683,s3001511,2026-08-27 07:21:57,add_to_cart,mobile
17196,10683,s3001511,2026-08-27 07:22:01,begin_checkout,mobile
17197,10683,s3001511,2026-08-27 07:23:30,purchase,mobile
17198,,s3001512,2026-08-27 05:05:33,page_view,mobile
17199,,s3001512,2026-08-27 05:06:24,page_view,mobile
17200,,s3001512,2026-08-27 05:08:22,add_to_cart,mobile
17201,10681,s3001513,2026-08-27 11:50:46,page_view,mobile
17202,10681,s3001513,2026-08-27 11:51:11,add_to_cart,mobile
17203,10681,s3001513,2026-08-27 11:51:37,begin_checkout,mobile
17204,,s3001514,2026-08-27 05:57:39,page_view,desktop
17205,10332,s3001515,2026-08-27 03:01:24,page_view,mobile
17206,10332,s3001515,2026-08-27 03:02:04,add_to_cart,mobile
17207,10332,s3001515,2026-08-27 03:03:07,begin_checkout,mobile
17208,10671,s3001516,2026-08-27 18:28:41,page_view,mobile
17209,10671,s3001516,2026-08-27 18:29:02,page_view,mobile
17210,10671,s3001516,2026-08-27 18:30:54,page_view,mobile
17211,10671,s3001516,2026-08-27 18:32:50,add_to_cart,mobile
17212,10671,s3001516,2026-08-27 18:33:53,begin_checkout,mobile
17213,10671,s3001516,2026-08-27 18:34:36,purchase,mobile
17214,,s3001517,2026-08-27 03:56:11,page_view,mobile
17215,,s3001517,2026-08-27 03:56:54,page_view,mobile
17216,,s3001517,2026-08-27 03:58:11,page_view,mobile
17217,,s3001517,2026-08-27 03:59:34,page_view,mobile
17218,10477,s3001518,2026-08-27 14:52:20,page_view,mobile
17219,10477,s3001518,2026-08-27 14:53:11,page_view,mobile
17220,10477,s3001518,2026-08-27 14:53:36,page_view,mobile
17221,10477,s3001518,2026-08-27 14:55:20,page_view,mobile
17222,10477,s3001518,2026-08-27 14:55:49,add_to_cart,mobile
17223,,s3001519,2026-08-27 01:34:10,page_view,mobile
17224,,s3001519,2026-08-27 01:35:07,page_view,mobile
17225,,s3001519,2026-08-27 01:35:37,add_to_cart,mobile
17226,,s3001519,2026-08-27 01:36:22,begin_checkout,mobile
17227,10370,s3001520,2026-08-27 23:01:34,page_view,desktop
17228,10370,s3001520,2026-08-27 23:01:49,page_view,desktop
17229,10370,s3001520,2026-08-27 23:02:27,add_to_cart,desktop
17230,10370,s3001520,2026-08-27 23:03:15,begin_checkout,desktop
17231,10370,s3001520,2026-08-27 23:03:49,purchase,desktop
17232,10516,s3001521,2026-08-27 01:29:13,page_view,desktop
17233,10516,s3001521,2026-08-27 01:29:38,add_to_cart,desktop
17234,,s3001522,2026-08-27 22:22:10,page_view,desktop
17235,,s3001522,2026-08-27 22:23:05,page_view,desktop
17236,,s3001522,2026-08-27 22:23:10,page_view,desktop
17237,,s3001522,2026-08-27 22:24:29,page_view,desktop
17238,10257,s3001523,2026-08-27 07:09:39,page_view,desktop
17239,10257,s3001523,2026-08-27 07:10:23,page_view,desktop
17240,10257,s3001523,2026-08-27 07:10:33,page_view,desktop
17241,10350,s3001524,2026-08-27 08:58:54,page_view,mobile
17242,10350,s3001524,2026-08-27 09:00:29,page_view,mobile
17243,10350,s3001524,2026-08-27 09:02:05,page_view,mobile
17244,10350,s3001524,2026-08-27 09:02:30,page_view,mobile
17245,,s3001525,2026-08-27 06:10:23,page_view,mobile
17246,,s3001525,2026-08-27 06:11:35,page_view,mobile
17247,,s3001525,2026-08-27 06:13:17,add_to_cart,mobile
17248,,s3001526,2026-08-27 02:48:01,page_view,mobile
17249,,s3001526,2026-08-27 02:48:22,page_view,mobile
17250,,s3001527,2026-08-27 15:46:06,page_view,mobile
17251,,s3001527,2026-08-27 15:47:57,page_view,mobile
17252,,s3001527,2026-08-27 15:49:14,add_to_cart,mobile
17253,10337,s3001528,2026-08-27 09:20:00,page_view,mobile
17254,10337,s3001528,2026-08-27 09:21:44,page_view,mobile
17255,10337,s3001528,2026-08-27 09:23:10,page_view,mobile
17256,,s3001529,2026-08-27 14:33:49,page_view,mobile
17257,,s3001530,2026-08-27 15:17:50,page_view,desktop
17258,,s3001530,2026-08-27 15:19:31,page_view,desktop
17259,,s3001530,2026-08-27 15:20:25,page_view,desktop
17260,10326,s3001531,2026-08-27 16:41:11,page_view,mobile
17261,10326,s3001531,2026-08-27 16:41:39,add_to_cart,mobile
17262,10326,s3001531,2026-08-27 16:43:37,begin_checkout,mobile
17263,10326,s3001531,2026-08-27 16:44:26,purchase,mobile
17264,10643,s3001532,2026-08-27 15:48:58,page_view,desktop
17265,10643,s3001532,2026-08-27 15:50:12,page_view,desktop
17266,10643,s3001532,2026-08-27 15:51:41,page_view,desktop
17267,10392,s3001533,2026-08-28 06:32:12,page_view,mobile
17268,10392,s3001533,2026-08-28 06:33:20,page_view,mobile
17269,10392,s3001533,2026-08-28 06:34:13,page_view,mobile
17270,,s3001534,2026-08-28 20:03:05,page_view,desktop
17271,10053,s3001535,2026-08-28 14:33:48,page_view,mobile
17272,10053,s3001535,2026-08-28 14:35:07,page_view,mobile
17273,10053,s3001535,2026-08-28 14:36:34,page_view,mobile
17274,10053,s3001535,2026-08-28 14:38:08,page_view,mobile
17275,10145,s3001536,2026-08-28 11:54:04,page_view,desktop
17276,10145,s3001536,2026-08-28 11:54:48,page_view,desktop
17277,,s3001537,2026-08-28 03:16:55,page_view,desktop
17278,,s3001537,2026-08-28 03:18:19,page_view,desktop
17279,10364,s3001538,2026-08-28 03:19:35,page_view,mobile
17280,10364,s3001538,2026-08-28 03:20:23,page_view,mobile
17281,,s3001539,2026-08-28 15:29:07,page_view,tablet
17282,10259,s3001540,2026-08-28 04:36:00,page_view,desktop
17283,10259,s3001540,2026-08-28 04:36:13,page_view,desktop
17284,10259,s3001540,2026-08-28 04:37:08,add_to_cart,desktop
17285,10259,s3001540,2026-08-28 04:37:48,begin_checkout,desktop
17286,10259,s3001540,2026-08-28 04:39:42,purchase,desktop
17287,10121,s3001541,2026-08-28 22:33:32,page_view,mobile
17288,10761,s3001542,2026-08-28 19:50:13,page_view,desktop
17289,10761,s3001542,2026-08-28 19:51:26,page_view,desktop
17290,10626,s3001543,2026-08-28 08:27:43,page_view,desktop
17291,10626,s3001543,2026-08-28 08:28:24,page_view,desktop
17292,10409,s3001544,2026-08-28 01:35:04,page_view,desktop
17293,10409,s3001544,2026-08-28 01:36:37,page_view,desktop
17294,10409,s3001544,2026-08-28 01:38:05,page_view,desktop
17295,10409,s3001544,2026-08-28 01:38:27,page_view,desktop
17296,10409,s3001544,2026-08-28 01:39:32,add_to_cart,desktop
17297,10409,s3001544,2026-08-28 01:40:17,begin_checkout,desktop
17298,10717,s3001545,2026-08-28 14:42:30,page_view,desktop
17299,10717,s3001545,2026-08-28 14:42:58,page_view,desktop
17300,10717,s3001545,2026-08-28 14:44:21,add_to_cart,desktop
17301,10717,s3001545,2026-08-28 14:46:11,begin_checkout,desktop
17302,,s3001546,2026-08-28 09:06:25,page_view,desktop
17303,,s3001546,2026-08-28 09:06:56,page_view,desktop
17304,,s3001546,2026-08-28 09:07:36,page_view,desktop
17305,,s3001546,2026-08-28 09:07:43,page_view,desktop
17306,,s3001546,2026-08-28 09:08:38,add_to_cart,desktop
17307,,s3001546,2026-08-28 09:09:38,begin_checkout,desktop
17308,,s3001546,2026-08-28 09:10:38,purchase,desktop
17309,,s3001547,2026-08-28 02:19:46,page_view,mobile
17310,,s3001547,2026-08-28 02:19:58,page_view,mobile
17311,,s3001547,2026-08-28 02:21:25,page_view,mobile
17312,,s3001547,2026-08-28 02:22:12,add_to_cart,mobile
17313,,s3001547,2026-08-28 02:23:51,begin_checkout,mobile
17314,10774,s3001548,2026-08-28 21:23:12,page_view,desktop
17315,10774,s3001548,2026-08-28 21:24:08,add_to_cart,desktop
17316,10587,s3001549,2026-08-28 13:42:08,page_view,desktop
17317,10587,s3001549,2026-08-28 13:42:42,page_view,desktop
17318,10587,s3001549,2026-08-28 13:44:04,add_to_cart,desktop
17319,10587,s3001549,2026-08-28 13:45:15,begin_checkout,desktop
17320,10587,s3001549,2026-08-28 13:45:58,purchase,desktop
17321,10250,s3001550,2026-08-28 13:52:34,page_view,mobile
17322,10250,s3001550,2026-08-28 13:54:22,page_view,mobile
17323,10250,s3001550,2026-08-28 13:54:49,page_view,mobile
17324,10250,s3001550,2026-08-28 13:55:52,page_view,mobile
17325,10250,s3001550,2026-08-28 13:57:01,add_to_cart,mobile
17326,10250,s3001550,2026-08-28 13:58:53,begin_checkout,mobile
17327,10619,s3001551,2026-08-28 07:45:45,page_view,desktop
17328,10619,s3001551,2026-08-28 07:46:11,page_view,desktop
17329,10619,s3001551,2026-08-28 07:47:23,page_view,desktop
17330,10056,s3001552,2026-08-28 16:02:55,page_view,desktop
17331,10056,s3001552,2026-08-28 16:03:53,page_view,desktop
17332,10056,s3001552,2026-08-28 16:05:11,page_view,desktop
17333,10056,s3001552,2026-08-28 16:06:04,add_to_cart,desktop
17334,,s3001553,2026-08-28 13:19:33,page_view,desktop
17335,,s3001553,2026-08-28 13:19:37,add_to_cart,desktop
17336,,s3001554,2026-08-28 07:57:39,page_view,desktop
17337,,s3001554,2026-08-28 07:59:37,page_view,desktop
17338,,s3001554,2026-08-28 08:00:57,page_view,desktop
17339,,s3001554,2026-08-28 08:01:36,page_view,desktop
17340,,s3001554,2026-08-28 08:03:36,add_to_cart,desktop
17341,,s3001554,2026-08-28 08:04:33,begin_checkout,desktop
17342,10688,s3001555,2026-08-28 03:38:47,page_view,mobile
17343,10688,s3001555,2026-08-28 03:40:10,page_view,mobile
17344,10688,s3001555,2026-08-28 03:41:40,page_view,mobile
17345,10688,s3001555,2026-08-28 03:42:17,add_to_cart,mobile
17346,10301,s3001556,2026-08-28 18:48:46,page_view,Mobile
17347,10301,s3001556,2026-08-28 18:49:33,page_view,Mobile
17348,10301,s3001556,2026-08-28 18:50:30,page_view,Mobile
17349,10301,s3001556,2026-08-28 18:51:57,add_to_cart,Mobile
17350,10301,s3001556,2026-08-28 18:53:21,begin_checkout,Mobile
17351,10301,s3001556,2026-08-28 18:53:54,purchase,Mobile
17352,10158,s3001557,2026-08-28 12:02:35,page_view,mobile
17353,10158,s3001557,2026-08-28 12:03:41,page_view,mobile
17354,10158,s3001557,2026-08-28 12:04:47,add_to_cart,mobile
17355,10677,s3001558,2026-08-28 08:20:19,page_view,desktop
17356,10677,s3001558,2026-08-28 08:20:57,page_view,desktop
17357,10677,s3001558,2026-08-28 08:21:35,add_to_cart,desktop
17358,10677,s3001558,2026-08-28 08:22:01,begin_checkout,desktop
17359,10677,s3001558,2026-08-28 08:23:26,purchase,desktop
17360,,s3001559,2026-08-28 02:54:37,page_view,mobile
17361,,s3001559,2026-08-28 02:56:36,page_view,mobile
17362,,s3001559,2026-08-28 02:57:50,page_view,mobile
17363,10186,s3001560,2026-08-28 18:17:02,page_view,desktop
17364,10186,s3001560,2026-08-28 18:18:36,page_view,desktop
17365,10186,s3001560,2026-08-28 18:18:45,page_view,desktop
17366,10186,s3001560,2026-08-28 18:19:10,page_view,desktop
17367,10186,s3001560,2026-08-28 18:19:38,add_to_cart,desktop
17368,,s3001561,2026-08-28 06:17:52,page_view,mobile
17369,10550,s3001562,2026-08-28 10:51:23,page_view,mobile
17370,10550,s3001562,2026-08-28 10:52:53,page_view,mobile
17371,10264,s3001563,2026-08-28 00:43:17,page_view,mobile
17372,10264,s3001563,2026-08-28 00:44:52,page_view,mobile
17373,10264,s3001563,2026-08-28 00:46:40,page_view,mobile
17374,10264,s3001563,2026-08-28 00:46:48,page_view,mobile
17375,10563,s3001564,2026-08-28 22:26:32,page_view,mobile
17376,10563,s3001564,2026-08-28 22:27:06,page_view,mobile
17377,10563,s3001564,2026-08-28 22:28:19,add_to_cart,mobile
17378,10563,s3001564,2026-08-28 22:30:13,begin_checkout,mobile
17379,10563,s3001564,2026-08-28 22:31:06,purchase,mobile
17380,,s3001565,2026-08-28 13:55:15,page_view,mobile
17381,,s3001566,2026-08-28 00:25:20,page_view,mobile
17382,,s3001566,2026-08-28 00:27:04,page_view,mobile
17383,,s3001566,2026-08-28 00:27:23,add_to_cart,mobile
17384,,s3001567,2026-08-28 09:50:38,page_view,desktop
17385,,s3001567,2026-08-28 09:51:26,page_view,desktop
17386,,s3001567,2026-08-28 09:51:32,page_view,desktop
17387,,s3001567,2026-08-28 09:51:52,page_view,desktop
17388,,s3001568,2026-08-28 05:55:02,page_view,mobile
17389,,s3001568,2026-08-28 05:55:41,page_view,mobile
17390,,s3001568,2026-08-28 05:56:29,page_view,mobile
17391,,s3001568,2026-08-28 05:57:43,add_to_cart,mobile
17392,10204,s3001569,2026-08-28 19:02:02,page_view,desktop
17393,10204,s3001569,2026-08-28 19:03:57,page_view,desktop
17394,10204,s3001569,2026-08-28 19:05:53,page_view,desktop
17395,10235,s3001570,2026-08-28 20:18:43,page_view,desktop
17396,,s3001571,2026-08-28 21:04:34,page_view,mobile
17397,,s3001571,2026-08-28 21:05:48,page_view,mobile
17398,,s3001572,2026-08-28 16:31:52,page_view,mobile
17399,,s3001572,2026-08-28 16:32:42,page_view,mobile
17400,,s3001572,2026-08-28 16:34:08,page_view,mobile
17401,,s3001572,2026-08-28 16:34:18,page_view,mobile
17402,,s3001572,2026-08-28 16:35:59,add_to_cart,mobile
17403,10511,s3001573,2026-08-28 05:39:28,page_view,mobile
17404,10511,s3001573,2026-08-28 05:39:38,page_view,mobile
17405,10482,s3001574,2026-08-28 09:06:54,page_view,desktop
17406,10482,s3001574,2026-08-28 09:08:25,page_view,desktop
17407,10482,s3001574,2026-08-28 09:09:59,page_view,desktop
17408,10073,s3001575,2026-08-28 03:57:11,page_view,desktop
17409,10261,s3001576,2026-08-28 01:38:46,page_view,mobile
17410,10261,s3001576,2026-08-28 01:40:26,page_view,mobile
17411,10261,s3001576,2026-08-28 01:42:01,page_view,mobile
17412,10261,s3001576,2026-08-28 01:42:48,add_to_cart,mobile
17413,10547,s3001577,2026-08-28 20:43:58,page_view,mobile
17414,10547,s3001577,2026-08-28 20:44:04,page_view,mobile
17415,10229,s3001578,2026-08-28 10:36:22,page_view,tablet
17416,10229,s3001578,2026-08-28 10:38:16,page_view,tablet
17417,10229,s3001578,2026-08-28 10:38:39,add_to_cart,tablet
17418,10278,s3001579,2026-08-28 03:47:23,page_view,mobile
17419,10278,s3001579,2026-08-28 03:47:57,page_view,mobile
17420,10278,s3001579,2026-08-28 03:49:16,page_view,mobile
17421,,s3001580,2026-08-28 20:00:36,page_view,Mobile
17422,,s3001581,2026-08-28 12:45:06,page_view,mobile
17423,,s3001582,2026-08-28 05:52:18,page_view,mobile
17424,,s3001582,2026-08-28 05:53:59,page_view,mobile
17425,,s3001582,2026-08-28 05:55:02,page_view,mobile
17426,,s3001582,2026-08-28 05:55:45,add_to_cart,mobile
17427,,s3001583,2026-08-28 01:32:31,page_view,Mobile
17428,,s3001583,2026-08-28 01:34:15,add_to_cart,Mobile
17429,,s3001583,2026-08-28 01:35:40,begin_checkout,Mobile
17430,,s3001584,2026-08-28 11:40:31,page_view,desktop
17431,,s3001584,2026-08-28 11:41:05,page_view,desktop
17432,10207,s3001585,2026-08-28 08:01:55,page_view,mobile
17433,10207,s3001585,2026-08-28 08:03:52,page_view,mobile
17434,10207,s3001585,2026-08-28 08:04:38,page_view,mobile
17435,10207,s3001585,2026-08-28 08:05:18,add_to_cart,mobile
17436,10675,s3001586,2026-08-28 17:56:21,page_view,desktop
17437,10675,s3001586,2026-08-28 17:57:55,page_view,desktop
17438,10675,s3001586,2026-08-28 17:59:43,page_view,desktop
17439,10675,s3001586,2026-08-28 18:01:16,page_view,desktop
17440,10693,s3001587,2026-08-28 14:26:41,page_view,mobile
17441,10693,s3001587,2026-08-28 14:27:28,page_view,mobile
17442,10693,s3001587,2026-08-28 14:29:22,page_view,mobile
17443,10372,s3001588,2026-08-28 04:21:17,page_view,mobile
17444,10372,s3001588,2026-08-28 04:21:59,page_view,mobile
17445,10372,s3001588,2026-08-28 04:23:21,page_view,mobile
17446,10376,s3001589,2026-08-28 00:13:28,page_view,tablet
17447,10376,s3001589,2026-08-28 00:13:52,page_view,tablet
17448,10376,s3001589,2026-08-28 00:14:11,page_view,tablet
17449,10376,s3001589,2026-08-28 00:15:01,page_view,tablet
17450,10376,s3001589,2026-08-28 00:16:14,add_to_cart,tablet
17451,10331,s3001590,2026-08-28 00:43:12,page_view,desktop
17452,10331,s3001590,2026-08-28 00:44:08,page_view,desktop
17453,10331,s3001590,2026-08-28 00:45:32,add_to_cart,desktop
17454,10331,s3001590,2026-08-28 00:46:11,begin_checkout,desktop
17455,10331,s3001590,2026-08-28 00:47:39,purchase,desktop
17456,10133,s3001591,2026-08-28 19:18:40,page_view,desktop
17457,10133,s3001591,2026-08-28 19:19:52,page_view,desktop
17458,10133,s3001591,2026-08-28 19:20:29,add_to_cart,desktop
17459,,s3001592,2026-08-28 03:06:56,page_view,mobile
17460,,s3001592,2026-08-28 03:07:57,page_view,mobile
17461,,s3001592,2026-08-28 03:08:57,page_view,mobile
17462,,s3001592,2026-08-28 03:09:31,page_view,mobile
17463,,s3001592,2026-08-28 03:11:13,add_to_cart,mobile
17464,,s3001593,2026-08-28 08:55:22,page_view,desktop
17465,,s3001593,2026-08-28 08:55:30,add_to_cart,desktop
17466,,s3001593,2026-08-28 08:56:40,begin_checkout,desktop
17467,,s3001593,2026-08-28 08:57:12,purchase,desktop
17468,,s3001594,2026-08-29 09:57:03,page_view,desktop
17469,,s3001594,2026-08-29 09:57:59,page_view,desktop
17470,,s3001594,2026-08-29 09:59:42,page_view,desktop
17471,,s3001594,2026-08-29 10:00:55,add_to_cart,desktop
17472,,s3001594,2026-08-29 10:02:26,begin_checkout,desktop
17473,,s3001594,2026-08-29 10:04:26,purchase,desktop
17474,,s3001595,2026-08-29 02:15:54,page_view,desktop
17475,,s3001595,2026-08-29 02:17:48,add_to_cart,desktop
17476,,s3001595,2026-08-29 02:18:05,begin_checkout,desktop
17477,10079,s3001596,2026-08-29 18:06:14,page_view,desktop
17478,10079,s3001596,2026-08-29 18:07:15,page_view,desktop
17479,10079,s3001596,2026-08-29 18:07:59,page_view,desktop
17480,10079,s3001596,2026-08-29 18:09:01,page_view,desktop
17481,,s3001597,2026-08-29 02:28:44,page_view,desktop
17482,,s3001597,2026-08-29 02:30:34,page_view,desktop
17483,,s3001597,2026-08-29 02:31:44,page_view,desktop
17484,,s3001597,2026-08-29 02:31:58,page_view,desktop
17485,,s3001598,2026-08-29 15:01:03,page_view,desktop
17486,,s3001598,2026-08-29 15:02:44,add_to_cart,desktop
17487,10008,s3001599,2026-08-29 01:03:44,page_view,mobile
17488,10008,s3001599,2026-08-29 01:04:33,page_view,mobile
17489,10008,s3001599,2026-08-29 01:04:37,page_view,mobile
17490,10008,s3001599,2026-08-29 01:06:30,page_view,mobile
17491,10008,s3001599,2026-08-29 01:07:02,add_to_cart,mobile
17492,10008,s3001599,2026-08-29 01:08:43,begin_checkout,mobile
17493,10008,s3001599,2026-08-29 01:09:57,purchase,mobile
17494,,s3001600,2026-08-29 20:50:49,page_view,mobile
17495,,s3001600,2026-08-29 20:50:58,add_to_cart,mobile
17496,10161,s3001601,2026-08-29 13:20:21,page_view,desktop
17497,10161,s3001601,2026-08-29 13:22:01,page_view,desktop
17498,10161,s3001601,2026-08-29 13:22:21,page_view,desktop
17499,10161,s3001601,2026-08-29 13:23:21,page_view,desktop
17500,10174,s3001602,2026-08-29 19:08:10,page_view,desktop
17501,10174,s3001602,2026-08-29 19:09:00,page_view,desktop
17502,10174,s3001602,2026-08-29 19:10:51,page_view,desktop
17503,10174,s3001602,2026-08-29 19:12:15,page_view,desktop
17504,,s3001603,2026-08-29 09:31:55,page_view,mobile
17505,10560,s3001604,2026-08-29 03:26:22,page_view,mobile
17506,10560,s3001604,2026-08-29 03:26:43,page_view,mobile
17507,10560,s3001604,2026-08-29 03:26:59,add_to_cart,mobile
17508,,s3001605,2026-08-29 12:44:23,page_view,desktop
17509,,s3001605,2026-08-29 12:46:19,add_to_cart,desktop
17510,10029,s3001606,2026-08-29 02:07:02,page_view,desktop
17511,10029,s3001606,2026-08-29 02:07:47,page_view,desktop
17512,10029,s3001606,2026-08-29 02:09:05,page_view,desktop
17513,,s3001607,2026-08-29 16:23:55,page_view,mobile
17514,,s3001607,2026-08-29 16:25:32,page_view,mobile
17515,,s3001607,2026-08-29 16:26:58,page_view,mobile
17516,,s3001607,2026-08-29 16:27:33,add_to_cart,mobile
17517,,s3001608,2026-08-29 11:31:28,page_view,mobile
17518,,s3001608,2026-08-29 11:32:02,page_view,mobile
17519,,s3001608,2026-08-29 11:32:54,page_view,mobile
17520,,s3001608,2026-08-29 11:33:11,add_to_cart,mobile
17521,,s3001608,2026-08-29 11:33:42,begin_checkout,mobile
17522,,s3001608,2026-08-29 11:35:04,purchase,mobile
17523,,s3001609,2026-08-29 02:24:24,page_view,tablet
17524,,s3001609,2026-08-29 02:24:54,page_view,tablet
17525,,s3001609,2026-08-29 02:24:58,page_view,tablet
17526,,s3001609,2026-08-29 02:25:50,add_to_cart,tablet
17527,10035,s3001610,2026-08-29 15:38:59,page_view,desktop
17528,10615,s3001611,2026-08-29 13:48:19,page_view,mobile
17529,10615,s3001611,2026-08-29 13:48:45,page_view,mobile
17530,10615,s3001611,2026-08-29 13:49:40,page_view,mobile
17531,10615,s3001611,2026-08-29 13:50:59,page_view,mobile
17532,10494,s3001612,2026-08-29 05:13:26,page_view,mobile
17533,10494,s3001612,2026-08-29 05:15:20,page_view,mobile
17534,10494,s3001612,2026-08-29 05:15:43,add_to_cart,mobile
17535,,s3001613,2026-08-29 18:51:39,page_view,tablet
17536,,s3001613,2026-08-29 18:53:08,page_view,tablet
17537,,s3001613,2026-08-29 18:54:05,page_view,tablet
17538,,s3001613,2026-08-29 18:54:14,add_to_cart,tablet
17539,,s3001613,2026-08-29 18:54:49,begin_checkout,tablet
17540,,s3001614,2026-08-29 12:31:55,page_view,mobile
17541,,s3001614,2026-08-29 12:33:14,page_view,mobile
17542,,s3001614,2026-08-29 12:34:03,page_view,mobile
17543,,s3001614,2026-08-29 12:34:34,page_view,mobile
17544,,s3001615,2026-08-29 13:51:39,page_view,mobile
17545,,s3001615,2026-08-29 13:53:22,page_view,mobile
17546,,s3001615,2026-08-29 13:53:49,page_view,mobile
17547,,s3001615,2026-08-29 13:55:10,add_to_cart,mobile
17548,,s3001615,2026-08-29 13:56:47,begin_checkout,mobile
17549,,s3001615,2026-08-29 13:57:46,purchase,mobile
17550,,s3001616,2026-08-29 16:47:37,page_view,desktop
17551,,s3001616,2026-08-29 16:47:56,page_view,desktop
17552,,s3001616,2026-08-29 16:48:07,page_view,desktop
17553,,s3001616,2026-08-29 16:49:08,add_to_cart,desktop
17554,10696,s3001617,2026-08-29 19:07:40,page_view,Desktop
17555,10696,s3001617,2026-08-29 19:08:36,page_view,Desktop
17556,10696,s3001617,2026-08-29 19:10:08,page_view,Desktop
17557,10696,s3001617,2026-08-29 19:11:36,page_view,Desktop
17558,10696,s3001617,2026-08-29 19:12:05,add_to_cart,Desktop
17559,,s3001618,2026-08-29 20:59:36,page_view,desktop
17560,,s3001618,2026-08-29 21:00:18,page_view,desktop
17561,,s3001619,2026-08-29 13:37:03,page_view,mobile
17562,,s3001619,2026-08-29 13:37:30,page_view,mobile
17563,10751,s3001620,2026-08-29 07:07:58,page_view,mobile
17564,,s3001621,2026-08-29 21:02:34,page_view,desktop
17565,,s3001621,2026-08-29 21:04:17,page_view,desktop
17566,10769,s3001622,2026-08-29 16:56:41,page_view,desktop
17567,10769,s3001622,2026-08-29 16:58:40,add_to_cart,desktop
17568,10769,s3001622,2026-08-29 17:00:05,begin_checkout,desktop
17569,10769,s3001622,2026-08-29 17:01:57,purchase,desktop
17570,,s3001623,2026-08-29 11:43:10,page_view,mobile
17571,,s3001623,2026-08-29 11:45:10,page_view,mobile
17572,,s3001624,2026-08-29 00:28:13,page_view,mobile
17573,,s3001624,2026-08-29 00:29:37,page_view,mobile
17574,,s3001624,2026-08-29 00:30:36,page_view,mobile
17575,10100,s3001625,2026-08-29 09:07:25,page_view,desktop
17576,10100,s3001625,2026-08-29 09:08:43,page_view,desktop
17577,,s3001626,2026-08-29 08:05:41,page_view,desktop
17578,,s3001626,2026-08-29 08:06:00,page_view,desktop
17579,,s3001626,2026-08-29 08:07:07,page_view,desktop
17580,,s3001626,2026-08-29 08:08:12,page_view,desktop
17581,,s3001627,2026-08-29 17:29:07,page_view,mobile
17582,,s3001627,2026-08-29 17:31:00,page_view,mobile
17583,,s3001627,2026-08-29 17:31:21,page_view,mobile
17584,,s3001627,2026-08-29 17:31:49,page_view,mobile
17585,10156,s3001628,2026-08-29 17:37:22,page_view,desktop
17586,10156,s3001628,2026-08-29 17:38:24,page_view,desktop
17587,10156,s3001628,2026-08-29 17:39:18,page_view,desktop
17588,10156,s3001628,2026-08-29 17:40:39,page_view,desktop
17589,10389,s3001629,2026-08-29 00:23:12,page_view,mobile
17590,10389,s3001629,2026-08-29 00:23:27,page_view,mobile
17591,10389,s3001629,2026-08-29 00:24:07,page_view,mobile
17592,10389,s3001629,2026-08-29 00:24:41,page_view,mobile
17593,10389,s3001629,2026-08-29 00:26:38,add_to_cart,mobile
17594,,s3001630,2026-08-29 16:07:45,page_view,mobile
17595,,s3001630,2026-08-29 16:08:49,page_view,mobile
17596,,s3001630,2026-08-29 16:09:08,page_view,mobile
17597,,s3001631,2026-08-29 06:04:57,page_view,mobile
17598,,s3001632,2026-08-29 13:55:06,page_view,desktop
17599,,s3001633,2026-08-29 14:15:08,page_view,desktop
17600,,s3001633,2026-08-29 14:15:42,page_view,desktop
17601,10329,s3001634,2026-08-29 16:55:44,page_view,desktop
17602,10329,s3001634,2026-08-29 16:57:13,page_view,desktop
17603,10329,s3001634,2026-08-29 16:57:21,page_view,desktop
17604,10275,s3001635,2026-08-29 20:07:57,page_view,desktop
17605,10275,s3001635,2026-08-29 20:08:41,page_view,desktop
17606,10364,s3001636,2026-08-29 04:26:15,page_view,mobile
17607,10364,s3001636,2026-08-29 04:26:42,page_view,mobile
17608,10364,s3001636,2026-08-29 04:28:42,page_view,mobile
17609,10364,s3001636,2026-08-29 04:30:14,add_to_cart,mobile
17610,,s3001637,2026-08-29 11:18:09,page_view,Desktop
17611,,s3001637,2026-08-29 11:19:28,page_view,Desktop
17612,,s3001637,2026-08-29 11:19:59,add_to_cart,Desktop
17613,10572,s3001638,2026-08-29 17:35:22,page_view,tablet
17614,10572,s3001638,2026-08-29 17:36:41,page_view,tablet
17615,10572,s3001638,2026-08-29 17:36:48,page_view,tablet
17616,,s3001639,2026-08-29 10:19:36,page_view,mobile
17617,,s3001639,2026-08-29 10:20:00,page_view,mobile
17618,,s3001639,2026-08-29 10:20:11,page_view,mobile
17619,,s3001639,2026-08-29 10:21:39,page_view,mobile
17620,,s3001640,2026-08-29 21:00:32,page_view,desktop
17621,,s3001640,2026-08-29 21:01:38,page_view,desktop
17622,,s3001640,2026-08-29 21:03:21,page_view,desktop
17623,,s3001640,2026-08-29 21:03:37,page_view,desktop
17624,10494,s3001641,2026-08-29 02:39:12,page_view,desktop
17625,10494,s3001641,2026-08-29 02:40:03,page_view,desktop
17626,10494,s3001641,2026-08-29 02:41:19,page_view,desktop
17627,10433,s3001642,2026-08-29 04:13:55,page_view,mobile
17628,10433,s3001642,2026-08-29 04:14:23,page_view,mobile
17629,,s3001643,2026-08-29 00:40:32,page_view,desktop
17630,,s3001643,2026-08-29 00:41:59,page_view,desktop
17631,10154,s3001644,2026-08-29 16:59:00,page_view,mobile
17632,10154,s3001644,2026-08-29 16:59:17,page_view,mobile
17633,10076,s3001645,2026-08-29 05:05:30,page_view,mobile
17634,10076,s3001645,2026-08-29 05:05:46,add_to_cart,mobile
17635,10076,s3001645,2026-08-29 05:05:54,begin_checkout,mobile
17636,,s3001646,2026-08-29 07:05:51,page_view,desktop
17637,,s3001646,2026-08-29 07:06:46,page_view,desktop
17638,,s3001646,2026-08-29 07:07:35,page_view,desktop
17639,,s3001646,2026-08-29 07:09:17,add_to_cart,desktop
17640,10233,s3001647,2026-08-29 05:19:48,page_view,desktop
17641,10233,s3001647,2026-08-29 05:19:59,page_view,desktop
17642,10233,s3001647,2026-08-29 05:20:51,page_view,desktop
17643,10233,s3001647,2026-08-29 05:21:58,page_view,desktop
17644,10233,s3001647,2026-08-29 05:23:46,add_to_cart,desktop
17645,10415,s3001648,2026-08-29 02:53:32,page_view,mobile
17646,10415,s3001648,2026-08-29 02:53:52,page_view,mobile
17647,,s3001649,2026-08-29 17:59:16,page_view,mobile
17648,,s3001649,2026-08-29 18:01:16,page_view,mobile
17649,,s3001649,2026-08-29 18:02:40,page_view,mobile
17650,,s3001650,2026-08-29 21:03:34,page_view,desktop
17651,,s3001650,2026-08-29 21:04:48,page_view,desktop
17652,,s3001650,2026-08-29 21:05:35,page_view,desktop
17653,,s3001650,2026-08-29 21:06:18,page_view,desktop
17654,10123,s3001651,2026-08-29 16:10:20,page_view,desktop
17655,10123,s3001651,2026-08-29 16:10:59,page_view,desktop
17656,10123,s3001651,2026-08-29 16:11:10,page_view,desktop
17657,10123,s3001651,2026-08-29 16:11:23,page_view,desktop
17658,10469,s3001652,2026-08-29 07:04:17,page_view,mobile
17659,10773,s3001653,2026-08-29 09:56:34,page_view,desktop
17660,10773,s3001653,2026-08-29 09:57:22,page_view,desktop
17661,10773,s3001653,2026-08-29 09:57:55,add_to_cart,desktop
17662,,s3001654,2026-08-29 09:10:00,page_view,mobile
17663,,s3001654,2026-08-29 09:11:11,page_view,mobile
17664,10029,s3001655,2026-08-29 05:02:50,page_view,mobile
17665,,s3001656,2026-08-29 07:32:59,page_view,tablet
17666,,s3001656,2026-08-29 07:33:54,page_view,tablet
17667,,s3001656,2026-08-29 07:35:47,page_view,tablet
17668,10511,s3001657,2026-08-29 14:15:52,page_view,mobile
17669,10511,s3001657,2026-08-29 14:16:14,page_view,mobile
17670,10014,s3001658,2026-08-29 06:49:26,page_view,Mobile
17671,10014,s3001658,2026-08-29 06:50:21,page_view,Mobile
17672,10014,s3001658,2026-08-29 06:51:08,page_view,Mobile
17673,10353,s3001659,2026-08-29 09:36:25,page_view,mobile
17674,10353,s3001659,2026-08-29 09:37:06,page_view,mobile
17675,10353,s3001659,2026-08-29 09:38:18,page_view,mobile
17676,10353,s3001659,2026-08-29 09:39:09,page_view,mobile
17677,,s3001660,2026-08-29 12:32:05,page_view,tablet
17678,,s3001660,2026-08-29 12:33:18,page_view,tablet
17679,,s3001660,2026-08-29 12:33:53,page_view,tablet
17680,10081,s3001661,2026-08-29 21:12:24,page_view,mobile
17681,10081,s3001661,2026-08-29 21:13:57,page_view,mobile
17682,,s3001662,2026-08-29 12:12:06,page_view,mobile
17683,,s3001662,2026-08-29 12:12:26,page_view,mobile
17684,,s3001662,2026-08-29 12:13:25,page_view,mobile
17685,10716,s3001663,2026-08-29 07:04:31,page_view,tablet
17686,10716,s3001663,2026-08-29 07:05:01,page_view,tablet
17687,10716,s3001663,2026-08-29 07:05:57,page_view,tablet
17688,10716,s3001663,2026-08-29 07:07:09,page_view,tablet
17689,,s3001664,2026-08-29 09:49:29,page_view,mobile
17690,,s3001664,2026-08-29 09:50:29,add_to_cart,mobile
17691,,s3001664,2026-08-29 09:52:08,begin_checkout,mobile
17692,,s3001664,2026-08-29 09:53:23,purchase,mobile
17693,10585,s3001665,2026-08-29 13:17:29,page_view,desktop
17694,10585,s3001665,2026-08-29 13:17:58,add_to_cart,desktop
17695,,s3001666,2026-08-29 10:49:13,page_view,mobile
17696,,s3001666,2026-08-29 10:49:17,page_view,mobile
17697,,s3001666,2026-08-29 10:50:33,add_to_cart,mobile
17698,,s3001666,2026-08-29 10:52:17,begin_checkout,mobile
17699,,s3001667,2026-08-29 06:20:07,page_view,mobile
17700,,s3001667,2026-08-29 06:22:01,page_view,mobile
17701,,s3001667,2026-08-29 06:23:06,page_view,mobile
17702,10228,s3001668,2026-08-30 14:56:55,page_view,desktop
17703,10228,s3001668,2026-08-30 14:58:05,page_view,desktop
17704,10228,s3001668,2026-08-30 14:58:37,add_to_cart,desktop
17705,10682,s3001669,2026-08-30 18:46:48,page_view,desktop
17706,10682,s3001669,2026-08-30 18:48:40,page_view,desktop
17707,10682,s3001669,2026-08-30 18:49:11,page_view,desktop
17708,10583,s3001670,2026-08-30 13:46:07,page_view,desktop
17709,10583,s3001670,2026-08-30 13:46:33,page_view,desktop
17710,10583,s3001670,2026-08-30 13:47:50,page_view,desktop
17711,10761,s3001671,2026-08-30 17:06:24,page_view,desktop
17712,10761,s3001671,2026-08-30 17:07:58,page_view,desktop
17713,,s3001672,2026-08-30 22:06:19,page_view,mobile
17714,10685,s3001673,2026-08-30 05:45:19,page_view,desktop
17715,10700,s3001674,2026-08-30 16:04:12,page_view,desktop
17716,10700,s3001674,2026-08-30 16:05:49,page_view,desktop
17717,10700,s3001674,2026-08-30 16:07:16,page_view,desktop
17718,10118,s3001675,2026-08-30 07:12:44,page_view,desktop
17719,10118,s3001675,2026-08-30 07:14:31,add_to_cart,desktop
17720,10118,s3001675,2026-08-30 07:15:09,begin_checkout,desktop
17721,10576,s3001676,2026-08-30 17:34:27,page_view,desktop
17722,,s3001677,2026-08-30 15:39:51,page_view,tablet
17723,,s3001677,2026-08-30 15:41:14,add_to_cart,tablet
17724,,s3001677,2026-08-30 15:43:09,begin_checkout,tablet
17725,,s3001677,2026-08-30 15:43:58,purchase,tablet
17726,10228,s3001678,2026-08-30 15:05:30,page_view,Mobile
17727,,s3001679,2026-08-30 06:29:45,page_view,desktop
17728,,s3001679,2026-08-30 06:30:13,page_view,desktop
17729,,s3001679,2026-08-30 06:32:00,add_to_cart,desktop
17730,,s3001679,2026-08-30 06:33:27,begin_checkout,desktop
17731,,s3001680,2026-08-30 07:01:05,page_view,tablet
17732,,s3001680,2026-08-30 07:02:00,page_view,tablet
17733,,s3001680,2026-08-30 07:03:02,page_view,tablet
17734,,s3001681,2026-08-30 21:17:07,page_view,desktop
17735,,s3001681,2026-08-30 21:18:44,page_view,desktop
17736,,s3001681,2026-08-30 21:19:32,page_view,desktop
17737,10673,s3001682,2026-08-30 04:28:26,page_view,mobile
17738,10673,s3001682,2026-08-30 04:29:59,add_to_cart,mobile
17739,10673,s3001682,2026-08-30 04:30:07,begin_checkout,mobile
17740,10673,s3001682,2026-08-30 04:30:44,purchase,mobile
17741,10206,s3001683,2026-08-30 02:48:16,page_view,mobile
17742,10206,s3001683,2026-08-30 02:48:32,page_view,mobile
17743,10206,s3001683,2026-08-30 02:50:23,page_view,mobile
17744,10483,s3001684,2026-08-30 13:56:56,page_view,desktop
17745,,s3001685,2026-08-30 22:25:02,page_view,mobile
17746,10301,s3001686,2026-08-30 18:54:56,page_view,mobile
17747,10301,s3001686,2026-08-30 18:56:08,add_to_cart,mobile
17748,10301,s3001686,2026-08-30 18:57:23,begin_checkout,mobile
17749,10258,s3001687,2026-08-30 17:19:04,page_view,desktop
17750,10258,s3001687,2026-08-30 17:19:36,page_view,desktop
17751,10258,s3001687,2026-08-30 17:19:53,page_view,desktop
17752,10672,s3001688,2026-08-30 02:49:29,page_view,Mobile
17753,,s3001689,2026-08-30 10:41:38,page_view,desktop
17754,,s3001690,2026-08-30 18:58:53,page_view,mobile
17755,,s3001690,2026-08-30 19:00:51,page_view,mobile
17756,,s3001690,2026-08-30 19:01:06,page_view,mobile
17757,,s3001691,2026-08-30 04:10:26,page_view,desktop
17758,,s3001691,2026-08-30 04:12:16,page_view,desktop
17759,,s3001691,2026-08-30 04:12:32,page_view,desktop
17760,,s3001692,2026-08-30 12:45:50,page_view,desktop
17761,,s3001692,2026-08-30 12:46:35,add_to_cart,desktop
17762,,s3001692,2026-08-30 12:47:43,begin_checkout,desktop
17763,,s3001692,2026-08-30 12:48:48,purchase,desktop
17764,,s3001693,2026-08-30 05:51:22,page_view,mobile
17765,,s3001693,2026-08-30 05:52:10,add_to_cart,mobile
17766,,s3001693,2026-08-30 05:52:32,begin_checkout,mobile
17767,,s3001694,2026-08-30 22:38:19,page_view,desktop
17768,,s3001694,2026-08-30 22:39:36,page_view,desktop
17769,,s3001694,2026-08-30 22:40:35,page_view,desktop
17770,,s3001694,2026-08-30 22:41:25,page_view,desktop
17771,,s3001694,2026-08-30 22:41:48,add_to_cart,desktop
17772,,s3001694,2026-08-30 22:43:10,begin_checkout,desktop
17773,,s3001694,2026-08-30 22:44:48,purchase,desktop
17774,10459,s3001695,2026-08-30 04:06:42,page_view,desktop
17775,,s3001696,2026-08-30 19:19:16,page_view,tablet
17776,,s3001696,2026-08-30 19:20:54,page_view,tablet
17777,,s3001696,2026-08-30 19:20:59,page_view,tablet
17778,10111,s3001697,2026-08-30 07:31:49,page_view,mobile
17779,10111,s3001697,2026-08-30 07:31:56,page_view,mobile
17780,10111,s3001697,2026-08-30 07:33:33,page_view,mobile
17781,10111,s3001697,2026-08-30 07:34:35,page_view,mobile
17782,10111,s3001697,2026-08-30 07:34:56,add_to_cart,mobile
17783,10771,s3001698,2026-08-30 21:06:47,page_view,desktop
17784,10771,s3001698,2026-08-30 21:08:20,page_view,desktop
17785,,s3001699,2026-08-30 20:24:33,page_view,desktop
17786,,s3001699,2026-08-30 20:26:26,page_view,desktop
17787,,s3001699,2026-08-30 20:27:58,page_view,desktop
17788,,s3001700,2026-08-30 09:38:02,page_view,desktop
17789,,s3001700,2026-08-30 09:39:33,page_view,desktop
17790,,s3001700,2026-08-30 09:40:02,page_view,desktop
17791,10690,s3001701,2026-08-30 11:11:51,page_view,desktop
17792,10690,s3001701,2026-08-30 11:12:58,page_view,desktop
17793,10690,s3001701,2026-08-30 11:13:17,add_to_cart,desktop
17794,10690,s3001701,2026-08-30 11:15:02,begin_checkout,desktop
17795,,s3001702,2026-08-30 11:52:15,page_view,desktop
17796,,s3001702,2026-08-30 11:53:22,add_to_cart,desktop
17797,,s3001703,2026-08-30 14:48:29,page_view,Tablet
17798,,s3001703,2026-08-30 14:49:13,page_view,Tablet
17799,10375,s3001704,2026-08-30 01:08:56,page_view,mobile
17800,,s3001705,2026-08-30 03:43:09,page_view,mobile
17801,,s3001705,2026-08-30 03:43:54,page_view,mobile
17802,,s3001705,2026-08-30 03:44:06,add_to_cart,mobile
17803,,s3001705,2026-08-30 03:45:24,begin_checkout,mobile
17804,,s3001705,2026-08-30 03:46:46,purchase,mobile
17805,10111,s3001706,2026-08-30 05:08:06,page_view,mobile
17806,10111,s3001706,2026-08-30 05:09:12,page_view,mobile
17807,10111,s3001706,2026-08-30 05:10:16,page_view,mobile
17808,10111,s3001706,2026-08-30 05:12:05,page_view,mobile
17809,10441,s3001707,2026-08-30 00:01:17,page_view,mobile
17810,10441,s3001707,2026-08-30 00:02:40,add_to_cart,mobile
17811,10310,s3001708,2026-08-30 18:58:54,page_view,desktop
17812,10344,s3001709,2026-08-30 02:24:02,page_view,mobile
17813,10344,s3001709,2026-08-30 02:25:28,page_view,mobile
17814,10344,s3001709,2026-08-30 02:25:35,add_to_cart,mobile
17815,10555,s3001710,2026-08-30 10:30:38,page_view,mobile
17816,10555,s3001710,2026-08-30 10:31:33,page_view,mobile
17817,,s3001711,2026-08-30 14:38:42,page_view,mobile
17818,,s3001711,2026-08-30 14:38:49,page_view,mobile
17819,,s3001711,2026-08-30 14:40:39,add_to_cart,mobile
17820,,s3001711,2026-08-30 14:42:22,begin_checkout,mobile
17821,,s3001711,2026-08-30 14:44:09,purchase,mobile
17822,10251,s3001712,2026-08-30 20:53:14,page_view,mobile
17823,10251,s3001712,2026-08-30 20:55:05,page_view,mobile
17824,10251,s3001712,2026-08-30 20:56:21,page_view,mobile
17825,10592,s3001713,2026-08-30 15:12:45,page_view,mobile
17826,10592,s3001713,2026-08-30 15:14:45,page_view,mobile
17827,10592,s3001713,2026-08-30 15:15:06,page_view,mobile
17828,10592,s3001713,2026-08-30 15:16:48,page_view,mobile
17829,10592,s3001713,2026-08-30 15:18:40,add_to_cart,mobile
17830,10022,s3001714,2026-08-30 21:31:47,page_view,desktop
17831,10022,s3001714,2026-08-30 21:32:27,page_view,desktop
17832,10022,s3001714,2026-08-30 21:33:35,page_view,desktop
17833,10690,s3001715,2026-08-30 04:30:48,page_view,desktop
17834,10690,s3001715,2026-08-30 04:31:31,add_to_cart,desktop
17835,10690,s3001715,2026-08-30 04:32:07,begin_checkout,desktop
17836,10690,s3001715,2026-08-30 04:32:15,purchase,desktop
17837,,s3001716,2026-08-30 01:58:01,page_view,desktop
17838,,s3001717,2026-08-30 21:27:46,page_view,desktop
17839,,s3001717,2026-08-30 21:28:52,page_view,desktop
17840,,s3001717,2026-08-30 21:29:37,page_view,desktop
17841,,s3001717,2026-08-30 21:30:48,page_view,desktop
17842,,s3001717,2026-08-30 21:31:10,add_to_cart,desktop
17843,,s3001718,2026-08-30 00:23:56,page_view,tablet
17844,,s3001718,2026-08-30 00:25:46,page_view,tablet
17845,,s3001718,2026-08-30 00:27:31,add_to_cart,tablet
17846,10567,s3001719,2026-08-30 06:45:28,page_view,desktop
17847,10567,s3001719,2026-08-30 06:47:22,page_view,desktop
17848,10567,s3001719,2026-08-30 06:48:57,page_view,desktop
17849,10022,s3001720,2026-08-31 13:55:17,page_view,desktop
17850,10022,s3001720,2026-08-31 13:57:02,page_view,desktop
17851,10022,s3001720,2026-08-31 13:58:33,page_view,desktop
17852,10608,s3001721,2026-08-31 08:36:35,page_view,tablet
17853,10608,s3001721,2026-08-31 08:37:24,page_view,tablet
17854,10526,s3001722,2026-08-31 12:03:09,page_view,tablet
17855,,s3001723,2026-08-31 02:40:32,page_view,mobile
17856,10735,s3001724,2026-08-31 22:59:50,page_view,Desktop
17857,10063,s3001725,2026-08-31 17:34:10,page_view,desktop
17858,10063,s3001725,2026-08-31 17:34:34,add_to_cart,desktop
17859,10771,s3001726,2026-08-31 12:18:24,page_view,Desktop
17860,10563,s3001727,2026-08-31 00:32:06,page_view,desktop
17861,10563,s3001727,2026-08-31 00:32:13,add_to_cart,desktop
17862,,s3001728,2026-08-31 04:51:57,page_view,desktop
17863,,s3001728,2026-08-31 04:52:43,page_view,desktop
17864,,s3001728,2026-08-31 04:54:17,page_view,desktop
17865,,s3001728,2026-08-31 04:56:17,add_to_cart,desktop
17866,10432,s3001729,2026-08-31 13:49:57,page_view,tablet
17867,10432,s3001729,2026-08-31 13:50:27,page_view,tablet
17868,10432,s3001729,2026-08-31 13:51:23,page_view,tablet
17869,,s3001730,2026-08-31 14:10:21,page_view,desktop
17870,,s3001730,2026-08-31 14:10:27,page_view,desktop
17871,,s3001730,2026-08-31 14:12:13,page_view,desktop
17872,,s3001730,2026-08-31 14:12:20,page_view,desktop
17873,10732,s3001731,2026-08-31 22:05:23,page_view,tablet
17874,10732,s3001731,2026-08-31 22:06:20,page_view,tablet
17875,10732,s3001731,2026-08-31 22:06:58,add_to_cart,tablet
17876,10732,s3001731,2026-08-31 22:07:55,begin_checkout,tablet
17877,10732,s3001731,2026-08-31 22:09:32,purchase,tablet
17878,,s3001732,2026-08-31 02:53:41,page_view,mobile
17879,,s3001732,2026-08-31 02:54:02,page_view,mobile
17880,,s3001732,2026-08-31 02:54:09,page_view,mobile
17881,,s3001732,2026-08-31 02:55:12,page_view,mobile
17882,,s3001733,2026-08-31 06:45:27,page_view,mobile
17883,,s3001733,2026-08-31 06:46:50,page_view,mobile
17884,,s3001733,2026-08-31 06:47:12,add_to_cart,mobile
17885,10659,s3001734,2026-08-31 10:16:09,page_view,desktop
17886,10124,s3001735,2026-08-31 19:36:38,page_view,tablet
17887,10124,s3001735,2026-08-31 19:37:50,page_view,tablet
17888,10124,s3001735,2026-08-31 19:39:20,add_to_cart,tablet
17889,10124,s3001735,2026-08-31 19:39:34,begin_checkout,tablet
17890,10124,s3001735,2026-08-31 19:40:16,purchase,tablet
17891,,s3001736,2026-08-31 21:09:12,page_view,mobile
17892,,s3001736,2026-08-31 21:09:45,page_view,mobile
17893,,s3001736,2026-08-31 21:10:49,add_to_cart,mobile
17894,10095,s3001737,2026-08-31 07:29:07,page_view,mobile
17895,10095,s3001737,2026-08-31 07:29:28,add_to_cart,mobile
17896,10095,s3001737,2026-08-31 07:30:26,begin_checkout,mobile
17897,10095,s3001737,2026-08-31 07:32:26,purchase,mobile
17898,,s3001738,2026-08-31 04:14:23,page_view,desktop
17899,,s3001738,2026-08-31 04:14:45,add_to_cart,desktop
17900,10722,s3001739,2026-08-31 03:00:47,page_view,desktop
17901,10722,s3001739,2026-08-31 03:01:44,page_view,desktop
17902,,s3001740,2026-08-31 13:12:24,page_view,mobile
17903,,s3001740,2026-08-31 13:12:51,page_view,mobile
17904,,s3001741,2026-08-31 05:51:13,page_view,mobile
17905,,s3001741,2026-08-31 05:51:25,page_view,mobile
17906,,s3001741,2026-08-31 05:53:02,page_view,mobile
17907,,s3001741,2026-08-31 05:53:41,add_to_cart,mobile
17908,,s3001742,2026-08-31 11:25:29,page_view,mobile
17909,,s3001742,2026-08-31 11:27:05,page_view,mobile
17910,,s3001742,2026-08-31 11:27:30,add_to_cart,mobile
17911,,s3001742,2026-08-31 11:28:26,begin_checkout,mobile
17912,10487,s3001743,2026-08-31 08:13:13,page_view,mobile
17913,10487,s3001743,2026-08-31 08:14:47,page_view,mobile
17914,10487,s3001743,2026-08-31 08:15:28,page_view,mobile
17915,10487,s3001743,2026-08-31 08:15:42,page_view,mobile
17916,10487,s3001743,2026-08-31 08:16:19,add_to_cart,mobile
17917,10633,s3001744,2026-08-31 11:42:07,page_view,desktop
17918,10633,s3001744,2026-08-31 11:42:40,add_to_cart,desktop
17919,10633,s3001744,2026-08-31 11:43:55,begin_checkout,desktop
17920,10633,s3001744,2026-08-31 11:44:12,purchase,desktop
17921,,s3001745,2026-08-31 22:43:20,page_view,mobile
17922,,s3001745,2026-08-31 22:44:53,page_view,mobile
17923,,s3001745,2026-08-31 22:45:21,page_view,mobile
17924,10151,s3001746,2026-08-31 19:08:05,page_view,Desktop
17925,10151,s3001746,2026-08-31 19:09:33,page_view,Desktop
17926,10151,s3001746,2026-08-31 19:11:32,page_view,Desktop
17927,10151,s3001746,2026-08-31 19:12:13,page_view,Desktop
17928,10195,s3001747,2026-08-31 16:57:52,page_view,tablet
17929,10195,s3001747,2026-08-31 16:59:29,page_view,tablet
17930,10488,s3001748,2026-08-31 02:50:34,page_view,desktop
17931,10488,s3001748,2026-08-31 02:51:32,page_view,desktop
17932,10488,s3001748,2026-08-31 02:51:58,page_view,desktop
17933,10488,s3001748,2026-08-31 02:53:56,page_view,desktop
17934,,s3001749,2026-08-31 05:44:41,page_view,tablet
17935,,s3001749,2026-08-31 05:45:31,page_view,tablet
17936,,s3001749,2026-08-31 05:45:40,page_view,tablet
17937,,s3001749,2026-08-31 05:46:54,add_to_cart,tablet
17938,,s3001749,2026-08-31 05:48:27,begin_checkout,tablet
17939,10709,s3001750,2026-08-31 11:32:28,page_view,desktop
17940,10709,s3001750,2026-08-31 11:34:21,page_view,desktop
17941,10709,s3001750,2026-08-31 11:35:24,page_view,desktop
17942,10709,s3001750,2026-08-31 11:37:11,page_view,desktop
17943,10709,s3001750,2026-08-31 11:38:39,add_to_cart,desktop
17944,10488,s3001751,2026-08-31 17:32:46,page_view,mobile
17945,10488,s3001751,2026-08-31 17:33:00,page_view,mobile
17946,10488,s3001751,2026-08-31 17:34:01,page_view,mobile
17947,10048,s3001752,2026-08-31 21:08:22,page_view,tablet
17948,10048,s3001752,2026-08-31 21:08:32,add_to_cart,tablet
17949,,s3001753,2026-08-31 05:26:02,page_view,desktop
17950,,s3001753,2026-08-31 05:26:40,page_view,desktop
17951,,s3001753,2026-08-31 05:27:41,page_view,desktop
17952,10120,s3001754,2026-08-31 22:42:47,page_view,desktop
17953,10120,s3001754,2026-08-31 22:44:17,page_view,desktop
17954,10120,s3001754,2026-08-31 22:45:10,page_view,desktop
17955,10120,s3001754,2026-08-31 22:46:29,page_view,desktop
17956,,s3001755,2026-08-31 22:43:23,page_view,desktop
17957,,s3001755,2026-08-31 22:43:50,page_view,desktop
17958,,s3001755,2026-08-31 22:45:10,page_view,desktop
17959,,s3001755,2026-08-31 22:46:10,page_view,desktop
17960,,s3001755,2026-08-31 22:46:39,add_to_cart,desktop
17961,,s3001755,2026-08-31 22:47:09,begin_checkout,desktop
17962,,s3001755,2026-08-31 22:48:52,purchase,desktop
17963,,s3001756,2026-08-31 07:31:20,page_view,desktop
17964,,s3001756,2026-08-31 07:32:11,add_to_cart,desktop
17965,,s3001756,2026-08-31 07:33:31,begin_checkout,desktop
17966,,s3001756,2026-08-31 07:35:07,purchase,desktop
17967,,s3001757,2026-08-31 10:03:45,page_view,desktop
17968,,s3001757,2026-08-31 10:05:35,page_view,desktop
17969,,s3001757,2026-08-31 10:06:52,page_view,desktop
17970,,s3001757,2026-08-31 10:08:14,page_view,desktop
17971,,s3001757,2026-08-31 10:09:38,add_to_cart,desktop
17972,10089,s3001758,2026-08-31 05:08:35,page_view,mobile
17973,,s3001759,2026-08-31 19:16:04,page_view,tablet
17974,,s3001759,2026-08-31 19:17:36,page_view,tablet
17975,,s3001759,2026-08-31 19:18:22,page_view,tablet
17976,,s3001759,2026-08-31 19:18:28,page_view,tablet
17977,,s3001760,2026-08-31 10:26:51,page_view,desktop
17978,,s3001760,2026-08-31 10:28:16,page_view,desktop
17979,,s3001760,2026-08-31 10:29:12,page_view,desktop
17980,10579,s3001761,2026-08-31 05:39:31,page_view,mobile
17981,10579,s3001761,2026-08-31 05:40:18,add_to_cart,mobile
17982,10579,s3001761,2026-08-31 05:40:54,begin_checkout,mobile
17983,10579,s3001761,2026-08-31 05:41:43,purchase,mobile
17984,10443,s3001762,2026-08-31 17:28:44,page_view,mobile
17985,10443,s3001762,2026-08-31 17:29:56,page_view,mobile
17986,10443,s3001762,2026-08-31 17:31:52,page_view,mobile
17987,10443,s3001762,2026-08-31 17:32:59,page_view,mobile
17988,,s3001763,2026-08-31 21:03:48,page_view,desktop
17989,,s3001763,2026-08-31 21:04:02,page_view,desktop
17990,,s3001763,2026-08-31 21:04:34,page_view,desktop
17991,10018,s3001764,2026-08-31 12:38:04,page_view,desktop
17992,10018,s3001764,2026-08-31 12:38:35,add_to_cart,desktop
17993,10018,s3001764,2026-08-31 12:39:06,begin_checkout,desktop
17994,10018,s3001764,2026-08-31 12:40:49,purchase,desktop
17995,10588,s3001765,2026-08-31 07:14:54,page_view,mobile
17996,10588,s3001765,2026-08-31 07:16:43,page_view,mobile
17997,10588,s3001765,2026-08-31 07:17:56,page_view,mobile
17998,10588,s3001765,2026-08-31 07:18:03,add_to_cart,mobile
17999,10588,s3001765,2026-08-31 07:18:14,begin_checkout,mobile
18000,10588,s3001765,2026-08-31 07:18:19,purchase,mobile
18001,10380,s3001766,2026-08-31 04:56:11,page_view,desktop
18002,10380,s3001766,2026-08-31 04:57:57,add_to_cart,desktop
18003,10380,s3001766,2026-08-31 04:58:06,begin_checkout,desktop
18004,10380,s3001766,2026-08-31 04:59:19,purchase,desktop
18005,,s3001767,2026-08-31 16:26:13,page_view,mobile
18006,,s3001767,2026-08-31 16:26:40,page_view,mobile
18007,,s3001767,2026-08-31 16:28:29,page_view,mobile
18008,,s3001767,2026-08-31 16:30:08,page_view,mobile
18009,,s3001767,2026-08-31 16:31:02,add_to_cart,mobile
18010,,s3001768,2026-08-31 02:52:37,page_view,mobile
18011,,s3001768,2026-08-31 02:54:12,page_view,mobile
18012,,s3001768,2026-08-31 02:54:15,page_view,mobile
18013,,s3001768,2026-08-31 02:55:12,page_view,mobile
18014,,s3001769,2026-08-31 16:24:45,page_view,desktop
18015,,s3001769,2026-08-31 16:25:57,page_view,desktop
18016,,s3001769,2026-08-31 16:27:56,add_to_cart,desktop
18017,,s3001769,2026-08-31 16:29:34,begin_checkout,desktop
18018,,s3001769,2026-08-31 16:30:09,purchase,desktop
18019,10081,s3001770,2026-08-31 06:08:51,page_view,desktop
18020,10081,s3001770,2026-08-31 06:09:31,add_to_cart,desktop
18021,10081,s3001770,2026-08-31 06:10:00,begin_checkout,desktop
18022,10081,s3001770,2026-08-31 06:11:48,purchase,desktop
18023,10644,s3001771,2026-08-31 18:06:52,page_view,mobile
18024,10644,s3001771,2026-08-31 18:07:59,page_view,mobile
18025,10095,s3001772,2026-08-31 17:24:29,page_view,mobile
18026,10609,s3001773,2026-08-31 18:11:19,page_view,desktop
18027,10609,s3001773,2026-08-31 18:13:03,page_view,desktop
18028,10136,s3001774,2026-08-31 10:20:48,page_view,desktop
18029,10136,s3001774,2026-08-31 10:21:59,page_view,desktop
18030,10136,s3001774,2026-08-31 10:23:23,page_view,desktop
18031,10136,s3001774,2026-08-31 10:24:19,add_to_cart,desktop
18032,10136,s3001774,2026-08-31 10:24:43,begin_checkout,desktop
18033,10136,s3001774,2026-08-31 10:26:40,purchase,desktop
18034,10059,s3001775,2026-08-31 00:12:05,page_view,desktop
18035,10059,s3001775,2026-08-31 00:14:01,page_view,desktop
18036,,s3001776,2026-08-31 14:29:40,page_view,tablet
18037,,s3001776,2026-08-31 14:30:50,page_view,tablet
18038,,s3001776,2026-08-31 14:31:25,page_view,tablet
18039,,s3001776,2026-08-31 14:33:00,add_to_cart,tablet
18040,10348,s3001777,2026-08-31 06:05:11,page_view,desktop
18041,10169,s3001778,2026-08-31 02:57:13,page_view,Desktop
18042,10169,s3001778,2026-08-31 02:58:46,page_view,Desktop
18043,,s3001779,2026-08-31 08:28:47,page_view,mobile
18044,,s3001779,2026-08-31 08:30:11,add_to_cart,mobile
18045,,s3001779,2026-08-31 08:31:30,begin_checkout,mobile
18046,10470,s3001780,2026-08-31 21:21:50,page_view,tablet
18047,10470,s3001780,2026-08-31 21:22:48,page_view,tablet
18048,10470,s3001780,2026-08-31 21:23:12,page_view,tablet
18049,10419,s3001781,2026-08-31 08:47:06,page_view,mobile
18050,10419,s3001781,2026-08-31 08:47:23,page_view,mobile
18051,10419,s3001781,2026-08-31 08:49:18,page_view,mobile
18052,10419,s3001781,2026-08-31 08:50:27,page_view,mobile
18053,10419,s3001781,2026-08-31 08:50:51,add_to_cart,mobile
18054,10419,s3001781,2026-08-31 08:52:25,begin_checkout,mobile
18055,,s3001782,2026-08-31 10:52:48,page_view,desktop
18056,,s3001782,2026-08-31 10:53:25,add_to_cart,desktop
18057,,s3001782,2026-08-31 10:53:51,begin_checkout,desktop
18058,,s3001782,2026-08-31 10:54:40,purchase,desktop
18059,,s3001783,2026-08-31 16:34:58,page_view,tablet
18060,,s3001783,2026-08-31 16:36:56,page_view,tablet
18061,,s3001783,2026-08-31 16:37:01,add_to_cart,tablet
18062,,s3001783,2026-08-31 16:38:14,begin_checkout,tablet
18063,,s3001783,2026-08-31 16:38:33,purchase,tablet
18064,,s3001784,2026-08-31 15:31:17,page_view,tablet
18065,,s3001784,2026-08-31 15:33:13,page_view,tablet
18066,,s3001785,2026-08-31 20:02:32,page_view,desktop
18067,,s3001786,2026-08-31 13:24:39,page_view,mobile
18068,,s3001786,2026-08-31 13:25:15,page_view,mobile
18069,,s3001786,2026-08-31 13:26:20,page_view,mobile
18070,10632,s3001787,2026-08-31 10:41:28,page_view,mobile
18071,10632,s3001787,2026-08-31 10:41:40,page_view,mobile
18072,10632,s3001787,2026-08-31 10:43:22,page_view,mobile
18073,10737,s3001788,2026-08-31 18:48:48,page_view,desktop
18074,10737,s3001788,2026-08-31 18:49:11,page_view,desktop
18075,10737,s3001788,2026-08-31 18:50:29,page_view,desktop
18076,10737,s3001788,2026-08-31 18:51:39,page_view,desktop
18077,,s3001789,2026-08-31 18:31:58,page_view,mobile
18078,,s3001789,2026-08-31 18:33:14,page_view,mobile
18079,,s3001789,2026-08-31 18:33:17,page_view,mobile
18080,,s3001789,2026-08-31 18:34:23,add_to_cart,mobile
18081,,s3001789,2026-08-31 18:34:34,begin_checkout,mobile
18082,,s3001789,2026-08-31 18:36:26,purchase,mobile
18083,10144,s3001790,2026-08-31 19:11:30,page_view,mobile
18084,10144,s3001790,2026-08-31 19:12:53,add_to_cart,mobile
18085,10144,s3001790,2026-08-31 19:13:39,begin_checkout,mobile
18086,,s3001791,2026-08-31 19:46:12,page_view,desktop
18087,,s3001791,2026-08-31 19:47:16,page_view,desktop
18088,10605,s3001792,2026-08-31 10:41:45,page_view,desktop
18089,10605,s3001792,2026-08-31 10:41:51,page_view,desktop
18090,10605,s3001792,2026-08-31 10:43:25,add_to_cart,desktop
