order_item_id,order_id,product_id,quantity,unit_price,discount_pct
7534,104038,1054,4,61.29,0.20
7535,104039,1078,2,68.03,0.20
7536,104040,1039,2,125.57,0.15
7537,104040,1010,1,42.65,0.20
7538,104040,1046,1,47.85,0.00
7539,104041,1049,1,53.08,0.00
7540,104041,1046,2,47.85,0.00
7541,104042,1002,1,20.29,0.10
7542,104042,1027,1,123.47,0.00
7543,104042,1034,1,68.99,0.15
7544,104043,1033,1,210.53,0.00
7545,104043,1072,2,25.15,0.00
7546,104043,1021,1,16.90,0.00
7547,104044,1045,1,85.65,0.20
7548,104044,1001,1,17.80,0.20
7549,104044,1060,2,63.95,0.10
7550,104045,1048,1,18.53,0.15
7551,104045,1021,1,16.90,0.00
7552,104046,1032,1,104.13,0.00
7553,104047,1024,1,31.59,0.00
7554,104047,1010,2,42.65,0.10
7555,104048,1043,1,185.49,0.10
7556,104048,1066,1,18.19,0.05
7557,104049,1047,4,70.37,0.00
7558,104049,1032,1,104.13,0.10
7559,104050,1001,1,17.80,0.00
7560,104051,1024,2,31.59,0.00
7561,104052,1018,2,17.88,0.20
7562,104052,1070,1,14.18,0.00
7563,104052,1040,1,123.72,0.00
7564,104052,1030,1,125.08,0.00
7565,104053,1041,4,81.45,0.20
7566,104053,1064,1,42.55,0.05
7567,104054,1031,4,146.40,0.00
7568,104055,1055,1,50.44,0.00
7569,104055,1055,3,50.44,0.00
7570,104055,1020,1,41.32,0.00
7571,104056,1006,2,38.50,0.00
7572,104056,1064,2,42.55,0.10
7573,104057,1042,1,205.47,0.15
7574,104057,1026,3,22.74,0.15
7575,104057,1057,3,56.24,0.00
7576,104058,1050,1,79.54,0.10
7577,104058,1007,2,45.10,0.20
7578,104059,1054,2,61.29,0.00
7579,104060,1048,3,18.53,0.00
7580,104060,1034,4,68.99,0.00
7581,104061,1037,1,145.98,0.20
7582,104062,1033,2,210.53,0.15
7583,104062,1060,1,63.95,0.10
7584,104063,1023,1,10.70,0.00
7585,104063,1049,1,53.08,0.15
7586,104064,1062,2,48.81,0.05
7587,104065,1036,1,193.46,0.00
7588,104065,1071,2,31.77,0.00
7589,104065,1017,1,25.52,0.10
7590,104066,1075,2,74.40,0.15
7591,104066,1023,1,10.70,0.10
7592,104067,1045,1,85.65,0.10
7593,104068,1059,1,46.39,0.00
7594,104068,1032,1,104.13,0.00
7595,104069,1026,2,22.74,0.00
7596,104069,1022,2,27.34,0.10
7597,104070,1001,1,17.80,0.15
7598,104070,1028,2,191.46,0.15
7599,104071,1060,1,63.95,0.20
7600,104072,1067,1,33.59,0.05
7601,104073,1074,1,27.33,0.00
7602,104073,1032,1,104.13,0.05
7603,104074,1062,1,48.81,0.20
7604,104074,1021,1,16.90,0.05
7605,104074,1069,1,49.10,0.00
7606,104075,1059,1,46.39,0.00
7607,104075,1068,1,35.89,0.10
7608,104076,1021,1,16.90,0.10
7609,104077,1009,3,40.20,0.00
7610,104077,1011,1,47.68,0.15
7611,104077,1061,1,10.53,0.00
7612,104078,1025,4,24.20,0.15
7613,104079,1050,1,79.54,0.15
7614,104079,1037,1,145.98,0.15
7615,104080,1001,1,17.80,0.10
7616,104081,1016,2,23.24,0.15
7617,104081,1042,2,205.47,0.10
7618,104081,1058,1,26.06,0.00
7619,104082,1061,3,10.53,0.00
7620,104082,1051,3,25.37,0.00
7621,104083,1078,2,68.03,0.10
7622,104083,1064,2,42.55,0.10
7623,104083,1069,1,49.10,0.10
7624,104083,1078,1,68.03,0.00
7625,104084,1028,1,191.46,0.05
7626,104084,1044,1,12.75,0.15
7627,104085,1066,2,18.19,0.05
7628,104085,1025,1,24.20,0.00
7629,104086,1043,1,185.49,0.05
7630,104087,1059,1,46.39,0.00
7631,104088,1063,2,14.47,0.20
7632,104089,1061,1,10.53,0.00
7633,104089,1047,1,70.37,0.20
7634,104090,1073,1,39.75,0.10
7635,104090,1029,1,162.75,0.00
7636,104091,1012,1,6.77,0.00
7637,104091,1066,1,18.19,0.20
7638,104091,1028,1,191.46,0.00
7639,104091,1021,1,16.90,0.05
7640,104092,1055,2,50.44,0.05
7641,104092,1049,2,53.08,0.15
7642,104093,1058,1,26.06,0.15
7643,104094,1027,2,123.47,0.10
7644,104095,1055,2,50.44,0.20
7645,104096,1032,2,104.13,0.00
7646,104097,1036,1,193.46,0.05
7647,104098,1019,2,18.46,0.00
7648,104099,1044,3,12.75,0.15
7649,104100,1066,2,18.19,0.10
7650,104101,1019,2,18.46,0.00
7651,104102,1033,2,210.53,0.15
7652,104102,1007,1,45.10,0.05
7653,104103,1043,4,185.49,0.05
7654,104104,1078,1,68.03,0.00
7655,104105,1001,1,17.80,0.15
7656,104105,1060,1,63.95,0.10
7657,104105,1046,1,47.85,0.20
7658,104106,1064,1,42.55,0.20
7659,104106,1056,1,26.43,0.00
7660,104106,1077,1,10.69,0.05
7661,104107,1075,1,74.40,0.00
7662,104107,1024,2,31.59,0.15
7663,104108,1049,1,53.08,0.00
7664,104109,1026,1,22.74,0.10
7665,104109,1021,1,16.90,0.15
7666,104110,1017,2,25.52,0.10
7667,104110,1010,2,42.65,0.00
7668,104110,1018,1,17.88,0.00
7669,104111,1063,1,14.47,0.05
7670,104112,1030,2,125.08,0.00
7671,104113,1008,1,25.87,0.00
7672,104114,1039,3,125.57,0.00
7673,104115,1028,2,191.46,0.00
7674,104115,1062,1,48.81,0.00
7675,104116,1007,1,45.10,0.15
7676,104116,1045,3,85.65,0.00
7677,104117,1062,1,48.81,0.15
7678,104118,1054,1,61.29,0.00
7679,104118,1077,2,10.69,0.00
7680,104119,1018,2,17.88,0.05
7681,104119,1070,2,14.18,0.00
7682,104119,1022,1,27.34,0.15
7683,104120,1052,1,67.85,0.00
7684,104120,1076,2,69.88,0.20
7685,104120,1062,1,48.81,0.15
7686,104121,1011,1,47.68,0.00
7687,104121,1028,2,191.46,0.10
7688,104121,1020,1,41.32,0.20
7689,104122,1080,1,19.14,0.15
7690,104123,1017,2,25.52,0.00
7691,104124,1066,1,18.19,0.20
7692,104124,1045,2,85.65,0.15
7693,104125,1002,1,20.29,0.15
7694,104125,1047,1,70.37,0.00
7695,104126,1028,1,191.46,0.00
7696,104127,1010,1,42.65,0.00
7697,104127,1031,3,146.40,0.05
7698,104127,1029,2,162.75,0.00
7699,104128,1006,1,38.50,0.05
7700,104128,1020,1,41.32,0.10
7701,104129,1006,1,38.50,0.05
7702,104129,1040,3,123.72,0.00
7703,104130,1052,1,67.85,0.15
7704,104130,1056,1,26.43,0.00
7705,104130,1076,1,69.88,0.10
7706,104131,1053,1,33.56,0.00
7707,104132,1029,2,162.75,0.00
7708,104132,1068,1,35.89,0.00
7709,104133,1076,2,69.88,0.20
7710,104134,1044,2,12.75,0.20
7711,104135,1007,1,45.10,0.10
7712,104135,1049,1,53.08,0.00
7713,104136,1004,1,16.52,0.05
7714,104136,1054,1,61.29,0.05
7715,104136,1023,1,10.70,0.10
7716,104137,1060,1,63.95,0.00
7717,104138,1054,2,61.29,0.00
7718,104138,1028,1,191.46,0.15
7719,104138,1024,3,31.59,0.15
7720,104138,1071,1,31.77,0.00
7721,104139,1052,1,67.85,0.15
7722,104139,1079,1,74.62,0.00
7723,104140,1027,1,123.47,0.05
7724,104140,1014,2,56.86,0.00
7725,104141,1039,2,125.57,0.00
7726,104142,1078,2,68.03,0.20
7727,104142,1071,1,31.77,0.05
7728,104143,1015,1,22.31,0.20
7729,104143,1009,2,40.20,0.10
7730,104144,1072,1,25.15,0.10
7731,104145,1068,1,35.89,0.00
7732,104145,1061,2,10.53,0.20
7733,104146,1027,2,123.47,0.15
7734,104146,1075,4,74.40,0.00
7735,104147,1026,2,22.74,0.20
7736,104147,1075,1,74.40,0.20
7737,104147,1008,2,25.87,0.10
7738,104148,1061,1,10.53,0.00
7739,104148,1007,3,45.10,0.00
7740,104149,1077,1,10.69,0.00
7741,104149,1061,1,10.53,0.15
7742,104150,1062,1,48.81,0.05
7743,104150,1033,1,210.53,0.00
7744,104151,1047,1,70.37,0.00
7745,104152,1002,1,20.29,0.10
7746,104153,1053,1,33.56,0.00
7747,104153,1019,2,18.46,0.05
7748,104154,1074,1,27.33,0.00
7749,104154,1037,1,145.98,0.15
7750,104154,1061,1,10.53,0.00
7751,104154,1034,1,68.99,0.00
7752,104155,1064,1,42.55,0.00
7753,104155,1072,2,25.15,0.00
7754,104156,1050,1,79.54,0.20
7755,104157,1018,2,17.88,0.10
7756,104158,1033,1,210.53,0.20
7757,104159,1061,1,10.53,0.15
7758,104160,1032,2,104.13,0.10
7759,104160,1015,4,22.31,0.10
7760,104161,1033,1,210.53,0.15
7761,104161,1076,3,69.88,0.05
7762,104161,1055,2,50.44,0.15
7763,104162,1053,1,33.56,0.15
7764,104162,1076,1,69.88,0.00
7765,104163,1025,1,24.20,0.00
7766,104164,1048,1,18.53,0.20
7767,104164,1055,1,50.44,0.20
7768,104165,1035,2,51.62,0.00
7769,104166,1032,1,104.13,0.10
7770,104166,1078,2,68.03,0.00
7771,104167,1078,3,68.03,0.00
7772,104167,1071,2,31.77,0.20
7773,104168,1034,1,68.99,0.15
7774,104169,1018,1,17.88,0.05
7775,104170,1008,1,25.87,0.00
7776,104170,1077,1,10.69,0.00
7777,104170,1069,1,49.10,0.15
7778,104171,1045,1,85.65,0.05
7779,104171,1047,1,70.37,0.20
7780,104172,1033,1,210.53,0.00
7781,104172,1011,1,47.68,0.05
7782,104173,1006,1,38.50,0.20
7783,104174,1013,1,19.73,0.05
7784,104175,1079,1,74.62,0.15
7785,104176,1025,1,24.20,0.00
7786,104176,1059,1,46.39,0.05
7787,104177,1001,4,17.80,0.05
7788,104177,1033,2,210.53,0.00
7789,104177,1034,1,68.99,0.00
7790,104178,1016,3,23.24,0.00
7791,104178,1054,2,61.29,0.20
7792,104178,1075,1,74.40,0.00
7793,104178,1056,1,26.43,0.00
7794,104179,1036,1,193.46,0.00
7795,104179,1001,1,17.80,0.15
7796,104180,1043,1,185.49,0.00
7797,104181,1001,1,17.80,0.15
7798,104182,1040,1,123.72,0.00
7799,104182,1021,1,16.90,0.15
7800,104182,1067,1,33.59,0.10
7801,104182,1024,2,31.59,0.00
7802,104183,1066,1,18.19,0.05
7803,104184,1073,1,39.75,0.10
7804,104184,1058,2,26.06,0.10
7805,104184,1069,2,49.10,0.10
7806,104184,1041,1,81.45,0.15
7807,104185,1020,3,41.32,0.00
7808,104186,1011,1,47.68,0.00
7809,104186,1045,2,85.65,0.10
7810,104187,1056,1,26.43,0.15
7811,104187,1076,3,69.88,0.15
7812,104188,1022,1,27.34,0.00
7813,104188,1069,1,49.10,0.20
7814,104189,1068,2,35.89,0.00
7815,104189,1006,1,38.50,0.00
7816,104190,1044,2,12.75,0.00
7817,104191,1011,1,47.68,0.00
7818,104192,1018,1,17.88,0.10
7819,104192,1015,3,22.31,0.00
7820,104192,1017,3,25.52,0.00
7821,104193,1047,2,70.37,0.15
7822,104193,1076,1,69.88,0.15
7823,104193,1020,1,41.32,0.15
7824,104193,1074,1,27.33,0.15
7825,104194,1047,2,70.37,0.00
7826,104195,1016,1,23.24,0.15
7827,104196,1061,2,10.53,0.00
7828,104196,1073,2,39.75,0.15
7829,104196,1039,1,125.57,0.00
7830,104197,1051,2,25.37,0.20
7831,104198,1055,3,50.44,0.05
7832,104198,1041,1,81.45,0.20
7833,104199,1004,1,16.52,0.15
7834,104199,1015,1,22.31,0.00
7835,104199,1022,3,27.34,0.15
7836,104199,1022,3,27.34,0.00
7837,104200,1009,2,40.20,0.15
7838,104201,1042,1,205.47,0.20
7839,104202,1027,4,123.47,0.00
7840,104202,1074,2,27.33,0.00
7841,104202,1023,2,10.70,0.05
7842,104203,1012,1,6.77,0.05
7843,104204,1069,1,49.10,0.20
7844,104204,1015,2,22.31,0.10
7845,104204,1022,1,27.34,0.05
7846,104204,1046,2,47.85,0.05
7847,104205,1063,1,14.47,0.00
7848,104205,1027,4,123.47,0.00
7849,104205,1021,4,16.90,0.10
7850,104206,1012,1,6.77,0.00
7851,104206,1067,2,33.59,0.05
7852,104206,1017,2,25.52,0.00
7853,104207,1057,2,56.24,0.00
7854,104207,1066,2,18.19,0.00
7855,104207,1042,1,205.47,0.00
7856,104208,1071,1,31.77,0.20
7857,104209,1012,1,6.77,0.00
7858,104209,1002,1,20.29,0.00
7859,104210,1046,1,47.85,0.20
7860,104210,1025,3,24.20,0.05
7861,104210,1009,1,40.20,0.00
7862,104210,1063,2,14.47,0.00
7863,104211,1026,2,22.74,0.15
7864,104211,1063,2,14.47,0.05
7865,104211,1076,2,69.88,0.00
7866,104212,1002,1,20.29,0.00
7867,104213,1068,1,35.89,0.15
7868,104214,1053,1,33.56,0.10
7869,104214,1001,2,17.80,0.00
7870,104215,1011,1,47.68,0.05
7871,104216,1059,2,46.39,0.20
7872,104217,1046,1,47.85,0.05
7873,104218,1041,1,81.45,0.05
7874,104219,1036,2,193.46,0.00
7875,104220,1011,1,47.68,0.15
7876,104221,1072,1,25.15,0.00
7877,104221,1067,1,33.59,0.05
7878,104221,1059,1,46.39,0.00
7879,104221,1056,2,26.43,0.00
7880,104222,1018,1,17.88,0.00
7881,104223,1015,3,22.31,0.15
7882,104223,1077,2,10.69,0.00
7883,104223,1054,1,61.29,0.00
7884,104224,1062,3,48.81,0.10
7885,104225,1010,1,42.65,0.00
7886,104225,1065,1,56.22,0.00
7887,104225,1014,4,56.86,0.00
7888,104226,1036,2,193.46,0.15
7889,104227,1040,2,123.72,0.05
7890,104227,1027,1,123.47,0.00
7891,104227,1042,2,205.47,0.00
7892,104228,1016,1,23.24,0.15
7893,104228,1029,2,162.75,0.00
7894,104228,1051,1,25.37,0.00
7895,104228,1011,1,47.68,0.10
7896,104229,1059,1,46.39,0.00
7897,104229,1020,1,41.32,0.10
7898,104230,1005,1,56.52,0.20
7899,104230,1013,2,19.73,0.00
7900,104230,1010,3,42.65,0.00
7901,104231,1058,1,26.06,0.20
7902,104232,1026,3,22.74,0.20
7903,104233,1063,1,14.47,0.10
7904,104234,1057,1,56.24,0.15
7905,104235,1069,2,49.10,0.00
7906,104236,1020,1,41.32,0.00
7907,104237,1074,1,27.33,0.10
7908,104238,1007,1,45.10,0.00
7909,104239,1040,1,123.72,0.15
7910,104240,1043,2,185.49,0.15
7911,104240,1051,2,25.37,0.05
7912,104240,1044,1,12.75,0.00
7913,104241,1071,2,31.77,0.00
7914,104241,1075,1,74.40,0.20
7915,104241,1034,1,68.99,0.00
7916,104242,1005,1,56.52,0.00
7917,104242,1069,2,49.10,0.00
7918,104243,1062,1,48.81,0.10
7919,104243,1070,2,14.18,0.10
7920,104243,1002,1,20.29,0.20
7921,104243,1020,3,41.32,0.00
7922,104244,1042,2,205.47,0.20
7923,104245,1051,3,25.37,0.00
7924,104246,1031,1,146.40,0.00
7925,104246,1063,1,14.47,0.20
7926,104247,1049,1,53.08,0.10
7927,104248,1044,1,12.75,0.20
7928,104249,1063,1,14.47,0.00
7929,104249,1073,3,39.75,0.05
7930,104250,1018,3,17.88,0.00
7931,104251,1005,3,56.52,0.10
7932,104251,1022,4,27.34,0.15
7933,104251,1077,1,10.69,0.05
7934,104252,1005,1,56.52,0.15
7935,104253,1022,1,27.34,0.05
7936,104254,1012,1,6.77,0.00
7937,104255,1063,1,14.47,0.10
7938,104256,1020,2,41.32,0.00
7939,104256,1014,1,56.86,0.10
7940,104256,1005,2,56.52,0.00
7941,104256,1066,2,18.19,0.00
7942,104257,1035,1,51.62,0.00
7943,104257,1005,1,56.52,0.15
7944,104258,1023,1,10.70,0.00
7945,104258,1039,1,125.57,0.20
7946,104258,1018,1,17.88,0.15
7947,104259,1030,2,125.08,0.20
7948,104260,1066,2,18.19,0.00
7949,104260,1033,1,210.53,0.10
7950,104261,1020,3,41.32,0.20
7951,104261,1049,1,53.08,0.20
7952,104261,1056,3,26.43,0.05
7953,104261,1010,2,42.65,0.10
7954,104262,1016,1,23.24,0.00
7955,104262,1064,1,42.55,0.10
7956,104262,1057,2,56.24,0.10
7957,104263,1062,2,48.81,0.20
7958,104263,1001,1,17.80,0.05
7959,104264,1046,1,47.85,0.15
7960,104265,1026,1,22.74,0.00
7961,104265,1063,1,14.47,0.20
7962,104266,1039,1,125.57,0.10
7963,104267,1057,1,56.24,0.00
7964,104267,1015,4,22.31,0.00
7965,104267,1040,1,123.72,0.00
7966,104268,1012,1,6.77,0.00
7967,104269,1067,1,33.59,0.20
7968,104270,1075,2,74.40,0.15
7969,104270,1067,2,33.59,0.15
7970,104270,1026,1,22.74,0.20
7971,104270,1018,2,17.88,0.00
7972,104271,1009,2,40.20,0.20
7973,104272,1031,2,146.40,0.20
7974,104272,1075,1,74.40,0.05
7975,104272,1076,1,69.88,0.00
7976,104273,1002,1,20.29,0.05
7977,104273,1074,1,27.33,0.20
7978,104273,1021,3,16.90,0.00
7979,104273,1009,1,40.20,0.00
7980,104274,1022,1,27.34,0.15
7981,104274,1039,1,125.57,0.00
7982,104274,1070,2,14.18,0.15
7983,104275,1014,1,56.86,0.20
7984,104275,1057,1,56.24,0.00
7985,104276,1046,2,47.85,0.00
7986,104277,1026,1,22.74,0.00
7987,104277,1035,2,51.62,0.20
7988,104277,1078,3,68.03,0.10
7989,104278,1064,1,42.55,0.10
7990,104278,1026,2,22.74,0.20
7991,104279,1080,1,19.14,0.00
7992,104280,1025,1,24.20,0.00
7993,104280,1070,1,14.18,0.15
7994,104280,1055,1,50.44,0.00
7995,104280,1012,1,6.77,0.00
7996,104281,1052,1,67.85,0.15
7997,104281,1073,1,39.75,0.10
7998,104282,1016,3,23.24,0.00
7999,104283,1050,3,79.54,0.15
8000,104283,1049,2,53.08,0.00
8001,104283,1037,1,145.98,0.20
8002,104284,1009,1,40.20,0.00
8003,104284,1080,2,19.14,0.00
8004,104284,1068,3,35.89,0.05
8005,104284,1060,1,63.95,0.10
8006,104285,1022,1,27.34,0.05
8007,104286,1029,2,162.75,0.05
8008,104286,1022,1,27.34,0.00
8009,104287,1019,1,18.46,0.05
8010,104287,1069,2,49.10,0.00
8011,104288,1024,2,31.59,0.05
8012,104289,1059,1,46.39,0.00
8013,104290,1073,1,39.75,0.10
8014,104291,1065,2,56.22,0.05
8015,104291,1026,1,22.74,0.20
8016,104292,1054,3,61.29,0.00
8017,104292,1018,1,17.88,0.00
8018,104293,1049,2,53.08,0.00
8019,104293,1056,1,26.43,0.00
8020,104294,1006,1,38.50,0.00
8021,104294,1004,2,16.52,0.10
8022,104295,1055,2,50.44,0.15
8023,104296,1062,2,48.81,0.00
8024,104296,1025,2,24.20,0.00
8025,104296,1066,1,18.19,0.10
8026,104297,1044,3,12.75,0.00
8027,104297,1024,2,31.59,0.00
8028,104298,1022,4,27.34,0.05
8029,104299,1071,1,31.77,0.05
8030,104300,1035,1,51.62,0.20
8031,104300,1067,1,33.59,0.05
8032,104300,1007,1,45.10,0.00
8033,104301,1015,1,22.31,0.15
8034,104301,1050,2,79.54,0.10
8035,104302,1012,1,6.77,0.05
8036,104303,1051,1,25.37,0.00
8037,104304,1042,3,205.47,0.00
8038,104304,1061,2,10.53,0.00
8039,104305,1060,2,63.95,0.05
8040,104306,1060,4,63.95,0.00
8041,104307,1038,3,46.33,0.10
8042,104308,1010,1,42.65,0.00
8043,104309,1024,1,31.59,0.00
8044,104310,1057,2,56.24,0.00
8045,104310,1033,3,210.53,0.00
8046,104311,1071,1,31.77,0.10
8047,104311,1016,1,23.24,0.10
8048,104312,1072,1,25.15,0.05
8049,104312,1020,1,41.32,0.00
8050,104313,1001,3,17.80,0.00
8051,104314,1070,4,14.18,0.15
8052,104314,1072,1,25.15,0.05
8053,104315,1009,3,40.20,0.00
8054,104315,1024,3,31.59,0.15
8055,104315,1053,4,33.56,0.00
8056,104315,1033,1,210.53,0.00
8057,104316,1015,2,22.31,0.15
8058,104316,1026,1,22.74,0.00
8059,104317,1051,1,25.37,0.05
8060,104317,1041,1,81.45,0.00
8061,104317,1066,1,18.19,0.00
8062,104318,1064,1,42.55,0.05
8063,104318,1075,1,74.40,0.00
8064,104319,1074,4,27.33,0.15
8065,104320,1057,4,56.24,0.00
8066,104321,1018,3,17.88,0.20
8067,104322,1009,1,40.20,0.20
8068,104323,1062,2,48.81,0.15
8069,104324,1034,1,68.99,0.20
8070,104324,1034,2,68.99,0.20
8071,104324,1041,2,81.45,0.00
8072,104325,1036,2,193.46,0.20
8073,104326,1057,1,56.24,0.00
8074,104327,1050,1,79.54,0.05
8075,104327,1003,2,25.07,0.10
8076,104328,1017,2,25.52,0.05
8077,104328,1031,2,146.40,0.10
8078,104329,1005,1,56.52,0.00
8079,104329,1029,1,162.75,0.20
8080,104329,1057,2,56.24,0.00
8081,104330,1033,1,210.53,0.15
8082,104330,1056,2,26.43,0.05
8083,104330,1054,1,61.29,0.20
8084,104331,1068,1,35.89,0.20
8085,104332,1025,3,24.20,0.20
8086,104333,1050,1,79.54,0.15
8087,104333,1046,1,47.85,0.00
8088,104334,1043,1,185.49,0.05
8089,104335,1053,4,33.56,0.20
8090,104335,1015,4,22.31,0.10
8091,104336,1011,1,47.68,0.15
8092,104337,1066,3,18.19,0.00
8093,104338,1071,1,31.77,0.05
8094,104338,1029,1,162.75,0.00
8095,104339,1072,3,25.15,0.10
8096,104340,1073,1,39.75,0.00
8097,104341,1052,1,67.85,0.15
8098,104341,1010,3,42.65,0.05
8099,104342,1007,1,45.10,0.00
8100,104342,1067,1,33.59,0.05
8101,104342,1013,2,19.73,0.00
8102,104343,1036,3,193.46,0.20
8103,104343,1072,2,25.15,0.00
8104,104343,1036,1,193.46,0.00
8105,104344,1016,1,23.24,0.00
8106,104345,1046,2,47.85,0.05
8107,104345,1012,1,6.77,0.05
8108,104345,1078,2,68.03,0.00
8109,104346,1009,2,40.20,0.15
8110,104347,1042,1,205.47,0.05
8111,104347,1013,1,19.73,0.15
8112,104348,1037,1,145.98,0.10
8113,104349,1061,1,10.53,0.10
8114,104350,1011,3,47.68,0.00
8115,104350,1078,1,68.03,0.00
8116,104351,1036,1,193.46,0.05
8117,104352,1049,1,53.08,0.10
8118,104353,1080,1,19.14,0.20
8119,104354,1038,1,46.33,0.00
8120,104354,1026,2,22.74,0.00
8121,104355,1043,1,185.49,0.10
8122,104356,1054,1,61.29,0.05
8123,104357,1021,2,16.90,0.05
8124,104357,1027,3,123.47,0.20
8125,104358,1022,1,27.34,0.05
8126,104358,1034,3,68.99,0.20
8127,104359,1006,3,38.50,0.20
8128,104359,1073,2,39.75,0.00
8129,104359,1040,1,123.72,0.15
8130,104360,1044,2,12.75,0.00
8131,104361,1062,1,48.81,0.00
8132,104362,1041,2,81.45,0.20
8133,104362,1069,2,49.10,0.05
8134,104362,1006,2,38.50,0.10
8135,104363,1079,1,74.62,0.10
8136,104364,1021,1,16.90,0.20
8137,104365,1068,3,35.89,0.15
8138,104365,1026,1,22.74,0.00
8139,104365,1063,1,14.47,0.00
8140,104365,1012,1,6.77,0.20
8141,104366,1069,3,49.10,0.15
8142,104366,1011,2,47.68,0.10
8143,104367,1054,4,61.29,0.15
8144,104368,1060,2,63.95,0.00
8145,104368,1024,1,31.59,0.00
8146,104368,1059,2,46.39,0.10
8147,104368,1069,1,49.10,0.20
8148,104369,1074,1,27.33,0.05
8149,104369,1059,1,46.39,0.15
8150,104370,1044,2,12.75,0.00
8151,104370,1047,1,70.37,0.15
8152,104370,1028,1,191.46,0.20
8153,104371,1048,3,18.53,0.00
8154,104372,1007,2,45.10,0.00
8155,104372,1045,1,85.65,0.05
8156,104373,1003,4,25.07,0.20
8157,104373,1078,3,68.03,0.00
8158,104373,1069,1,49.10,0.10
8159,104374,1046,1,47.85,0.10
8160,104375,1058,1,26.06,0.15
8161,104375,1058,2,26.06,0.05
8162,104375,1072,1,25.15,0.10
8163,104375,1071,1,31.77,0.00
8164,104376,1013,1,19.73,0.10
8165,104377,1027,1,123.47,0.00
8166,104377,1069,3,49.10,0.05
8167,104377,1047,1,70.37,0.00
8168,104378,1021,2,16.90,0.00
8169,104378,1067,2,33.59,0.00
8170,104378,1002,1,20.29,0.00
8171,104378,1027,1,123.47,0.00
8172,104379,1079,3,74.62,0.20
8173,104379,1034,1,68.99,0.05
8174,104380,1024,3,31.59,0.00
8175,104380,1027,1,123.47,0.00
8176,104380,1026,2,22.74,0.20
8177,104381,1035,2,51.62,0.15
8178,104381,1068,3,35.89,0.10
8179,104382,1050,1,79.54,0.00
8180,104382,1008,2,25.87,0.00
8181,104382,1049,1,53.08,0.00
8182,104383,1009,4,40.20,0.00
8183,104384,1043,1,185.49,0.00
8184,104385,1039,1,125.57,0.00
8185,104385,1046,1,47.85,0.20
8186,104386,1059,1,46.39,0.00
8187,104387,1064,1,42.55,0.20
8188,104387,1010,1,42.65,0.20
8189,104388,1058,1,26.06,0.00
8190,104388,1011,1,47.68,0.00
8191,104389,1026,1,22.74,0.00
8192,104389,1064,1,42.55,0.20
8193,104389,1064,3,42.55,0.00
8194,104390,1011,1,47.68,0.00
8195,104390,1068,3,35.89,0.00
8196,104390,1060,2,63.95,0.15
8197,104391,1060,2,63.95,0.20
8198,104392,1016,1,23.24,0.00
8199,104393,1043,2,185.49,0.20
8200,104393,1079,3,74.62,0.00
8201,104394,1041,2,81.45,0.05
8202,104394,1035,1,51.62,0.20
8203,104395,1026,2,22.74,0.20
8204,104395,1049,1,53.08,0.00
8205,104396,1034,1,68.99,0.20
8206,104396,1046,4,47.85,0.15
8207,104397,1072,2,25.15,0.00
8208,104398,1036,1,193.46,0.00
8209,104398,1066,1,18.19,0.05
8210,104399,1049,1,53.08,0.10
8211,104400,1006,1,38.50,0.00
8212,104400,1078,2,68.03,0.05
8213,104400,1014,1,56.86,0.15
8214,104401,1035,1,51.62,0.10
8215,104401,1044,1,12.75,0.00
8216,104401,1052,1,67.85,0.05
8217,104402,1049,1,53.08,0.05
8218,104402,1074,1,27.33,0.10
8219,104403,1059,2,46.39,0.15
8220,104404,1012,2,6.77,0.00
8221,104405,1059,2,46.39,0.15
8222,104406,1069,2,49.10,0.10
8223,104407,1022,1,27.34,0.00
8224,104408,1043,1,185.49,0.10
8225,104408,1067,3,33.59,0.00
8226,104408,1018,1,17.88,0.00
8227,104408,1034,2,68.99,0.20
8228,104409,1049,2,53.08,0.15
8229,104409,1035,1,51.62,0.00
8230,104410,1075,1,74.40,0.00
8231,104411,1066,1,18.19,0.00
8232,104412,1057,1,56.24,0.15
8233,104413,1017,1,25.52,0.05
8234,104413,1020,2,41.32,0.15
8235,104414,1026,4,22.74,0.15
8236,104414,1055,1,50.44,0.00
8237,104414,1042,1,205.47,0.00
8238,104414,1049,1,53.08,0.05
8239,104415,1029,2,162.75,0.00
8240,104416,1064,3,42.55,0.15
8241,104416,1025,2,24.20,0.10
8242,104416,1069,1,49.10,0.10
8243,104416,1003,2,25.07,0.15
8244,104417,1048,1,18.53,0.15
8245,104418,1017,1,25.52,0.00
8246,104419,1075,1,74.40,0.00
8247,104419,1020,1,41.32,0.05
8248,104420,1042,4,205.47,0.10
8249,104421,1038,1,46.33,0.00
8250,104421,1053,3,33.56,0.00
8251,104421,1008,1,25.87,0.05
8252,104422,1053,1,33.56,0.00
8253,104423,1063,1,14.47,0.05
8254,104424,1005,3,56.52,0.00
8255,104425,1063,1,14.47,0.00
8256,104426,1053,1,33.56,0.05
8257,104426,1068,3,35.89,0.10
8258,104426,1063,1,14.47,0.15
8259,104427,1072,2,25.15,0.10
8260,104427,1019,1,18.46,0.00
8261,104428,1020,3,41.32,0.00
8262,104428,1051,2,25.37,0.00
8263,104429,1030,1,125.08,0.20
8264,104429,1014,3,56.86,0.00
8265,104429,1015,2,22.31,0.15
8266,104429,1030,1,125.08,0.00
8267,104430,1013,3,19.73,0.00
8268,104431,1059,1,46.39,0.20
8269,104432,1047,1,70.37,0.00
8270,104432,1037,1,145.98,0.10
8271,104432,1041,2,81.45,0.05
8272,104433,1051,1,25.37,0.00
8273,104434,1059,2,46.39,0.10
8274,104434,1036,1,193.46,0.00
8275,104435,1010,2,42.65,0.15
8276,104435,1004,1,16.52,0.00
8277,104436,1073,1,39.75,0.00
8278,104436,1043,1,185.49,0.15
8279,104436,1021,2,16.90,0.05
8280,104437,1052,1,67.85,0.20
8281,104437,1013,2,19.73,0.05
8282,104438,1027,1,123.47,0.00
8283,104439,1078,3,68.03,0.05
8284,104439,1034,1,68.99,0.10
8285,104439,1030,1,125.08,0.15
8286,104439,1017,1,25.52,0.15
8287,104440,1043,1,185.49,0.10
8288,104440,1009,1,40.20,0.10
8289,104440,1076,2,69.88,0.15
8290,104441,1049,1,53.08,0.20
8291,104442,1013,2,19.73,0.20
8292,104442,1068,3,35.89,0.00
8293,104443,1004,1,16.52,0.20
8294,104444,1053,1,33.56,0.10
8295,104445,1036,1,193.46,0.20
8296,104446,1008,1,25.87,0.10
8297,104446,1048,1,18.53,0.10
8298,104446,1065,2,56.22,0.05
8299,104447,1012,2,6.77,0.20
8300,104447,1041,1,81.45,0.00
8301,104448,1042,1,205.47,0.00
8302,104449,1071,2,31.77,0.00
8303,104450,1033,1,210.53,0.00
8304,104450,1035,1,51.62,0.20
8305,104451,1044,2,12.75,0.20
8306,104452,1002,2,20.29,0.15
8307,104453,1076,1,69.88,0.00
8308,104453,1012,2,6.77,0.15
8309,104453,1022,1,27.34,0.20
8310,104453,1051,1,25.37,0.15
8311,104454,1036,1,193.46,0.00
8312,104454,1007,1,45.10,0.10
8313,104454,1030,2,125.08,0.00
8314,104455,1003,1,25.07,0.15
8315,104455,1063,3,14.47,0.15
8316,104455,1069,2,49.10,0.00
8317,104456,1041,4,81.45,0.10
8318,104456,1051,4,25.37,0.00
8319,104457,1079,1,74.62,0.05
8320,104458,1008,1,25.87,0.15
8321,104458,1029,3,162.75,0.10
8322,104459,1013,2,19.73,0.15
8323,104460,1046,1,47.85,0.10
8324,104461,1074,1,27.33,0.05
8325,104461,1042,1,205.47,0.00
8326,104462,1026,1,22.74,0.15
8327,104463,1073,1,39.75,0.15
8328,104463,1006,1,38.50,0.10
8329,104464,1067,3,33.59,0.10
8330,104464,1027,2,123.47,0.15
8331,104465,1078,1,68.03,0.05
8332,104465,1077,2,10.69,0.00
8333,104466,1037,2,145.98,0.20
8334,104467,1068,1,35.89,0.10
8335,104467,1005,1,56.52,0.10
8336,104468,1040,3,123.72,0.20
8337,104469,1075,4,74.40,0.05
8338,104470,1041,4,81.45,0.00
8339,104471,1039,3,125.57,0.00
8340,104471,1039,1,125.57,0.05
8341,104471,1034,2,68.99,0.00
8342,104472,1032,2,104.13,0.00
8343,104472,1014,2,56.86,0.20
8344,104472,1069,1,49.10,0.00
8345,104472,1063,1,14.47,0.00
8346,104473,1044,1,12.75,0.20
8347,104473,1025,1,24.20,0.20
8348,104474,1059,2,46.39,0.20
8349,104474,1080,1,19.14,0.20
8350,104475,1037,1,145.98,0.00
8351,104475,1014,3,56.86,0.00
8352,104475,1025,1,24.20,0.00
8353,104476,1022,4,27.34,0.00
8354,104476,1063,2,14.47,0.10
8355,104476,1057,1,56.24,0.00
8356,104477,1018,1,17.88,0.05
8357,104477,1007,4,45.10,0.05
8358,104478,1047,1,70.37,0.00
8359,104479,1024,3,31.59,0.15
8360,104479,1003,2,25.07,0.00
8361,104480,1048,1,18.53,0.00
8362,104480,1076,4,69.88,0.00
8363,104480,1044,1,12.75,0.00
8364,104481,1024,4,31.59,0.00
8365,104482,1057,1,56.24,0.15
8366,104482,1078,1,68.03,0.20
8367,104483,1040,1,123.72,0.10
8368,104484,1043,1,185.49,0.20
8369,104484,1027,1,123.47,0.00
8370,104485,1017,2,25.52,0.00
8371,104486,1044,2,12.75,0.15
8372,104486,1046,1,47.85,0.20
8373,104487,1033,1,210.53,0.05
8374,104487,1074,1,27.33,0.05
8375,104487,1013,1,19.73,0.20
8376,104488,1047,1,70.37,0.10
8377,104488,1069,2,49.10,0.00
8378,104489,1035,3,51.62,0.05
8379,104489,1079,1,74.62,0.00
8380,104490,1051,1,25.37,0.10
8381,104490,1001,1,17.80,0.00
8382,104491,1008,1,25.87,0.20
8383,104492,1074,1,27.33,0.15
8384,104493,1011,1,47.68,0.05
8385,104493,1005,1,56.52,0.15
8386,104493,1061,1,10.53,0.10
8387,104494,1030,1,125.08,0.15
8388,104494,1014,1,56.86,0.05
8389,104494,1030,2,125.08,0.15
8390,104494,1047,3,70.37,0.10
8391,104495,1021,1,16.90,0.10
8392,104495,1077,2,10.69,0.05
8393,104495,1076,1,69.88,0.00
8394,104496,1070,2,14.18,0.10
8395,104496,1021,2,16.90,0.00
8396,104497,1075,2,74.40,0.05
8397,104497,1050,3,79.54,0.05
8398,104498,1033,1,210.53,0.00
8399,104498,1044,1,12.75,0.20
8400,104498,1012,2,6.77,0.10
8401,104499,1047,1,70.37,0.00
8402,104500,1046,1,47.85,0.00
8403,104500,1037,1,145.98,0.00
8404,104500,1025,2,24.20,0.15
8405,104501,1063,1,14.47,0.20
8406,104501,1052,2,67.85,0.15
8407,104501,1055,1,50.44,0.00
8408,104502,1054,1,61.29,0.10
8409,104503,1078,1,68.03,0.10
8410,104504,1074,1,27.33,0.20
8411,104504,1069,2,49.10,0.15
8412,104505,1075,1,74.40,0.00
8413,104505,1069,4,49.10,0.05
8414,104505,1015,2,22.31,0.05
8415,104506,1015,1,22.31,0.15
8416,104506,1003,2,25.07,0.00
8417,104506,1065,1,56.22,0.00
8418,104507,1059,1,46.39,0.15
8419,104508,1066,1,18.19,0.10
8420,104509,1017,1,25.52,0.00
8421,104510,1077,1,10.69,0.15
8422,104510,1022,1,27.34,0.15
8423,104510,1051,3,25.37,0.00
8424,104511,1075,1,74.40,0.00
8425,104512,1002,1,20.29,0.10
8426,104512,1057,3,56.24,0.20
8427,104513,1043,1,185.49,0.00
8428,104513,1038,2,46.33,0.05
8429,104514,1049,2,53.08,0.00
8430,104514,1067,1,33.59,0.00
8431,104514,1033,1,210.53,0.10
8432,104515,1009,3,40.20,0.00
8433,104515,1015,1,22.31,0.20
8434,104516,1032,3,104.13,0.00
8435,104516,1007,3,45.10,0.15
8436,104517,1057,2,56.24,0.00
8437,104517,1024,1,31.59,0.15
8438,104518,1054,3,61.29,0.00
8439,104519,1015,1,22.31,0.00
8440,104520,1066,1,18.19,0.00
8441,104521,1014,1,56.86,0.10
8442,104521,1020,1,41.32,0.00
8443,104521,1054,1,61.29,0.10
8444,104521,1031,1,146.40,0.00
8445,104522,1077,1,10.69,0.00
8446,104523,1067,1,33.59,0.00
8447,104524,1025,1,24.20,0.20
8448,104524,1015,1,22.31,0.05
8449,104524,1069,1,49.10,0.00
8450,104524,1008,1,25.87,0.15
8451,104525,1031,1,146.40,0.10
8452,104526,1039,2,125.57,0.15
8453,104527,1071,3,31.77,0.15
8454,104527,1065,2,56.22,0.00
8455,104528,1028,2,191.46,0.05
8456,104528,1065,1,56.22,0.15
8457,104529,1053,2,33.56,0.05
8458,104529,1036,1,193.46,0.20
8459,104529,1050,1,79.54,0.00
8460,104529,1032,1,104.13,0.15
8461,104530,1057,2,56.24,0.00
8462,104530,1016,1,23.24,0.20
8463,104531,1031,1,146.40,0.10
8464,104532,1037,2,145.98,0.05
8465,104532,1018,2,17.88,0.15
8466,104532,1052,1,67.85,0.00
8467,104532,1006,1,38.50,0.00
8468,104533,1021,1,16.90,0.05
8469,104534,1070,1,14.18,0.05
8470,104534,1077,1,10.69,0.00
8471,104535,1043,2,185.49,0.10
8472,104536,1017,4,25.52,0.00
8473,104536,1004,1,16.52,0.00
8474,104536,1015,3,22.31,0.05
8475,104537,1068,4,35.89,0.15
8476,104537,1050,1,79.54,0.05
8477,104537,1064,2,42.55,0.00
8478,104538,1002,1,20.29,0.15
8479,104538,1074,1,27.33,0.00
8480,104539,1035,4,51.62,0.00
8481,104539,1047,2,70.37,0.05
8482,104539,1036,1,193.46,0.20
8483,104539,1010,1,42.65,0.00
8484,104540,1075,1,74.40,0.00
8485,104540,1037,3,145.98,0.00
8486,104541,1014,3,56.86,0.05
8487,104541,1061,1,10.53,0.05
8488,104541,1040,3,123.72,0.00
8489,104542,1020,1,41.32,0.20
8490,104542,1069,3,49.10,0.00
8491,104543,1063,1,14.47,0.00
8492,104543,1044,1,12.75,0.00
8493,104544,1079,1,74.62,0.20
8494,104545,1075,3,74.40,0.00
8495,104546,1011,3,47.68,0.00
8496,104547,1059,1,46.39,0.15
8497,104548,1062,2,48.81,0.00
8498,104549,1032,2,104.13,0.00
8499,104549,1014,1,56.86,0.20
8500,104550,1032,1,104.13,0.10
8501,104550,1062,3,48.81,0.00
8502,104550,1017,4,25.52,0.00
8503,104550,1075,3,74.40,0.20
8504,104551,1068,3,35.89,0.00
8505,104552,1040,1,123.72,0.10
8506,104553,1065,1,56.22,0.10
8507,104554,1039,1,125.57,0.15
8508,104554,1009,1,40.20,0.00
8509,104554,1075,3,74.40,0.20
8510,104555,1025,4,24.20,0.00
8511,104556,1070,1,14.18,0.15
8512,104556,1076,2,69.88,0.10
8513,104557,1049,1,53.08,0.00
8514,104558,1052,3,67.85,0.00
8515,104558,1044,4,12.75,0.00
8516,104558,1046,1,47.85,0.10
8517,104559,1021,1,16.90,0.05
8518,104559,1080,3,19.14,0.10
8519,104560,1072,4,25.15,0.00
8520,104561,1032,1,104.13,0.05
8521,104561,1028,1,191.46,0.00
8522,104562,1077,1,10.69,0.05
8523,104562,1029,1,162.75,0.00
8524,104562,1026,3,22.74,0.00
8525,104563,1049,1,53.08,0.10
8526,104564,1057,1,56.24,0.00
8527,104565,1045,1,85.65,0.00
8528,104566,1057,3,56.24,0.00
8529,104567,1024,1,31.59,0.05
8530,104567,1060,2,63.95,0.00
8531,104568,1028,2,191.46,0.00
8532,104569,1027,2,123.47,0.00
8533,104569,1056,2,26.43,0.00
8534,104570,1065,1,56.22,0.00
8535,104571,1029,4,162.75,0.15
8536,104571,1053,1,33.56,0.20
8537,104571,1010,1,42.65,0.15
8538,104571,1066,3,18.19,0.20
8539,104572,1041,1,81.45,0.00
8540,104572,1077,1,10.69,0.00
8541,104573,1010,1,42.65,0.10
8542,104573,1014,1,56.86,0.20
8543,104573,1004,1,16.52,0.10
8544,104573,1043,3,185.49,0.10
8545,104574,1006,1,38.50,0.05
8546,104574,1064,1,42.55,0.10
8547,104575,1061,2,10.53,0.20
8548,104576,1027,2,123.47,0.05
8549,104577,1020,1,41.32,0.20
8550,104578,1024,2,31.59,0.05
8551,104578,1010,2,42.65,0.20
8552,104578,1046,2,47.85,0.20
8553,104579,1041,1,81.45,0.00
8554,104580,1025,1,24.20,0.00
8555,104581,1005,2,56.52,0.00
8556,104582,1034,4,68.99,0.00
8557,104583,1058,1,26.06,0.15
8558,104583,1067,1,33.59,0.20
8559,104583,1077,2,10.69,0.00
8560,104584,1072,2,25.15,0.05
8561,104585,1072,2,25.15,0.05
8562,104585,1070,1,14.18,0.05
8563,104586,1017,4,25.52,0.00
8564,104586,1070,1,14.18,0.10
8565,104587,1061,3,10.53,0.05
8566,104588,1046,2,47.85,0.15
8567,104589,1080,1,19.14,0.20
8568,104589,1026,1,22.74,0.00
8569,104590,1063,1,14.47,0.05
8570,104591,1049,3,53.08,0.15
8571,104592,1079,2,74.62,0.05
8572,104592,1053,1,33.56,0.10
8573,104592,1062,1,48.81,0.10
8574,104592,1051,1,25.37,0.00
8575,104593,1072,1,25.15,0.00
8576,104593,1076,1,69.88,0.15
8577,104594,1052,1,67.85,0.15
8578,104594,1050,1,79.54,0.00
8579,104594,1066,1,18.19,0.05
8580,104595,1077,2,10.69,0.10
8581,104595,1077,2,10.69,0.10
8582,104596,1026,1,22.74,0.15
8583,104597,1037,2,145.98,0.00
8584,104597,1069,1,49.10,0.10
8585,104597,1044,4,12.75,0.00
8586,104597,1012,1,6.77,0.20
8587,104598,1049,4,53.08,0.15
8588,104598,1042,2,205.47,0.05
8589,104599,1059,1,46.39,0.15
8590,104600,1029,1,162.75,0.10
8591,104600,1012,1,6.77,0.20
8592,104601,1003,2,25.07,0.20
8593,104601,1006,1,38.50,0.00
8594,104602,1015,3,22.31,0.15
8595,104603,1050,1,79.54,0.00
8596,104604,1053,2,33.56,0.00
8597,104605,1014,2,56.86,0.00
8598,104605,1062,1,48.81,0.05
8599,104605,1069,3,49.10,0.15
8600,104606,1076,1,69.88,0.00
8601,104606,1051,1,25.37,0.00
8602,104607,1009,1,40.20,0.05
8603,104607,1022,1,27.34,0.15
8604,104607,1070,1,14.18,0.00
8605,104608,1020,2,41.32,0.10
8606,104609,1019,2,18.46,0.00
8607,104609,1027,1,123.47,0.00
8608,104609,1036,1,193.46,0.00
8609,104610,1003,1,25.07,0.15
8610,104610,1042,2,205.47,0.05
8611,104610,1070,1,14.18,0.05
8612,104611,1080,1,19.14,0.00
8613,104611,1019,1,18.46,0.15
8614,104611,1078,1,68.03,0.15
8615,104611,1069,1,49.10,0.00
8616,104612,1031,3,146.40,0.00
8617,104612,1062,1,48.81,0.10
8618,104612,1042,2,205.47,0.05
8619,104613,1008,2,25.87,0.10
8620,104614,1073,1,39.75,0.00
8621,104615,1045,1,85.65,0.00
8622,104616,1015,2,22.31,0.05
8623,104616,1060,1,63.95,0.00
8624,104616,1031,1,146.40,0.20
8625,104617,1012,1,6.77,0.20
8626,104617,1024,1,31.59,0.15
8627,104617,1064,1,42.55,0.15
8628,104618,1041,1,81.45,0.00
8629,104619,1005,3,56.52,0.00
8630,104619,1013,1,19.73,0.05
8631,104620,1071,1,31.77,0.10
8632,104621,1072,3,25.15,0.15
8633,104622,1060,1,63.95,0.15
8634,104623,1039,2,125.57,0.05
8635,104624,1007,1,45.10,0.20
8636,104624,1077,2,10.69,0.20
8637,104624,1022,1,27.34,0.05
8638,104625,1080,1,19.14,0.00
8639,104625,1029,1,162.75,0.15
8640,104625,1043,1,185.49,0.05
8641,104625,1025,2,24.20,0.10
8642,104626,1069,2,49.10,0.00
8643,104626,1044,1,12.75,0.20
8644,104627,1034,1,68.99,0.00
8645,104627,1055,1,50.44,0.15
8646,104628,1080,1,19.14,0.05
8647,104628,1031,1,146.40,0.15
8648,104628,1025,1,24.20,0.00
8649,104628,1049,2,53.08,0.15
8650,104629,1045,3,85.65,0.10
8651,104629,1078,2,68.03,0.00
8652,104630,1045,3,85.65,0.00
8653,104631,1079,2,74.62,0.20
8654,104631,1052,1,67.85,0.05
8655,104632,1076,1,69.88,0.10
8656,104633,1057,2,56.24,0.00
8657,104633,1056,1,26.43,0.10
8658,104634,1060,1,63.95,0.00
8659,104635,1025,2,24.20,0.10
8660,104635,1036,1,193.46,0.05
8661,104636,1034,1,68.99,0.20
8662,104637,1052,1,67.85,0.10
8663,104638,1069,1,49.10,0.20
8664,104639,1077,1,10.69,0.15
8665,104639,1070,3,14.18,0.05
8666,104639,1045,2,85.65,0.20
8667,104640,1028,1,191.46,0.10
8668,104641,1015,1,22.31,0.05
8669,104641,1035,3,51.62,0.00
8670,104642,1029,1,162.75,0.10
8671,104643,1039,2,125.57,0.15
8672,104643,1037,2,145.98,0.00
8673,104643,1049,4,53.08,0.00
8674,104644,1050,1,79.54,0.10
8675,104645,1043,2,185.49,0.00
8676,104646,1047,1,70.37,0.05
8677,104646,1015,3,22.31,0.10
8678,104647,1063,2,14.47,0.00
8679,104648,1042,2,205.47,0.15
8680,104649,1042,1,205.47,0.00
8681,104650,1040,2,123.72,0.00
8682,104650,1077,1,10.69,0.10
8683,104651,1035,2,51.62,0.20
8684,104652,1051,2,25.37,0.05
8685,104652,1074,2,27.33,0.00
8686,104653,1069,3,49.10,0.00
8687,104653,1052,2,67.85,0.10
8688,104653,1011,2,47.68,0.00
8689,104653,1034,1,68.99,0.10
8690,104654,1006,2,38.50,0.10
8691,104654,1010,1,42.65,0.15
8692,104655,1048,2,18.53,0.10
8693,104656,1034,4,68.99,0.15
8694,104657,1073,1,39.75,0.00
8695,104658,1021,1,16.90,0.00
8696,104658,1035,1,51.62,0.20
8697,104659,1044,1,12.75,0.15
8698,104660,1073,1,39.75,0.00
8699,104660,1045,1,85.65,0.15
8700,104661,1062,3,48.81,0.00
8701,104662,1036,2,193.46,0.00
8702,104662,1025,1,24.20,0.05
8703,104662,1067,1,33.59,0.15
8704,104662,1037,1,145.98,0.10
8705,104663,1063,1,14.47,0.15
8706,104663,1041,1,81.45,0.00
8707,104664,1065,1,56.22,0.00
8708,104665,1079,1,74.62,0.20
8709,104666,1058,1,26.06,0.20
8710,104666,1038,1,46.33,0.20
8711,104666,1047,1,70.37,0.00
8712,104667,1066,2,18.19,0.00
8713,104667,1020,1,41.32,0.00
8714,104668,1079,1,74.62,0.10
8715,104669,1050,2,79.54,0.00
8716,104670,1008,1,25.87,0.15
8717,104670,1027,2,123.47,0.15
8718,104670,1016,2,23.24,0.20
8719,104671,1032,1,104.13,0.15
8720,104672,1052,1,67.85,0.20
8721,104673,1002,1,20.29,0.00
8722,104673,1062,2,48.81,0.15
8723,104674,1061,1,10.53,0.00
8724,104675,1030,1,125.08,0.20
8725,104675,1028,2,191.46,0.00
8726,104676,1040,2,123.72,0.05
8727,104676,1075,4,74.40,0.20
8728,104677,1019,1,18.46,0.00
8729,104678,1020,1,41.32,0.00
8730,104679,1070,1,14.18,0.00
8731,104680,1051,1,25.37,0.05
8732,104680,1053,4,33.56,0.15
8733,104680,1035,2,51.62,0.00
8734,104680,1016,3,23.24,0.00
8735,104681,1011,2,47.68,0.00
8736,104682,1026,1,22.74,0.00
8737,104683,1004,3,16.52,0.05
8738,104683,1070,1,14.18,0.05
8739,104683,1063,1,14.47,0.15
8740,104683,1045,1,85.65,0.20
8741,104684,1062,2,48.81,0.15
8742,104684,1040,2,123.72,0.10
8743,104685,1077,1,10.69,0.05
8744,104686,1077,1,10.69,0.05
8745,104687,1016,2,23.24,0.00
8746,104688,1053,1,33.56,0.00
8747,104688,1066,1,18.19,0.00
8748,104689,1038,2,46.33,0.05
8749,104689,1070,1,14.18,0.05
8750,104689,1070,2,14.18,0.15
8751,104690,1009,2,40.20,0.00
8752,104690,1037,2,145.98,0.00
8753,104691,1027,3,123.47,0.15
8754,104691,1014,3,56.86,0.10
8755,104692,1025,1,24.20,0.05
8756,104693,1072,2,25.15,0.00
8757,104693,1075,3,74.40,0.00
8758,104694,1023,3,10.70,0.00
8759,104695,1059,3,46.39,0.20
8760,104696,1076,1,69.88,0.20
8761,104697,1028,2,191.46,0.15
8762,104698,1028,1,191.46,0.00
8763,104699,1062,2,48.81,0.05
8764,104699,1050,1,79.54,0.05
8765,104700,1014,1,56.86,0.20
8766,104701,1009,2,40.20,0.00
8767,104702,1012,1,6.77,0.00
8768,104702,1006,1,38.50,0.15
8769,104702,1058,1,26.06,0.00
8770,104703,1029,1,162.75,0.00
8771,104704,1068,1,35.89,0.05
8772,104704,1029,1,162.75,0.05
8773,104705,1047,3,70.37,0.00
8774,104706,1006,2,38.50,0.10
8775,104706,1004,1,16.52,0.15
8776,104706,1007,2,45.10,0.15
8777,104707,1005,1,56.52,0.05
8778,104707,1070,2,14.18,0.00
8779,104708,1006,1,38.50,0.15
8780,104709,1051,1,25.37,0.10
8781,104710,1033,1,210.53,0.00
8782,104710,1004,1,16.52,0.10
8783,104710,1079,3,74.62,0.00
8784,104711,1009,1,40.20,0.00
8785,104711,1034,1,68.99,0.10
8786,104712,1069,1,49.10,0.00
8787,104712,1040,1,123.72,0.20
8788,104712,1022,1,27.34,0.15
8789,104712,1055,1,50.44,0.05
8790,104713,1037,1,145.98,0.10
8791,104713,1029,2,162.75,0.00
8792,104713,1057,2,56.24,0.20
8793,104714,1049,1,53.08,0.20
8794,104715,1054,1,61.29,0.00
8795,104715,1026,1,22.74,0.15
8796,104715,1064,4,42.55,0.15
8797,104716,1038,1,46.33,0.15
8798,104716,1012,1,6.77,0.00
8799,104716,1057,1,56.24,0.15
8800,104717,1015,1,22.31,0.00
8801,104718,1037,2,145.98,0.00
8802,104719,1020,1,41.32,0.20
8803,104719,1038,1,46.33,0.00
8804,104720,1007,1,45.10,0.05
8805,104721,1014,1,56.86,0.15
8806,104721,1028,1,191.46,0.00
8807,104721,1056,1,26.43,0.00
8808,104721,1017,1,25.52,0.15
8809,104722,1061,1,10.53,0.00
8810,104722,1057,2,56.24,0.15
8811,104723,1021,1,16.90,0.00
8812,104724,1029,1,162.75,0.05
8813,104724,1029,1,162.75,0.00
8814,104725,1052,1,67.85,0.00
8815,104726,1036,4,193.46,0.20
8816,104727,1027,1,123.47,0.00
8817,104728,1069,2,49.10,0.10
8818,104728,1028,3,191.46,0.05
8819,104729,1051,1,25.37,0.00
8820,104730,1035,1,51.62,0.15
8821,104731,1064,2,42.55,0.00
8822,104732,1038,1,46.33,0.00
8823,104733,1073,2,39.75,0.00
8824,104733,1032,2,104.13,0.20
8825,104734,1074,1,27.33,0.05
8826,104735,1080,1,19.14,0.00
8827,104735,1067,3,33.59,0.00
8828,104735,1022,1,27.34,0.15
8829,104735,1024,1,31.59,0.05
8830,104736,1017,1,25.52,0.00
8831,104736,1029,1,162.75,0.20
8832,104737,1067,1,33.59,0.15
8833,104737,1055,1,50.44,0.00
8834,104738,1042,2,205.47,0.10
8835,104738,1037,1,145.98,0.15
8836,104739,1048,1,18.53,0.15
8837,104739,1020,1,41.32,0.00
8838,104739,1048,1,18.53,0.00
8839,104740,1066,1,18.19,0.15
8840,104740,1016,1,23.24,0.15
8841,104740,1025,1,24.20,0.10
8842,104740,1037,2,145.98,0.10
8843,104741,1028,1,191.46,0.00
8844,104742,1026,1,22.74,0.05
8845,104743,1054,1,61.29,0.15
8846,104743,1001,3,17.80,0.15
8847,104744,1067,2,33.59,0.00
8848,104745,1045,2,85.65,0.00
8849,104746,1009,1,40.20,0.00
8850,104746,1020,3,41.32,0.20
8851,104746,1043,2,185.49,0.00
8852,104746,1072,2,25.15,0.15
8853,104747,1029,1,162.75,0.00
8854,104748,1027,1,123.47,0.00
8855,104748,1029,1,162.75,0.10
8856,104748,1044,2,12.75,0.15
8857,104749,1068,1,35.89,0.05
8858,104749,1053,2,33.56,0.00
8859,104750,1063,2,14.47,0.00
8860,104750,1051,1,25.37,0.05
8861,104751,1005,1,56.52,0.00
8862,104752,1032,1,104.13,0.05
8863,104752,1046,1,47.85,0.05
8864,104752,1003,3,25.07,0.00
8865,104753,1066,2,18.19,0.00
8866,104754,1009,2,40.20,0.00
8867,104754,1033,1,210.53,0.05
8868,104755,1035,1,51.62,0.15
8869,104755,1017,1,25.52,0.20
8870,104755,1029,2,162.75,0.00
8871,104755,1067,2,33.59,0.20
8872,104756,1054,2,61.29,0.00
8873,104757,1058,1,26.06,0.10
8874,104757,1071,2,31.77,0.05
8875,104758,1004,1,16.52,0.00
8876,104759,1057,2,56.24,0.00
8877,104759,1050,1,79.54,0.20
8878,104759,1013,1,19.73,0.10
8879,104760,1038,3,46.33,0.15
8880,104760,1076,1,69.88,0.05
8881,104760,1049,1,53.08,0.00
8882,104761,1010,1,42.65,0.00
8883,104762,1062,1,48.81,0.15
8884,104763,1078,1,68.03,0.00
8885,104764,1066,3,18.19,0.00
8886,104765,1030,1,125.08,0.00
8887,104765,1006,2,38.50,0.20
8888,104766,1027,4,123.47,0.15
8889,104766,1028,1,191.46,0.20
8890,104767,1023,1,10.70,0.00
8891,104768,1044,1,12.75,0.00
8892,104768,1024,2,31.59,0.00
8893,104768,1048,1,18.53,0.15
8894,104768,1077,3,10.69,0.00
8895,104769,1030,1,125.08,0.15
8896,104769,1046,1,47.85,0.05
8897,104769,1003,1,25.07,0.00
8898,104770,1027,1,123.47,0.00
8899,104770,1064,3,42.55,0.00
8900,104771,1047,2,70.37,0.00
8901,104771,1072,1,25.15,0.00
8902,104772,1022,2,27.34,0.00
8903,104773,1020,4,41.32,0.10
8904,104773,1039,1,125.57,0.00
8905,104774,1071,2,31.77,0.20
8906,104774,1001,1,17.80,0.00
8907,104774,1021,2,16.90,0.00
8908,104774,1030,3,125.08,0.00
8909,104775,1032,3,104.13,0.00
8910,104775,1017,1,25.52,0.10
8911,104776,1041,2,81.45,0.00
8912,104776,1003,2,25.07,0.15
8913,104777,1012,1,6.77,0.20
8914,104778,1070,2,14.18,0.10
8915,104778,1038,1,46.33,0.05
8916,104779,1067,1,33.59,0.10
8917,104779,1036,1,193.46,0.15
8918,104780,1022,1,27.34,0.10
8919,104781,1068,1,35.89,0.10
8920,104782,1068,1,35.89,0.05
8921,104783,1029,1,162.75,0.15
8922,104784,1026,1,22.74,0.00
8923,104785,1074,1,27.33,0.10
8924,104785,1010,2,42.65,0.00
8925,104786,1022,1,27.34,0.00
8926,104786,1053,3,33.56,0.00
8927,104787,1033,1,210.53,0.00
8928,104787,1066,1,18.19,0.10
8929,104787,1028,2,191.46,0.20
8930,104788,1073,1,39.75,0.00
8931,104788,1015,1,22.31,0.00
8932,104788,1013,1,19.73,0.00
8933,104788,1080,4,19.14,0.15
8934,104789,1078,3,68.03,0.10
8935,104790,1064,2,42.55,0.00
8936,104790,1069,1,49.10,0.15
8937,104791,1027,1,123.47,0.15
8938,104792,1077,1,10.69,0.20
8939,104793,1034,2,68.99,0.10
8940,104793,1078,3,68.03,0.20
8941,104794,1044,1,12.75,0.20
8942,104795,1014,2,56.86,0.15
8943,104796,1079,2,74.62,0.20
8944,104796,1060,2,63.95,0.00
8945,104797,1076,1,69.88,0.00
8946,104797,1063,1,14.47,0.15
8947,104798,1050,2,79.54,0.00
8948,104799,1029,1,162.75,0.15
8949,104799,1014,4,56.86,0.05
8950,104800,1050,2,79.54,0.15
8951,104800,1037,2,145.98,0.00
8952,104800,1073,2,39.75,0.15
8953,104800,1056,1,26.43,0.00
8954,104801,1011,1,47.68,0.00
8955,104801,1058,1,26.06,0.00
8956,104801,1021,2,16.90,0.10
8957,104802,1050,1,79.54,0.10
8958,104802,1005,1,56.52,0.00
8959,104802,1056,1,26.43,0.00
8960,104803,1080,1,19.14,0.05
8961,104803,1013,3,19.73,0.00
8962,104804,1012,1,6.77,0.15
8963,104805,1072,2,25.15,0.00
8964,104805,1002,2,20.29,0.00
8965,104805,1047,2,70.37,0.00
8966,104805,1028,1,191.46,0.05
8967,104806,1053,1,33.56,0.00
8968,104806,1050,1,79.54,0.10
8969,104807,1036,2,193.46,0.20
8970,104807,1056,1,26.43,0.15
8971,104808,1067,1,33.59,0.20
8972,104809,1029,3,162.75,0.15
8973,104809,1051,1,25.37,0.00
8974,104809,1073,3,39.75,0.00
8975,104810,1019,3,18.46,0.10
8976,104810,1079,1,74.62,0.00
8977,104811,1039,1,125.57,0.15
8978,104811,1049,1,53.08,0.20
8979,104812,1024,1,31.59,0.10
8980,104813,1001,1,17.80,0.05
8981,104814,1007,1,45.10,0.00
8982,104815,1006,1,38.50,0.00
8983,104816,1007,1,45.10,0.00
8984,104816,1064,2,42.55,0.15
8985,104817,1070,2,14.18,0.20
8986,104818,1058,3,26.06,0.00
8987,104819,1022,1,27.34,0.20
8988,104819,1058,1,26.06,0.00
8989,104819,1031,1,146.40,0.00
8990,104820,1036,1,193.46,0.10
8991,104821,1045,3,85.65,0.00
8992,104822,1046,3,47.85,0.10
8993,104823,1078,1,68.03,0.05
8994,104823,1024,3,31.59,0.05
8995,104823,1022,1,27.34,0.05
8996,104823,1071,3,31.77,0.05
8997,104824,1001,1,17.80,0.00
8998,104824,1066,2,18.19,0.00
8999,104825,1019,1,18.46,0.15
9000,104825,1033,1,210.53,0.00
9001,104826,1003,1,25.07,0.00
9002,104827,1057,1,56.24,0.20
9003,104828,1073,1,39.75,0.20
9004,104828,1078,3,68.03,0.00
9005,104829,1016,3,23.24,0.15
9006,104829,1046,1,47.85,0.20
9007,104829,1002,2,20.29,0.00
9008,104830,1038,2,46.33,0.00
9009,104830,1073,1,39.75,0.00
9010,104830,1059,1,46.39,0.10
9011,104831,1051,3,25.37,0.00
9012,104832,1033,1,210.53,0.00
9013,104833,1036,1,193.46,0.20
9014,104833,1065,1,56.22,0.10
9015,104833,1036,2,193.46,0.00
9016,104834,1004,1,16.52,0.05
9017,104834,1059,1,46.39,0.00
9018,104834,1036,1,193.46,0.00
9019,104834,1041,1,81.45,0.00
9020,104835,1035,2,51.62,0.00
9021,104835,1054,2,61.29,0.05
9022,104836,1046,1,47.85,0.00
9023,104837,1047,1,70.37,0.00
9024,104837,1009,1,40.20,0.00
9025,104838,1044,1,12.75,0.20
9026,104838,1047,1,70.37,0.10
9027,104838,1034,4,68.99,0.00
9028,104838,1071,1,31.77,0.00
9029,104839,1079,2,74.62,0.10
9030,104839,1041,2,81.45,0.15
9031,104840,1025,1,24.20,0.20
9032,104841,1056,1,26.43,0.15
9033,104842,1013,2,19.73,0.20
9034,104843,1077,1,10.69,0.05
9035,104843,1047,1,70.37,0.00
9036,104844,1053,1,33.56,0.05
9037,104845,1031,1,146.40,0.20
9038,104846,1062,2,48.81,0.00
9039,104846,1049,1,53.08,0.20
9040,104846,1020,1,41.32,0.00
9041,104846,1078,1,68.03,0.00
9042,104847,1034,1,68.99,0.15
9043,104848,1013,2,19.73,0.05
9044,104848,1062,1,48.81,0.00
9045,104848,1007,1,45.10,0.10
9046,104848,1064,2,42.55,0.00
9047,104849,1029,1,162.75,0.10
9048,104850,1021,1,16.90,0.10
9049,104850,1054,1,61.29,0.00
9050,104850,1013,2,19.73,0.20
9051,104850,1015,1,22.31,0.10
9052,104851,1033,1,210.53,0.05
9053,104851,1067,1,33.59,0.10
9054,104851,1049,1,53.08,0.20
9055,104851,1021,3,16.90,0.20
9056,104852,1066,3,18.19,0.20
9057,104852,1028,2,191.46,0.15
9058,104852,1006,2,38.50,0.20
9059,104853,1079,2,74.62,0.20
9060,104853,1067,1,33.59,0.20
9061,104854,1051,1,25.37,0.10
9062,104854,1060,1,63.95,0.00
9063,104854,1004,1,16.52,0.15
9064,104855,1005,1,56.52,0.00
9065,104855,1049,1,53.08,0.00
9066,104856,1057,1,56.24,0.10
9067,104856,1027,2,123.47,0.20
9068,104856,1061,2,10.53,0.00
9069,104857,1067,1,33.59,0.00
9070,104857,1036,1,193.46,0.20
9071,104858,1012,2,6.77,0.00
9072,104859,1007,1,45.10,0.00
9073,104859,1035,2,51.62,0.00
9074,104860,1048,1,18.53,0.00
9075,104860,1047,2,70.37,0.00
9076,104861,1018,2,17.88,0.10
9077,104862,1029,1,162.75,0.00
9078,104862,1007,1,45.10,0.10
9079,104862,1017,1,25.52,0.05
9080,104863,1068,1,35.89,0.00
9081,104863,1034,2,68.99,0.15
9082,104864,1024,1,31.59,0.15
9083,104864,1057,4,56.24,0.00
9084,104865,1002,2,20.29,0.10
9085,104865,1015,1,22.31,0.10
9086,104866,1038,2,46.33,0.10
9087,104866,1011,1,47.68,0.00
9088,104867,1053,1,33.56,0.20
9089,104868,1006,1,38.50,0.15
9090,104868,1039,1,125.57,0.00
9091,104869,1065,1,56.22,0.00
9092,104869,1048,1,18.53,0.00
9093,104870,1072,1,25.15,0.00
9094,104871,1001,1,17.80,0.05
9095,104872,1066,1,18.19,0.15
9096,104872,1015,1,22.31,0.00
9097,104873,1014,3,56.86,0.10
9098,104873,1071,1,31.77,0.05
9099,104873,1027,2,123.47,0.00
9100,104874,1044,1,12.75,0.00
9101,104874,1011,2,47.68,0.00
9102,104875,1026,1,22.74,0.00
9103,104875,1027,2,123.47,0.20
9104,104875,1074,1,27.33,0.00
9105,104876,1079,1,74.62,0.00
9106,104876,1070,1,14.18,0.05
9107,104876,1077,1,10.69,0.10
9108,104877,1059,1,46.39,0.20
9109,104878,1066,1,18.19,0.00
9110,104879,1072,1,25.15,0.20
9111,104879,1066,3,18.19,0.20
9112,104879,1073,1,39.75,0.00
9113,104880,1018,2,17.88,0.05
9114,104880,1069,1,49.10,0.20
9115,104881,1028,1,191.46,0.00
9116,104881,1050,1,79.54,0.10
9117,104882,1033,4,210.53,0.00
9118,104882,1033,2,210.53,0.10
9119,104882,1007,1,45.10,0.20
9120,104883,1006,4,38.50,0.15
9121,104883,1058,2,26.06,0.20
9122,104883,1060,2,63.95,0.05
9123,104884,1063,2,14.47,0.00
9124,104884,1067,1,33.59,0.00
9125,104885,1072,1,25.15,0.00
9126,104885,1055,2,50.44,0.00
9127,104885,1034,3,68.99,0.00
9128,104886,1031,1,146.40,0.10
9129,104886,1037,1,145.98,0.00
9130,104886,1026,1,22.74,0.00
9131,104886,1012,2,6.77,0.00
9132,104887,1004,1,16.52,0.20
9133,104888,1045,2,85.65,0.20
9134,104888,1045,1,85.65,0.00
9135,104888,1019,1,18.46,0.10
9136,104889,1055,1,50.44,0.05
9137,104889,1055,1,50.44,0.20
9138,104890,1056,2,26.43,0.00
9139,104890,1018,1,17.88,0.00
9140,104890,1020,2,41.32,0.20
9141,104891,1030,4,125.08,0.00
9142,104891,1016,1,23.24,0.00
9143,104891,1073,3,39.75,0.10
9144,104891,1071,2,31.77,0.05
9145,104892,1015,3,22.31,0.00
9146,104893,1033,2,210.53,0.10
9147,104894,1055,1,50.44,0.20
9148,104894,1034,1,68.99,0.20
9149,104894,1060,1,63.95,0.00
9150,104895,1006,1,38.50,0.05
9151,104895,1018,1,17.88,0.15
9152,104895,1032,1,104.13,0.00
9153,104896,1062,1,48.81,0.15
9154,104897,1025,1,24.20,0.00
9155,104898,1078,1,68.03,0.15
9156,104899,1024,4,31.59,0.00
9157,104899,1025,3,24.20,0.00
9158,104899,1049,1,53.08,0.00
9159,104900,1043,2,185.49,0.00
9160,104900,1013,2,19.73,0.05
9161,104901,1030,1,125.08,0.00
9162,104901,1042,2,205.47,0.00
9163,104902,1065,3,56.22,0.00
9164,104902,1024,2,31.59,0.00
9165,104902,1023,1,10.70,0.00
9166,104903,1018,1,17.88,0.00
9167,104904,1069,1,49.10,0.00
9168,104905,1047,1,70.37,0.00
9169,104905,1031,1,146.40,0.05
9170,104906,1030,1,125.08,0.15
9171,104907,1048,1,18.53,0.00
9172,104908,1071,4,31.77,0.00
9173,104909,1076,1,69.88,0.20
9174,104909,1055,1,50.44,0.00
9175,104909,1078,1,68.03,0.05
9176,104910,1056,1,26.43,0.20
9177,104910,1026,1,22.74,0.00
9178,104911,1020,4,41.32,0.15
9179,104912,1029,2,162.75,0.05
9180,104912,1031,1,146.40,0.15
9181,104913,1010,2,42.65,0.10
9182,104913,1023,1,10.70,0.15
9183,104914,1002,1,20.29,0.00
9184,104914,1042,2,205.47,0.15
9185,104914,1064,1,42.55,0.10
9186,104915,1032,2,104.13,0.05
9187,104915,1064,1,42.55,0.00
9188,104915,1020,1,41.32,0.20
9189,104915,1058,2,26.06,0.00
9190,104916,1056,1,26.43,0.00
9191,104917,1010,1,42.65,0.05
9192,104918,1043,1,185.49,0.15
9193,104919,1072,2,25.15,0.05
9194,104919,1052,3,67.85,0.20
9195,104919,1072,1,25.15,0.20
9196,104920,1022,1,27.34,0.20
9197,104920,1022,2,27.34,0.15
9198,104920,1045,1,85.65,0.20
9199,104921,1070,3,14.18,0.10
9200,104922,1030,1,125.08,0.20
9201,104922,1034,1,68.99,0.10
9202,104923,1048,1,18.53,0.05
9203,104923,1063,2,14.47,0.20
9204,104924,1003,1,25.07,0.00
9205,104924,1079,1,74.62,0.15
9206,104925,1017,2,25.52,0.00
9207,104926,1031,2,146.40,0.15
9208,104927,1005,1,56.52,0.00
9209,104927,1075,1,74.40,0.20
9210,104927,1060,1,63.95,0.00
9211,104927,1025,1,24.20,0.10
9212,104928,1032,1,104.13,0.20
9213,104928,1067,2,33.59,0.00
9214,104929,1014,1,56.86,0.10
9215,104930,1072,2,25.15,0.15
9216,104931,1041,2,81.45,0.10
9217,104932,1019,1,18.46,0.15
9218,104933,1032,1,104.13,0.05
9219,104934,1038,2,46.33,0.00
9220,104935,1021,1,16.90,0.00
9221,104936,1039,2,125.57,0.00
9222,104937,1042,2,205.47,0.15
9223,104938,1047,1,70.37,0.10
9224,104939,1041,3,81.45,0.05
9225,104940,1074,2,27.33,0.20
9226,104940,1027,3,123.47,0.00
9227,104940,1021,1,16.90,0.00
9228,104941,1044,1,12.75,0.10
9229,104942,1019,2,18.46,0.00
9230,104942,1028,1,191.46,0.10
9231,104943,1065,2,56.22,0.00
9232,104943,1065,2,56.22,0.05
9233,104944,1001,1,17.80,0.00
9234,104945,1008,2,25.87,0.00
9235,104946,1012,3,6.77,0.00
9236,104947,1020,2,41.32,0.20
9237,104948,1072,1,25.15,0.05
9238,104948,1025,1,24.20,0.00
9239,104948,1003,2,25.07,0.15
9240,104949,1059,1,46.39,0.00
9241,104950,1032,3,104.13,0.05
9242,104951,1052,1,67.85,0.20
9243,104952,1054,1,61.29,0.00
9244,104952,1062,4,48.81,0.20
9245,104953,1013,2,19.73,0.15
9246,104954,1069,2,49.10,0.00
9247,104954,1035,1,51.62,0.20
9248,104954,1005,2,56.52,0.10
9249,104955,1017,4,25.52,0.00
9250,104956,1056,2,26.43,0.00
9251,104957,1052,1,67.85,0.00
9252,104957,1052,1,67.85,0.20
9253,104957,1070,1,14.18,0.00
9254,104957,1070,3,14.18,0.05
9255,104958,1040,1,123.72,0.15
9256,104958,1001,2,17.80,0.00
9257,104959,1048,1,18.53,0.00
9258,104959,1030,2,125.08,0.15
9259,104959,1005,3,56.52,0.00
9260,104960,1026,1,22.74,0.00
9261,104960,1049,4,53.08,0.00
9262,104961,1033,1,210.53,0.00
9263,104961,1031,2,146.40,0.20
9264,104961,1012,2,6.77,0.00
9265,104962,1057,1,56.24,0.10
9266,104963,1078,2,68.03,0.10
9267,104963,1035,1,51.62,0.20
9268,104963,1018,1,17.88,0.10
9269,104963,1062,2,48.81,0.10
9270,104964,1039,1,125.57,0.05
9271,104965,1002,1,20.29,0.00
9272,104966,1074,1,27.33,0.00
9273,104967,1073,1,39.75,0.05
9274,104967,1052,4,67.85,0.00
9275,104968,1018,1,17.88,0.00
9276,104968,1033,2,210.53,0.20
9277,104968,1055,1,50.44,0.10
9278,104969,1080,1,19.14,0.00
9279,104970,1077,2,10.69,0.00
9280,104970,1055,1,50.44,0.10
9281,104971,1076,1,69.88,0.20
9282,104971,1057,2,56.24,0.10
9283,104972,1025,1,24.20,0.15
9284,104972,1004,1,16.52,0.00
9285,104972,1032,1,104.13,0.10
9286,104973,1066,4,18.19,0.10
9287,104973,1023,1,10.70,0.20
9288,104973,1003,4,25.07,0.00
9289,104974,1037,3,145.98,0.10
9290,104974,1014,1,56.86,0.05
9291,104975,1039,1,125.57,0.00
9292,104975,1065,1,56.22,0.15
9293,104976,1019,1,18.46,0.20
9294,104976,1069,1,49.10,0.20
9295,104977,1049,1,53.08,0.00
9296,104978,1067,2,33.59,0.00
9297,104978,1004,1,16.52,0.15
9298,104978,1004,1,16.52,0.10
9299,104979,1002,1,20.29,0.00
9300,104980,1056,1,26.43,0.05
9301,104980,1072,1,25.15,0.00
9302,104981,1042,2,205.47,0.05
9303,104981,1073,1,39.75,0.05
9304,104982,1019,1,18.46,0.00
9305,104982,1022,1,27.34,0.00
9306,104982,1061,1,10.53,0.00
9307,104983,1041,1,81.45,0.00
9308,104984,1052,1,67.85,0.05
9309,104984,1051,1,25.37,0.00
9310,104985,1047,1,70.37,0.00
9311,104985,1080,1,19.14,0.00
9312,104985,1032,2,104.13,0.00
9313,104985,1072,2,25.15,0.00
9314,104986,1014,1,56.86,0.05
9315,104986,1064,2,42.55,0.05
9316,104987,1067,1,33.59,0.10
9317,104988,1008,1,25.87,0.00
9318,104988,1011,3,47.68,0.10
9319,104989,1002,2,20.29,0.00
9320,104989,1080,1,19.14,0.00
9321,104990,1010,3,42.65,0.10
9322,104990,1056,1,26.43,0.00
9323,104990,1013,1,19.73,0.00
9324,104991,1037,1,145.98,0.05
9325,104991,1015,2,22.31,0.15
9326,104991,1017,3,25.52,0.00
9327,104991,1052,2,67.85,0.00
9328,104992,1056,3,26.43,0.20
9329,104992,1029,1,162.75,0.00
9330,104993,1057,3,56.24,0.00
9331,104993,1027,2,123.47,0.20
9332,104994,1077,1,10.69,0.05
9333,104994,1006,1,38.50,0.05
9334,104994,1060,2,63.95,0.00
9335,104994,1074,1,27.33,0.00
9336,104995,1014,2,56.86,0.20
9337,104996,1060,1,63.95,0.05
9338,104996,1048,1,18.53,0.05
9339,104997,1052,1,67.85,0.20
9340,104997,1027,3,123.47,0.20
9341,104998,1052,2,67.85,0.20
9342,104998,1047,2,70.37,0.20
9343,104999,1007,1,45.10,0.00
9344,105000,1049,1,53.08,0.00
9345,105000,1047,1,70.37,0.20
9346,105000,1075,1,74.40,0.00
9347,105001,1062,2,48.81,0.00
9348,105001,1022,1,27.34,0.10
9349,105002,1001,1,17.80,0.00
9350,105003,1009,1,40.20,0.05
9351,105004,1073,2,39.75,0.15
9352,105005,1022,2,27.34,0.00
9353,105006,1032,1,104.13,0.20
9354,105007,1023,3,10.70,0.05
9355,105008,1027,1,123.47,0.00
9356,105008,1065,4,56.22,0.15
9357,105009,1003,1,25.07,0.00
9358,105010,1004,2,16.52,0.00
9359,105010,1008,1,25.87,0.15
9360,105010,1078,1,68.03,0.00
9361,105010,1076,1,69.88,0.05
9362,105011,1022,3,27.34,0.05
9363,105012,1015,1,22.31,0.00
9364,105012,1058,1,26.06,0.15
9365,105012,1014,2,56.86,0.05
9366,105012,1036,1,193.46,0.20
9367,105013,1051,1,25.37,0.00
9368,105014,1058,2,26.06,0.15
9369,105015,1050,1,79.54,0.00
9370,105015,1058,1,26.06,0.20
9371,105015,1058,2,26.06,0.20
9372,105015,1071,3,31.77,0.10
9373,105016,1049,1,53.08,0.10
9374,105017,1018,1,17.88,0.10
9375,105018,1016,2,23.24,0.00
9376,105018,1052,1,67.85,0.15
9377,105018,1030,1,125.08,0.00
9378,105019,1061,1,10.53,0.15
9379,105020,1009,1,40.20,0.05
9380,105020,1020,1,41.32,0.20
9381,105020,1080,1,19.14,0.00
9382,105021,1058,1,26.06,0.20
9383,105021,1033,1,210.53,0.05
9384,105022,1074,2,27.33,0.05
9385,105023,1032,1,104.13,0.00
9386,105024,1008,2,25.87,0.15
9387,105024,1011,1,47.68,0.15
9388,105024,1028,4,191.46,0.10
9389,105024,1007,3,45.10,0.15
9390,105025,1022,1,27.34,0.15
9391,105025,1042,1,205.47,0.00
9392,105025,1073,1,39.75,0.00
9393,105026,1054,2,61.29,0.00
9394,105026,1074,1,27.33,0.00
9395,105026,1067,1,33.59,0.00
9396,105026,1014,1,56.86,0.20
9397,105027,1053,1,33.56,0.00
9398,105027,1035,1,51.62,0.00
9399,105028,1034,3,68.99,0.20
9400,105028,1067,1,33.59,0.05
9401,105028,1054,1,61.29,0.15
9402,105029,1025,1,24.20,0.00
9403,105029,1049,2,53.08,0.00
9404,105030,1015,1,22.31,0.00
9405,105031,1051,4,25.37,0.10
9406,105032,1050,1,79.54,0.15
9407,105033,1033,1,210.53,0.20
9408,105034,1055,2,50.44,0.00
9409,105035,1014,2,56.86,0.15
9410,105036,1043,3,185.49,0.00
9411,105036,1049,1,53.08,0.00
9412,105037,1071,3,31.77,0.10
9413,105037,1025,1,24.20,0.05
9414,105037,1051,1,25.37,0.00
9415,105038,1038,2,46.33,0.00
9416,105038,1006,1,38.50,0.00
9417,105038,1025,1,24.20,0.15
9418,105038,1033,2,210.53,0.15
9419,105039,1036,2,193.46,0.00
9420,105040,1032,1,104.13,0.00
9421,105040,1057,3,56.24,0.20
9422,105041,1068,2,35.89,0.05
9423,105042,1039,1,125.57,0.00
9424,105043,1020,1,41.32,0.10
9425,105044,1025,1,24.20,0.10
9426,105044,1025,2,24.20,0.10
9427,105045,1051,1,25.37,0.00
9428,105045,1046,1,47.85,0.00
9429,105046,1003,1,25.07,0.10
9430,105046,1064,2,42.55,0.00
9431,105046,1077,2,10.69,0.20
9432,105047,1017,4,25.52,0.10
9433,105047,1003,1,25.07,0.15
9434,105047,1060,1,63.95,0.05
9435,105048,1067,1,33.59,0.20
9436,105049,1023,2,10.70,0.05
9437,105049,1060,1,63.95,0.00
9438,105050,1019,1,18.46,0.05
9439,105050,1062,1,48.81,0.00
9440,105051,1051,1,25.37,0.05
9441,105051,1050,1,79.54,0.15
9442,105051,1066,2,18.19,0.15
9443,105051,1032,1,104.13,0.00
9444,105052,1060,1,63.95,0.20
9445,105052,1039,2,125.57,0.20
9446,105053,1075,2,74.40,0.05
9447,105053,1011,1,47.68,0.00
9448,105053,1044,3,12.75,0.15
9449,105054,1054,2,61.29,0.15
9450,105054,1034,1,68.99,0.10
9451,105055,1057,2,56.24,0.00
9452,105055,1026,1,22.74,0.05
9453,105056,1007,4,45.10,0.10
9454,105056,1053,1,33.56,0.00
9455,105056,1073,1,39.75,0.00
9456,105056,1009,2,40.20,0.20
9457,105057,1020,1,41.32,0.10
9458,105057,1060,3,63.95,0.00
9459,105058,1051,1,25.37,0.00
9460,105059,1077,1,10.69,0.10
9461,105060,1057,2,56.24,0.20
9462,105060,1069,2,49.10,0.20
9463,105061,1047,1,70.37,0.05
9464,105061,1012,4,6.77,0.20
9465,105062,1032,1,104.13,0.05
9466,105063,1067,1,33.59,0.05
9467,105063,1033,2,210.53,0.10
9468,105064,1058,1,26.06,0.15
9469,105064,1018,1,17.88,0.05
9470,105065,1048,1,18.53,0.00
9471,105065,1064,1,42.55,0.10
9472,105065,1078,2,68.03,0.15
9473,105066,1060,1,63.95,0.10
9474,105066,1071,3,31.77,0.05
9475,105066,1033,1,210.53,0.00
9476,105066,1023,1,10.70,0.10
9477,105067,1032,1,104.13,0.10
9478,105067,1013,2,19.73,0.15
9479,105068,1052,2,67.85,0.05
9480,105069,1072,4,25.15,0.20
9481,105069,1054,1,61.29,0.00
9482,105070,1017,1,25.52,0.00
9483,105070,1025,1,24.20,0.10
9484,105070,1043,3,185.49,0.00
9485,105071,1066,1,18.19,0.20
9486,105071,1003,1,25.07,0.05
9487,105072,1057,3,56.24,0.00
9488,105073,1008,1,25.87,0.00
9489,105073,1040,1,123.72,0.00
9490,105073,1060,3,63.95,0.00
9491,105074,1029,1,162.75,0.05
9492,105075,1074,1,27.33,0.00
9493,105076,1049,1,53.08,0.00
9494,105076,1004,1,16.52,0.00
9495,105076,1073,1,39.75,0.00
9496,105077,1056,2,26.43,0.00
9497,105078,1035,1,51.62,0.00
9498,105078,1030,2,125.08,0.10
9499,105079,1035,1,51.62,0.10
9500,105079,1042,1,205.47,0.15
9501,105080,1033,1,210.53,0.15
9502,105080,1016,1,23.24,0.05
9503,105081,1008,1,25.87,0.00
9504,105081,1042,1,205.47,0.10
9505,105082,1020,2,41.32,0.05
9506,105082,1049,1,53.08,0.00
9507,105083,1033,1,210.53,0.15
9508,105084,1013,4,19.73,0.20
9509,105085,1001,1,17.80,0.20
9510,105085,1062,1,48.81,0.10
9511,105085,1014,2,56.86,0.20
9512,105085,1061,1,10.53,0.05
9513,105086,1026,1,22.74,0.15
9514,105086,1066,1,18.19,0.05
9515,105086,1021,1,16.90,0.15
9516,105087,1020,3,41.32,0.20
9517,105087,1001,4,17.80,0.05
9518,105088,1066,1,18.19,0.00
9519,105088,1008,1,25.87,0.00
9520,105088,1027,1,123.47,0.00
9521,105089,1057,1,56.24,0.00
9522,105089,1036,1,193.46,0.00
9523,105089,1074,3,27.33,0.05
9524,105089,1013,1,19.73,0.15
9525,105090,1045,2,85.65,0.00
9526,105091,1011,1,47.68,0.00
9527,105092,1061,2,10.53,0.20
9528,105092,1080,2,19.14,0.00
9529,105093,1071,2,31.77,0.00
9530,105094,1039,1,125.57,0.05
9531,105095,1012,4,6.77,0.05
9532,105095,1039,4,125.57,0.00
9533,105096,1017,1,25.52,0.05
9534,105097,1041,1,81.45,0.00
9535,105097,1039,1,125.57,0.05
9536,105098,1030,1,125.08,0.20
9537,105099,1055,3,50.44,0.20
9538,105099,1074,1,27.33,0.00
9539,105100,1039,1,125.57,0.15
9540,105101,1075,3,74.40,0.00
9541,105102,1064,1,42.55,0.00
9542,105102,1041,3,81.45,0.00
9543,105103,1004,4,16.52,0.15
9544,105103,1025,3,24.20,0.05
9545,105104,1004,1,16.52,0.00
9546,105105,1031,1,146.40,0.15
9547,105106,1007,1,45.10,0.20
9548,105107,1063,1,14.47,0.00
9549,105107,1054,1,61.29,0.00
9550,105107,1072,1,25.15,0.10
9551,105108,1080,3,19.14,0.00
9552,105109,1050,1,79.54,0.00
9553,105109,1007,2,45.10,0.05
9554,105110,1028,2,191.46,0.05
9555,105110,1028,1,191.46,0.00
9556,105111,1049,2,53.08,0.00
9557,105112,1052,1,67.85,0.00
9558,105113,1042,1,205.47,0.20
9559,105113,1080,1,19.14,0.15
9560,105114,1031,2,146.40,0.10
9561,105114,1044,3,12.75,0.00
9562,105115,1026,1,22.74,0.10
9563,105115,1028,1,191.46,0.20
9564,105116,1059,2,46.39,0.10
9565,105116,1074,2,27.33,0.10
9566,105116,1033,2,210.53,0.00
9567,105117,1063,3,14.47,0.10
9568,105118,1076,2,69.88,0.20
9569,105118,1002,1,20.29,0.00
9570,105118,1013,1,19.73,0.00
9571,105119,1018,1,17.88,0.10
9572,105119,1069,3,49.10,0.00
9573,105120,1004,3,16.52,0.00
9574,105120,1063,1,14.47,0.05
9575,105121,1013,1,19.73,0.00
9576,105121,1076,2,69.88,0.00
9577,105121,1076,1,69.88,0.00
9578,105122,1039,1,125.57,0.10
9579,105122,1016,1,23.24,0.20
9580,105122,1022,2,27.34,0.15
9581,105122,1061,1,10.53,0.00
9582,105123,1053,2,33.56,0.00
9583,105123,1014,2,56.86,0.15
9584,105123,1031,1,146.40,0.05
9585,105124,1037,2,145.98,0.00
9586,105124,1010,1,42.65,0.00
9587,105124,1057,1,56.24,0.00
9588,105124,1040,1,123.72,0.15
9589,105125,1038,1,46.33,0.00
9590,105125,1063,2,14.47,0.05
9591,105126,1065,2,56.22,0.10
9592,105126,1039,1,125.57,0.15
9593,105126,1072,3,25.15,0.00
9594,105127,1052,2,67.85,0.05
9595,105128,1011,1,47.68,0.15
9596,105128,1010,3,42.65,0.00
9597,105129,1027,1,123.47,0.00
9598,105129,1030,2,125.08,0.00
9599,105130,1078,1,68.03,0.20
9600,105130,1007,4,45.10,0.00
9601,105131,1080,1,19.14,0.15
9602,105132,1056,1,26.43,0.00
9603,105132,1057,1,56.24,0.10
9604,105133,1038,1,46.33,0.00
9605,105134,1039,1,125.57,0.05
9606,105134,1079,1,74.62,0.00
9607,105135,1060,1,63.95,0.00
9608,105136,1014,2,56.86,0.00
9609,105137,1002,2,20.29,0.05
9610,105138,1004,1,16.52,0.05
9611,105139,1021,1,16.90,0.05
9612,105140,1049,2,53.08,0.20
9613,105140,1040,1,123.72,0.05
9614,105141,1054,1,61.29,0.05
9615,105141,1011,1,47.68,0.00
9616,105142,1078,2,68.03,0.15
9617,105142,1067,1,33.59,0.05
9618,105142,1009,3,40.20,0.00
9619,105142,1072,1,25.15,0.00
9620,105143,1079,3,74.62,0.00
9621,105144,1020,2,41.32,0.15
9622,105144,1042,2,205.47,0.00
9623,105144,1038,2,46.33,0.00
9624,105145,1013,1,19.73,0.20
9625,105145,1020,4,41.32,0.05
9626,105146,1001,4,17.80,0.10
9627,105146,1053,3,33.56,0.20
9628,105147,1029,1,162.75,0.10
9629,105147,1006,3,38.50,0.00
9630,105148,1018,2,17.88,0.00
9631,105148,1037,1,145.98,0.10
9632,105149,1071,1,31.77,0.00
9633,105149,1065,3,56.22,0.00
9634,105150,1016,1,23.24,0.00
9635,105151,1021,1,16.90,0.10
9636,105152,1078,1,68.03,0.00
9637,105153,1042,3,205.47,0.05
9638,105154,1013,2,19.73,0.00
9639,105154,1055,1,50.44,0.00
9640,105155,1022,1,27.34,0.00
9641,105155,1049,1,53.08,0.15
9642,105155,1027,1,123.47,0.15
9643,105155,1017,1,25.52,0.00
9644,105156,1064,1,42.55,0.05
9645,105156,1079,2,74.62,0.00
9646,105157,1060,2,63.95,0.20
9647,105157,1030,1,125.08,0.15
9648,105157,1074,1,27.33,0.15
9649,105158,1033,1,210.53,0.15
9650,105158,1053,3,33.56,0.00
9651,105158,1047,1,70.37,0.15
9652,105159,1064,1,42.55,0.05
9653,105159,1055,1,50.44,0.00
9654,105160,1015,2,22.31,0.00
9655,105160,1002,3,20.29,0.20
9656,105160,1017,1,25.52,0.10
9657,105161,1070,1,14.18,0.10
9658,105162,1008,1,25.87,0.10
9659,105162,1044,4,12.75,0.05
9660,105162,1049,4,53.08,0.20
9661,105163,1020,3,41.32,0.20
9662,105163,1053,3,33.56,0.15
9663,105163,1078,1,68.03,0.00
9664,105164,1029,1,162.75,0.00
9665,105165,1068,1,35.89,0.05
9666,105166,1080,1,19.14,0.00
9667,105166,1060,1,63.95,0.00
9668,105167,1079,1,74.62,0.00
9669,105167,1051,2,25.37,0.00
9670,105167,1013,2,19.73,0.10
9671,105167,1039,1,125.57,0.00
9672,105168,1072,1,25.15,0.00
9673,105168,1059,1,46.39,0.00
9674,105169,1055,1,50.44,0.20
9675,105170,1032,1,104.13,0.05
9676,105171,1056,1,26.43,0.05
9677,105172,1033,3,210.53,0.05
9678,105173,1019,1,18.46,0.00
9679,105174,1068,1,35.89,0.00
9680,105174,1003,1,25.07,0.00
9681,105175,1030,2,125.08,0.00
9682,105175,1026,3,22.74,0.10
9683,105175,1047,2,70.37,0.00
9684,105176,1041,1,81.45,0.00
9685,105176,1056,1,26.43,0.00
9686,105177,1077,2,10.69,0.10
9687,105178,1080,2,19.14,0.00
9688,105179,1046,2,47.85,0.00
9689,105179,1018,1,17.88,0.00
9690,105180,1017,4,25.52,0.05
9691,105180,1045,1,85.65,0.05
9692,105180,1050,1,79.54,0.00
9693,105180,1029,1,162.75,0.05
9694,105181,1012,2,6.77,0.10
9695,105181,1036,1,193.46,0.00
9696,105182,1019,4,18.46,0.10
9697,105182,1003,2,25.07,0.15
9698,105183,1046,2,47.85,0.00
9699,105183,1076,1,69.88,0.20
9700,105184,1022,1,27.34,0.15
9701,105185,1072,1,25.15,0.15
9702,105185,1080,1,19.14,0.20
9703,105186,1075,3,74.40,0.00
9704,105186,1062,1,48.81,0.05
9705,105187,1047,1,70.37,0.00
9706,105187,1023,2,10.70,0.10
9707,105188,1078,2,68.03,0.05
9708,105188,1051,1,25.37,0.00
9709,105188,1065,2,56.22,0.15
9710,105188,1001,1,17.80,0.15
9711,105189,1065,3,56.22,0.00
9712,105189,1037,1,145.98,0.10
9713,105189,1060,3,63.95,0.15
9714,105189,1057,1,56.24,0.05
9715,105190,1076,1,69.88,0.00
9716,105191,1077,1,10.69,0.15
9717,105192,1047,2,70.37,0.00
9718,105193,1070,2,14.18,0.00
9719,105193,1028,3,191.46,0.00
9720,105194,1017,2,25.52,0.15
9721,105194,1031,3,146.40,0.20
9722,105195,1077,1,10.69,0.10
9723,105195,1078,2,68.03,0.00
9724,105195,1058,2,26.06,0.10
9725,105195,1008,1,25.87,0.15
9726,105196,1022,1,27.34,0.15
9727,105196,1074,1,27.33,0.10
9728,105197,1047,1,70.37,0.00
9729,105198,1065,1,56.22,0.10
9730,105198,1052,1,67.85,0.00
9731,105198,1034,1,68.99,0.10
9732,105199,1016,1,23.24,0.15
9733,105200,1078,1,68.03,0.20
9734,105201,1062,1,48.81,0.20
9735,105202,1006,1,38.50,0.20
9736,105202,1011,1,47.68,0.05
9737,105203,1017,1,25.52,0.05
9738,105203,1075,3,74.40,0.20
9739,105203,1066,2,18.19,0.00
9740,105203,1029,2,162.75,0.05
9741,105204,1071,2,31.77,0.20
9742,105205,1018,2,17.88,0.20
9743,105205,1063,1,14.47,0.10
9744,105206,1071,2,31.77,0.15
9745,105207,1013,1,19.73,0.00
9746,105207,1003,1,25.07,0.20
9747,105208,1012,3,6.77,0.00
9748,105209,1073,1,39.75,0.05
9749,105210,1072,1,25.15,0.15
9750,105211,1023,1,10.70,0.00
9751,105212,1056,1,26.43,0.00
9752,105212,1057,1,56.24,0.00
9753,105212,1077,1,10.69,0.00
9754,105212,1053,1,33.56,0.00
9755,105213,1067,2,33.59,0.10
9756,105214,1038,2,46.33,0.05
9757,105215,1072,2,25.15,0.00
9758,105216,1051,1,25.37,0.10
9759,105216,1058,2,26.06,0.00
9760,105216,1007,2,45.10,0.15
9761,105217,1047,2,70.37,0.00
9762,105218,1057,1,56.24,0.20
9763,105218,1038,3,46.33,0.20
9764,105218,1042,2,205.47,0.00
9765,105219,1075,1,74.40,0.15
9766,105219,1046,3,47.85,0.20
9767,105220,1014,2,56.86,0.05
9768,105220,1047,1,70.37,0.15
9769,105220,1080,1,19.14,0.15
9770,105221,1022,1,27.34,0.10
9771,105221,1041,4,81.45,0.00
9772,105221,1007,1,45.10,0.15
9773,105222,1049,1,53.08,0.00
9774,105223,1048,4,18.53,0.00
9775,105223,1042,1,205.47,0.00
9776,105223,1039,2,125.57,0.10
9777,105223,1032,2,104.13,0.00
9778,105224,1006,2,38.50,0.15
9779,105224,1059,1,46.39,0.00
9780,105224,1056,1,26.43,0.05
9781,105224,1029,1,162.75,0.10
9782,105225,1043,1,185.49,0.00
9783,105225,1048,1,18.53,0.20
9784,105225,1011,1,47.68,0.20
9785,105226,1012,2,6.77,0.10
9786,105227,1058,2,26.06,0.00
9787,105228,1048,1,18.53,0.00
9788,105229,1049,1,53.08,0.00
9789,105229,1067,1,33.59,0.20
9790,105230,1072,1,25.15,0.10
9791,105230,1059,1,46.39,0.00
9792,105230,1078,1,68.03,0.00
9793,105231,1052,2,67.85,0.00
9794,105232,1056,1,26.43,0.00
9795,105233,1037,1,145.98,0.00
9796,105233,1075,1,74.40,0.00
9797,105234,1044,2,12.75,0.00
9798,105235,1069,2,49.10,0.20
9799,105236,1070,3,14.18,0.00
9800,105236,1079,1,74.62,0.00
9801,105236,1060,2,63.95,0.20
9802,105236,1056,3,26.43,0.10
9803,105237,1015,1,22.31,0.00
9804,105238,1011,1,47.68,0.00
9805,105238,1002,4,20.29,0.00
9806,105239,1069,1,49.10,0.00
9807,105239,1009,2,40.20,0.00
9808,105240,1012,4,6.77,0.20
9809,105241,1018,1,17.88,0.00
9810,105242,1037,1,145.98,0.00
9811,105242,1025,1,24.20,0.05
9812,105243,1005,3,56.52,0.00
9813,105243,1025,1,24.20,0.20
9814,105243,1075,3,74.40,0.00
9815,105244,1043,1,185.49,0.10
9816,105244,1031,2,146.40,0.00
9817,105244,1006,1,38.50,0.05
9818,105244,1026,1,22.74,0.00
9819,105245,1002,2,20.29,0.20
9820,105245,1025,3,24.20,0.00
9821,105245,1066,3,18.19,0.00
9822,105245,1011,1,47.68,0.00
9823,105246,1077,3,10.69,0.05
9824,105246,1037,3,145.98,0.15
9825,105246,1074,4,27.33,0.00
9826,105246,1063,2,14.47,0.00
9827,105247,1001,1,17.80,0.20
9828,105248,1014,1,56.86,0.00
9829,105249,1010,1,42.65,0.00
9830,105250,1011,2,47.68,0.20
9831,105250,1017,1,25.52,0.05
9832,105251,1005,2,56.52,0.15
9833,105252,1011,1,47.68,0.15
9834,105253,1039,1,125.57,0.05
9835,105253,1026,1,22.74,0.00
9836,105254,1064,1,42.55,0.00
9837,105255,1046,2,47.85,0.15
9838,105256,1028,1,191.46,0.15
9839,105256,1077,2,10.69,0.05
9840,105257,1016,3,23.24,0.00
9841,105257,1031,1,146.40,0.05
9842,105257,1055,1,50.44,0.00
9843,105257,1018,1,17.88,0.15
9844,105258,1013,1,19.73,0.05
9845,105259,1005,1,56.52,0.00
9846,105260,1026,2,22.74,0.00
9847,105261,1064,2,42.55,0.05
9848,105261,1045,1,85.65,0.20
9849,105261,1036,3,193.46,0.00
9850,105261,1049,4,53.08,0.15
9851,105262,1053,1,33.56,0.05
9852,105263,1026,1,22.74,0.00
9853,105263,1055,2,50.44,0.00
9854,105264,1079,1,74.62,0.15
9855,105265,1061,1,10.53,0.00
9856,105266,1053,2,33.56,0.05
9857,105267,1008,2,25.87,0.00
9858,105268,1020,1,41.32,0.05
9859,105269,1047,1,70.37,0.15
9860,105270,1008,1,25.87,0.00
9861,105271,1016,1,23.24,0.00
9862,105271,1007,1,45.10,0.00
9863,105272,1003,1,25.07,0.20
9864,105273,1032,1,104.13,0.00
9865,105274,1061,2,10.53,0.05
9866,105274,1017,1,25.52,0.10
9867,105275,1058,3,26.06,0.00
9868,105275,1022,3,27.34,0.00
9869,105276,1031,1,146.40,0.05
9870,105277,1074,1,27.33,0.10
9871,105277,1054,3,61.29,0.05
9872,105277,1038,3,46.33,0.20
9873,105278,1022,1,27.34,0.15
9874,105278,1076,1,69.88,0.00
9875,105279,1077,1,10.69,0.00
9876,105280,1048,1,18.53,0.00
9877,105280,1053,1,33.56,0.00
9878,105281,1002,2,20.29,0.10
9879,105282,1040,2,123.72,0.20
9880,105282,1041,3,81.45,0.05
9881,105283,1017,1,25.52,0.00
9882,105284,1058,2,26.06,0.00
9883,105284,1037,2,145.98,0.00
9884,105285,1022,1,27.34,0.00
9885,105285,1013,3,19.73,0.20
9886,105286,1043,3,185.49,0.00
9887,105287,1043,2,185.49,0.00
9888,105287,1078,1,68.03,0.05
9889,105288,1022,1,27.34,0.05
9890,105289,1031,2,146.40,0.10
9891,105289,1036,3,193.46,0.15
9892,105290,1045,1,85.65,0.00
9893,105290,1029,1,162.75,0.00
9894,105291,1003,1,25.07,0.00
9895,105291,1005,1,56.52,0.20
9896,105292,1038,1,46.33,0.20
9897,105292,1047,1,70.37,0.00
9898,105293,1001,1,17.80,0.05
9899,105293,1072,2,25.15,0.00
9900,105294,1065,1,56.22,0.05
9901,105294,1062,1,48.81,0.00
9902,105295,1075,1,74.40,0.00
9903,105295,1039,1,125.57,0.00
9904,105296,1049,1,53.08,0.00
9905,105297,1019,1,18.46,0.15
9906,105297,1031,2,146.40,0.05
9907,105298,1075,2,74.40,0.10
9908,105299,1065,1,56.22,0.15
9909,105299,1047,2,70.37,0.00
9910,105300,1048,1,18.53,0.00
9911,105301,1028,1,191.46,0.05
9912,105301,1069,2,49.10,0.00
9913,105302,1077,1,10.69,0.00
9914,105303,1014,2,56.86,0.20
9915,105303,1072,1,25.15,0.20
9916,105304,1046,2,47.85,0.05
9917,105305,1014,2,56.86,0.20
9918,105306,1010,2,42.65,0.15
9919,105306,1066,1,18.19,0.00
9920,105306,1035,2,51.62,0.00
9921,105307,1069,1,49.10,0.00
9922,105307,1036,1,193.46,0.15
9923,105307,1073,1,39.75,0.00
9924,105308,1076,1,69.88,0.00
9925,105308,1030,1,125.08,0.00
9926,105309,1047,2,70.37,0.00
9927,105309,1036,3,193.46,0.05
9928,105309,1033,1,210.53,0.00
9929,105309,1022,4,27.34,0.00
9930,105310,1019,1,18.46,0.00
9931,105310,1067,1,33.59,0.10
9932,105310,1058,1,26.06,0.00
9933,105310,1079,3,74.62,0.00
9934,105311,1031,2,146.40,0.10
9935,105312,1062,1,48.81,0.05
9936,105313,1067,1,33.59,0.00
9937,105314,1021,1,16.90,0.00
9938,105315,1009,1,40.20,0.15
9939,105316,1055,3,50.44,0.00
9940,105316,1074,3,27.33,0.00
9941,105317,1068,2,35.89,0.05
9942,105317,1001,1,17.80,0.00
9943,105317,1010,2,42.65,0.00
9944,105318,1003,4,25.07,0.20
9945,105319,1025,1,24.20,0.00
9946,105320,1044,2,12.75,0.20
9947,105320,1077,1,10.69,0.05
9948,105321,1018,2,17.88,0.20
9949,105322,1052,2,67.85,0.05
9950,105322,1061,1,10.53,0.05
9951,105322,1051,2,25.37,0.05
9952,105322,1030,1,125.08,0.00
9953,105323,1036,1,193.46,0.05
9954,105323,1074,1,27.33,0.15
9955,105324,1069,2,49.10,0.00
9956,105325,1018,1,17.88,0.00
9957,105326,1026,2,22.74,0.05
9958,105326,1016,3,23.24,0.00
9959,105326,1043,2,185.49,0.10
9960,105326,1035,1,51.62,0.05
9961,105327,1002,1,20.29,0.00
9962,105327,1045,4,85.65,0.00
9963,105328,1045,2,85.65,0.10
9964,105328,1069,4,49.10,0.00
9965,105328,1033,1,210.53,0.20
9966,105329,1054,1,61.29,0.15
9967,105329,1073,2,39.75,0.00
9968,105329,1075,3,74.40,0.10
9969,105330,1026,1,22.74,0.00
9970,105330,1048,1,18.53,0.15
9971,105330,1033,1,210.53,0.15
9972,105331,1058,2,26.06,0.05
9973,105332,1002,2,20.29,0.00
9974,105333,1021,1,16.90,0.15
9975,105333,1044,1,12.75,0.00
9976,105334,1001,1,17.80,0.00
9977,105335,1023,1,10.70,0.00
9978,105336,1021,1,16.90,0.00
9979,105336,1074,1,27.33,0.10
9980,105336,1041,2,81.45,0.00
9981,105337,1041,1,81.45,0.10
9982,105338,1008,1,25.87,0.00
9983,105338,1021,1,16.90,0.15
9984,105339,1019,3,18.46,0.00
9985,105340,1062,2,48.81,0.15
9986,105340,1072,2,25.15,0.15
9987,105340,1040,3,123.72,0.00
9988,105341,1001,2,17.80,0.20
9989,105341,1026,1,22.74,0.15
9990,105342,1027,1,123.47,0.00
9991,105343,1078,1,68.03,0.00
9992,105343,1028,1,191.46,0.20
9993,105343,1075,1,74.40,0.00
9994,105344,1056,1,26.43,0.20
9995,105344,1076,1,69.88,0.20
9996,105344,1005,1,56.52,0.20
9997,105345,1010,1,42.65,0.00
9998,105346,1074,1,27.33,0.00
9999,105346,1060,3,63.95,0.10
10000,105347,1028,1,191.46,0.10
10001,105347,1053,1,33.56,0.20
10002,105348,1048,2,18.53,0.00
10003,105348,1067,1,33.59,0.20
10004,105349,1004,2,16.52,0.20
10005,105350,1039,1,125.57,0.05
10006,105350,1068,1,35.89,0.00
10007,105351,1027,1,123.47,0.15
10008,105352,1018,2,17.88,0.00
10009,105352,1026,1,22.74,0.20
10010,105353,1019,2,18.46,0.00
10011,105353,1026,3,22.74,0.10
10012,105353,1024,1,31.59,0.00
10013,105354,1022,3,27.34,0.00
10014,105354,1024,1,31.59,0.00
10015,105355,1020,1,41.32,0.05
10016,105356,1051,1,25.37,0.15
10017,105357,1067,1,33.59,0.15
10018,105358,1073,2,39.75,0.10
10019,105359,1017,3,25.52,0.00
10020,105359,1070,2,14.18,0.00
10021,105360,1061,4,10.53,0.05
10022,105360,1074,1,27.33,0.10
10023,105360,1070,1,14.18,0.05
10024,105360,1016,1,23.24,0.00
10025,105361,1001,3,17.80,0.15
10026,105362,1067,1,33.59,0.00
10027,105362,1060,4,63.95,0.00
10028,105363,1049,1,53.08,0.00
10029,105364,1026,2,22.74,0.10
10030,105365,1062,2,48.81,0.00
10031,105366,1038,1,46.33,0.05
10032,105366,1037,3,145.98,0.20
10033,105367,1041,1,81.45,0.00
10034,105367,1004,1,16.52,0.00
10035,105367,1061,1,10.53,0.15
10036,105368,1034,1,68.99,0.15
10037,105369,1043,1,185.49,0.05
10038,105369,1069,1,49.10,0.00
10039,105370,1041,1,81.45,0.05
10040,105370,1077,2,10.69,0.00
10041,105370,1036,1,193.46,0.00
10042,105370,1049,1,53.08,0.05
10043,105371,1034,2,68.99,0.15
10044,105372,1077,1,10.69,0.05
10045,105373,1038,2,46.33,0.10
10046,105373,1034,3,68.99,0.00
10047,105373,1034,1,68.99,0.00
10048,105373,1063,2,14.47,0.15
10049,105374,1020,1,41.32,0.20
10050,105374,1067,1,33.59,0.15
10051,105374,1038,1,46.33,0.00
10052,105375,1031,2,146.40,0.10
10053,105376,1032,1,104.13,0.00
10054,105376,1053,1,33.56,0.10
10055,105377,1062,2,48.81,0.10
10056,105377,1028,2,191.46,0.00
10057,105378,1015,2,22.31,0.15
10058,105379,1026,1,22.74,0.00
10059,105380,1014,2,56.86,0.15
10060,105380,1035,1,51.62,0.05
10061,105381,1022,4,27.34,0.15
10062,105382,1002,1,20.29,0.00
10063,105382,1038,2,46.33,0.00
10064,105382,1050,1,79.54,0.05
10065,105383,1004,1,16.52,0.05
10066,105384,1030,1,125.08,0.10
10067,105385,1078,1,68.03,0.05
10068,105386,1070,1,14.18,0.05
10069,105387,1033,1,210.53,0.10
10070,105387,1064,3,42.55,0.05
10071,105388,1011,1,47.68,0.20
10072,105389,1010,3,42.65,0.15
10073,105389,1021,2,16.90,0.00
10074,105390,1036,1,193.46,0.10
10075,105391,1065,1,56.22,0.00
10076,105392,1029,1,162.75,0.10
10077,105393,1013,2,19.73,0.20
10078,105393,1016,2,23.24,0.15
10079,105393,1063,1,14.47,0.00
10080,105394,1068,1,35.89,0.10
10081,105394,1065,1,56.22,0.05
10082,105394,1071,3,31.77,0.10
10083,105395,1023,1,10.70,0.00
10084,105395,1002,2,20.29,0.20
10085,105396,1058,1,26.06,0.00
10086,105397,1017,1,25.52,0.00
10087,105397,1080,2,19.14,0.00
10088,105398,1014,3,56.86,0.00
10089,105398,1041,3,81.45,0.00
10090,105399,1071,1,31.77,0.10
10091,105399,1008,1,25.87,0.00
10092,105399,1048,2,18.53,0.00
10093,105399,1002,1,20.29,0.00
10094,105400,1071,2,31.77,0.15
10095,105400,1076,1,69.88,0.05
10096,105400,1031,1,146.40,0.00
10097,105400,1004,1,16.52,0.00
10098,105401,1008,1,25.87,0.10
10099,105402,1048,1,18.53,0.00
10100,105403,1052,2,67.85,0.00
10101,105403,1042,1,205.47,0.00
10102,105404,1075,3,74.40,0.00
10103,105404,1030,2,125.08,0.00
10104,105405,1008,3,25.87,0.20
10105,105406,1065,2,56.22,0.05
10106,105406,1050,1,79.54,0.00
10107,105406,1056,1,26.43,0.10
10108,105406,1071,2,31.77,0.00
10109,105407,1005,2,56.52,0.00
10110,105408,1043,1,185.49,0.00
10111,105408,1052,3,67.85,0.00
10112,105408,1058,1,26.06,0.00
10113,105409,1038,1,46.33,0.15
10114,105409,1070,1,14.18,0.00
10115,105409,1044,2,12.75,0.15
10116,105410,1031,1,146.40,0.00
10117,105411,1004,2,16.52,0.20
10118,105411,1016,1,23.24,0.15
10119,105411,1031,1,146.40,0.00
10120,105412,1058,3,26.06,0.00
10121,105412,1061,2,10.53,0.00
10122,105413,1003,1,25.07,0.10
10123,105414,1065,1,56.22,0.00
10124,105414,1066,1,18.19,0.15
10125,105414,1048,1,18.53,0.05
10126,105414,1064,2,42.55,0.00
10127,105415,1038,1,46.33,0.15
10128,105415,1022,3,27.34,0.20
10129,105416,1051,1,25.37,0.05
10130,105417,1068,1,35.89,0.00
10131,105418,1037,1,145.98,0.15
10132,105418,1056,4,26.43,0.00
10133,105418,1041,1,81.45,0.00
10134,105419,1068,2,35.89,0.00
10135,105420,1053,1,33.56,0.05
10136,105421,1043,1,185.49,0.05
10137,105422,1041,4,81.45,0.15
10138,105422,1040,2,123.72,0.00
10139,105423,1010,1,42.65,0.10
10140,105424,1039,1,125.57,0.05
10141,105425,1026,3,22.74,0.00
10142,105425,1014,1,56.86,0.20
10143,105425,1009,2,40.20,0.10
10144,105425,1073,1,39.75,0.20
10145,105426,1046,1,47.85,0.05
10146,105427,1073,1,39.75,0.00
10147,105427,1065,1,56.22,0.15
10148,105427,1004,2,16.52,0.00
10149,105428,1028,1,191.46,0.10
10150,105429,1074,3,27.33,0.20
10151,105430,1010,3,42.65,0.05
10152,105430,1025,2,24.20,0.00
10153,105430,1046,1,47.85,0.20
10154,105431,1002,1,20.29,0.20
10155,105431,1041,1,81.45,0.05
10156,105431,1065,2,56.22,0.15
10157,105432,1031,2,146.40,0.05
10158,105432,1048,2,18.53,0.10
10159,105432,1019,1,18.46,0.15
10160,105432,1020,1,41.32,0.00
10161,105433,1004,2,16.52,0.00
10162,105433,1032,1,104.13,0.15
10163,105433,1008,1,25.87,0.20
10164,105434,1058,1,26.06,0.00
10165,105435,1016,2,23.24,0.20
10166,105435,1058,1,26.06,0.00
10167,105436,1026,2,22.74,0.20
10168,105437,1005,2,56.52,0.20
10169,105438,1027,2,123.47,0.10
10170,105438,1048,1,18.53,0.00
10171,105439,1006,3,38.50,0.05
10172,105440,1036,1,193.46,0.00
10173,105441,1027,2,123.47,0.00
10174,105442,1034,2,68.99,0.10
10175,105442,1018,1,17.88,0.10
10176,105443,1072,2,25.15,0.00
10177,105444,1050,1,79.54,0.20
10178,105444,1010,1,42.65,0.00
10179,105445,1051,1,25.37,0.05
10180,105445,1062,1,48.81,0.00
10181,105445,1067,1,33.59,0.00
10182,105446,1033,1,210.53,0.15
10183,105446,1015,3,22.31,0.20
10184,105447,1066,1,18.19,0.15
10185,105447,1039,4,125.57,0.10
10186,105447,1078,2,68.03,0.20
10187,105447,1046,3,47.85,0.00
10188,105448,1065,3,56.22,0.00
10189,105449,1066,3,18.19,0.05
10190,105449,1058,4,26.06,0.00
10191,105450,1010,1,42.65,0.00
10192,105450,1024,2,31.59,0.20
10193,105450,1071,2,31.77,0.15
10194,105451,1021,1,16.90,0.20
10195,105451,1017,1,25.52,0.00
10196,105451,1003,1,25.07,0.10
10197,105451,1022,2,27.34,0.20
10198,105452,1038,3,46.33,0.20
10199,105452,1070,2,14.18,0.05
10200,105453,1047,1,70.37,0.00
10201,105453,1007,2,45.10,0.00
10202,105454,1046,1,47.85,0.00
10203,105455,1075,3,74.40,0.20
10204,105456,1035,1,51.62,0.20
10205,105457,1008,3,25.87,0.05
10206,105457,1059,3,46.39,0.20
10207,105458,1024,1,31.59,0.05
10208,105459,1035,1,51.62,0.15
10209,105460,1060,1,63.95,0.20
10210,105460,1056,2,26.43,0.20
10211,105460,1011,1,47.68,0.00
10212,105461,1036,1,193.46,0.15
10213,105461,1027,1,123.47,0.15
10214,105461,1055,2,50.44,0.00
10215,105461,1007,1,45.10,0.00
10216,105462,1011,3,47.68,0.05
10217,105462,1009,1,40.20,0.05
10218,105462,1043,1,185.49,0.10
10219,105462,1045,3,85.65,0.05
10220,105463,1044,1,12.75,0.00
10221,105463,1043,1,185.49,0.00
10222,105463,1021,2,16.90,0.00
10223,105464,1076,1,69.88,0.05
10224,105465,1056,1,26.43,0.10
10225,105466,1023,1,10.70,0.05
10226,105466,1003,2,25.07,0.00
10227,105466,1058,1,26.06,0.05
10228,105466,1016,2,23.24,0.00
10229,105467,1065,1,56.22,0.10
10230,105468,1057,1,56.24,0.00
10231,105469,1012,2,6.77,0.20
10232,105469,1021,2,16.90,0.10
10233,105470,1041,1,81.45,0.05
10234,105470,1001,4,17.80,0.15
10235,105470,1027,1,123.47,0.00
10236,105471,1008,1,25.87,0.05
10237,105472,1073,2,39.75,0.00
10238,105473,1061,1,10.53,0.00
10239,105474,1061,1,10.53,0.00
10240,105475,1014,1,56.86,0.00
10241,105476,1074,3,27.33,0.05
10242,105476,1057,3,56.24,0.15
10243,105476,1064,1,42.55,0.10
10244,105477,1074,2,27.33,0.15
10245,105478,1020,3,41.32,0.20
10246,105479,1013,1,19.73,0.00
10247,105479,1001,1,17.80,0.05
10248,105480,1019,1,18.46,0.20
10249,105481,1048,1,18.53,0.00
10250,105482,1056,1,26.43,0.15
10251,105483,1072,1,25.15,0.10
10252,105483,1017,1,25.52,0.05
10253,105484,1021,1,16.90,0.00
10254,105484,1015,2,22.31,0.20
10255,105485,1070,1,14.18,0.20
10256,105486,1057,1,56.24,0.20
10257,105486,1010,3,42.65,0.00
10258,105486,1045,1,85.65,0.05
10259,105487,1047,1,70.37,0.00
10260,105487,1026,1,22.74,0.00
10261,105487,1076,1,69.88,0.00
10262,105488,1061,2,10.53,0.05
10263,105489,1065,2,56.22,0.10
10264,105490,1060,1,63.95,0.10
10265,105491,1073,1,39.75,0.10
10266,105492,1075,3,74.40,0.10
10267,105493,1075,2,74.40,0.00
10268,105493,1062,1,48.81,0.10
10269,105493,1053,3,33.56,0.00
10270,105494,1012,1,6.77,0.05
10271,105494,1065,1,56.22,0.00
10272,105495,1055,2,50.44,0.15
10273,105496,1024,3,31.59,0.00
10274,105497,1019,1,18.46,0.15
10275,105498,1004,2,16.52,0.20
10276,105498,1032,1,104.13,0.20
10277,105498,1071,2,31.77,0.15
10278,105499,1058,1,26.06,0.00
10279,105499,1059,3,46.39,0.00
10280,105500,1045,1,85.65,0.15
10281,105500,1018,1,17.88,0.05
10282,105501,1077,1,10.69,0.10
10283,105502,1048,2,18.53,0.00
10284,105503,1070,4,14.18,0.10
10285,105504,1078,2,68.03,0.10
10286,105504,1030,1,125.08,0.05
10287,105505,1050,1,79.54,0.00
10288,105505,1052,2,67.85,0.00
10289,105506,1055,1,50.44,0.15
10290,105507,1009,1,40.20,0.05
10291,105507,1051,1,25.37,0.00
10292,105508,1029,3,162.75,0.00
10293,105508,1060,1,63.95,0.10
10294,105509,1057,1,56.24,0.05
10295,105510,1060,2,63.95,0.10
10296,105510,1048,1,18.53,0.20
10297,105511,1060,2,63.95,0.00
10298,105512,1015,2,22.31,0.00
10299,105513,1024,1,31.59,0.00
10300,105513,1076,4,69.88,0.00
10301,105513,1045,4,85.65,0.15
10302,105514,1039,2,125.57,0.10
10303,105514,1063,4,14.47,0.00
10304,105514,1066,1,18.19,0.10
10305,105514,1038,1,46.33,0.05
10306,105515,1021,2,16.90,0.05
10307,105515,1019,1,18.46,0.05
10308,105515,1012,2,6.77,0.00
10309,105515,1066,1,18.19,0.10
10310,105516,1076,3,69.88,0.10
10311,105516,1001,1,17.80,0.20
10312,105516,1033,1,210.53,0.20
10313,105516,1004,1,16.52,0.00
10314,105517,1008,1,25.87,0.20
10315,105518,1033,2,210.53,0.05
10316,105518,1032,2,104.13,0.15
10317,105518,1026,1,22.74,0.00
10318,105519,1050,1,79.54,0.00
10319,105519,1049,1,53.08,0.00
10320,105519,1013,3,19.73,0.00
10321,105520,1008,1,25.87,0.20
10322,105521,1011,1,47.68,0.15
10323,105521,1002,1,20.29,0.00
10324,105522,1009,1,40.20,0.10
10325,105522,1075,1,74.40,0.05
10326,105522,1011,2,47.68,0.15
10327,105522,1077,2,10.69,0.00
10328,105523,1030,1,125.08,0.10
10329,105524,1017,2,25.52,0.00
10330,105525,1052,1,67.85,0.10
10331,105525,1014,1,56.86,0.00
10332,105525,1020,2,41.32,0.00
10333,105526,1049,1,53.08,0.05
10334,105526,1039,2,125.57,0.15
10335,105527,1008,3,25.87,0.05
10336,105527,1010,1,42.65,0.20
10337,105528,1070,1,14.18,0.10
10338,105528,1067,2,33.59,0.20
10339,105528,1046,2,47.85,0.20
10340,105528,1056,2,26.43,0.10
10341,105529,1051,1,25.37,0.00
10342,105530,1031,1,146.40,0.00
10343,105530,1013,2,19.73,0.10
10344,105531,1052,3,67.85,0.10
10345,105531,1066,1,18.19,0.00
10346,105531,1033,1,210.53,0.15
10347,105531,1041,2,81.45,0.00
10348,105532,1071,1,31.77,0.05
10349,105532,1075,1,74.40,0.00
10350,105532,1005,2,56.52,0.15
10351,105532,1002,1,20.29,0.00
10352,105533,1037,2,145.98,0.15
10353,105534,1069,1,49.10,0.00
10354,105535,1007,1,45.10,0.00
10355,105535,1046,1,47.85,0.00
10356,105535,1052,1,67.85,0.00
10357,105535,1012,1,6.77,0.15
10358,105536,1080,3,19.14,0.00
10359,105536,1023,3,10.70,0.20
10360,105536,1048,1,18.53,0.00
10361,105537,1005,1,56.52,0.15
10362,105537,1031,2,146.40,0.00
10363,105537,1029,2,162.75,0.05
10364,105538,1058,1,26.06,0.10
10365,105538,1068,1,35.89,0.00
10366,105539,1032,2,104.13,0.10
10367,105539,1012,1,6.77,0.00
10368,105539,1044,1,12.75,0.00
10369,105539,1040,1,123.72,0.15
10370,105540,1021,4,16.90,0.00
10371,105541,1029,1,162.75,0.20
10372,105541,1020,1,41.32,0.00
10373,105542,1020,4,41.32,0.20
10374,105543,1067,2,33.59,0.00
10375,105543,1013,1,19.73,0.00
10376,105544,1029,1,162.75,0.00
10377,105544,1027,1,123.47,0.00
10378,105544,1049,1,53.08,0.00
10379,105544,1073,2,39.75,0.10
10380,105545,1062,2,48.81,0.00
10381,105545,1035,2,51.62,0.00
10382,105545,1080,2,19.14,0.20
10383,105546,1017,1,25.52,0.05
10384,105546,1015,1,22.31,0.00
10385,105546,1029,1,162.75,0.10
10386,105546,1001,1,17.80,0.10
10387,105547,1062,1,48.81,0.00
10388,105548,1029,1,162.75,0.15
10389,105548,1024,1,31.59,0.10
10390,105549,1062,1,48.81,0.00
10391,105549,1077,1,10.69,0.10
10392,105550,1014,1,56.86,0.10
10393,105550,1027,1,123.47,0.05
10394,105550,1069,1,49.10,0.00
10395,105551,1026,1,22.74,0.05
10396,105551,1020,1,41.32,0.15
10397,105552,1076,3,69.88,0.10
10398,105552,1062,2,48.81,0.00
10399,105552,1056,1,26.43,0.20
10400,105553,1077,1,10.69,0.05
10401,105553,1036,2,193.46,0.10
10402,105554,1004,1,16.52,0.10
10403,105555,1002,1,20.29,0.10
10404,105555,1001,1,17.80,0.20
10405,105556,1020,1,41.32,0.05
10406,105556,1072,1,25.15,0.00
10407,105557,1048,1,18.53,0.00
10408,105557,1039,1,125.57,0.00
10409,105558,1076,1,69.88,0.10
10410,105558,1026,1,22.74,0.20
10411,105559,1070,2,14.18,0.00
10412,105560,1023,1,10.70,0.10
10413,105560,1053,1,33.56,0.00
10414,105561,1046,1,47.85,0.00
10415,105562,1070,1,14.18,0.00
10416,105562,1026,1,22.74,0.00
10417,105562,1077,2,10.69,0.00
10418,105562,1026,1,22.74,0.10
10419,105563,1025,1,24.20,0.00
10420,105563,1018,3,17.88,0.10
10421,105563,1021,4,16.90,0.00
10422,105563,1015,1,22.31,0.00
10423,105564,1016,2,23.24,0.10
10424,105565,1052,1,67.85,0.00
10425,105566,1051,1,25.37,0.00
10426,105566,1061,1,10.53,0.00
10427,105567,1009,1,40.20,0.00
10428,105568,1059,1,46.39,0.00
10429,105569,1034,1,68.99,0.10
10430,105569,1046,1,47.85,0.10
10431,105570,1025,2,24.20,0.00
10432,105570,1039,3,125.57,0.10
10433,105571,1054,2,61.29,0.00
10434,105572,1079,2,74.62,0.20
10435,105572,1046,1,47.85,0.10
10436,105572,1076,1,69.88,0.05
10437,105572,1079,2,74.62,0.05
10438,105573,1014,2,56.86,0.20
10439,105573,1062,2,48.81,0.20
10440,105574,1052,2,67.85,0.05
10441,105574,1052,1,67.85,0.00
10442,105575,1026,1,22.74,0.00
10443,105576,1065,1,56.22,0.20
10444,105576,1045,1,85.65,0.15
10445,105577,1077,2,10.69,0.10
10446,105578,1069,1,49.10,0.05
10447,105579,1019,1,18.46,0.00
10448,105580,1005,2,56.52,0.00
10449,105581,1022,1,27.34,0.05
10450,105582,1055,2,50.44,0.20
10451,105583,1075,1,74.40,0.00
10452,105583,1012,1,6.77,0.05
10453,105584,1014,4,56.86,0.00
10454,105584,1018,2,17.88,0.10
10455,105584,1019,2,18.46,0.15
10456,105585,1077,2,10.69,0.00
10457,105585,1053,2,33.56,0.00
10458,105585,1051,1,25.37,0.20
10459,105585,1067,1,33.59,0.20
10460,105586,1054,3,61.29,0.05
10461,105586,1013,1,19.73,0.00
10462,105587,1060,3,63.95,0.00
10463,105587,1003,2,25.07,0.00
10464,105588,1073,1,39.75,0.00
10465,105589,1011,1,47.68,0.20
10466,105590,1021,4,16.90,0.05
10467,105590,1044,1,12.75,0.00
10468,105591,1040,1,123.72,0.05
10469,105591,1013,2,19.73,0.00
10470,105591,1027,1,123.47,0.00
10471,105592,1064,4,42.55,0.20
10472,105592,1034,1,68.99,0.00
10473,105593,1028,1,191.46,0.00
10474,105593,1045,1,85.65,0.00
10475,105593,1035,1,51.62,0.10
10476,105594,1013,1,19.73,0.00
10477,105595,1037,2,145.98,0.00
10478,105595,1059,1,46.39,0.00
10479,105595,1009,2,40.20,0.00
10480,105595,1008,1,25.87,0.15
10481,105596,1045,1,85.65,0.15
10482,105596,1080,1,19.14,0.05
10483,105597,1069,3,49.10,0.00
10484,105598,1071,1,31.77,0.00
10485,105598,1061,2,10.53,0.00
10486,105598,1053,1,33.56,0.00
10487,105599,1052,1,67.85,0.15
10488,105599,1036,2,193.46,0.00
10489,105599,1032,1,104.13,0.00
10490,105600,1077,2,10.69,0.00
10491,105601,1068,1,35.89,0.00
10492,105601,1052,2,67.85,0.00
10493,105602,1033,2,210.53,0.15
10494,105602,1068,4,35.89,0.05
10495,105602,1033,1,210.53,0.00
10496,105603,1008,2,25.87,0.00
10497,105603,1047,1,70.37,0.00
10498,105604,1032,1,104.13,0.00
10499,105604,1051,1,25.37,0.05
10500,105604,1062,1,48.81,0.05
10501,105604,1051,3,25.37,0.05
10502,105605,1050,1,79.54,0.10
10503,105605,1059,4,46.39,0.15
10504,105606,1024,3,31.59,0.15
10505,105606,1053,1,33.56,0.05
10506,105606,1023,1,10.70,0.15
10507,105607,1074,2,27.33,0.00
10508,105608,1072,2,25.15,0.10
10509,105608,1046,1,47.85,0.05
10510,105609,1013,2,19.73,0.00
10511,105609,1014,1,56.86,0.00
10512,105610,1008,1,25.87,0.00
10513,105610,1038,3,46.33,0.00
10514,105610,1006,3,38.50,0.00
10515,105610,1080,1,19.14,0.05
10516,105611,1017,1,25.52,0.05
10517,105612,1074,1,27.33,0.20
10518,105613,1034,1,68.99,0.00
10519,105614,1023,1,10.70,0.10
10520,105615,1007,4,45.10,0.10
10521,105615,1029,3,162.75,0.05
10522,105615,1039,3,125.57,0.15
10523,105616,1051,1,25.37,0.00
10524,105617,1037,1,145.98,0.00
10525,105618,1008,3,25.87,0.20
10526,105619,1006,1,38.50,0.00
10527,105620,1055,3,50.44,0.00
10528,105620,1044,1,12.75,0.20
10529,105620,1028,2,191.46,0.15
10530,105620,1005,1,56.52,0.05
10531,105621,1024,1,31.59,0.15
10532,105621,1029,4,162.75,0.20
10533,105621,1063,2,14.47,0.00
10534,105622,1080,3,19.14,0.00
10535,105622,1077,1,10.69,0.00
10536,105623,1040,1,123.72,0.00
10537,105623,1032,1,104.13,0.05
10538,105623,1030,1,125.08,0.05
10539,105624,1065,2,56.22,0.05
10540,105624,1003,1,25.07,0.05
10541,105624,1051,1,25.37,0.05
10542,105625,1050,1,79.54,0.20
10543,105625,1074,1,27.33,0.20
10544,105625,1018,1,17.88,0.00
10545,105625,1040,1,123.72,0.15
10546,105626,1067,3,33.59,0.20
10547,105626,1044,4,12.75,0.00
10548,105627,1048,1,18.53,0.00
10549,105627,1004,1,16.52,0.00
10550,105627,1013,1,19.73,0.15
10551,105628,1048,2,18.53,0.00
10552,105629,1046,1,47.85,0.05
10553,105630,1038,1,46.33,0.00
10554,105630,1074,1,27.33,0.05
10555,105630,1068,1,35.89,0.15
10556,105631,1043,3,185.49,0.00
10557,105631,1079,1,74.62,0.05
10558,105631,1021,1,16.90,0.05
10559,105632,1002,1,20.29,0.10
10560,105632,1032,1,104.13,0.00
10561,105632,1040,1,123.72,0.10
10562,105633,1051,1,25.37,0.00
10563,105633,1016,1,23.24,0.00
10564,105634,1026,1,22.74,0.20
10565,105634,1047,1,70.37,0.10
10566,105634,1071,1,31.77,0.05
10567,105635,1031,2,146.40,0.00
10568,105635,1055,2,50.44,0.15
10569,105636,1052,1,67.85,0.00
10570,105637,1040,2,123.72,0.20
10571,105638,1067,1,33.59,0.00
10572,105638,1006,3,38.50,0.00
10573,105638,1049,2,53.08,0.00
10574,105638,1025,1,24.20,0.00
10575,105639,1015,2,22.31,0.20
10576,105639,1040,1,123.72,0.15
10577,105639,1055,1,50.44,0.00
10578,105640,1049,2,53.08,0.20
10579,105641,1039,2,125.57,0.00
10580,105642,1046,1,47.85,0.00
10581,105642,1041,4,81.45,0.05
10582,105642,1024,1,31.59,0.00
10583,105642,1020,1,41.32,0.00
10584,105643,1001,1,17.80,0.05
10585,105643,1053,1,33.56,0.15
10586,105643,1061,2,10.53,0.15
10587,105643,1032,2,104.13,0.00
10588,105644,1030,2,125.08,0.10
10589,105645,1023,2,10.70,0.00
10590,105646,1061,3,10.53,0.00
10591,105646,1028,2,191.46,0.00
10592,105647,1071,1,31.77,0.10
10593,105647,1073,3,39.75,0.05
10594,105648,1069,1,49.10,0.00
10595,105649,1021,1,16.90,0.05
10596,105649,1038,1,46.33,0.00
10597,105650,1010,1,42.65,0.00
10598,105651,1077,1,10.69,0.15
10599,105651,1054,1,61.29,0.00
10600,105651,1001,1,17.80,0.00
10601,105652,1054,1,61.29,0.00
10602,105652,1055,1,50.44,0.20
10603,105653,1068,1,35.89,0.05
10604,105653,1041,1,81.45,0.05
10605,105653,1080,1,19.14,0.00
10606,105653,1009,1,40.20,0.20
10607,105654,1073,2,39.75,0.00
10608,105655,1050,1,79.54,0.20
10609,105655,1061,1,10.53,0.10
10610,105656,1012,1,6.77,0.00
10611,105656,1037,2,145.98,0.00
10612,105657,1020,1,41.32,0.10
10613,105658,1045,3,85.65,0.20
10614,105659,1047,2,70.37,0.00
10615,105660,1009,1,40.20,0.15
10616,105660,1027,1,123.47,0.20
10617,105660,1063,1,14.47,0.15
10618,105660,1033,3,210.53,0.20
10619,105661,1067,2,33.59,0.15
10620,105662,1030,1,125.08,0.20
10621,105663,1020,4,41.32,0.20
10622,105663,1071,1,31.77,0.15
10623,105664,1006,2,38.50,0.20
10624,105664,1063,1,14.47,0.20
10625,105664,1080,2,19.14,0.20
10626,105665,1068,2,35.89,0.00
10627,105666,1077,1,10.69,0.10
10628,105666,1033,2,210.53,0.00
10629,105666,1028,1,191.46,0.00
10630,105667,1013,4,19.73,0.00
10631,105668,1011,2,47.68,0.20
10632,105668,1040,1,123.72,0.00
10633,105669,1029,3,162.75,0.10
10634,105670,1034,2,68.99,0.00
10635,105670,1045,4,85.65,0.15
10636,105670,1045,1,85.65,0.00
10637,105671,1028,4,191.46,0.00
10638,105671,1004,1,16.52,0.20
10639,105672,1056,1,26.43,0.00
10640,105672,1005,2,56.52,0.00
10641,105673,1025,1,24.20,0.10
10642,105674,1023,2,10.70,0.20
10643,105674,1076,1,69.88,0.20
10644,105675,1010,1,42.65,0.15
10645,105676,1054,1,61.29,0.10
10646,105677,1070,1,14.18,0.20
10647,105678,1055,1,50.44,0.15
10648,105678,1032,2,104.13,0.10
10649,105679,1015,2,22.31,0.05
10650,105679,1055,3,50.44,0.10
10651,105680,1060,1,63.95,0.20
10652,105680,1059,3,46.39,0.10
10653,105681,1019,1,18.46,0.20
10654,105682,1055,1,50.44,0.10
10655,105682,1049,1,53.08,0.00
10656,105682,1025,2,24.20,0.00
10657,105683,1043,1,185.49,0.10
10658,105684,1020,1,41.32,0.15
10659,105684,1063,1,14.47,0.15
10660,105685,1076,2,69.88,0.00
10661,105685,1059,1,46.39,0.00
10662,105686,1049,1,53.08,0.10
10663,105687,1059,1,46.39,0.20
10664,105688,1056,2,26.43,0.20
10665,105689,1018,1,17.88,0.20
10666,105689,1026,1,22.74,0.00
10667,105689,1012,1,6.77,0.15
10668,105689,1030,1,125.08,0.00
10669,105690,1015,1,22.31,0.20
10670,105691,1035,1,51.62,0.05
10671,105691,1034,1,68.99,0.00
10672,105692,1006,1,38.50,0.20
10673,105693,1077,3,10.69,0.20
10674,105694,1047,2,70.37,0.05
10675,105694,1077,1,10.69,0.20
10676,105694,1022,2,27.34,0.00
10677,105695,1017,2,25.52,0.20
10678,105696,1076,2,69.88,0.10
10679,105697,1051,1,25.37,0.05
10680,105698,1029,1,162.75,0.15
10681,105699,1041,1,81.45,0.20
10682,105699,1059,4,46.39,0.10
10683,105699,1020,2,41.32,0.00
10684,105700,1073,1,39.75,0.10
10685,105701,1044,4,12.75,0.00
10686,105702,1075,1,74.40,0.00
10687,105703,1058,1,26.06,0.00
10688,105703,1072,1,25.15,0.20
10689,105703,1058,1,26.06,0.15
10690,105704,1061,3,10.53,0.00
10691,105705,1015,1,22.31,0.00
10692,105705,1012,1,6.77,0.10
10693,105705,1002,2,20.29,0.20
10694,105706,1073,1,39.75,0.05
10695,105706,1016,2,23.24,0.00
10696,105706,1078,1,68.03,0.20
10697,105706,1070,1,14.18,0.00
10698,105707,1054,1,61.29,0.00
10699,105707,1004,1,16.52,0.05
10700,105708,1060,1,63.95,0.10
10701,105709,1049,1,53.08,0.15
10702,105709,1059,1,46.39,0.15
10703,105709,1058,1,26.06,0.00
10704,105709,1043,4,185.49,0.05
10705,105710,1080,1,19.14,0.10
10706,105711,1067,1,33.59,0.00
10707,105711,1043,2,185.49,0.00
10708,105712,1074,1,27.33,0.00
10709,105713,1076,3,69.88,0.10
10710,105713,1033,1,210.53,0.05
10711,105714,1017,1,25.52,0.00
10712,105714,1077,1,10.69,0.00
10713,105714,1018,1,17.88,0.05
10714,105715,1004,1,16.52,0.00
10715,105716,1019,1,18.46,0.05
10716,105716,1040,1,123.72,0.00
10717,105716,1015,1,22.31,0.10
10718,105717,1019,1,18.46,0.00
10719,105718,1069,1,49.10,0.10
10720,105718,1057,1,56.24,0.20
10721,105719,1015,2,22.31,0.20
10722,105719,1003,1,25.07,0.00
10723,105720,1053,1,33.56,0.20
10724,105721,1063,2,14.47,0.15
10725,105722,1032,3,104.13,0.00
10726,105722,1022,1,27.34,0.00
10727,105723,1028,1,191.46,0.15
10728,105723,1073,1,39.75,0.10
10729,105723,1055,1,50.44,0.00
10730,105724,1051,1,25.37,0.00
10731,105724,1075,4,74.40,0.15
10732,105724,1035,2,51.62,0.00
10733,105725,1079,1,74.62,0.00
10734,105725,1074,2,27.33,0.20
10735,105726,1005,1,56.52,0.20
10736,105727,1043,4,185.49,0.15
10737,105728,1080,1,19.14,0.05
10738,105729,1075,3,74.40,0.00
10739,105729,1071,1,31.77,0.20
10740,105729,1077,1,10.69,0.10
10741,105729,1033,1,210.53,0.00
10742,105730,1031,1,146.40,0.20
10743,105730,1056,1,26.43,0.10
10744,105731,1062,1,48.81,0.00
10745,105731,1041,1,81.45,0.05
10746,105732,1059,2,46.39,0.20
10747,105733,1006,2,38.50,0.15
10748,105733,1018,2,17.88,0.00
10749,105733,1005,1,56.52,0.10
10750,105734,1051,1,25.37,0.00
10751,105734,1077,4,10.69,0.20
10752,105734,1015,1,22.31,0.00
10753,105735,1013,2,19.73,0.05
10754,105735,1045,2,85.65,0.20
10755,105735,1021,2,16.90,0.00
10756,105736,1033,2,210.53,0.00
10757,105736,1052,2,67.85,0.20
10758,105737,1030,1,125.08,0.20
10759,105738,1068,2,35.89,0.00
10760,105738,1027,3,123.47,0.20
10761,105739,1050,1,79.54,0.00
10762,105740,1007,2,45.10,0.00
10763,105741,1005,3,56.52,0.00
10764,105742,1013,2,19.73,0.20
10765,105743,1011,2,47.68,0.00
10766,105743,1004,2,16.52,0.20
10767,105744,1074,1,27.33,0.00
10768,105745,1008,1,25.87,0.00
10769,105745,1021,2,16.90,0.00
10770,105746,1018,1,17.88,0.05
10771,105746,1071,4,31.77,0.15
10772,105747,1039,1,125.57,0.05
10773,105748,1038,2,46.33,0.15
10774,105749,1067,1,33.59,0.20
10775,105749,1058,1,26.06,0.00
10776,105750,1016,3,23.24,0.10
10777,105751,1044,1,12.75,0.00
10778,105751,1038,1,46.33,0.00
10779,105752,1054,4,61.29,0.00
10780,105752,1079,1,74.62,0.00
10781,105753,1036,3,193.46,0.00
10782,105754,1080,4,19.14,0.20
10783,105754,1070,2,14.18,0.00
10784,105755,1057,1,56.24,0.00
10785,105755,1042,1,205.47,0.00
10786,105756,1074,1,27.33,0.00
10787,105756,1044,1,12.75,0.20
10788,105756,1001,2,17.80,0.15
10789,105756,1058,3,26.06,0.00
10790,105757,1070,3,14.18,0.00
10791,105757,1021,4,16.90,0.05
10792,105758,1066,1,18.19,0.00
10793,105759,1033,1,210.53,0.10
10794,105760,1042,3,205.47,0.00
10795,105760,1079,4,74.62,0.10
10796,105761,1024,1,31.59,0.15
10797,105762,1070,1,14.18,0.20
10798,105762,1037,2,145.98,0.15
10799,105763,1066,2,18.19,0.15
10800,105763,1039,2,125.57,0.00
10801,105764,1033,1,210.53,0.20
10802,105765,1005,1,56.52,0.00
10803,105766,1016,1,23.24,0.10
10804,105766,1042,3,205.47,0.00
10805,105766,1012,1,6.77,0.15
10806,105766,1048,1,18.53,0.10
10807,105767,1062,1,48.81,0.00
10808,105767,1009,1,40.20,0.00
10809,105767,1065,3,56.22,0.00
10810,105767,1079,1,74.62,0.00
10811,105768,1034,1,68.99,0.00
10812,105769,1051,1,25.37,0.15
10813,105770,1061,1,10.53,0.05
10814,105770,1074,2,27.33,0.00
10815,105771,1027,3,123.47,0.00
10816,105772,1002,1,20.29,0.20
10817,105773,1071,1,31.77,0.00
10818,105774,1004,1,16.52,0.00
10819,105775,1036,1,193.46,0.15
10820,105776,1007,1,45.10,0.00
10821,105776,1016,2,23.24,0.00
10822,105777,1022,4,27.34,0.15
10823,105777,1021,1,16.90,0.20
10824,105778,1070,1,14.18,0.00
10825,105778,1069,1,49.10,0.00
10826,105778,1029,1,162.75,0.20
10827,105779,1067,1,33.59,0.00
10828,105779,1014,2,56.86,0.00
10829,105780,1034,2,68.99,0.05
10830,105780,1014,1,56.86,0.00
10831,105780,1004,4,16.52,0.00
10832,105781,1060,1,63.95,0.00
10833,105781,1041,1,81.45,0.15
10834,105781,1078,2,68.03,0.00
10835,105782,1033,1,210.53,0.20
10836,105783,1052,1,67.85,0.00
10837,105783,1062,2,48.81,0.00
10838,105783,1065,3,56.22,0.05
10839,105783,1017,1,25.52,0.00
10840,105784,1011,1,47.68,0.20
10841,105784,1031,1,146.40,0.15
10842,105785,1014,1,56.86,0.00
10843,105786,1035,2,51.62,0.00
10844,105786,1080,2,19.14,0.05
10845,105787,1021,1,16.90,0.00
10846,105787,1012,1,6.77,0.00
10847,105788,1016,1,23.24,0.10
10848,105788,1019,1,18.46,0.05
10849,105789,1022,1,27.34,0.00
10850,105789,1048,2,18.53,0.00
10851,105790,1033,1,210.53,0.20
10852,105791,1075,1,74.40,0.15
10853,105791,1068,2,35.89,0.20
10854,105791,1062,3,48.81,0.15
10855,105791,1006,2,38.50,0.00
10856,105792,1052,2,67.85,0.00
10857,105793,1066,1,18.19,0.05
10858,105794,1004,1,16.52,0.00
10859,105795,1057,2,56.24,0.15
10860,105795,1037,1,145.98,0.20
10861,105796,1030,1,125.08,0.05
10862,105796,1007,1,45.10,0.15
10863,105797,1070,2,14.18,0.00
10864,105797,1028,1,191.46,0.15
10865,105798,1051,1,25.37,0.20
10866,105798,1020,3,41.32,0.15
10867,105799,1036,3,193.46,0.00
10868,105799,1077,2,10.69,0.00
10869,105799,1053,3,33.56,0.10
10870,105800,1033,2,210.53,0.00
10871,105800,1050,1,79.54,0.05
10872,105801,1045,1,85.65,0.20
10873,105801,1050,2,79.54,0.20
10874,105801,1032,1,104.13,0.05
10875,105801,1017,1,25.52,0.00
10876,105802,1050,1,79.54,0.15
10877,105802,1037,4,145.98,0.10
10878,105802,1046,1,47.85,0.00
10879,105803,1041,1,81.45,0.15
10880,105803,1073,1,39.75,0.00
10881,105804,1077,2,10.69,0.10
10882,105804,1079,1,74.62,0.05
10883,105805,1071,1,31.77,0.20
10884,105806,1024,1,31.59,0.15
10885,105806,1023,1,10.70,0.00
10886,105807,1011,4,47.68,0.00
10887,105807,1068,1,35.89,0.20
10888,105808,1063,1,14.47,0.00
10889,105809,1054,1,61.29,0.15
10890,105809,1037,1,145.98,0.15
10891,105809,1060,3,63.95,0.05
10892,105809,1043,2,185.49,0.20
10893,105810,1011,2,47.68,0.00
10894,105810,1037,4,145.98,0.10
10895,105810,1067,1,33.59,0.10
10896,105811,1074,1,27.33,0.00
10897,105812,1075,1,74.40,0.15
10898,105812,1011,3,47.68,0.10
10899,105812,1069,1,49.10,0.15
10900,105812,1010,1,42.65,0.10
10901,105813,1011,1,47.68,0.00
10902,105813,1039,1,125.57,0.00
10903,105814,1080,1,19.14,0.05
10904,105815,1016,3,23.24,0.15
10905,105815,1025,3,24.20,0.20
10906,105816,1015,1,22.31,0.15
10907,105817,1053,1,33.56,0.20
10908,105817,1056,1,26.43,0.00
10909,105817,1009,2,40.20,0.10
10910,105818,1079,4,74.62,0.00
10911,105818,1051,2,25.37,0.10
10912,105818,1019,1,18.46,0.00
10913,105818,1018,3,17.88,0.00
10914,105819,1009,1,40.20,0.10
10915,105819,1006,1,38.50,0.00
10916,105819,1075,1,74.40,0.20
10917,105819,1017,1,25.52,0.00
10918,105820,1060,3,63.95,0.00
10919,105820,1060,2,63.95,0.00
10920,105821,1010,1,42.65,0.00
10921,105821,1047,2,70.37,0.00
10922,105822,1042,1,205.47,0.15
10923,105823,1014,1,56.86,0.00
10924,105824,1007,2,45.10,0.20
10925,105825,1055,1,50.44,0.05
10926,105825,1072,2,25.15,0.00
10927,105825,1029,1,162.75,0.05
10928,105825,1015,1,22.31,0.20
10929,105826,1057,2,56.24,0.15
10930,105827,1027,1,123.47,0.00
10931,105827,1048,1,18.53,0.10
10932,105828,1035,1,51.62,0.00
10933,105829,1072,1,25.15,0.10
10934,105829,1023,2,10.70,0.15
10935,105830,1075,1,74.40,0.05
10936,105830,1016,1,23.24,0.10
10937,105831,1005,1,56.52,0.00
10938,105832,1036,1,193.46,0.10
10939,105832,1049,1,53.08,0.00
10940,105832,1045,3,85.65,0.00
10941,105832,1040,2,123.72,0.05
10942,105833,1022,1,27.34,0.20
10943,105834,1036,1,193.46,0.00
10944,105835,1030,1,125.08,0.00
10945,105836,1001,3,17.80,0.00
10946,105837,1069,1,49.10,0.00
10947,105837,1002,1,20.29,0.05
10948,105838,1075,2,74.40,0.20
10949,105838,1049,1,53.08,0.20
10950,105839,1029,2,162.75,0.20
10951,105840,1028,1,191.46,0.00
10952,105840,1057,2,56.24,0.00
10953,105840,1030,1,125.08,0.05
10954,105841,1042,1,205.47,0.15
10955,105842,1061,1,10.53,0.00
10956,105842,1055,1,50.44,0.10
10957,105842,1023,1,10.70,0.00
10958,105843,1053,1,33.56,0.00
10959,105843,1014,1,56.86,0.15
10960,105843,1023,1,10.70,0.00
10961,105843,1060,3,63.95,0.00
10962,105844,1072,1,25.15,0.20
10963,105845,1070,1,14.18,0.00
10964,105846,1072,3,25.15,0.15
10965,105847,1046,1,47.85,0.00
10966,105848,1037,1,145.98,0.05
10967,105849,1011,2,47.68,0.00
10968,105849,1013,1,19.73,0.10
10969,105849,1044,1,12.75,0.00
10970,105850,1028,1,191.46,0.00
10971,105851,1033,1,210.53,0.00
10972,105851,1076,3,69.88,0.00
10973,105851,1051,3,25.37,0.00
10974,105852,1078,1,68.03,0.20
10975,105852,1029,1,162.75,0.10
10976,105853,1072,1,25.15,0.10
10977,105853,1037,1,145.98,0.00
10978,105853,1053,1,33.56,0.05
10979,105853,1079,4,74.62,0.15
10980,105854,1010,1,42.65,0.15
10981,105854,1007,2,45.10,0.00
10982,105854,1003,1,25.07,0.15
10983,105855,1051,4,25.37,0.00
10984,105856,1036,1,193.46,0.00
10985,105857,1035,1,51.62,0.00
10986,105857,1030,2,125.08,0.00
10987,105858,1071,3,31.77,0.15
10988,105859,1009,2,40.20,0.00
10989,105859,1051,3,25.37,0.10
10990,105859,1070,1,14.18,0.00
10991,105859,1033,1,210.53,0.00
10992,105860,1017,1,25.52,0.05
10993,105860,1061,1,10.53,0.05
10994,105861,1011,1,47.68,0.20
10995,105862,1079,1,74.62,0.05
10996,105862,1047,2,70.37,0.05
10997,105862,1055,1,50.44,0.00
10998,105863,1038,1,46.33,0.10
10999,105863,1066,1,18.19,0.05
11000,105864,1022,1,27.34,0.00
11001,105864,1068,1,35.89,0.10
11002,105864,1013,1,19.73,0.00
11003,105865,1074,1,27.33,0.15
11004,105866,1076,2,69.88,0.15
11005,105867,1027,1,123.47,0.20
11006,105868,1013,1,19.73,0.00
11007,105869,1052,2,67.85,0.15
11008,105869,1050,1,79.54,0.00
11009,105869,1011,2,47.68,0.05
11010,105869,1003,1,25.07,0.10
11011,105870,1042,1,205.47,0.00
11012,105871,1048,1,18.53,0.00
11013,105871,1068,1,35.89,0.20
11014,105872,1079,1,74.62,0.15
11015,105872,1009,1,40.20,0.00
11016,105873,1013,3,19.73,0.00
11017,105874,1010,2,42.65,0.15
11018,105875,1006,2,38.50,0.00
11019,105875,1071,1,31.77,0.20
11020,105875,1017,1,25.52,0.00
11021,105875,1043,1,185.49,0.00
11022,105876,1079,2,74.62,0.00
11023,105876,1049,1,53.08,0.00
11024,105877,1002,4,20.29,0.10
11025,105878,1021,1,16.90,0.20
11026,105879,1069,1,49.10,0.00
11027,105880,1001,2,17.80,0.05
11028,105881,1049,2,53.08,0.00
11029,105881,1006,1,38.50,0.10
11030,105881,1060,1,63.95,0.00
11031,105882,1072,1,25.15,0.00
11032,105882,1034,4,68.99,0.00
11033,105883,1065,1,56.22,0.10
11034,105883,1017,2,25.52,0.00
11035,105883,1017,1,25.52,0.00
11036,105884,1077,2,10.69,0.10
11037,105885,1008,2,25.87,0.00
11038,105886,1061,2,10.53,0.15
11039,105887,1069,1,49.10,0.00
11040,105887,1018,1,17.88,0.00
11041,105887,1052,4,67.85,0.05
11042,105888,1079,2,74.62,0.05
11043,105888,1017,2,25.52,0.05
11044,105888,1002,3,20.29,0.00
11045,105889,1066,2,18.19,0.20
11046,105889,1067,1,33.59,0.10
11047,105889,1078,3,68.03,0.00
11048,105890,1002,1,20.29,0.00
11049,105891,1076,1,69.88,0.00
11050,105892,1028,2,191.46,0.20
11051,105892,1036,1,193.46,0.05
11052,105893,1045,3,85.65,0.20
11053,105894,1058,2,26.06,0.00
11054,105895,1003,2,25.07,0.10
11055,105896,1065,1,56.22,0.10
11056,105896,1065,3,56.22,0.15
11057,105896,1047,4,70.37,0.15
11058,105897,1051,2,25.37,0.00
11059,105897,1032,1,104.13,0.05
11060,105897,1059,2,46.39,0.00
11061,105897,1004,1,16.52,0.10
11062,105898,1020,2,41.32,0.15
11063,105898,1052,1,67.85,0.10
11064,105899,1030,1,125.08,0.10
11065,105900,1079,1,74.62,0.15
11066,105901,1048,1,18.53,0.00
11067,105902,1029,1,162.75,0.20
11068,105902,1066,2,18.19,0.20
11069,105902,1068,1,35.89,0.20
11070,105903,1001,2,17.80,0.20
11071,105903,1033,2,210.53,0.20
11072,105904,1030,1,125.08,0.20
11073,105905,1059,2,46.39,0.00
11074,105906,1046,1,47.85,0.10
11075,105907,1012,1,6.77,0.00
11076,105908,1076,1,69.88,0.10
11077,105909,1058,2,26.06,0.00
11078,105909,1035,1,51.62,0.10
11079,105909,1001,1,17.80,0.00
11080,105910,1066,1,18.19,0.05
11081,105910,1035,1,51.62,0.10
11082,105911,1066,2,18.19,0.00
11083,105911,1038,4,46.33,0.20
11084,105911,1035,2,51.62,0.10
11085,105911,1038,2,46.33,0.20
11086,105912,1016,3,23.24,0.05
11087,105912,1011,4,47.68,0.15
11088,105913,1023,1,10.70,0.15
11089,105913,1068,2,35.89,0.00
11090,105913,1007,2,45.10,0.05
11091,105914,1066,3,18.19,0.00
11092,105914,1014,1,56.86,0.00
11093,105914,1049,2,53.08,0.00
11094,105915,1027,2,123.47,0.15
11095,105916,1023,1,10.70,0.10
11096,105916,1063,2,14.47,0.00
11097,105916,1039,3,125.57,0.05
11098,105917,1043,1,185.49,0.20
11099,105917,1073,1,39.75,0.00
11100,105917,1061,1,10.53,0.00
11101,105918,1017,3,25.52,0.20
11102,105918,1047,2,70.37,0.10
11103,105919,1059,1,46.39,0.05
11104,105920,1001,1,17.80,0.00
11105,105921,1050,1,79.54,0.05
11106,105922,1055,1,50.44,0.00
11107,105922,1062,1,48.81,0.20
11108,105922,1006,2,38.50,0.05
11109,105922,1053,4,33.56,0.00
11110,105923,1022,1,27.34,0.05
11111,105924,1029,2,162.75,0.15
11112,105925,1044,1,12.75,0.15
11113,105925,1009,2,40.20,0.00
11114,105925,1065,1,56.22,0.15
11115,105926,1029,2,162.75,0.15
11116,105927,1004,3,16.52,0.05
11117,105928,1037,2,145.98,0.15
11118,105929,1070,1,14.18,0.00
11119,105929,1065,4,56.22,0.00
11120,105930,1019,2,18.46,0.00
11121,105930,1021,1,16.90,0.00
11122,105931,1022,1,27.34,0.15
11123,105932,1062,1,48.81,0.00
11124,105932,1014,1,56.86,0.20
11125,105933,1035,1,51.62,0.10
11126,105934,1078,1,68.03,0.15
11127,105935,1017,1,25.52,0.05
11128,105935,1032,2,104.13,0.15
11129,105936,1067,4,33.59,0.00
11130,105936,1028,2,191.46,0.20
11131,105937,1021,3,16.90,0.00
11132,105937,1021,2,16.90,0.20
11133,105938,1019,1,18.46,0.00
11134,105939,1007,2,45.10,0.10
11135,105939,1064,2,42.55,0.00
11136,105939,1059,1,46.39,0.05
11137,105940,1058,1,26.06,0.00
11138,105940,1068,3,35.89,0.05
11139,105941,1075,1,74.40,0.20
11140,105942,1064,1,42.55,0.10
11141,105942,1003,1,25.07,0.00
11142,105942,1079,1,74.62,0.20
11143,105942,1056,3,26.43,0.00
11144,105943,1004,1,16.52,0.00
11145,105943,1024,1,31.59,0.20
11146,105943,1077,1,10.69,0.10
11147,105944,1079,4,74.62,0.10
11148,105944,1014,2,56.86,0.15
11149,105945,1071,1,31.77,0.00
11150,105945,1008,2,25.87,0.00
11151,105945,1024,2,31.59,0.15
11152,105946,1015,1,22.31,0.00
11153,105946,1068,2,35.89,0.00
11154,105946,1012,1,6.77,0.00
11155,105947,1010,1,42.65,0.15
11156,105947,1031,1,146.40,0.05
11157,105948,1064,1,42.55,0.05
11158,105948,1029,1,162.75,0.00
11159,105948,1010,3,42.65,0.15
11160,105948,1080,1,19.14,0.05
11161,105949,1006,1,38.50,0.00
11162,105949,1050,1,79.54,0.00
11163,105949,1077,1,10.69,0.15
11164,105949,1007,1,45.10,0.00
11165,105950,1071,1,31.77,0.10
11166,105950,1025,1,24.20,0.20
11167,105951,1014,2,56.86,0.10
11168,105952,1066,1,18.19,0.15
11169,105953,1034,2,68.99,0.20
11170,105953,1014,1,56.86,0.05
11171,105954,1073,1,39.75,0.10
11172,105955,1044,1,12.75,0.15
11173,105956,1044,2,12.75,0.20
11174,105956,1001,2,17.80,0.00
11175,105957,1029,1,162.75,0.20
11176,105957,1058,2,26.06,0.15
11177,105958,1005,3,56.52,0.20
11178,105959,1027,3,123.47,0.05
11179,105959,1024,4,31.59,0.05
11180,105960,1042,1,205.47,0.00
11181,105960,1007,2,45.10,0.00
11182,105960,1063,1,14.47,0.00
11183,105961,1017,4,25.52,0.15
11184,105961,1004,2,16.52,0.00
11185,105962,1013,1,19.73,0.00
11186,105962,1078,1,68.03,0.00
11187,105962,1029,2,162.75,0.00
11188,105962,1073,1,39.75,0.00
11189,105963,1051,1,25.37,0.00
11190,105964,1010,2,42.65,0.10
11191,105964,1070,3,14.18,0.05
11192,105965,1020,1,41.32,0.00
11193,105965,1067,1,33.59,0.05
11194,105965,1070,2,14.18,0.15
11195,105966,1048,2,18.53,0.00
11196,105966,1024,2,31.59,0.00
11197,105966,1033,1,210.53,0.00
11198,105966,1050,2,79.54,0.20
11199,105967,1046,2,47.85,0.05
11200,105968,1068,3,35.89,0.00
11201,105968,1019,2,18.46,0.05
11202,105969,1027,1,123.47,0.20
11203,105970,1021,1,16.90,0.10
11204,105971,1009,1,40.20,0.00
11205,105971,1015,1,22.31,0.00
11206,105972,1028,2,191.46,0.15
11207,105973,1062,2,48.81,0.00
11208,105973,1075,3,74.40,0.10
11209,105973,1031,1,146.40,0.00
11210,105973,1007,1,45.10,0.10
11211,105974,1050,2,79.54,0.10
11212,105974,1018,1,17.88,0.20
11213,105975,1022,3,27.34,0.15
11214,105976,1077,4,10.69,0.00
11215,105976,1054,2,61.29,0.00
11216,105977,1061,1,10.53,0.00
11217,105978,1015,2,22.31,0.15
11218,105979,1019,1,18.46,0.00
11219,105979,1046,1,47.85,0.00
11220,105979,1040,1,123.72,0.10
11221,105979,1006,2,38.50,0.05
11222,105980,1080,1,19.14,0.00
11223,105980,1025,1,24.20,0.05
11224,105981,1073,3,39.75,0.20
11225,105981,1008,1,25.87,0.15
11226,105982,1070,1,14.18,0.05
11227,105982,1003,1,25.07,0.05
11228,105982,1006,3,38.50,0.00
11229,105983,1076,2,69.88,0.10
11230,105984,1068,2,35.89,0.15
11231,105985,1007,2,45.10,0.00
11232,105985,1070,3,14.18,0.00
11233,105986,1047,1,70.37,0.00
11234,105986,1078,1,68.03,0.00
11235,105987,1059,1,46.39,0.05
11236,105987,1064,1,42.55,0.10
11237,105988,1057,2,56.24,0.10
11238,105989,1003,1,25.07,0.00
11239,105989,1060,2,63.95,0.20
11240,105990,1014,3,56.86,0.00
11241,105990,1047,1,70.37,0.20
11242,105991,1010,3,42.65,0.00
11243,105991,1028,2,191.46,0.15
11244,105992,1011,2,47.68,0.20
11245,105992,1027,3,123.47,0.00
11246,105993,1079,2,74.62,0.00
11247,105994,1079,1,74.62,0.00
11248,105995,1048,1,18.53,0.00
11249,105995,1069,2,49.10,0.15
11250,105995,1002,1,20.29,0.20
11251,105995,1065,2,56.22,0.05
11252,105996,1003,1,25.07,0.00
11253,105996,1057,1,56.24,0.15
11254,105997,1061,1,10.53,0.00
11255,105997,1024,1,31.59,0.00
11256,105998,1028,2,191.46,0.00
11257,105998,1039,2,125.57,0.00
11258,105999,1047,1,70.37,0.15
11259,106000,1003,1,25.07,0.15
11260,106000,1020,1,41.32,0.00
11261,106000,1048,1,18.53,0.05
11262,106000,1024,1,31.59,0.00
11263,106001,1019,1,18.46,0.00
11264,106001,1060,4,63.95,0.15
11265,106001,1018,3,17.88,0.05
11266,106002,1058,2,26.06,0.00
11267,106003,1067,2,33.59,0.05
11268,106004,1045,1,85.65,0.10
11269,106004,1009,1,40.20,0.00
11270,106004,1009,1,40.20,0.00
11271,106005,1010,2,42.65,0.00
11272,106005,1008,1,25.87,0.00
11273,106006,1032,1,104.13,0.00
11274,106006,1063,1,14.47,0.20
11275,106006,1055,1,50.44,0.00
11276,106006,1025,2,24.20,0.20
11277,106007,1057,4,56.24,0.15
11278,106008,1023,1,10.70,0.20
11279,106008,1020,1,41.32,0.00
11280,106008,1032,2,104.13,0.15
11281,106009,1042,1,205.47,0.15
11282,106010,1022,1,27.34,0.00
11283,106010,1028,1,191.46,0.00
11284,106010,1036,1,193.46,0.10
11285,106011,1034,1,68.99,0.20
11286,106011,1056,2,26.43,0.05
11287,106012,1055,1,50.44,0.00
11288,106012,1036,1,193.46,0.00
11289,106013,1056,1,26.43,0.00
11290,106014,1039,1,125.57,0.00
11291,106014,1080,1,19.14,0.05
11292,106015,1004,1,16.52,0.15
11293,106015,1005,1,56.52,0.00
11294,106016,1040,2,123.72,0.00
11295,106016,1002,1,20.29,0.05
11296,106016,1058,1,26.06,0.10
11297,106017,1043,1,185.49,0.00
11298,106018,1010,2,42.65,0.20
11299,106019,1045,3,85.65,0.05
11300,106020,1033,1,210.53,0.10
11301,106020,1018,1,17.88,0.00
11302,106021,1021,1,16.90,0.15
11303,106022,1017,3,25.52,0.00
11304,106022,1019,1,18.46,0.15
11305,106022,1001,1,17.80,0.15
11306,106023,1069,2,49.10,0.00
11307,106023,1010,1,42.65,0.20
11308,106023,1026,2,22.74,0.15
11309,106024,1037,1,145.98,0.20
11310,106024,1001,3,17.80,0.00
11311,106025,1035,2,51.62,0.10
11312,106026,1020,1,41.32,0.00
11313,106026,1009,2,40.20,0.15
11314,106026,1060,1,63.95,0.15
11315,106027,1064,1,42.55,0.10
11316,106028,1013,2,19.73,0.00
11317,106029,1064,2,42.55,0.20
11318,106030,1080,1,19.14,0.00
11319,106030,1080,1,19.14,0.15
11320,106031,1005,1,56.52,0.20
11321,106032,1061,1,10.53,0.20
11322,106032,1042,1,205.47,0.20
11323,106032,1032,3,104.13,0.00
11324,106032,1068,2,35.89,0.20
11325,106033,1008,3,25.87,0.10
11326,106034,1054,1,61.29,0.00
11327,106034,1062,2,48.81,0.00
11328,106035,1061,2,10.53,0.00
11329,106036,1008,2,25.87,0.00
11330,106037,1031,3,146.40,0.15
11331,106037,1030,1,125.08,0.00
11332,106038,1034,1,68.99,0.10
11333,106039,1071,1,31.77,0.10
11334,106039,1045,1,85.65,0.00
11335,106040,1043,2,185.49,0.10
11336,106041,1008,1,25.87,0.05
11337,106041,1023,1,10.70,0.10
11338,106042,1047,1,70.37,0.05
11339,106042,1028,1,191.46,0.00
11340,106043,1065,1,56.22,0.00
11341,106043,1058,1,26.06,0.00
11342,106043,1004,2,16.52,0.10
11343,106043,1030,2,125.08,0.00
11344,106044,1036,2,193.46,0.15
11345,106044,1068,1,35.89,0.00
11346,106044,1057,1,56.24,0.00
11347,106044,1072,2,25.15,0.00
11348,106045,1028,1,191.46,0.00
11349,106046,1070,1,14.18,0.00
11350,106046,1005,1,56.52,0.10
11351,106047,1012,2,6.77,0.15
11352,106048,1009,2,40.20,0.15
11353,106049,1080,2,19.14,0.00
11354,106049,1068,1,35.89,0.05
11355,106050,1045,2,85.65,0.00
11356,106051,1021,1,16.90,0.15
11357,106052,1021,2,16.90,0.00
11358,106052,1016,2,23.24,0.05
11359,106053,1049,2,53.08,0.05
11360,106053,1012,1,6.77,0.00
11361,106054,1061,4,10.53,0.15
11362,106054,1073,1,39.75,0.15
11363,106054,1036,1,193.46,0.10
11364,106054,1057,1,56.24,0.00
11365,106055,1074,2,27.33,0.00
11366,106056,1015,1,22.31,0.10
11367,106056,1040,1,123.72,0.00
11368,106057,1064,1,42.55,0.10
11369,106058,1063,3,14.47,0.20
11370,106059,1050,1,79.54,0.15
11371,106060,1069,2,49.10,0.05
11372,106060,1003,1,25.07,0.00
11373,106060,1046,1,47.85,0.20
11374,106061,1049,2,53.08,0.15
11375,106061,1047,2,70.37,0.00
11376,106061,1045,1,85.65,0.00
11377,106062,1057,3,56.24,0.20
11378,106062,1005,1,56.52,0.00
11379,106063,1002,1,20.29,0.00
11380,106063,1053,2,33.56,0.00
11381,106064,1021,1,16.90,0.05
11382,106065,1032,1,104.13,0.15
11383,106066,1050,1,79.54,0.00
11384,106066,1028,1,191.46,0.20
11385,106067,1010,2,42.65,0.20
11386,106067,1076,1,69.88,0.10
11387,106068,1034,1,68.99,0.20
11388,106068,1040,2,123.72,0.10
11389,106068,1072,2,25.15,0.05
11390,106068,1031,1,146.40,0.10
11391,106069,1054,2,61.29,0.00
11392,106070,1047,2,70.37,0.00
11393,106070,1049,2,53.08,0.20
11394,106070,1061,2,10.53,0.00
11395,106071,1080,1,19.14,0.00
11396,106072,1008,1,25.87,0.00
11397,106072,1047,2,70.37,0.20
11398,106072,1009,2,40.20,0.20
11399,106073,1016,1,23.24,0.00
11400,106074,1018,1,17.88,0.15
11401,106074,1070,2,14.18,0.05
11402,106074,1007,1,45.10,0.05
11403,106075,1030,3,125.08,0.10
11404,106075,1079,2,74.62,0.15
11405,106075,1019,1,18.46,0.00
11406,106075,1014,1,56.86,0.10
11407,106076,1004,2,16.52,0.05
11408,106077,1054,1,61.29,0.10
11409,106077,1080,1,19.14,0.20
11410,106078,1068,2,35.89,0.05
11411,106079,1011,2,47.68,0.20
11412,106080,1021,1,16.90,0.00
11413,106080,1058,3,26.06,0.15
11414,106081,1019,1,18.46,0.00
11415,106081,1001,1,17.80,0.10
11416,106082,1045,1,85.65,0.10
11417,106082,1052,1,67.85,0.00
11418,106082,1021,1,16.90,0.20
11419,106083,1075,1,74.40,0.00
11420,106083,1044,2,12.75,0.00
11421,106084,1076,2,69.88,0.15
11422,106085,1056,2,26.43,0.00
11423,106085,1052,1,67.85,0.20
11424,106085,1024,2,31.59,0.10
11425,106086,1072,1,25.15,0.20
11426,106086,1077,2,10.69,0.00
11427,106087,1054,1,61.29,0.00
11428,106087,1013,1,19.73,0.00
11429,106088,1050,2,79.54,0.05
11430,106089,1069,1,49.10,0.00
11431,106089,1067,1,33.59,0.20
11432,106090,1030,1,125.08,0.10
11433,106090,1074,1,27.33,0.05
11434,106090,1076,1,69.88,0.00
11435,106091,1032,1,104.13,0.15
11436,106091,1012,1,6.77,0.00
11437,106092,1011,1,47.68,0.05
11438,106092,1013,1,19.73,0.15
11439,106093,1020,1,41.32,0.15
11440,106094,1021,2,16.90,0.05
11441,106094,1040,1,123.72,0.00
11442,106094,1079,1,74.62,0.15
11443,106094,1038,1,46.33,0.10
11444,106095,1064,1,42.55,0.00
11445,106095,1005,1,56.52,0.00
11446,106096,1044,2,12.75,0.00
11447,106097,1018,1,17.88,0.10
11448,106098,1020,1,41.32,0.00
11449,106099,1075,1,74.40,0.00
11450,106100,1065,4,56.22,0.20
11451,106100,1028,1,191.46,0.00
11452,106100,1012,1,6.77,0.10
11453,106101,1050,1,79.54,0.20
11454,106102,1037,1,145.98,0.10
11455,106102,1038,1,46.33,0.10
11456,106103,1044,1,12.75,0.10
11457,106103,1057,2,56.24,0.20
11458,106104,1036,3,193.46,0.15
11459,106104,1022,1,27.34,0.05
11460,106105,1033,4,210.53,0.00
11461,106106,1060,4,63.95,0.00
11462,106107,1056,1,26.43,0.00
11463,106107,1045,2,85.65,0.00
11464,106107,1027,3,123.47,0.20
11465,106108,1028,1,191.46,0.10
11466,106108,1021,3,16.90,0.15
11467,106108,1035,2,51.62,0.10
11468,106109,1015,2,22.31,0.10
11469,106109,1044,1,12.75,0.00
11470,106109,1032,1,104.13,0.00
11471,106110,1022,1,27.34,0.10
11472,106110,1028,1,191.46,0.00
11473,106110,1034,1,68.99,0.00
11474,106110,1041,2,81.45,0.15
11475,106111,1060,3,63.95,0.00
11476,106111,1029,2,162.75,0.10
11477,106112,1025,1,24.20,0.00
11478,106113,1007,2,45.10,0.00
11479,106114,1074,1,27.33,0.00
11480,106114,1013,1,19.73,0.15
11481,106115,1023,3,10.70,0.05
11482,106115,1054,2,61.29,0.15
11483,106115,1015,1,22.31,0.10
11484,106116,1066,1,18.19,0.00
11485,106116,1041,2,81.45,0.00
11486,106117,1068,1,35.89,0.00
11487,106117,1065,1,56.22,0.15
11488,106118,1063,1,14.47,0.00
11489,106118,1008,3,25.87,0.00
11490,106118,1009,1,40.20,0.00
11491,106119,1036,3,193.46,0.15
11492,106119,1050,1,79.54,0.15
11493,106120,1002,1,20.29,0.10
11494,106121,1053,1,33.56,0.20
11495,106122,1056,1,26.43,0.05
11496,106122,1043,3,185.49,0.20
11497,106122,1067,1,33.59,0.10
11498,106123,1080,1,19.14,0.00
11499,106123,1038,2,46.33,0.15
11500,106124,1043,1,185.49,0.00
11501,106124,1031,1,146.40,0.05
11502,106124,1012,2,6.77,0.15
11503,106125,1027,1,123.47,0.00
11504,106125,1028,1,191.46,0.00
11505,106126,1074,1,27.33,0.00
11506,106127,1062,2,48.81,0.20
11507,106127,1043,1,185.49,0.00
11508,106128,1009,1,40.20,0.00
11509,106128,1022,4,27.34,0.10
11510,106129,1030,1,125.08,0.00
11511,106129,1018,1,17.88,0.20
11512,106130,1070,1,14.18,0.00
11513,106131,1012,1,6.77,0.05
11514,106131,1079,1,74.62,0.15
11515,106132,1069,1,49.10,0.05
11516,106132,1062,2,48.81,0.15
11517,106133,1064,1,42.55,0.00
11518,106134,1001,1,17.80,0.00
11519,106135,1034,1,68.99,0.00
11520,106136,1032,1,104.13,0.00
11521,106136,1033,3,210.53,0.10
11522,106136,1026,4,22.74,0.15
11523,106137,1069,1,49.10,0.00
11524,106137,1024,1,31.59,0.10
11525,106137,1027,1,123.47,0.00
11526,106137,1039,1,125.57,0.00
11527,106138,1039,1,125.57,0.15
11528,106139,1059,1,46.39,0.05
11529,106140,1010,1,42.65,0.10
11530,106140,1012,1,6.77,0.05
11531,106140,1062,4,48.81,0.10
11532,106141,1046,3,47.85,0.05
11533,106142,1031,2,146.40,0.00
11534,106142,1006,1,38.50,0.00
11535,106142,1078,2,68.03,0.15
11536,106143,1074,1,27.33,0.00
11537,106143,1063,1,14.47,0.00
11538,106144,1033,4,210.53,0.10
11539,106145,1021,1,16.90,0.00
11540,106145,1044,1,12.75,0.05
11541,106145,1049,1,53.08,0.00
11542,106146,1045,1,85.65,0.20
11543,106147,1080,3,19.14,0.10
11544,106148,1022,2,27.34,0.05
11545,106149,1006,2,38.50,0.00
11546,106149,1006,1,38.50,0.05
11547,106150,1007,1,45.10,0.15
11548,106150,1019,1,18.46,0.10
11549,106150,1006,1,38.50,0.05
11550,106151,1051,2,25.37,0.05
11551,106152,1030,2,125.08,0.00
11552,106153,1052,2,67.85,0.10
11553,106153,1011,2,47.68,0.05
11554,106154,1045,2,85.65,0.10
11555,106155,1010,2,42.65,0.00
11556,106156,1074,1,27.33,0.05
11557,106156,1057,1,56.24,0.00
11558,106156,1062,1,48.81,0.00
11559,106157,1007,1,45.10,0.00
11560,106157,1042,2,205.47,0.00
11561,106157,1065,1,56.22,0.15
11562,106158,1080,1,19.14,0.15
11563,106159,1041,3,81.45,0.20
11564,106159,1030,1,125.08,0.00
11565,106159,1002,1,20.29,0.05
11566,106159,1059,1,46.39,0.05
11567,106160,1040,1,123.72,0.00
11568,106161,1080,1,19.14,0.00
11569,106162,1003,2,25.07,0.20
11570,106163,1030,1,125.08,0.05
11571,106164,1033,1,210.53,0.15
11572,106165,1054,1,61.29,0.00
11573,106166,1028,4,191.46,0.10
11574,106167,1012,1,6.77,0.00
11575,106168,1073,1,39.75,0.00
11576,106169,1029,2,162.75,0.15
11577,106170,1023,1,10.70,0.00
11578,106170,1004,1,16.52,0.05
11579,106170,1028,2,191.46,0.05
11580,106171,1060,2,63.95,0.00
11581,106172,1031,4,146.40,0.00
11582,106172,1059,3,46.39,0.00
11583,106173,1047,1,70.37,0.20
11584,106173,1005,2,56.52,0.00
11585,106174,1053,1,33.56,0.00
11586,106174,1001,3,17.80,0.00
11587,106175,1079,1,74.62,0.20
11588,106175,1014,1,56.86,0.20
11589,106175,1036,1,193.46,0.05
11590,106175,1053,2,33.56,0.10
11591,106176,1018,2,17.88,0.00
11592,106176,1033,1,210.53,0.20
11593,106177,1012,3,6.77,0.20
11594,106177,1023,1,10.70,0.05
11595,106178,1073,1,39.75,0.15
11596,106178,1013,1,19.73,0.00
11597,106179,1001,2,17.80,0.00
11598,106179,1058,1,26.06,0.15
11599,106179,1038,1,46.33,0.00
11600,106179,1058,1,26.06,0.00
11601,106180,1003,1,25.07,0.00
11602,106181,1021,2,16.90,0.20
11603,106181,1017,1,25.52,0.05
11604,106182,1035,2,51.62,0.00
11605,106183,1072,1,25.15,0.00
11606,106184,1039,1,125.57,0.05
11607,106185,1042,4,205.47,0.20
11608,106185,1041,1,81.45,0.10
11609,106186,1074,3,27.33,0.00
