order_id,customer_id,order_ts,updated_at,status,channel
103829,10162,2026-07-29 03:58:24,2026-08-03 06:00:00,completed,marketplace
103830,10138,2026-07-29 23:46:18,2026-08-03 12:00:00,completed,web
103832,10417,2026-07-29 10:31:41,2026-08-01 17:00:00,completed,web
103833,10504,2026-07-29 07:32:04,2026-08-02 09:00:00,completed,mobile_app
103834,10652,2026-07-29 18:41:53,2026-08-02 01:00:00,completed,web
103835,10666,2026-07-29 23:34:26,2026-08-01 20:00:00,completed,web
103837,10506,2026-07-29 04:10:54,2026-08-01 18:00:00,completed,web
103838,10580,2026-07-29 03:30:11,2026-08-02 22:00:00,completed,mobile_app
103840,10572,2026-07-29 18:05:13,2026-08-02 13:00:00,completed,marketplace
103842,10048,2026-07-29 22:11:55,2026-08-02 21:00:00,completed,mobile_app
103844,10490,2026-07-29 02:08:42,2026-08-03 08:00:00,completed,mobile_app
103845,10632,2026-07-29 21:22:49,2026-08-02 12:00:00,completed,mobile_app
103847,10145,2026-07-29 23:28:31,2026-08-03 08:00:00,cancelled,web
103853,10240,2026-07-29 20:11:42,2026-08-02 22:00:00,completed,mobile_app
103854,10595,2026-07-29 15:00:00,2026-08-02 06:00:00,completed,mobile_app
103857,10641,2026-07-29 06:48:06,2026-08-03 08:00:00,completed,mobile_app
103858,10460,2026-07-29 02:50:01,2026-08-01 06:00:00,completed,mobile_app
103860,10538,2026-07-29 19:32:13,2026-08-01 22:00:00,completed,web
103861,10594,2026-07-29 16:22:51,2026-08-03 07:00:00,completed,mobile_app
103865,10559,2026-07-29 06:13:04,2026-08-02 11:00:00,completed,mobile_app
103866,10456,2026-07-29 18:18:20,2026-08-01 05:00:00,cancelled,web
103867,10402,2026-07-29 14:35:00,2026-08-03 12:00:00,completed,mobile_app
103869,10077,2026-07-29 16:09:44,2026-08-03 05:00:00,completed,web
103870,10222,2026-07-29 06:33:23,2026-08-02 07:00:00,completed,web
103872,10504,2026-07-29 12:49:33,2026-08-01 11:00:00,completed,mobile_app
103873,10283,2026-07-29 20:15:36,2026-08-01 23:00:00,completed,web
103874,10383,2026-07-29 08:26:28,2026-08-01 07:00:00,completed,mobile_app
103877,10636,2026-07-29 11:33:15,2026-08-01 03:00:00,completed,marketplace
103878,10495,2026-07-29 11:33:14,2026-08-03 05:00:00,completed,mobile_app
103880,10429,2026-07-29 20:54:29,2026-08-01 01:00:00,cancelled,web
103881,10283,2026-07-29 22:06:21,2026-08-01 08:00:00,completed,marketplace
103883,10092,2026-07-29 00:49:58,2026-08-02 07:00:00,completed,web
103884,10252,2026-07-29 22:04:13,2026-08-02 03:00:00,completed,mobile_app
103885,10287,2026-07-29 20:23:29,2026-08-01 15:00:00,completed,web
103887,10049,2026-07-29 00:01:16,2026-08-01 13:00:00,completed,web
103888,10202,2026-07-29 09:47:54,2026-08-03 01:00:00,completed,web
103889,10555,2026-07-29 08:09:06,2026-08-02 06:00:00,completed,web
103891,10286,2026-07-29 18:02:20,2026-08-02 07:00:00,completed,web
103892,10037,2026-07-29 02:54:49,2026-08-02 22:00:00,completed,web
103894,10115,2026-07-30 04:36:08,2026-08-01 15:00:00,cancelled,web
103895,10322,2026-07-30 10:18:29,2026-08-01 09:00:00,cancelled,marketplace
103897,10149,2026-07-30 09:10:06,2026-08-01 17:00:00,cancelled,mobile_app
103901,10362,2026-07-30 19:40:01,2026-08-02 05:00:00,completed,mobile_app
103902,10410,2026-07-30 08:10:53,2026-08-02 13:00:00,completed,mobile_app
103903,10314,2026-07-30 10:12:19,2026-08-02 18:00:00,completed,mobile_app
103904,10137,2026-07-30 22:38:22,2026-08-01 16:00:00,completed,mobile_app
103905,10247,2026-07-30 06:01:39,2026-08-02 02:00:00,completed,mobile_app
103907,10124,2026-07-30 07:42:18,2026-08-01 02:00:00,completed,web
103908,10002,2026-07-30 10:37:22,2026-08-02 00:00:00,completed,mobile_app
103909,10289,2026-07-30 14:29:00,2026-08-01 09:00:00,completed,marketplace
103911,10053,2026-07-30 06:36:09,2026-08-02 13:00:00,cancelled,web
103913,10029,2026-07-30 21:45:35,2026-08-02 02:00:00,completed,marketplace
103915,10130,2026-07-30 20:35:59,2026-08-01 22:00:00,completed,web
103916,10562,2026-07-30 04:15:31,2026-08-03 07:00:00,completed,mobile_app
103917,10237,2026-07-30 07:01:58,2026-08-02 08:00:00,completed,web
103919,10166,2026-07-30 02:30:45,2026-08-01 04:00:00,completed,mobile_app
103920,10697,2026-07-30 17:28:46,2026-08-01 06:00:00,completed,web
103921,10595,2026-07-30 12:00:21,2026-08-03 00:00:00,completed,web
103924,10640,2026-07-30 10:43:24,2026-08-02 01:00:00,completed,mobile_app
103925,10691,2026-07-30 09:41:51,2026-08-02 03:00:00,completed,marketplace
103926,10309,2026-07-30 20:57:57,2026-08-03 11:00:00,completed,web
103927,10671,2026-07-30 22:23:54,2026-08-02 11:00:00,completed,mobile_app
103928,10674,2026-07-30 15:30:11,2026-08-02 00:00:00,completed,mobile_app
103930,10418,2026-07-30 07:08:14,2026-08-02 23:00:00,completed,mobile_app
103932,10259,2026-07-30 13:48:32,2026-08-02 13:00:00,completed,web
103933,10553,2026-07-30 20:53:48,2026-08-02 03:00:00,completed,mobile_app
103935,10586,2026-07-30 23:51:21,2026-08-02 17:00:00,completed,mobile_app
103938,10065,2026-07-30 09:38:18,2026-08-02 20:00:00,completed,mobile_app
103939,10279,2026-07-30 10:17:49,2026-08-03 07:00:00,completed,web
103943,10332,2026-07-30 19:20:10,2026-08-03 02:00:00,completed,web
103944,10321,2026-07-30 06:58:50,2026-08-03 01:00:00,completed,web
103946,10669,2026-07-30 21:34:23,2026-08-01 18:00:00,completed,mobile_app
103947,10332,2026-07-30 13:01:39,2026-08-02 22:00:00,completed,mobile_app
103948,10008,2026-07-30 21:12:51,2026-08-01 07:00:00,completed,web
103950,10212,2026-07-30 03:55:38,2026-08-02 08:00:00,completed,web
103952,10139,2026-07-30 02:11:49,2026-08-01 14:00:00,completed,web
103954,10691,2026-07-30 18:23:51,2026-08-02 13:00:00,completed,web
103955,10217,2026-07-30 23:19:36,2026-08-01 15:00:00,completed,mobile_app
103956,10664,2026-07-30 05:53:28,2026-08-02 06:00:00,completed,web
103957,10215,2026-07-30 17:51:25,2026-08-01 22:00:00,completed,web
103958,10238,2026-07-30 13:35:06,2026-08-01 09:00:00,completed,web
103960,10396,2026-07-30 05:09:13,2026-08-03 07:00:00,completed,mobile_app
103963,10100,2026-07-30 04:07:07,2026-08-03 12:00:00,completed,web
103965,10685,2026-07-30 15:33:43,2026-08-01 01:00:00,completed,web
103966,10227,2026-07-30 06:41:35,2026-08-01 19:00:00,completed,mobile_app
103968,10455,2026-07-30 06:55:03,2026-08-02 19:00:00,completed,web
103969,10018,2026-07-30 10:17:31,2026-08-02 18:00:00,completed,web
103971,10040,2026-07-30 07:43:32,2026-08-02 06:00:00,completed,marketplace
103974,10591,2026-07-31 11:00:27,2026-08-01 14:00:00,cancelled,mobile_app
103975,10407,2026-07-31 10:14:11,2026-08-02 04:00:00,completed,mobile_app
103978,10180,2026-07-31 10:26:04,2026-08-02 01:00:00,cancelled,mobile_app
103979,10383,2026-07-31 23:28:11,2026-08-02 19:00:00,completed,mobile_app
103983,10104,2026-07-31 17:39:21,2026-08-02 00:00:00,completed,mobile_app
103984,10366,2026-07-31 06:23:11,2026-08-02 14:00:00,completed,web
103987,10552,2026-07-31 04:37:50,2026-08-02 07:00:00,cancelled,web
103988,10155,2026-07-31 13:41:21,2026-08-01 17:00:00,completed,mobile_app
103989,10200,2026-07-31 20:52:59,2026-08-01 12:00:00,completed,web
103994,10077,2026-07-31 11:28:13,2026-08-01 21:00:00,completed,web
103995,10081,2026-07-31 08:31:57,2026-08-02 10:00:00,cancelled,web
103996,10321,2026-07-31 16:34:54,2026-08-03 04:00:00,completed,web
103997,10140,2026-07-31 14:34:16,2026-08-01 14:00:00,completed,web
103999,10029,2026-07-31 07:34:06,2026-08-01 05:00:00,completed,web
104001,10574,2026-07-31 15:13:23,2026-08-01 14:00:00,completed,mobile_app
104003,10320,2026-07-31 02:39:09,2026-08-03 09:00:00,completed,marketplace
104006,10540,2026-07-31 00:20:59,2026-08-03 10:00:00,cancelled,mobile_app
104007,10353,2026-07-31 14:43:07,2026-08-01 02:00:00,completed,web
104009,10406,2026-07-31 16:07:55,2026-08-01 22:00:00,completed,marketplace
104010,10272,2026-07-31 08:34:34,2026-08-01 20:00:00,completed,web
104011,10278,2026-07-31 17:10:53,2026-08-01 23:00:00,completed,web
104012,10652,2026-07-31 14:46:30,2026-08-02 03:00:00,completed,mobile_app
104013,10459,2026-07-31 01:48:03,2026-08-01 05:00:00,completed,web
104014,10259,2026-07-31 08:05:13,2026-08-02 22:00:00,completed,web
104016,10637,2026-07-31 22:39:00,2026-08-02 16:00:00,completed,mobile_app
104017,10613,2026-07-31 22:14:11,2026-08-02 16:00:00,completed,mobile_app
104018,10362,2026-07-31 07:48:04,2026-08-02 10:00:00,completed,web
104019,10458,2026-07-31 22:16:19,2026-08-01 11:00:00,completed,mobile_app
104020,10190,2026-07-31 21:50:16,2026-08-02 05:00:00,completed,mobile_app
104021,10505,2026-07-31 15:55:55,2026-08-01 07:00:00,cancelled,web
104022,10067,2026-07-31 09:25:46,2026-08-03 00:00:00,completed,web
104025,10396,2026-07-31 17:26:10,2026-08-01 23:00:00,completed,mobile_app
104026,10517,2026-07-31 04:19:15,2026-08-01 08:00:00,completed,web
104029,10562,2026-07-31 13:46:16,2026-08-02 11:00:00,completed,web
104030,10663,2026-07-31 09:47:28,2026-08-02 05:00:00,completed,mobile_app
104031,10680,2026-07-31 06:35:37,2026-08-02 14:00:00,completed,marketplace
104033,10063,2026-07-31 00:32:12,2026-08-02 10:00:00,completed,web
104034,10588,2026-07-31 11:44:47,2026-08-01 07:00:00,completed,web
104036,10282,2026-07-31 22:52:21,2026-08-02 14:00:00,completed,web
100127,10510,2026-06-03 08:00:48,2026-08-02 23:00:00,returned,mobile_app
103454,10035,2026-07-22 02:42:41,2026-08-04 14:00:00,returned,mobile_app
102929,10436,2026-07-14 12:39:13,2026-08-11 10:00:00,returned,web
100058,10242,2026-06-02 06:34:19,2026-08-13 09:00:00,returned,web
103720,10492,2026-07-27 17:52:06,2026-08-19 23:00:00,returned,web
103239,10606,2026-07-19 13:10:45,2026-08-19 01:00:00,returned,mobile_app
101475,10341,2026-06-23 22:58:01,2026-08-12 22:00:00,returned,marketplace
100973,10228,2026-06-16 19:06:02,2026-08-06 23:00:00,returned,mobile_app
101201,10561,2026-06-19 17:59:08,2026-08-12 08:00:00,returned,web
102420,10143,2026-07-07 21:20:24,2026-08-09 04:00:00,returned,web
100292,10076,2026-06-05 14:18:08,2026-08-13 16:00:00,returned,web
101845,10402,2026-06-28 15:47:26,2026-08-12 10:00:00,returned,web
100349,10227,2026-06-06 13:44:56,2026-08-08 23:00:00,returned,mobile_app
102981,10276,2026-07-15 04:05:08,2026-08-08 10:00:00,returned,web
102169,10576,2026-07-03 23:07:19,2026-08-08 16:00:00,returned,marketplace
102630,10173,2026-07-10 12:23:52,2026-08-14 14:00:00,returned,web
102158,10522,2026-07-03 14:35:13,2026-08-10 00:00:00,returned,mobile_app
100896,10566,2026-06-14 17:56:35,2026-08-03 19:00:00,returned,mobile_app
102695,10669,2026-07-11 10:17:09,2026-08-20 22:00:00,returned,web
103366,10695,2026-07-21 17:38:55,2026-08-16 10:00:00,returned,web
100835,10414,2026-06-13 17:21:32,2026-08-14 00:00:00,returned,marketplace
103141,10471,2026-07-17 12:19:17,2026-08-03 00:00:00,returned,web
100463,10630,2026-06-08 22:13:48,2026-08-05 08:00:00,returned,marketplace
102206,10370,2026-07-04 10:13:20,2026-08-05 14:00:00,returned,mobile_app
101393,10256,2026-06-21 21:59:25,2026-08-12 13:00:00,returned,web
102349,10468,2026-07-06 07:33:38,2026-08-14 18:00:00,returned,web
102331,10022,2026-07-05 13:48:11,2026-08-07 05:00:00,returned,web
103022,10247,2026-07-16 06:12:14,2026-08-08 08:00:00,returned,web
101150,10544,2026-06-18 23:35:02,2026-08-17 01:00:00,returned,web
103430,10634,2026-07-22 12:18:51,2026-08-11 01:00:00,returned,web
101076,10505,2026-06-17 06:07:25,2026-08-12 01:00:00,returned,mobile_app
101911,10284,2026-06-29 13:00:35,2026-08-08 10:00:00,returned,web
102144,10424,2026-07-03 20:26:27,2026-08-13 02:00:00,returned,mobile_app
102085,10460,2026-07-02 10:57:46,2026-08-16 18:00:00,returned,web
100417,10549,2026-06-07 19:24:48,2026-08-13 07:00:00,returned,web
100521,10087,2026-06-09 21:35:17,2026-08-08 23:00:00,returned,mobile_app
103303,10184,2026-07-20 04:15:41,2026-08-04 10:00:00,returned,web
102426,10373,2026-07-07 21:31:02,2026-08-13 14:00:00,returned,web
102854,10576,2026-07-13 02:09:35,2026-08-12 21:00:00,returned,mobile_app
103385,10319,2026-07-21 03:17:55,2026-08-09 11:00:00,returned,web
102028,10458,2026-07-01 04:26:46,2026-08-03 20:00:00,returned,mobile_app
100548,10071,2026-06-09 04:47:43,2026-08-06 00:00:00,returned,mobile_app
101974,10518,2026-06-30 00:10:56,2026-08-10 04:00:00,returned,marketplace
103432,10568,2026-07-22 01:09:57,2026-08-06 17:00:00,returned,marketplace
103530,10610,2026-07-24 04:26:33,2026-08-10 23:00:00,returned,web
102140,10021,2026-07-03 14:18:55,2026-08-20 23:00:00,returned,web
101820,10132,2026-06-28 06:19:40,2026-08-05 10:00:00,returned,mobile_app
102302,10253,2026-07-05 15:21:19,2026-08-03 15:00:00,returned,web
103358,10163,2026-07-21 10:01:15,2026-08-06 13:00:00,returned,marketplace
100496,10292,2026-06-09 04:31:00,2026-08-12 11:00:00,returned,mobile_app
101725,10241,2026-06-26 10:21:27,2026-08-15 04:00:00,returned,web
103886,10496,2026-07-29 19:09:51,2026-08-10 09:00:00,returned,mobile_app
102283,10644,2026-07-05 08:26:02,2026-08-15 00:00:00,returned,mobile_app
100500,10583,2026-06-09 09:22:05,2026-08-06 07:00:00,returned,marketplace
102517,10088,2026-07-08 16:50:12,2026-08-20 22:00:00,returned,mobile_app
102223,10425,2026-07-04 12:32:57,2026-08-04 03:00:00,returned,marketplace
100571,10638,2026-06-10 23:36:12,2026-08-04 01:00:00,returned,mobile_app
102730,10141,2026-07-11 00:40:29,2026-08-12 11:00:00,returned,web
103868,10409,2026-07-29 10:31:10,2026-08-12 05:00:00,returned,mobile_app
100683,10002,2026-06-11 05:34:52,2026-08-18 18:00:00,returned,mobile_app
104038,10227,2026-08-01 23:44:50,2026-08-02 00:44:50,cancelled,marketplace
104039,10156,2026-08-01 16:22:52,2026-08-03 13:22:52,completed,web
104040,10173,2026-08-01 20:03:58,2026-08-03 18:03:58,completed,mobile_app
104041,10280,2026-08-01 02:17:35,2026-08-01 21:17:35,cancelled,web
104042,10428,2026-08-01 09:59:59,2026-08-03 09:59:59,completed,mobile_app
104043,10640,2026-08-01 02:09:04,2026-08-01 07:09:04,completed,marketplace
104044,10580,2026-08-01 10:01:12,2026-08-02 19:01:12,cancelled,web
104045,10400,2026-08-01 01:43:27,2026-08-02 19:43:27,completed,web
104046,10522,2026-08-01 14:21:25,2026-08-02 09:21:25,completed,web
104047,10644,2026-08-01 11:19:27,2026-08-03 03:19:27,completed,marketplace
104048,10248,2026-08-01 05:42:37,2026-08-02 20:42:37,completed,mobile_app
104049,10655,2026-08-01 14:54:02,2026-08-02 00:54:02,completed,web
104050,10495,2026-08-01 16:21:47,2026-08-02 09:21:47,completed,mobile_app
104051,10654,2026-08-01 13:39:33,2026-08-03 07:39:33,completed,web
104052,10347,2026-08-01 18:22:06,2026-08-03 02:22:06,completed,web
104053,10406,2026-08-01 15:46:12,2026-08-03 13:46:12,completed,mobile_app
104054,10191,2026-08-01 13:36:00,2026-08-02 07:36:00,completed,mobile_app
104055,10215,2026-08-01 13:28:33,2026-08-02 12:28:33,cancelled,web
104056,10066,2026-08-01 23:38:31,2026-08-02 22:38:31,completed,web
104057,10304,2026-08-01 14:19:50,2026-08-03 07:19:50,cancelled,web
104058,10517,2026-08-01 05:01:41,2026-08-02 10:01:41,completed,marketplace
104059,10222,2026-08-01 06:11:42,2026-08-01 13:11:42,completed,web
104060,10042,2026-08-01 11:48:11,2026-08-02 09:48:11,completed,web
104061,10534,2026-08-01 03:04:42,2026-08-02 19:04:42,completed,marketplace
104062,10495,2026-08-01 22:44:42,2026-08-03 03:44:42,completed,web
104063,10279,2026-08-01 01:35:58,2026-08-01 04:35:58,cancelled,web
104064,10689,2026-08-01 06:21:45,2026-08-03 06:21:45,completed,web
104065,10491,2026-08-01 01:04:48,2026-08-02 03:04:48,completed,mobile_app
104066,10673,2026-08-01 16:52:51,2026-08-03 03:52:51,returned,web
104067,10219,2026-08-01 20:57:13,2026-08-02 09:57:13,completed,web
104068,10579,2026-08-01 22:25:30,2026-08-02 05:25:30,completed,marketplace
104069,10136,2026-08-01 18:20:06,2026-08-02 02:20:06,completed,web
104070,10216,2026-08-01 13:22:25,2026-08-01 23:22:25,completed,web
104071,10433,2026-08-01 07:24:36,2026-08-02 23:24:36,completed,mobile_app
104072,10306,2026-08-01 09:53:07,2026-08-02 10:53:07,completed,web
104073,10584,2026-08-01 10:49:40,2026-08-01 19:49:40,completed,web
104074,10519,2026-08-01 02:39:05,2026-08-02 11:39:05,completed,mobile_app
104075,10478,2026-08-01 19:45:21,2026-08-02 14:45:21,completed,web
104076,10443,2026-08-01 19:27:15,2026-08-03 06:27:15,completed,web
104077,10229,2026-08-01 16:12:09,2026-08-02 19:12:09,completed,mobile_app
104078,10126,2026-08-01 19:30:33,2026-08-03 10:30:33,completed,marketplace
104079,10243,2026-08-01 05:06:29,2026-08-01 12:06:29,completed,mobile_app
104080,10155,2026-08-01 19:52:28,2026-08-03 05:52:28,completed,mobile_app
104081,10241,2026-08-01 03:00:57,2026-08-02 19:00:57,completed,marketplace
104082,10405,2026-08-01 07:40:07,2026-08-01 11:40:07,completed,mobile_app
104083,10685,2026-08-01 08:34:41,2026-08-02 20:34:41,completed,mobile_app
104084,10504,2026-08-01 07:09:09,2026-08-01 16:09:09,completed,web
104085,10189,2026-08-01 15:07:37,2026-08-02 21:07:37,completed,web
104086,10015,2026-08-01 02:43:50,2026-08-02 19:43:50,completed,marketplace
104087,10489,2026-08-01 20:58:04,2026-08-02 11:58:04,completed,web
104088,10352,2026-08-01 18:42:19,2026-08-02 19:42:19,completed,mobile_app
104089,10159,2026-08-01 09:40:01,2026-08-02 22:40:01,completed,mobile_app
104090,10683,2026-08-01 06:52:50,2026-08-01 23:52:50,completed,web
104091,10056,2026-08-01 04:47:29,2026-08-02 12:47:29,completed,marketplace
104092,10091,2026-08-01 17:02:08,2026-08-02 10:02:08,completed,web
104093,10507,2026-08-01 05:27:45,2026-08-01 18:27:45,completed,web
104094,10176,2026-08-01 03:13:40,2026-08-02 07:13:40,completed,web
104095,10078,2026-08-01 20:10:41,2026-08-02 11:10:41,completed,web
104096,10418,2026-08-01 12:58:06,2026-08-03 09:58:06,completed,mobile_app
104097,10267,2026-08-01 20:00:15,2026-08-03 14:00:15,completed,web
104098,10356,2026-08-02 00:59:29,2026-08-02 11:59:29,completed,mobile_app
104099,10039,2026-08-02 12:40:08,2026-08-04 02:40:08,completed,web
104100,10336,2026-08-02 13:41:38,2026-08-04 10:41:38,completed,web
104101,10692,2026-08-02 13:18:44,2026-08-03 22:18:44,completed,web
104102,10397,2026-08-02 07:44:44,2026-08-03 00:44:44,completed,web
104103,10259,2026-08-02 03:08:20,2026-08-02 10:08:20,completed,mobile_app
104104,10518,2026-08-02 00:07:57,2026-08-02 16:07:57,completed,mobile_app
104105,10350,2026-08-02 10:38:30,2026-08-04 07:38:30,completed,mobile_app
104106,10517,2026-08-02 19:15:12,2026-08-04 01:15:12,completed,web
104107,10668,2026-08-02 00:09:36,2026-08-02 06:09:36,completed,web
104108,10491,2026-08-02 01:00:44,2026-08-03 04:00:44,completed,mobile_app
104109,10028,2026-08-02 00:08:59,2026-08-02 01:08:59,completed,marketplace
104110,10112,2026-08-02 04:51:35,2026-08-03 03:51:35,completed,web
104111,10603,2026-08-02 18:53:27,2026-08-04 05:53:27,completed,mobile_app
104112,10634,2026-08-02 22:27:29,2026-08-03 11:27:29,completed,mobile_app
104113,10401,2026-08-02 18:54:42,2026-08-04 14:54:42,cancelled,marketplace
104114,10009,2026-08-02 14:19:47,2026-08-03 03:19:47,cancelled,web
104115,10609,2026-08-02 12:21:17,2026-08-03 15:21:17,completed,web
104116,10626,2026-08-02 03:42:59,2026-08-02 07:42:59,completed,mobile_app
104117,10487,2026-08-02 04:51:39,2026-08-02 07:51:39,completed,web
104118,10064,2026-08-02 05:16:30,2026-08-03 09:16:30,cancelled,mobile_app
104119,10424,2026-08-02 17:54:15,2026-08-02 23:54:15,completed,mobile_app
104120,10259,2026-08-02 05:04:44,2026-08-03 15:04:44,completed,mobile_app
104121,10665,2026-08-02 08:11:18,2026-08-03 10:11:18,completed,web
104122,10198,2026-08-02 09:39:36,2026-08-03 19:39:36,completed,web
104123,10031,2026-08-02 18:40:13,2026-08-04 00:40:13,completed,web
104124,10284,2026-08-02 08:58:10,2026-08-02 20:58:10,completed,mobile_app
104125,10444,2026-08-02 02:57:00,2026-08-03 20:57:00,completed,mobile_app
104126,10178,2026-08-02 06:22:06,2026-08-03 01:22:06,completed,web
104127,10153,2026-08-02 22:27:59,2026-08-04 05:27:59,completed,web
104128,10280,2026-08-02 23:44:04,2026-08-04 19:44:04,completed,mobile_app
104129,10665,2026-08-02 12:35:14,2026-08-02 20:35:14,completed,web
104130,10493,2026-08-02 05:34:50,2026-08-02 14:34:50,returned,marketplace
104131,10464,2026-08-02 10:28:21,2026-08-02 20:28:21,completed,mobile_app
104132,10569,2026-08-02 15:20:43,2026-08-03 13:20:43,completed,mobile_app
104133,10228,2026-08-02 17:28:43,2026-08-03 08:28:43,completed,web
104134,10232,2026-08-02 07:39:13,2026-08-03 00:39:13,completed,web
104135,10185,2026-08-02 17:17:50,2026-08-03 14:17:50,cancelled,mobile_app
104136,10582,2026-08-02 14:10:48,2026-08-04 02:10:48,completed,mobile_app
104137,10406,2026-08-02 09:48:01,2026-08-02 12:48:01,completed,mobile_app
104138,10433,2026-08-02 00:11:13,2026-08-02 18:11:13,cancelled,mobile_app
104139,10639,2026-08-02 13:32:11,2026-08-04 01:32:11,completed,web
104140,10453,2026-08-02 14:55:32,2026-08-03 20:55:32,completed,marketplace
104141,10299,2026-08-02 06:41:26,2026-08-03 23:41:26,completed,mobile_app
104142,10115,2026-08-02 23:41:31,2026-08-04 12:41:31,completed,web
104143,10065,2026-08-02 09:40:13,2026-08-02 22:40:13,cancelled,mobile_app
104144,10322,2026-08-02 10:51:37,2026-08-03 10:51:37,completed,web
104145,10115,2026-08-02 09:03:01,2026-08-03 03:03:01,completed,web
104146,10365,2026-08-02 23:47:11,2026-08-04 15:47:11,completed,marketplace
104147,10282,2026-08-02 20:48:13,2026-08-03 08:48:13,completed,mobile_app
104148,10147,2026-08-02 12:37:43,2026-08-02 23:37:43,completed,web
104149,10248,2026-08-02 03:19:07,2026-08-02 08:19:07,cancelled,mobile_app
104150,10485,2026-08-02 21:28:33,2026-08-03 10:28:33,completed,web
104151,10200,2026-08-02 03:55:14,2026-08-03 02:55:14,completed,mobile_app
104152,10417,2026-08-02 04:57:09,2026-08-02 09:57:09,completed,web
104153,10509,2026-08-02 14:00:50,2026-08-04 12:00:50,completed,web
104154,10252,2026-08-02 18:11:45,2026-08-02 22:11:45,cancelled,mobile_app
104155,10272,2026-08-02 07:41:13,2026-08-03 00:41:13,cancelled,web
104156,10431,2026-08-02 05:04:55,2026-08-03 08:04:55,returned,marketplace
104157,10286,2026-08-02 03:22:28,2026-08-02 17:22:28,completed,web
104158,10311,2026-08-02 07:21:49,2026-08-02 17:21:49,completed,web
104159,10562,2026-08-02 17:33:00,2026-08-04 14:33:00,completed,mobile_app
104160,10373,2026-08-02 23:18:52,2026-08-04 15:18:52,returned,web
104161,10228,2026-08-02 12:44:11,2026-08-03 21:44:11,returned,marketplace
104162,10155,2026-08-02 17:35:51,2026-08-03 23:35:51,completed,web
104163,10623,2026-08-02 21:00:37,2026-08-03 12:00:37,returned,web
104164,10410,2026-08-02 07:24:38,2026-08-03 09:24:38,completed,marketplace
104165,10759,2026-08-02 05:36:47,2026-08-03 21:36:47,completed,mobile_app
104166,10574,2026-08-02 05:55:58,2026-08-04 05:55:58,completed,web
104167,10312,2026-08-02 21:22:43,2026-08-03 23:22:43,completed,mobile_app
104168,10151,2026-08-02 05:51:38,2026-08-03 11:51:38,cancelled,web
104169,10264,2026-08-02 14:25:17,2026-08-04 03:25:17,completed,web
104170,10544,2026-08-02 18:57:06,2026-08-04 18:57:06,completed,marketplace
104171,10590,2026-08-02 00:31:47,2026-08-02 20:31:47,completed,web
104172,10490,2026-08-02 14:41:38,2026-08-04 12:41:38,completed,web
104173,10168,2026-08-02 22:18:04,2026-08-04 19:18:04,completed,web
104174,10310,2026-08-02 02:55:32,2026-08-03 04:55:32,returned,mobile_app
104175,10320,2026-08-02 20:47:49,2026-08-03 10:47:49,completed,mobile_app
104176,10166,2026-08-02 19:48:27,2026-08-04 12:48:27,completed,mobile_app
104177,10343,2026-08-02 10:55:35,2026-08-02 13:55:35,completed,mobile_app
104178,10579,2026-08-02 08:40:34,2026-08-04 07:40:34,completed,mobile_app
104179,10354,2026-08-03 09:26:58,2026-08-04 13:26:58,completed,marketplace
104180,10226,2026-08-03 23:59:52,2026-08-04 15:59:52,completed,marketplace
104181,10034,2026-08-03 06:01:11,2026-08-03 23:01:11,completed,mobile_app
104182,10670,2026-08-03 21:57:02,2026-08-05 16:57:02,completed,mobile_app
104183,10006,2026-08-03 00:34:04,2026-08-03 07:34:04,completed,mobile_app
104184,10352,2026-08-03 16:09:05,2026-08-04 04:09:05,completed,web
104185,10213,2026-08-03 19:54:19,2026-08-05 07:54:19,completed,mobile_app
104186,10291,2026-08-03 11:52:11,2026-08-05 06:52:11,completed,marketplace
104187,10200,2026-08-03 19:56:33,2026-08-04 19:56:33,completed,mobile_app
104188,10119,2026-08-03 19:53:54,2026-08-05 05:53:54,completed,web
104189,10697,2026-08-03 03:23:01,2026-08-03 07:23:01,completed,mobile_app
104190,10506,2026-08-03 23:08:34,2026-08-05 00:08:34,completed,web
104191,10515,2026-08-03 20:10:42,2026-08-05 18:10:42,cancelled,mobile_app
104192,10556,2026-08-03 14:39:31,2026-08-04 17:39:31,completed,web
104193,10420,2026-08-03 17:55:41,2026-08-05 07:55:41,completed,web
104194,10506,2026-08-03 16:51:10,2026-08-05 10:51:10,cancelled,web
104195,10621,2026-08-03 06:08:11,2026-08-04 13:08:11,completed,mobile_app
104196,10671,2026-08-03 08:46:49,2026-08-03 23:46:49,completed,web
104197,10317,2026-08-03 05:26:29,2026-08-04 14:26:29,completed,web
104198,10681,2026-08-03 11:42:37,2026-08-03 13:42:37,completed,marketplace
104199,10532,2026-08-03 21:25:38,2026-08-05 16:25:38,completed,mobile_app
104200,10236,2026-08-03 14:59:08,2026-08-04 11:59:08,completed,web
104201,10062,2026-08-03 19:13:47,2026-08-04 18:13:47,completed,mobile_app
104202,10515,2026-08-03 07:06:43,2026-08-03 08:06:43,completed,web
104203,10090,2026-08-03 06:29:51,2026-08-04 13:29:51,completed,web
104204,10526,2026-08-03 23:41:45,2026-08-05 09:41:45,completed,web
104205,10481,2026-08-03 13:13:56,2026-08-04 05:13:56,completed,mobile_app
104206,10530,2026-08-03 00:00:41,2026-08-04 11:00:41,completed,mobile_app
104207,10555,2026-08-03 10:34:32,2026-08-03 22:34:32,completed,web
104208,10492,2026-08-03 12:38:12,2026-08-03 19:38:12,returned,web
104209,10447,2026-08-03 12:45:25,2026-08-05 09:45:25,completed,web
104210,10607,2026-08-03 11:10:34,2026-08-03 19:10:34,completed,web
104211,10544,2026-08-03 11:25:08,2026-08-04 04:25:08,completed,mobile_app
104212,10401,2026-08-03 23:54:48,2026-08-04 07:54:48,completed,marketplace
104213,10452,2026-08-03 17:53:14,2026-08-05 03:53:14,completed,web
104214,10163,2026-08-03 14:27:32,2026-08-04 00:27:32,completed,marketplace
104215,10411,2026-08-03 16:55:56,2026-08-03 17:55:56,completed,mobile_app
104216,10560,2026-08-03 18:05:38,2026-08-04 05:05:38,completed,web
104217,10040,2026-08-03 07:40:56,2026-08-03 10:40:56,returned,web
104218,10231,2026-08-03 12:29:00,2026-08-04 12:29:00,completed,marketplace
104219,10435,2026-08-03 02:11:19,2026-08-04 06:11:19,completed,web
104220,10343,2026-08-03 09:52:54,2026-08-04 02:52:54,completed,mobile_app
104221,10500,2026-08-03 07:08:34,2026-08-03 11:08:34,completed,mobile_app
104222,10051,2026-08-03 18:55:56,2026-08-05 17:55:56,completed,web
104223,10022,2026-08-03 01:16:22,2026-08-03 15:16:22,completed,web
104224,10488,2026-08-03 04:43:09,2026-08-04 03:43:09,returned,mobile_app
104225,10208,2026-08-03 20:44:13,2026-08-04 17:44:13,completed,web
104226,10665,2026-08-03 06:19:32,2026-08-03 18:19:32,completed,web
104227,10687,2026-08-03 18:51:41,2026-08-04 17:51:41,completed,web
104228,10404,2026-08-03 10:31:53,2026-08-04 15:31:53,returned,web
104229,10605,2026-08-03 07:34:40,2026-08-05 07:34:40,completed,mobile_app
104230,10163,2026-08-03 21:54:26,2026-08-04 17:54:26,completed,web
104231,10565,2026-08-03 02:05:13,2026-08-04 14:05:13,completed,web
104232,10320,2026-08-03 02:11:43,2026-08-03 17:11:43,completed,mobile_app
104233,10545,2026-08-03 16:29:41,2026-08-03 17:29:41,completed,web
104234,10236,2026-08-03 08:04:54,2026-08-04 22:04:54,completed,web
104235,10162,2026-08-03 00:37:29,2026-08-04 06:37:29,completed,mobile_app
104236,10365,2026-08-03 05:31:21,2026-08-04 21:31:21,cancelled,web
104237,10059,2026-08-03 02:47:37,2026-08-03 20:47:37,completed,web
104238,10056,2026-08-03 18:41:08,2026-08-03 20:41:08,completed,web
104239,10074,2026-08-03 09:01:53,2026-08-03 20:01:53,completed,mobile_app
104240,10386,2026-08-03 15:55:50,2026-08-05 06:55:50,completed,web
104241,10639,2026-08-03 06:04:55,2026-08-04 16:04:55,completed,mobile_app
104242,10265,2026-08-03 19:44:25,2026-08-05 04:44:25,completed,web
104243,10416,2026-08-03 21:16:35,2026-08-04 18:16:35,completed,web
104244,10477,2026-08-04 02:51:16,2026-08-04 19:51:16,completed,web
104245,10267,2026-08-04 18:38:24,2026-08-05 13:38:24,completed,mobile_app
104246,10491,2026-08-04 19:59:24,2026-08-05 06:59:24,completed,marketplace
104247,10227,2026-08-04 16:09:59,2026-08-05 20:09:59,completed,web
104248,10475,2026-08-04 19:39:16,2026-08-05 11:39:16,completed,mobile_app
104249,10593,2026-08-04 17:04:16,2026-08-05 18:04:16,completed,web
104250,10215,2026-08-04 05:54:57,2026-08-05 14:54:57,cancelled,mobile_app
104251,10220,2026-08-04 08:16:15,2026-08-05 13:16:15,completed,web
104252,10194,2026-08-04 23:27:33,2026-08-05 22:27:33,completed,web
104253,10510,2026-08-04 02:30:36,2026-08-04 08:30:36,completed,web
104254,10366,2026-08-04 07:30:02,2026-08-04 17:30:02,completed,marketplace
104255,10419,2026-08-04 09:33:06,2026-08-05 12:33:06,completed,web
104256,10203,2026-08-04 23:00:45,2026-08-06 18:00:45,completed,web
104257,10286,2026-08-04 23:23:00,2026-08-06 02:23:00,completed,web
104258,10492,2026-08-04 20:28:53,2026-08-05 02:28:53,completed,web
104259,10267,2026-08-04 09:01:23,2026-08-04 17:01:23,completed,web
104260,10282,2026-08-04 11:52:23,2026-08-05 22:52:23,completed,mobile_app
104261,10604,2026-08-04 22:06:37,2026-08-06 11:06:37,completed,web
104262,10282,2026-08-04 18:04:06,2026-08-05 11:04:06,cancelled,marketplace
104263,10443,2026-08-04 22:45:00,2026-08-06 14:45:00,completed,web
104264,10649,2026-08-04 23:30:47,2026-08-05 00:30:47,completed,mobile_app
104265,10244,2026-08-04 10:44:04,2026-08-04 23:44:04,completed,marketplace
104266,10605,2026-08-04 10:33:25,2026-08-05 18:33:25,completed,mobile_app
104267,10369,2026-08-04 14:32:21,2026-08-05 09:32:21,completed,web
104268,10056,2026-08-04 00:56:50,2026-08-04 01:56:50,completed,mobile_app
104269,10041,2026-08-04 07:38:03,2026-08-04 13:38:03,completed,mobile_app
104270,10126,2026-08-04 10:46:09,2026-08-05 20:46:09,completed,web
104271,10123,2026-08-04 06:41:47,2026-08-05 11:41:47,completed,marketplace
104272,10391,2026-08-04 02:06:31,2026-08-04 15:06:31,completed,mobile_app
104273,10340,2026-08-04 21:57:33,2026-08-06 16:57:33,cancelled,marketplace
104274,10641,2026-08-04 03:48:43,2026-08-05 03:48:43,completed,marketplace
104275,10025,2026-08-04 03:26:23,2026-08-05 00:26:23,cancelled,web
104276,10014,2026-08-04 09:22:21,2026-08-06 01:22:21,completed,mobile_app
104277,10062,2026-08-04 19:26:07,2026-08-05 23:26:07,completed,mobile_app
104278,10742,2026-08-04 05:10:20,2026-08-04 09:10:20,completed,mobile_app
104279,10099,2026-08-04 10:03:01,2026-08-05 02:03:01,completed,web
104280,10307,2026-08-04 23:10:42,2026-08-05 23:10:42,completed,mobile_app
104281,10268,2026-08-04 02:31:13,2026-08-05 12:31:13,returned,web
104282,10450,2026-08-04 16:18:00,2026-08-05 04:18:00,completed,web
104283,10092,2026-08-04 07:15:26,2026-08-04 19:15:26,completed,web
104284,10261,2026-08-04 18:51:20,2026-08-05 13:51:20,completed,mobile_app
104285,10408,2026-08-04 22:57:27,2026-08-05 17:57:27,completed,web
104286,10625,2026-08-04 13:39:11,2026-08-06 01:39:11,completed,web
104287,10479,2026-08-04 22:45:57,2026-08-06 09:45:57,completed,mobile_app
104288,10497,2026-08-04 07:49:19,2026-08-06 00:49:19,completed,web
104289,10420,2026-08-04 05:34:44,2026-08-06 00:34:44,completed,mobile_app
104290,10457,2026-08-04 21:44:18,2026-08-06 05:44:18,completed,web
104291,10540,2026-08-04 11:11:17,2026-08-05 22:11:17,returned,mobile_app
104292,10144,2026-08-04 20:38:20,2026-08-05 20:38:20,completed,marketplace
104293,10126,2026-08-04 11:13:21,2026-08-04 13:13:21,completed,web
104294,10305,2026-08-04 17:43:51,2026-08-06 07:43:51,completed,web
104295,10605,2026-08-04 18:31:57,2026-08-05 07:31:57,cancelled,web
104296,10035,2026-08-04 15:58:46,2026-08-04 21:58:46,completed,web
104297,10238,2026-08-04 09:03:15,2026-08-04 17:03:15,completed,web
104298,10027,2026-08-04 19:33:45,2026-08-05 07:33:45,completed,marketplace
104299,10633,2026-08-04 12:42:57,2026-08-04 16:42:57,returned,web
104300,10178,2026-08-04 23:25:18,2026-08-05 17:25:18,cancelled,web
104301,10397,2026-08-04 15:18:57,2026-08-05 16:18:57,completed,web
104302,10117,2026-08-04 09:43:50,2026-08-05 10:43:50,completed,mobile_app
104303,10328,2026-08-04 02:52:14,2026-08-05 15:52:14,completed,web
104304,10471,2026-08-04 14:17:11,2026-08-05 19:17:11,completed,mobile_app
104305,10175,2026-08-05 18:48:10,2026-08-06 15:48:10,completed,marketplace
104306,10478,2026-08-05 20:28:42,2026-08-07 14:28:42,completed,web
104307,10528,2026-08-05 02:18:59,2026-08-05 20:18:59,completed,mobile_app
104308,10738,2026-08-05 01:18:46,2026-08-06 03:18:46,completed,web
104309,10200,2026-08-05 11:32:13,2026-08-06 01:32:13,completed,web
104310,10433,2026-08-05 14:14:44,2026-08-05 22:14:44,cancelled,marketplace
104311,10470,2026-08-05 01:16:23,2026-08-05 05:16:23,completed,marketplace
104312,10501,2026-08-05 16:45:35,2026-08-07 11:45:35,completed,web
104313,10742,2026-08-05 01:09:22,2026-08-05 21:09:22,completed,marketplace
104314,10761,2026-08-05 09:41:01,2026-08-05 16:41:01,completed,web
104315,10217,2026-08-05 16:59:23,2026-08-07 10:59:23,completed,mobile_app
104316,10130,2026-08-05 01:57:00,2026-08-05 10:57:00,completed,web
104317,10408,2026-08-05 18:24:42,2026-08-06 06:24:42,completed,web
104318,10617,2026-08-05 08:43:06,2026-08-07 03:43:06,returned,web
104319,10395,2026-08-05 08:32:59,2026-08-06 12:32:59,completed,web
104320,10329,2026-08-05 22:56:13,2026-08-06 08:56:13,completed,web
104321,10066,2026-08-05 15:27:04,2026-08-06 21:27:04,completed,web
104322,10677,2026-08-05 05:09:31,2026-08-06 13:09:31,returned,web
104323,10738,2026-08-05 21:33:42,2026-08-06 16:33:42,completed,web
104324,10456,2026-08-05 17:04:49,2026-08-07 00:04:49,cancelled,web
104325,10039,2026-08-05 09:55:35,2026-08-07 02:55:35,completed,mobile_app
104326,10091,2026-08-05 20:32:05,2026-08-07 07:32:05,completed,web
104327,10312,2026-08-05 16:19:05,2026-08-06 20:19:05,completed,web
104328,10374,2026-08-05 18:55:51,2026-08-07 18:55:51,cancelled,mobile_app
104329,10361,2026-08-05 11:43:11,2026-08-06 02:43:11,completed,mobile_app
104330,10490,2026-08-05 01:49:27,2026-08-06 14:49:27,completed,web
104331,10134,2026-08-05 09:12:04,2026-08-06 10:12:04,completed,web
104332,10092,2026-08-05 14:49:16,2026-08-05 15:49:16,completed,web
104333,10580,2026-08-05 13:22:14,2026-08-06 19:22:14,completed,mobile_app
104334,10168,2026-08-05 23:08:40,2026-08-07 13:08:40,completed,web
104335,10316,2026-08-05 19:07:11,2026-08-07 13:07:11,completed,web
104336,10666,2026-08-05 11:44:50,2026-08-06 06:44:50,completed,web
104337,10552,2026-08-05 11:48:37,2026-08-06 11:48:37,returned,mobile_app
104338,10370,2026-08-05 18:23:13,2026-08-07 02:23:13,completed,web
104339,10559,2026-08-05 02:47:42,2026-08-05 15:47:42,completed,web
104340,10416,2026-08-05 11:55:27,2026-08-06 20:55:27,completed,web
104341,10686,2026-08-05 01:29:58,2026-08-05 04:29:58,completed,mobile_app
104342,10604,2026-08-05 22:33:23,2026-08-07 03:33:23,completed,web
104343,10607,2026-08-05 17:16:10,2026-08-06 01:16:10,completed,mobile_app
104344,10012,2026-08-05 10:47:00,2026-08-06 09:47:00,completed,mobile_app
104345,10334,2026-08-05 05:47:08,2026-08-06 05:47:08,returned,web
104346,10685,2026-08-05 04:16:07,2026-08-06 14:16:07,returned,web
104347,10276,2026-08-05 19:46:27,2026-08-06 15:46:27,completed,mobile_app
104348,10008,2026-08-05 10:13:06,2026-08-05 12:13:06,completed,mobile_app
104349,10535,2026-08-05 04:26:43,2026-08-06 00:26:43,completed,web
104350,10422,2026-08-05 01:12:53,2026-08-06 03:12:53,completed,web
104351,10450,2026-08-05 23:29:22,2026-08-06 03:29:22,cancelled,web
104352,10287,2026-08-05 07:22:34,2026-08-07 06:22:34,completed,mobile_app
104353,10153,2026-08-05 11:24:37,2026-08-06 10:24:37,completed,web
104354,10248,2026-08-05 09:08:17,2026-08-05 14:08:17,completed,mobile_app
104355,10559,2026-08-05 22:07:19,2026-08-07 01:07:19,completed,web
104356,10057,2026-08-05 09:13:43,2026-08-07 03:13:43,completed,web
104357,10465,2026-08-05 15:10:54,2026-08-06 09:10:54,returned,web
104358,10615,2026-08-05 07:32:29,2026-08-05 16:32:29,completed,mobile_app
104359,10346,2026-08-05 17:38:46,2026-08-06 20:38:46,completed,marketplace
104360,10364,2026-08-05 20:52:10,2026-08-07 13:52:10,completed,web
104361,10629,2026-08-05 15:41:36,2026-08-06 11:41:36,completed,mobile_app
104362,10118,2026-08-05 19:50:36,2026-08-06 22:50:36,completed,web
104363,10382,2026-08-05 20:08:43,2026-08-06 04:08:43,completed,marketplace
104364,10458,2026-08-05 18:39:18,2026-08-06 04:39:18,cancelled,mobile_app
104365,10738,2026-08-05 14:39:26,2026-08-05 16:39:26,completed,marketplace
104366,10045,2026-08-05 00:17:33,2026-08-06 16:17:33,completed,web
104367,10649,2026-08-05 21:03:35,2026-08-06 19:03:35,completed,mobile_app
104368,10726,2026-08-05 07:37:23,2026-08-06 15:37:23,completed,web
104369,10022,2026-08-05 19:28:56,2026-08-07 19:28:56,returned,mobile_app
104370,10304,2026-08-05 22:43:17,2026-08-06 17:43:17,completed,marketplace
104371,10384,2026-08-05 21:51:54,2026-08-07 06:51:54,returned,web
104372,10275,2026-08-05 13:05:57,2026-08-06 22:05:57,completed,web
104373,10263,2026-08-05 19:39:00,2026-08-07 09:39:00,completed,mobile_app
104374,10535,2026-08-05 23:59:41,2026-08-06 02:59:41,completed,mobile_app
104375,10512,2026-08-05 20:50:05,2026-08-05 23:50:05,cancelled,marketplace
104376,10571,2026-08-05 15:58:24,2026-08-06 09:58:24,completed,web
104377,10587,2026-08-05 14:11:40,2026-08-05 19:11:40,returned,marketplace
104378,10611,2026-08-05 09:08:32,2026-08-07 00:08:32,completed,web
104379,10461,2026-08-05 05:54:12,2026-08-06 10:54:12,returned,mobile_app
104380,10675,2026-08-05 12:08:24,2026-08-05 19:08:24,cancelled,mobile_app
104381,10136,2026-08-05 22:12:57,2026-08-06 09:12:57,completed,web
104382,10627,2026-08-05 22:05:58,2026-08-07 08:05:58,completed,web
104383,10595,2026-08-05 11:32:03,2026-08-06 12:32:03,completed,mobile_app
104384,10516,2026-08-05 05:34:37,2026-08-06 22:34:37,completed,marketplace
104385,10288,2026-08-05 23:34:23,2026-08-07 02:34:23,cancelled,mobile_app
104386,10336,2026-08-05 17:37:42,2026-08-06 11:37:42,completed,marketplace
104387,10336,2026-08-05 12:32:31,2026-08-06 18:32:31,completed,mobile_app
104388,10434,2026-08-05 11:02:39,2026-08-06 05:02:39,cancelled,web
104389,10391,2026-08-05 13:25:34,2026-08-07 07:25:34,completed,mobile_app
104390,10526,2026-08-06 07:54:37,2026-08-07 10:54:37,cancelled,mobile_app
104391,10040,2026-08-06 01:22:18,2026-08-07 01:22:18,completed,web
104392,10621,2026-08-06 23:16:13,2026-08-08 19:16:13,completed,mobile_app
104393,10190,2026-08-06 03:33:13,2026-08-07 21:33:13,completed,mobile_app
104394,10001,2026-08-06 13:31:40,2026-08-08 10:31:40,completed,web
104395,10234,2026-08-06 19:20:51,2026-08-08 07:20:51,completed,mobile_app
104396,10669,2026-08-06 18:43:33,2026-08-08 15:43:33,completed,mobile_app
104397,10384,2026-08-06 06:05:21,2026-08-08 05:05:21,completed,marketplace
104398,10606,2026-08-06 23:48:53,2026-08-07 21:48:53,completed,web
104399,10257,2026-08-06 00:09:36,2026-08-08 00:09:36,completed,marketplace
104400,10439,2026-08-06 06:33:06,2026-08-07 05:33:06,completed,web
104401,10219,2026-08-06 09:26:12,2026-08-07 06:26:12,completed,marketplace
104402,10776,2026-08-06 17:14:16,2026-08-08 08:14:16,completed,web
104403,10150,2026-08-06 12:54:08,2026-08-08 09:54:08,cancelled,marketplace
104404,10629,2026-08-06 00:23:22,2026-08-06 18:23:22,returned,mobile_app
104405,10139,2026-08-06 16:03:39,2026-08-08 09:03:39,returned,marketplace
104406,10667,2026-08-06 06:29:21,2026-08-06 21:29:21,completed,web
104407,10281,2026-08-06 02:58:40,2026-08-06 04:58:40,completed,mobile_app
104408,10665,2026-08-06 11:23:04,2026-08-07 02:23:04,completed,web
104409,10341,2026-08-06 11:20:14,2026-08-07 15:20:14,completed,mobile_app
104410,10432,2026-08-06 07:34:26,2026-08-06 09:34:26,completed,web
104411,10765,2026-08-06 10:44:42,2026-08-07 03:44:42,completed,mobile_app
104412,10602,2026-08-06 09:21:39,2026-08-06 19:21:39,completed,mobile_app
104413,10232,2026-08-06 22:20:27,2026-08-08 10:20:27,completed,web
104414,10547,2026-08-06 10:07:17,2026-08-07 11:07:17,completed,web
104415,10759,2026-08-06 12:00:45,2026-08-07 16:00:45,completed,mobile_app
104416,10681,2026-08-06 02:22:57,2026-08-07 05:22:57,completed,mobile_app
104417,10637,2026-08-06 11:05:21,2026-08-07 01:05:21,completed,mobile_app
104418,10030,2026-08-06 13:44:57,2026-08-08 01:44:57,completed,marketplace
104419,10277,2026-08-06 10:22:47,2026-08-07 04:22:47,completed,web
104420,10600,2026-08-06 11:20:57,2026-08-07 21:20:57,completed,mobile_app
104421,10054,2026-08-06 06:37:00,2026-08-07 16:37:00,completed,mobile_app
104422,10099,2026-08-06 08:57:09,2026-08-08 05:57:09,completed,mobile_app
104423,10584,2026-08-06 13:47:42,2026-08-08 10:47:42,completed,web
104424,10579,2026-08-06 15:00:54,2026-08-07 19:00:54,completed,marketplace
104425,10266,2026-08-06 13:48:27,2026-08-07 06:48:27,completed,web
104426,10379,2026-08-06 01:46:53,2026-08-07 08:46:53,completed,mobile_app
104427,10326,2026-08-06 23:29:57,2026-08-08 12:29:57,completed,web
104428,10432,2026-08-06 16:22:14,2026-08-08 00:22:14,cancelled,mobile_app
104429,10362,2026-08-06 19:56:10,2026-08-06 21:56:10,completed,web
104430,10093,2026-08-06 17:56:00,2026-08-07 05:56:00,completed,marketplace
104431,10461,2026-08-06 17:19:36,2026-08-08 05:19:36,returned,web
104432,10106,2026-08-06 17:31:51,2026-08-07 10:31:51,completed,web
104433,10523,2026-08-06 13:22:49,2026-08-07 01:22:49,completed,web
104434,10199,2026-08-06 13:04:59,2026-08-08 04:04:59,completed,mobile_app
104435,10297,2026-08-06 09:40:25,2026-08-06 23:40:25,cancelled,marketplace
104436,10412,2026-08-06 21:34:28,2026-08-07 11:34:28,completed,mobile_app
104437,10437,2026-08-06 19:03:07,2026-08-07 01:03:07,completed,web
104438,10220,2026-08-06 20:44:04,2026-08-07 09:44:04,completed,marketplace
104439,10688,2026-08-06 23:55:00,2026-08-08 01:55:00,completed,mobile_app
104440,10665,2026-08-06 02:24:32,2026-08-08 01:24:32,completed,web
104441,10592,2026-08-06 12:43:56,2026-08-07 23:43:56,completed,web
104442,10490,2026-08-06 04:53:30,2026-08-07 09:53:30,cancelled,web
104443,10163,2026-08-06 12:35:02,2026-08-08 00:35:02,completed,web
104444,10650,2026-08-06 14:53:14,2026-08-07 16:53:14,completed,web
104445,10038,2026-08-06 20:09:53,2026-08-08 00:09:53,completed,web
104446,10067,2026-08-06 21:49:57,2026-08-08 05:49:57,returned,web
104447,10223,2026-08-07 11:12:48,2026-08-09 04:12:48,completed,web
104448,10372,2026-08-07 00:41:53,2026-08-08 12:41:53,completed,web
104449,10282,2026-08-07 13:03:03,2026-08-09 12:03:03,completed,web
104450,10386,2026-08-07 09:38:32,2026-08-08 19:38:32,completed,mobile_app
104451,10094,2026-08-07 02:26:50,2026-08-09 00:26:50,completed,mobile_app
104452,10344,2026-08-07 09:29:33,2026-08-08 04:29:33,completed,web
104453,10353,2026-08-07 13:15:23,2026-08-08 22:15:23,cancelled,web
104454,10353,2026-08-07 16:11:57,2026-08-08 17:11:57,completed,mobile_app
104455,10590,2026-08-07 06:01:07,2026-08-08 14:01:07,completed,mobile_app
104456,10273,2026-08-07 07:33:27,2026-08-08 23:33:27,completed,marketplace
104457,10414,2026-08-07 10:43:14,2026-08-08 05:43:14,completed,marketplace
104458,10548,2026-08-07 19:42:03,2026-08-09 09:42:03,completed,marketplace
104459,10265,2026-08-07 20:21:23,2026-08-08 17:21:23,completed,marketplace
104460,10150,2026-08-07 20:42:16,2026-08-08 21:42:16,completed,mobile_app
104461,10432,2026-08-07 20:48:10,2026-08-07 23:48:10,completed,marketplace
104462,10277,2026-08-07 08:31:25,2026-08-07 20:31:25,completed,web
104463,10629,2026-08-07 02:41:06,2026-08-08 08:41:06,returned,mobile_app
104464,10420,2026-08-07 05:06:25,2026-08-07 14:06:25,cancelled,mobile_app
104465,10153,2026-08-07 09:48:26,2026-08-08 14:48:26,completed,marketplace
104466,10270,2026-08-07 12:00:56,2026-08-08 00:00:56,completed,web
104467,10190,2026-08-07 22:44:25,2026-08-09 18:44:25,completed,web
104468,10630,2026-08-07 05:39:30,2026-08-07 21:39:30,completed,marketplace
104469,10549,2026-08-07 16:06:45,2026-08-09 11:06:45,cancelled,web
104470,10414,2026-08-07 18:05:54,2026-08-08 06:05:54,completed,web
104471,10556,2026-08-07 13:04:12,2026-08-08 23:04:12,completed,web
104472,10179,2026-08-07 01:26:16,2026-08-07 20:26:16,completed,mobile_app
104473,10245,2026-08-07 15:28:06,2026-08-08 12:28:06,completed,mobile_app
104474,10465,2026-08-07 23:30:20,2026-08-08 11:30:20,returned,web
104475,10032,2026-08-07 17:57:46,2026-08-08 05:57:46,completed,mobile_app
104476,10403,2026-08-07 09:52:17,2026-08-07 10:52:17,completed,marketplace
104477,10489,2026-08-07 12:46:39,2026-08-07 16:46:39,completed,web
104478,10443,2026-08-07 19:26:33,2026-08-08 07:26:33,completed,mobile_app
104479,10395,2026-08-07 19:43:02,2026-08-09 08:43:02,completed,web
104480,10158,2026-08-07 05:46:06,2026-08-08 05:46:06,completed,mobile_app
104481,10021,2026-08-07 16:16:27,2026-08-09 13:16:27,completed,web
104482,10643,2026-08-07 11:35:15,2026-08-07 19:35:15,completed,web
104483,10314,2026-08-07 22:54:02,2026-08-08 01:54:02,completed,web
104484,10022,2026-08-07 22:07:28,2026-08-09 16:07:28,completed,web
104485,10613,2026-08-07 23:20:45,2026-08-09 10:20:45,completed,marketplace
104486,10318,2026-08-07 05:08:18,2026-08-08 03:08:18,completed,web
104487,10525,2026-08-07 01:57:19,2026-08-08 21:57:19,completed,mobile_app
104488,10335,2026-08-07 22:12:07,2026-08-08 04:12:07,completed,web
104489,10166,2026-08-07 02:18:41,2026-08-07 11:18:41,completed,mobile_app
104490,10122,2026-08-07 16:27:31,2026-08-08 06:27:31,completed,mobile_app
104491,10259,2026-08-07 03:39:02,2026-08-08 13:39:02,completed,marketplace
104492,10083,2026-08-07 02:42:22,2026-08-07 19:42:22,completed,web
104493,10614,2026-08-07 18:48:45,2026-08-09 11:48:45,completed,web
104494,10139,2026-08-07 22:42:19,2026-08-08 03:42:19,completed,web
104495,10586,2026-08-07 02:48:20,2026-08-07 04:48:20,cancelled,web
104496,10193,2026-08-07 13:40:55,2026-08-08 16:40:55,completed,web
104497,10515,2026-08-07 04:12:14,2026-08-07 05:12:14,completed,marketplace
104498,10098,2026-08-07 23:20:59,2026-08-09 11:20:59,completed,web
104499,10162,2026-08-07 09:43:37,2026-08-08 18:43:37,completed,web
104500,10338,2026-08-07 22:25:16,2026-08-08 09:25:16,completed,web
104501,10255,2026-08-07 12:42:29,2026-08-09 02:42:29,completed,mobile_app
104502,10078,2026-08-07 17:19:12,2026-08-08 16:19:12,completed,web
104503,10338,2026-08-07 20:08:06,2026-08-08 04:08:06,cancelled,web
104504,10304,2026-08-07 10:01:08,2026-08-08 19:01:08,completed,web
104505,10346,2026-08-07 14:41:24,2026-08-08 12:41:24,completed,mobile_app
104506,10166,2026-08-07 19:15:51,2026-08-09 13:15:51,completed,web
104507,10625,2026-08-08 00:36:21,2026-08-08 23:36:21,completed,mobile_app
104508,10110,2026-08-08 05:39:42,2026-08-08 13:39:42,completed,web
104509,10100,2026-08-08 13:06:30,2026-08-09 22:06:30,completed,web
104510,10129,2026-08-08 09:21:05,2026-08-08 16:21:05,completed,marketplace
104511,10529,2026-08-08 10:53:54,2026-08-08 13:53:54,cancelled,mobile_app
104512,10103,2026-08-08 07:28:20,2026-08-08 19:28:20,returned,web
104513,10423,2026-08-08 19:30:58,2026-08-09 21:30:58,completed,mobile_app
104514,10125,2026-08-08 02:10:07,2026-08-09 21:10:07,completed,web
104515,10307,2026-08-08 14:48:30,2026-08-09 13:48:30,completed,mobile_app
104516,10437,2026-08-08 07:08:30,2026-08-09 23:08:30,completed,web
104517,10108,2026-08-08 18:26:59,2026-08-10 10:26:59,completed,web
104518,10322,2026-08-08 20:41:07,2026-08-09 08:41:07,completed,mobile_app
104519,10348,2026-08-08 22:17:39,2026-08-09 22:17:39,completed,mobile_app
104520,10258,2026-08-08 17:53:36,2026-08-09 17:53:36,completed,web
104521,10699,2026-08-08 10:37:23,2026-08-08 22:37:23,completed,web
104522,10014,2026-08-08 20:06:41,2026-08-10 16:06:41,completed,web
104523,10579,2026-08-08 08:34:06,2026-08-08 13:34:06,completed,web
104524,10211,2026-08-08 13:57:30,2026-08-10 01:57:30,completed,web
104525,10115,2026-08-08 00:46:17,2026-08-09 08:46:17,completed,web
104526,10621,2026-08-08 19:26:39,2026-08-10 11:26:39,completed,web
104527,10052,2026-08-08 03:31:33,2026-08-09 16:31:33,completed,marketplace
104528,10410,2026-08-08 14:47:13,2026-08-10 01:47:13,completed,web
104529,10714,2026-08-08 07:58:24,2026-08-10 02:58:24,completed,marketplace
104530,10124,2026-08-08 15:35:22,2026-08-08 20:35:22,cancelled,marketplace
104531,10330,2026-08-08 14:49:25,2026-08-10 01:49:25,completed,web
104532,10408,2026-08-08 20:07:54,2026-08-09 10:07:54,returned,mobile_app
104533,10159,2026-08-08 20:24:26,2026-08-08 23:24:26,completed,mobile_app
104534,10604,2026-08-08 22:10:46,2026-08-10 17:10:46,returned,web
104535,10041,2026-08-08 06:40:57,2026-08-08 09:40:57,completed,web
104536,10672,2026-08-08 06:14:19,2026-08-10 04:14:19,completed,marketplace
104537,10517,2026-08-08 19:36:23,2026-08-09 16:36:23,completed,mobile_app
104538,10656,2026-08-08 20:54:58,2026-08-10 00:54:58,completed,mobile_app
104539,10117,2026-08-08 00:06:46,2026-08-09 17:06:46,returned,web
104540,10521,2026-08-08 20:30:43,2026-08-10 12:30:43,completed,web
104541,10542,2026-08-08 22:07:51,2026-08-09 20:07:51,completed,marketplace
104542,10180,2026-08-08 16:10:39,2026-08-09 06:10:39,completed,marketplace
104543,10234,2026-08-08 05:36:48,2026-08-08 16:36:48,completed,mobile_app
104544,10571,2026-08-08 01:51:02,2026-08-09 11:51:02,completed,web
104545,10773,2026-08-08 12:23:33,2026-08-09 07:23:33,completed,web
104546,10094,2026-08-08 17:10:52,2026-08-09 22:10:52,cancelled,mobile_app
104547,10067,2026-08-08 08:37:11,2026-08-10 04:37:11,completed,web
104548,10371,2026-08-08 10:13:32,2026-08-09 10:13:32,completed,marketplace
104549,10131,2026-08-08 02:13:35,2026-08-10 01:13:35,completed,mobile_app
104550,10375,2026-08-08 07:24:13,2026-08-08 10:24:13,cancelled,web
104551,10578,2026-08-08 11:54:42,2026-08-10 09:54:42,completed,web
104552,10116,2026-08-08 00:53:34,2026-08-09 20:53:34,completed,mobile_app
104553,10200,2026-08-08 04:04:18,2026-08-09 10:04:18,completed,web
104554,10678,2026-08-08 11:32:54,2026-08-10 03:32:54,completed,mobile_app
104555,10386,2026-08-08 21:24:36,2026-08-10 14:24:36,completed,marketplace
104556,10309,2026-08-08 09:48:33,2026-08-09 12:48:33,completed,web
104557,10508,2026-08-08 16:04:06,2026-08-09 14:04:06,completed,web
104558,10293,2026-08-08 11:52:45,2026-08-09 04:52:45,completed,web
104559,10357,2026-08-08 10:47:59,2026-08-09 12:47:59,returned,marketplace
104560,10602,2026-08-08 13:25:34,2026-08-09 05:25:34,completed,mobile_app
104561,10364,2026-08-08 09:26:37,2026-08-10 02:26:37,completed,web
104562,10110,2026-08-08 02:07:05,2026-08-08 23:07:05,returned,mobile_app
104563,10391,2026-08-08 05:39:51,2026-08-10 03:39:51,completed,web
104564,10017,2026-08-08 14:03:52,2026-08-10 14:03:52,completed,marketplace
104565,10568,2026-08-08 10:14:59,2026-08-09 01:14:59,completed,mobile_app
104566,10027,2026-08-08 20:34:41,2026-08-10 07:34:41,completed,web
104567,10269,2026-08-08 08:53:07,2026-08-10 02:53:07,completed,web
104568,10289,2026-08-08 22:05:33,2026-08-10 15:05:33,completed,mobile_app
104569,10765,2026-08-08 20:28:52,2026-08-09 17:28:52,returned,web
104570,10444,2026-08-08 09:55:13,2026-08-08 23:55:13,completed,web
104571,10589,2026-08-08 03:45:58,2026-08-08 18:45:58,completed,marketplace
104572,10053,2026-08-09 19:48:32,2026-08-10 18:48:32,completed,web
104573,10689,2026-08-09 22:25:01,2026-08-11 13:25:01,completed,web
104574,10021,2026-08-09 01:35:26,2026-08-09 08:35:26,completed,web
104575,10570,2026-08-09 20:24:31,2026-08-10 16:24:31,returned,web
104576,10699,2026-08-09 16:12:09,2026-08-11 04:12:09,completed,web
104577,10578,2026-08-09 08:22:33,2026-08-11 01:22:33,completed,web
104578,10573,2026-08-09 05:36:41,2026-08-09 11:36:41,completed,web
104579,10449,2026-08-09 02:53:26,2026-08-10 14:53:26,completed,mobile_app
104580,10168,2026-08-09 19:52:19,2026-08-09 23:52:19,completed,mobile_app
104581,10310,2026-08-09 05:14:48,2026-08-09 22:14:48,completed,web
104582,10605,2026-08-09 10:09:37,2026-08-10 10:09:37,completed,mobile_app
104583,10001,2026-08-09 07:18:02,2026-08-09 21:18:02,completed,web
104584,10454,2026-08-09 00:41:34,2026-08-09 20:41:34,completed,marketplace
104585,10667,2026-08-09 03:57:41,2026-08-09 13:57:41,completed,web
104586,10651,2026-08-09 04:21:32,2026-08-09 12:21:32,returned,web
104587,10183,2026-08-09 15:52:23,2026-08-10 13:52:23,cancelled,web
104588,10578,2026-08-09 01:48:28,2026-08-10 23:48:28,completed,mobile_app
104589,10595,2026-08-09 03:52:36,2026-08-10 15:52:36,completed,marketplace
104590,10176,2026-08-09 20:20:09,2026-08-10 00:20:09,completed,web
104591,10125,2026-08-09 05:47:29,2026-08-09 16:47:29,returned,web
104592,10681,2026-08-09 22:31:48,2026-08-11 17:31:48,completed,web
104593,10102,2026-08-09 06:37:32,2026-08-09 12:37:32,completed,web
104594,10366,2026-08-09 09:22:47,2026-08-10 05:22:47,completed,web
104595,10041,2026-08-09 23:39:16,2026-08-10 15:39:16,returned,mobile_app
104596,10447,2026-08-09 11:52:36,2026-08-11 06:52:36,completed,web
104597,10112,2026-08-09 23:41:02,2026-08-10 10:41:02,completed,web
104598,10318,2026-08-09 13:20:33,2026-08-11 06:20:33,completed,mobile_app
104599,10321,2026-08-09 11:48:38,2026-08-10 16:48:38,completed,web
104600,10104,2026-08-09 21:42:17,2026-08-11 03:42:17,completed,mobile_app
104601,10124,2026-08-09 21:30:50,2026-08-11 01:30:50,completed,web
104602,10002,2026-08-09 11:28:33,2026-08-09 20:28:33,completed,mobile_app
104603,10464,2026-08-09 00:59:37,2026-08-10 01:59:37,completed,web
104604,10649,2026-08-09 21:53:06,2026-08-11 15:53:06,completed,web
104605,10668,2026-08-09 18:59:56,2026-08-11 08:59:56,cancelled,mobile_app
104606,10559,2026-08-09 03:53:37,2026-08-10 06:53:37,returned,web
104607,10316,2026-08-09 16:54:29,2026-08-10 16:54:29,completed,web
104608,10192,2026-08-09 23:42:37,2026-08-11 08:42:37,completed,web
104609,10351,2026-08-09 00:49:49,2026-08-10 06:49:49,completed,web
104610,10622,2026-08-09 02:22:45,2026-08-09 15:22:45,completed,marketplace
104611,10619,2026-08-09 10:10:10,2026-08-10 07:10:10,completed,web
104612,10605,2026-08-09 07:42:46,2026-08-10 14:42:46,completed,web
104613,10532,2026-08-09 12:04:52,2026-08-11 06:04:52,completed,mobile_app
104614,10634,2026-08-09 09:20:50,2026-08-10 00:20:50,completed,web
104615,10315,2026-08-09 13:36:47,2026-08-11 13:36:47,completed,web
104616,10265,2026-08-09 09:50:45,2026-08-10 11:50:45,completed,web
104617,10076,2026-08-09 18:35:17,2026-08-11 07:35:17,returned,mobile_app
104618,10204,2026-08-09 17:28:49,2026-08-10 05:28:49,completed,web
104619,10290,2026-08-09 11:31:34,2026-08-09 23:31:34,cancelled,mobile_app
104620,10433,2026-08-09 13:10:30,2026-08-10 09:10:30,completed,web
104621,10642,2026-08-09 02:49:59,2026-08-09 21:49:59,completed,mobile_app
104622,10633,2026-08-09 03:58:32,2026-08-10 05:58:32,completed,web
104623,10276,2026-08-09 11:11:08,2026-08-11 01:11:08,completed,web
104624,10675,2026-08-09 11:36:29,2026-08-09 20:36:29,completed,web
104625,10382,2026-08-09 12:47:13,2026-08-10 19:47:13,completed,marketplace
104626,10396,2026-08-09 14:12:10,2026-08-10 00:12:10,completed,mobile_app
104627,10409,2026-08-09 14:11:32,2026-08-11 07:11:32,completed,web
104628,10512,2026-08-09 01:47:51,2026-08-10 23:47:51,completed,web
104629,10204,2026-08-09 02:10:15,2026-08-09 17:10:15,completed,mobile_app
104630,10400,2026-08-09 07:28:01,2026-08-10 03:28:01,completed,web
104631,10272,2026-08-09 20:39:45,2026-08-10 18:39:45,completed,marketplace
104632,10486,2026-08-09 02:25:42,2026-08-09 13:25:42,completed,marketplace
104633,10541,2026-08-09 15:58:11,2026-08-11 15:58:11,completed,marketplace
104634,10369,2026-08-09 22:12:50,2026-08-11 15:12:50,completed,web
104635,10528,2026-08-09 11:57:05,2026-08-09 14:57:05,completed,marketplace
104636,10126,2026-08-09 20:09:34,2026-08-10 17:09:34,completed,web
104637,10613,2026-08-09 19:21:07,2026-08-11 02:21:07,completed,web
104638,10478,2026-08-09 05:12:27,2026-08-09 12:12:27,completed,mobile_app
104639,10203,2026-08-09 21:55:05,2026-08-11 18:55:05,completed,marketplace
104640,10318,2026-08-09 12:33:39,2026-08-09 21:33:39,completed,web
104641,10456,2026-08-09 01:47:49,2026-08-09 04:47:49,cancelled,web
104642,10219,2026-08-09 23:45:02,2026-08-10 00:45:02,completed,mobile_app
104643,10682,2026-08-09 16:14:40,2026-08-10 02:14:40,completed,mobile_app
104644,10505,2026-08-09 14:46:08,2026-08-11 06:46:08,returned,web
104645,10569,2026-08-09 08:07:05,2026-08-10 17:07:05,completed,web
104646,10010,2026-08-09 17:10:02,2026-08-09 20:10:02,completed,mobile_app
104647,10045,2026-08-09 22:31:19,2026-08-11 06:31:19,completed,mobile_app
104648,10447,2026-08-09 12:12:53,2026-08-10 21:12:53,returned,web
104649,10040,2026-08-09 09:02:56,2026-08-09 18:02:56,completed,web
104650,10680,2026-08-09 01:15:24,2026-08-10 21:15:24,completed,web
104651,10180,2026-08-09 00:15:07,2026-08-09 07:15:07,completed,marketplace
104652,10515,2026-08-09 18:02:33,2026-08-10 09:02:33,completed,web
104653,10128,2026-08-09 20:01:00,2026-08-11 10:01:00,completed,marketplace
104654,10436,2026-08-09 21:12:02,2026-08-11 00:12:02,completed,mobile_app
104655,10544,2026-08-10 17:36:43,2026-08-10 18:36:43,returned,mobile_app
104656,10248,2026-08-10 16:18:11,2026-08-11 21:18:11,completed,web
104657,10235,2026-08-10 05:10:58,2026-08-11 11:10:58,completed,mobile_app
104658,10082,2026-08-10 00:21:05,2026-08-11 18:21:05,completed,mobile_app
104659,10421,2026-08-10 19:02:27,2026-08-11 17:02:27,completed,mobile_app
104660,10469,2026-08-10 06:47:18,2026-08-11 01:47:18,returned,marketplace
104661,10047,2026-08-10 08:28:55,2026-08-11 23:28:55,completed,mobile_app
104662,10087,2026-08-10 17:59:29,2026-08-11 11:59:29,completed,web
104663,10131,2026-08-10 00:54:53,2026-08-11 04:54:53,completed,mobile_app
104664,10124,2026-08-10 06:05:22,2026-08-11 21:05:22,completed,web
104665,10240,2026-08-10 01:34:23,2026-08-11 03:34:23,completed,mobile_app
104666,10623,2026-08-10 10:43:10,2026-08-10 19:43:10,completed,mobile_app
104667,10379,2026-08-10 04:01:09,2026-08-11 12:01:09,returned,marketplace
104668,10609,2026-08-10 18:13:25,2026-08-11 23:13:25,returned,web
104669,10324,2026-08-10 03:03:18,2026-08-11 07:03:18,cancelled,web
104670,10577,2026-08-10 06:51:30,2026-08-11 10:51:30,completed,web
104671,10224,2026-08-10 20:17:29,2026-08-12 11:17:29,completed,web
104672,10042,2026-08-10 08:24:21,2026-08-11 04:24:21,completed,mobile_app
104673,10517,2026-08-10 02:49:59,2026-08-11 10:49:59,completed,web
104674,10618,2026-08-10 15:13:04,2026-08-10 18:13:04,completed,mobile_app
104675,10002,2026-08-10 03:11:35,2026-08-10 19:11:35,completed,marketplace
104676,10486,2026-08-10 13:27:24,2026-08-12 02:27:24,completed,web
104677,10402,2026-08-10 00:20:36,2026-08-11 22:20:36,completed,marketplace
104678,10559,2026-08-10 10:19:23,2026-08-11 01:19:23,completed,marketplace
104679,10003,2026-08-10 20:53:58,2026-08-11 03:53:58,cancelled,marketplace
104680,10314,2026-08-10 11:21:02,2026-08-11 18:21:02,completed,web
104681,10439,2026-08-10 00:04:25,2026-08-10 16:04:25,completed,web
104682,10564,2026-08-10 05:51:00,2026-08-10 14:51:00,completed,web
104683,10139,2026-08-10 00:12:34,2026-08-10 12:12:34,completed,web
104684,10688,2026-08-10 23:05:14,2026-08-12 19:05:14,completed,web
104685,10241,2026-08-10 08:49:38,2026-08-11 06:49:38,cancelled,mobile_app
104686,10681,2026-08-10 16:59:34,2026-08-11 18:59:34,completed,web
104687,10036,2026-08-10 05:49:31,2026-08-11 10:49:31,completed,mobile_app
104688,10602,2026-08-10 22:21:01,2026-08-12 00:21:01,completed,marketplace
104689,10456,2026-08-10 23:11:16,2026-08-11 23:11:16,completed,web
104690,10768,2026-08-10 22:04:43,2026-08-11 23:04:43,completed,web
104691,10729,2026-08-10 03:21:53,2026-08-11 10:21:53,completed,web
104692,10624,2026-08-10 19:16:28,2026-08-12 04:16:28,completed,web
104693,10560,2026-08-10 14:31:46,2026-08-11 22:31:46,completed,mobile_app
104694,10564,2026-08-10 07:24:16,2026-08-10 16:24:16,completed,marketplace
104695,10359,2026-08-10 00:22:34,2026-08-10 17:22:34,completed,web
104696,10122,2026-08-10 02:39:25,2026-08-12 02:39:25,completed,web
104697,10540,2026-08-10 16:27:54,2026-08-12 14:27:54,cancelled,web
104698,10088,2026-08-10 08:44:09,2026-08-11 22:44:09,completed,web
104699,10280,2026-08-10 17:44:12,2026-08-11 17:44:12,cancelled,web
104700,10135,2026-08-10 13:07:06,2026-08-11 06:07:06,completed,mobile_app
104701,10350,2026-08-10 14:55:03,2026-08-10 16:55:03,completed,mobile_app
104702,10341,2026-08-10 14:48:55,2026-08-10 17:48:55,cancelled,web
104703,10328,2026-08-10 18:23:00,2026-08-12 08:23:00,completed,web
104704,10636,2026-08-10 01:07:49,2026-08-10 02:07:49,completed,web
104705,10064,2026-08-10 06:23:36,2026-08-11 03:23:36,completed,web
104706,10126,2026-08-10 05:54:16,2026-08-11 08:54:16,completed,web
104707,10112,2026-08-10 15:12:00,2026-08-12 15:12:00,completed,web
104708,10036,2026-08-10 04:19:02,2026-08-10 18:19:02,completed,web
104709,10336,2026-08-10 04:30:39,2026-08-10 16:30:39,completed,mobile_app
104710,10149,2026-08-10 19:58:04,2026-08-11 20:58:04,completed,mobile_app
104711,10016,2026-08-10 11:13:00,2026-08-11 15:13:00,completed,web
104712,10562,2026-08-10 11:22:01,2026-08-12 10:22:01,completed,web
104713,10182,2026-08-10 20:28:29,2026-08-11 01:28:29,completed,marketplace
104714,10557,2026-08-10 16:06:22,2026-08-11 15:06:22,completed,web
104715,10071,2026-08-10 23:44:32,2026-08-11 05:44:32,completed,web
104716,10653,2026-08-10 09:53:54,2026-08-10 19:53:54,completed,mobile_app
104717,10429,2026-08-10 05:41:40,2026-08-10 18:41:40,completed,web
104718,10546,2026-08-10 01:57:13,2026-08-11 08:57:13,completed,mobile_app
104719,10623,2026-08-10 06:32:45,2026-08-11 04:32:45,completed,web
104720,10614,2026-08-10 15:37:57,2026-08-12 13:37:57,completed,web
104721,10186,2026-08-10 00:55:31,2026-08-11 15:55:31,completed,mobile_app
104722,10556,2026-08-10 06:54:05,2026-08-10 19:54:05,completed,web
104723,10161,2026-08-10 10:05:05,2026-08-11 17:05:05,completed,web
104724,10676,2026-08-10 23:56:00,2026-08-12 13:56:00,cancelled,web
104725,10026,2026-08-10 03:24:19,2026-08-11 01:24:19,completed,mobile_app
104726,10222,2026-08-10 08:30:59,2026-08-11 05:30:59,completed,mobile_app
104727,10281,2026-08-10 13:52:31,2026-08-10 20:52:31,completed,web
104728,10630,2026-08-10 01:44:44,2026-08-10 12:44:44,completed,web
104729,10743,2026-08-10 01:26:44,2026-08-10 14:26:44,completed,web
104730,10070,2026-08-10 01:34:01,2026-08-10 09:34:01,completed,web
104731,10521,2026-08-10 19:51:04,2026-08-12 13:51:04,completed,web
104732,10449,2026-08-10 04:19:26,2026-08-10 14:19:26,completed,web
104733,10601,2026-08-10 06:40:39,2026-08-11 07:40:39,completed,web
104734,10410,2026-08-10 05:58:59,2026-08-10 23:58:59,completed,mobile_app
104735,10012,2026-08-10 10:55:44,2026-08-10 22:55:44,completed,mobile_app
104736,10096,2026-08-10 05:55:24,2026-08-10 14:55:24,cancelled,web
104737,10133,2026-08-10 04:45:53,2026-08-10 19:45:53,completed,mobile_app
104738,10558,2026-08-10 14:51:19,2026-08-11 02:51:19,completed,web
104739,10457,2026-08-10 15:53:41,2026-08-11 08:53:41,completed,web
104740,10656,2026-08-11 04:12:31,2026-08-12 08:12:31,completed,web
104741,10205,2026-08-11 16:26:06,2026-08-13 11:26:06,completed,web
104742,10386,2026-08-11 06:14:18,2026-08-12 10:14:18,completed,web
104743,10610,2026-08-11 04:25:01,2026-08-13 04:25:01,completed,marketplace
104744,10151,2026-08-11 17:05:43,2026-08-13 05:05:43,completed,web
104745,10322,2026-08-11 00:25:43,2026-08-12 06:25:43,returned,mobile_app
104746,10666,2026-08-11 15:29:44,2026-08-12 02:29:44,completed,marketplace
104747,10030,2026-08-11 02:01:26,2026-08-12 19:01:26,completed,web
104748,10319,2026-08-11 07:21:42,2026-08-13 05:21:42,completed,web
104749,10650,2026-08-11 06:44:49,2026-08-12 23:44:49,completed,web
104750,10215,2026-08-11 21:25:18,2026-08-13 00:25:18,completed,web
104751,10383,2026-08-11 09:07:23,2026-08-11 13:07:23,completed,web
104752,10173,2026-08-11 21:13:24,2026-08-12 03:13:24,completed,web
104753,10011,2026-08-11 07:22:19,2026-08-12 23:22:19,completed,mobile_app
104754,10302,2026-08-11 23:33:18,2026-08-12 19:33:18,completed,marketplace
104755,10163,2026-08-11 10:40:12,2026-08-12 09:40:12,returned,web
104756,10773,2026-08-11 03:24:17,2026-08-12 03:24:17,completed,web
104757,10677,2026-08-11 00:56:08,2026-08-12 23:56:08,completed,web
104758,10160,2026-08-11 02:12:49,2026-08-12 04:12:49,completed,web
104759,10291,2026-08-11 17:40:20,2026-08-12 03:40:20,completed,web
104760,10104,2026-08-11 16:19:56,2026-08-12 09:19:56,completed,web
104761,10519,2026-08-11 10:01:41,2026-08-12 18:01:41,completed,web
104762,10440,2026-08-11 07:09:41,2026-08-11 08:09:41,completed,mobile_app
104763,10676,2026-08-11 05:35:55,2026-08-11 15:35:55,completed,mobile_app
104764,10022,2026-08-11 14:39:43,2026-08-12 05:39:43,completed,mobile_app
104765,10584,2026-08-11 21:10:23,2026-08-13 09:10:23,completed,mobile_app
104766,10698,2026-08-11 18:39:24,2026-08-12 21:39:24,completed,marketplace
104767,10267,2026-08-11 03:48:31,2026-08-11 10:48:31,cancelled,web
104768,10366,2026-08-11 03:32:28,2026-08-11 17:32:28,completed,mobile_app
104769,10538,2026-08-11 19:22:25,2026-08-11 22:22:25,completed,marketplace
104770,10659,2026-08-11 19:28:27,2026-08-12 15:28:27,completed,mobile_app
104771,10426,2026-08-11 09:56:49,2026-08-11 12:56:49,returned,web
104772,10385,2026-08-11 11:31:04,2026-08-12 06:31:04,completed,web
104773,10307,2026-08-11 09:05:23,2026-08-11 16:05:23,cancelled,mobile_app
104774,10571,2026-08-11 17:47:59,2026-08-12 08:47:59,completed,mobile_app
104775,10588,2026-08-11 05:09:41,2026-08-12 08:09:41,completed,marketplace
104776,10008,2026-08-11 14:07:22,2026-08-12 19:07:22,completed,web
104777,10597,2026-08-11 03:35:52,2026-08-12 10:35:52,completed,web
104778,10077,2026-08-11 05:42:31,2026-08-11 07:42:31,completed,marketplace
104779,10678,2026-08-11 22:34:40,2026-08-13 12:34:40,completed,mobile_app
104780,10594,2026-08-11 17:05:42,2026-08-12 15:05:42,completed,web
104781,10578,2026-08-11 00:46:32,2026-08-11 08:46:32,completed,web
104782,10332,2026-08-11 09:33:15,2026-08-12 12:33:15,completed,web
104783,10081,2026-08-11 04:53:54,2026-08-11 18:53:54,completed,web
104784,10093,2026-08-11 05:16:19,2026-08-12 06:16:19,completed,mobile_app
104785,10301,2026-08-11 03:44:07,2026-08-11 22:44:07,completed,web
104786,10743,2026-08-11 00:13:27,2026-08-11 02:13:27,completed,mobile_app
104787,10695,2026-08-11 00:33:53,2026-08-12 02:33:53,cancelled,mobile_app
104788,10452,2026-08-11 03:26:45,2026-08-12 06:26:45,completed,mobile_app
104789,10050,2026-08-11 18:17:30,2026-08-11 19:17:30,completed,mobile_app
104790,10481,2026-08-11 18:21:48,2026-08-12 11:21:48,cancelled,mobile_app
104791,10180,2026-08-11 09:50:58,2026-08-11 16:50:58,completed,mobile_app
104792,10172,2026-08-11 04:27:44,2026-08-11 20:27:44,completed,web
104793,10182,2026-08-11 07:03:30,2026-08-12 15:03:30,completed,marketplace
104794,10675,2026-08-11 13:31:53,2026-08-12 21:31:53,completed,web
104795,10275,2026-08-11 09:45:33,2026-08-12 17:45:33,completed,marketplace
104796,10015,2026-08-11 10:37:47,2026-08-12 22:37:47,cancelled,marketplace
104797,10310,2026-08-11 11:04:18,2026-08-11 15:04:18,completed,web
104798,10392,2026-08-11 16:57:46,2026-08-12 03:57:46,cancelled,marketplace
104799,10273,2026-08-11 17:03:29,2026-08-12 20:03:29,completed,web
104800,10095,2026-08-11 21:48:06,2026-08-11 23:48:06,completed,marketplace
104801,10646,2026-08-11 23:05:29,2026-08-13 17:05:29,completed,web
104802,10225,2026-08-11 11:19:47,2026-08-11 21:19:47,cancelled,mobile_app
104803,10095,2026-08-11 09:56:12,2026-08-12 15:56:12,completed,mobile_app
104804,10383,2026-08-11 14:02:44,2026-08-12 22:02:44,completed,mobile_app
104805,10001,2026-08-11 00:45:20,2026-08-11 20:45:20,completed,web
104806,10273,2026-08-11 22:18:22,2026-08-13 03:18:22,completed,web
104807,10499,2026-08-11 15:29:03,2026-08-13 07:29:03,completed,mobile_app
104808,10571,2026-08-11 16:21:22,2026-08-13 05:21:22,completed,marketplace
104809,10439,2026-08-11 05:46:30,2026-08-11 09:46:30,completed,marketplace
104810,10248,2026-08-11 06:58:36,2026-08-12 17:58:36,completed,web
104811,10273,2026-08-11 14:59:17,2026-08-12 03:59:17,completed,mobile_app
104812,10790,2026-08-12 18:17:56,2026-08-12 21:17:56,completed,web
104813,10595,2026-08-12 20:41:24,2026-08-13 01:41:24,completed,marketplace
104814,10321,2026-08-12 17:14:47,2026-08-14 11:14:47,completed,web
104815,10539,2026-08-12 19:14:24,2026-08-13 20:14:24,completed,marketplace
104816,10500,2026-08-12 19:04:59,2026-08-14 03:04:59,completed,web
104817,10122,2026-08-12 15:21:49,2026-08-13 01:21:49,returned,web
104818,10152,2026-08-12 07:04:09,2026-08-14 02:04:09,completed,web
104819,10149,2026-08-12 19:38:28,2026-08-14 13:38:28,completed,mobile_app
104820,10250,2026-08-12 07:35:51,2026-08-13 23:35:51,completed,mobile_app
104821,10338,2026-08-12 19:04:12,2026-08-14 16:04:12,cancelled,web
104822,10445,2026-08-12 19:00:17,2026-08-13 13:00:17,returned,web
104823,10439,2026-08-12 02:37:15,2026-08-12 18:37:15,completed,web
104824,10516,2026-08-12 19:29:03,2026-08-13 15:29:03,completed,web
104825,10382,2026-08-12 11:22:52,2026-08-12 21:22:52,completed,web
104826,10687,2026-08-12 21:13:16,2026-08-13 17:13:16,completed,web
104827,10374,2026-08-12 13:17:51,2026-08-14 07:17:51,completed,mobile_app
104828,10334,2026-08-12 05:01:50,2026-08-13 03:01:50,completed,web
104829,10602,2026-08-12 03:50:55,2026-08-13 19:50:55,completed,mobile_app
104830,10085,2026-08-12 15:27:36,2026-08-14 08:27:36,completed,web
104831,10416,2026-08-12 18:49:27,2026-08-13 13:49:27,completed,mobile_app
104832,10131,2026-08-12 04:19:11,2026-08-12 17:19:11,completed,web
104833,10374,2026-08-12 06:37:04,2026-08-13 19:37:04,completed,mobile_app
104834,10008,2026-08-12 12:22:21,2026-08-13 09:22:21,completed,web
104835,10679,2026-08-12 08:04:34,2026-08-14 04:04:34,completed,web
104836,10438,2026-08-12 00:56:24,2026-08-12 13:56:24,completed,web
104837,10550,2026-08-12 05:36:17,2026-08-12 17:36:17,completed,mobile_app
104838,10750,2026-08-12 08:29:13,2026-08-13 20:29:13,completed,mobile_app
104839,10249,2026-08-12 19:54:51,2026-08-13 17:54:51,completed,web
104840,10224,2026-08-12 21:55:58,2026-08-13 06:55:58,completed,web
104841,10235,2026-08-12 16:24:06,2026-08-14 11:24:06,completed,web
104842,10132,2026-08-12 13:27:58,2026-08-14 00:27:58,completed,mobile_app
104843,10086,2026-08-12 22:21:42,2026-08-14 10:21:42,completed,web
104844,10471,2026-08-12 07:43:51,2026-08-13 16:43:51,completed,web
104845,10249,2026-08-12 09:53:56,2026-08-13 12:53:56,completed,web
104846,10142,2026-08-12 22:56:02,2026-08-14 12:56:02,completed,web
104847,10195,2026-08-12 01:06:24,2026-08-12 13:06:24,completed,web
104848,10280,2026-08-12 19:39:57,2026-08-13 18:39:57,completed,mobile_app
104849,10231,2026-08-12 15:06:21,2026-08-13 09:06:21,cancelled,mobile_app
104850,10175,2026-08-12 07:06:14,2026-08-12 13:06:14,completed,web
104851,10147,2026-08-12 22:30:38,2026-08-14 04:30:38,completed,web
104852,10637,2026-08-12 09:59:02,2026-08-13 00:59:02,completed,mobile_app
104853,10443,2026-08-12 10:23:25,2026-08-13 21:23:25,completed,web
104854,10313,2026-08-12 07:46:20,2026-08-13 16:46:20,completed,mobile_app
104855,10488,2026-08-12 23:51:56,2026-08-13 02:51:56,completed,web
104856,10689,2026-08-12 12:06:06,2026-08-12 19:06:06,returned,mobile_app
104857,10469,2026-08-12 00:41:21,2026-08-13 12:41:21,cancelled,web
104858,10680,2026-08-12 18:23:11,2026-08-13 07:23:11,completed,web
104859,10332,2026-08-12 19:21:17,2026-08-13 21:21:17,completed,web
104860,10484,2026-08-12 21:13:33,2026-08-13 16:13:33,completed,mobile_app
104861,10590,2026-08-12 18:51:27,2026-08-13 22:51:27,completed,mobile_app
104862,10196,2026-08-12 12:06:16,2026-08-12 20:06:16,returned,web
104863,10385,2026-08-12 14:10:43,2026-08-14 08:10:43,cancelled,mobile_app
104864,10381,2026-08-12 18:40:02,2026-08-13 10:40:02,completed,web
104865,10627,2026-08-12 15:37:50,2026-08-14 00:37:50,completed,marketplace
104866,10450,2026-08-12 21:57:47,2026-08-12 22:57:47,cancelled,web
104867,10337,2026-08-12 03:25:28,2026-08-13 05:25:28,completed,mobile_app
104868,10671,2026-08-12 10:12:56,2026-08-14 00:12:56,completed,mobile_app
104869,10557,2026-08-12 13:35:41,2026-08-12 17:35:41,completed,mobile_app
104870,10054,2026-08-12 23:51:26,2026-08-13 17:51:26,cancelled,mobile_app
104871,10653,2026-08-12 21:12:05,2026-08-13 12:12:05,completed,mobile_app
104872,10402,2026-08-12 16:25:00,2026-08-14 07:25:00,completed,web
104873,10028,2026-08-12 17:22:05,2026-08-14 08:22:05,completed,web
104874,10236,2026-08-12 18:05:54,2026-08-13 13:05:54,completed,mobile_app
104875,10331,2026-08-12 22:11:04,2026-08-14 09:11:04,completed,web
104876,10586,2026-08-12 11:29:17,2026-08-13 12:29:17,returned,web
104877,10377,2026-08-12 17:14:37,2026-08-13 14:14:37,completed,web
104878,10456,2026-08-12 05:22:11,2026-08-13 05:22:11,completed,web
104879,10212,2026-08-12 14:21:03,2026-08-12 19:21:03,completed,web
104880,10064,2026-08-12 00:06:26,2026-08-13 14:06:26,completed,web
104881,10258,2026-08-12 13:11:07,2026-08-14 09:11:07,completed,mobile_app
104882,10192,2026-08-12 15:18:38,2026-08-13 23:18:38,completed,mobile_app
104883,10668,2026-08-12 09:30:03,2026-08-13 04:30:03,completed,mobile_app
104884,10668,2026-08-12 11:13:00,2026-08-13 10:13:00,completed,mobile_app
104885,10548,2026-08-12 14:03:50,2026-08-13 13:03:50,returned,mobile_app
104886,10519,2026-08-12 23:03:23,2026-08-14 11:03:23,completed,web
104887,10456,2026-08-12 04:50:53,2026-08-13 20:50:53,completed,mobile_app
104888,10757,2026-08-12 17:22:31,2026-08-14 08:22:31,completed,web
104889,10512,2026-08-12 09:24:50,2026-08-12 14:24:50,completed,web
104890,10024,2026-08-12 01:16:30,2026-08-13 07:16:30,cancelled,web
104891,10014,2026-08-12 23:41:17,2026-08-14 10:41:17,cancelled,mobile_app
104892,10601,2026-08-12 09:20:16,2026-08-13 21:20:16,completed,web
104893,10407,2026-08-13 00:09:15,2026-08-14 01:09:15,completed,mobile_app
104894,10143,2026-08-13 06:54:59,2026-08-13 14:54:59,cancelled,web
104895,10439,2026-08-13 07:48:19,2026-08-13 14:48:19,completed,web
104896,10193,2026-08-13 17:13:08,2026-08-15 13:13:08,completed,mobile_app
104897,10581,2026-08-13 11:24:17,2026-08-13 23:24:17,completed,mobile_app
104898,10270,2026-08-13 01:21:33,2026-08-14 20:21:33,completed,web
104899,10003,2026-08-13 19:07:32,2026-08-15 18:07:32,completed,mobile_app
104900,10447,2026-08-13 11:30:20,2026-08-13 19:30:20,cancelled,mobile_app
104901,10378,2026-08-13 12:58:01,2026-08-14 22:58:01,completed,marketplace
104902,10333,2026-08-13 04:06:37,2026-08-13 09:06:37,completed,web
104903,10392,2026-08-13 06:12:42,2026-08-14 00:12:42,completed,mobile_app
104904,10566,2026-08-13 09:55:43,2026-08-15 08:55:43,completed,mobile_app
104905,10264,2026-08-13 01:37:28,2026-08-14 15:37:28,completed,web
104906,10038,2026-08-13 14:43:47,2026-08-14 12:43:47,completed,mobile_app
104907,10350,2026-08-13 04:54:08,2026-08-14 15:54:08,completed,web
104908,10433,2026-08-13 02:14:12,2026-08-14 14:14:12,completed,mobile_app
104909,10049,2026-08-13 08:24:53,2026-08-14 19:24:53,completed,mobile_app
104910,10483,2026-08-13 19:01:22,2026-08-14 23:01:22,completed,mobile_app
104911,10652,2026-08-13 13:15:52,2026-08-13 20:15:52,completed,marketplace
104912,10378,2026-08-13 00:12:16,2026-08-13 07:12:16,completed,mobile_app
104913,10602,2026-08-13 21:44:01,2026-08-14 09:44:01,completed,web
104914,10697,2026-08-13 20:55:31,2026-08-15 20:55:31,completed,web
104915,10048,2026-08-13 21:33:01,2026-08-13 23:33:01,completed,marketplace
104916,10603,2026-08-13 08:02:56,2026-08-15 08:02:56,completed,mobile_app
104917,10043,2026-08-13 12:18:59,2026-08-15 05:18:59,completed,web
104918,10575,2026-08-13 08:15:43,2026-08-14 07:15:43,completed,marketplace
104919,10500,2026-08-13 06:58:05,2026-08-14 01:58:05,completed,mobile_app
104920,10219,2026-08-13 23:49:48,2026-08-14 01:49:48,completed,marketplace
104921,10481,2026-08-13 08:17:13,2026-08-13 16:17:13,completed,marketplace
104922,10623,2026-08-13 10:25:53,2026-08-15 02:25:53,returned,marketplace
104923,10560,2026-08-13 11:54:52,2026-08-14 07:54:52,completed,web
104924,10772,2026-08-13 15:49:59,2026-08-15 01:49:59,completed,marketplace
104925,10168,2026-08-13 13:21:06,2026-08-14 00:21:06,completed,web
104926,10086,2026-08-13 23:04:25,2026-08-15 07:04:25,completed,web
104927,10641,2026-08-13 15:38:27,2026-08-14 10:38:27,completed,web
104928,10024,2026-08-13 04:09:52,2026-08-14 04:09:52,completed,web
104929,10263,2026-08-13 14:35:12,2026-08-15 09:35:12,completed,mobile_app
104930,10192,2026-08-13 05:58:58,2026-08-14 16:58:58,completed,mobile_app
104931,10055,2026-08-13 00:24:00,2026-08-13 23:24:00,completed,web
104932,10407,2026-08-13 21:43:47,2026-08-14 13:43:47,completed,mobile_app
104933,10415,2026-08-13 23:30:30,2026-08-15 03:30:30,completed,web
104934,10065,2026-08-13 13:22:12,2026-08-15 03:22:12,completed,web
104935,10439,2026-08-13 11:45:55,2026-08-15 10:45:55,cancelled,mobile_app
104936,10204,2026-08-13 08:48:35,2026-08-14 14:48:35,completed,mobile_app
104937,10498,2026-08-13 13:17:31,2026-08-13 22:17:31,completed,mobile_app
104938,10276,2026-08-13 11:35:35,2026-08-14 18:35:35,returned,mobile_app
104939,10430,2026-08-13 07:08:20,2026-08-14 05:08:20,completed,web
104940,10312,2026-08-13 05:09:47,2026-08-14 04:09:47,completed,mobile_app
104941,10175,2026-08-13 01:08:02,2026-08-13 08:08:02,returned,web
104942,10232,2026-08-13 15:34:58,2026-08-14 06:34:58,returned,web
104943,10449,2026-08-13 20:14:26,2026-08-15 17:14:26,completed,marketplace
104944,10562,2026-08-13 12:48:00,2026-08-13 17:48:00,completed,web
104945,10356,2026-08-13 23:19:07,2026-08-14 02:19:07,completed,web
104946,10779,2026-08-13 10:16:24,2026-08-15 08:16:24,completed,mobile_app
104947,10566,2026-08-13 02:52:50,2026-08-13 23:52:50,completed,web
104948,10141,2026-08-13 02:13:14,2026-08-13 14:13:14,completed,web
104949,10003,2026-08-13 15:49:19,2026-08-15 05:49:19,completed,web
104950,10622,2026-08-13 12:07:00,2026-08-15 07:07:00,completed,web
104951,10312,2026-08-13 03:06:10,2026-08-14 23:06:10,completed,web
104952,10112,2026-08-13 13:50:37,2026-08-14 15:50:37,completed,web
104953,10194,2026-08-13 09:34:22,2026-08-14 04:34:22,completed,web
104954,10256,2026-08-13 09:28:46,2026-08-13 16:28:46,completed,web
104955,10117,2026-08-13 02:29:50,2026-08-14 04:29:50,completed,mobile_app
104956,10598,2026-08-13 17:44:54,2026-08-14 19:44:54,completed,mobile_app
104957,10073,2026-08-13 08:19:40,2026-08-13 16:19:40,completed,mobile_app
104958,10099,2026-08-13 07:36:26,2026-08-13 12:36:26,completed,mobile_app
104959,10373,2026-08-13 20:27:46,2026-08-14 04:27:46,completed,web
104960,10252,2026-08-13 21:35:02,2026-08-14 17:35:02,returned,web
104961,10500,2026-08-13 05:45:27,2026-08-13 16:45:27,returned,mobile_app
104962,10003,2026-08-13 16:29:10,2026-08-14 06:29:10,cancelled,web
104963,10094,2026-08-13 20:33:44,2026-08-14 00:33:44,cancelled,marketplace
104964,10759,2026-08-13 19:21:53,2026-08-15 14:21:53,returned,mobile_app
104965,10131,2026-08-13 00:08:20,2026-08-13 08:08:20,completed,web
104966,10139,2026-08-13 18:57:09,2026-08-14 06:57:09,completed,marketplace
104967,10310,2026-08-13 16:16:31,2026-08-15 11:16:31,completed,marketplace
104968,10069,2026-08-13 03:18:27,2026-08-14 21:18:27,completed,web
104969,10009,2026-08-13 12:34:05,2026-08-15 03:34:05,completed,web
104970,10639,2026-08-14 17:29:56,2026-08-14 18:29:56,completed,web
104971,10712,2026-08-14 22:25:56,2026-08-15 04:25:56,completed,web
104972,10489,2026-08-14 14:54:23,2026-08-14 22:54:23,completed,mobile_app
104973,10117,2026-08-14 06:50:20,2026-08-14 18:50:20,completed,web
104974,10211,2026-08-14 06:03:46,2026-08-14 22:03:46,completed,marketplace
104975,10671,2026-08-14 12:28:55,2026-08-14 15:28:55,completed,marketplace
104976,10212,2026-08-14 15:12:51,2026-08-15 00:12:51,completed,web
104977,10294,2026-08-14 22:39:12,2026-08-16 17:39:12,completed,marketplace
104978,10135,2026-08-14 21:46:35,2026-08-16 01:46:35,completed,web
104979,10093,2026-08-14 12:10:08,2026-08-15 04:10:08,cancelled,web
104980,10652,2026-08-14 00:59:24,2026-08-14 09:59:24,completed,web
104981,10671,2026-08-14 10:01:51,2026-08-15 16:01:51,returned,web
104982,10519,2026-08-14 11:51:20,2026-08-15 05:51:20,completed,web
104983,10302,2026-08-14 17:09:51,2026-08-14 19:09:51,completed,mobile_app
104984,10029,2026-08-14 02:05:35,2026-08-14 19:05:35,completed,web
104985,10151,2026-08-14 15:08:01,2026-08-16 06:08:01,returned,marketplace
104986,10406,2026-08-14 08:36:20,2026-08-15 09:36:20,completed,mobile_app
104987,10231,2026-08-14 16:02:31,2026-08-14 21:02:31,completed,web
104988,10369,2026-08-14 08:47:06,2026-08-15 02:47:06,completed,mobile_app
104989,10412,2026-08-14 23:58:55,2026-08-15 17:58:55,completed,marketplace
104990,10165,2026-08-14 20:43:11,2026-08-16 17:43:11,completed,web
104991,10319,2026-08-14 17:41:55,2026-08-16 17:41:55,completed,marketplace
104992,10409,2026-08-14 11:17:47,2026-08-14 17:17:47,completed,mobile_app
104993,10058,2026-08-14 13:21:45,2026-08-15 06:21:45,completed,web
104994,10752,2026-08-14 18:45:55,2026-08-15 19:45:55,completed,web
104995,10240,2026-08-14 16:25:58,2026-08-15 09:25:58,completed,mobile_app
104996,10457,2026-08-14 17:24:37,2026-08-15 00:24:37,completed,web
104997,10317,2026-08-14 22:43:44,2026-08-16 12:43:44,completed,marketplace
104998,10150,2026-08-14 12:24:51,2026-08-15 00:24:51,completed,web
104999,10619,2026-08-14 17:01:15,2026-08-14 21:01:15,completed,web
105000,10295,2026-08-14 14:26:34,2026-08-16 04:26:34,completed,web
105001,10403,2026-08-14 23:59:59,2026-08-16 23:59:59,completed,web
105002,10098,2026-08-14 08:10:39,2026-08-16 05:10:39,completed,mobile_app
105003,10585,2026-08-14 15:34:45,2026-08-15 19:34:45,completed,web
105004,10413,2026-08-14 10:04:28,2026-08-16 10:04:28,completed,web
105005,10344,2026-08-14 19:38:37,2026-08-15 04:38:37,completed,web
105006,10354,2026-08-14 21:55:49,2026-08-16 00:55:49,completed,marketplace
105007,10257,2026-08-14 04:06:13,2026-08-16 04:06:13,cancelled,mobile_app
105008,10346,2026-08-14 06:58:39,2026-08-16 05:58:39,completed,mobile_app
105009,10113,2026-08-14 19:11:31,2026-08-15 23:11:31,completed,web
105010,10479,2026-08-14 18:40:36,2026-08-15 08:40:36,completed,mobile_app
105011,10644,2026-08-14 10:04:19,2026-08-15 23:04:19,completed,web
105012,10639,2026-08-14 10:45:32,2026-08-15 00:45:32,completed,marketplace
105013,10427,2026-08-14 09:38:35,2026-08-14 23:38:35,completed,marketplace
105014,10016,2026-08-14 14:37:38,2026-08-15 22:37:38,completed,web
105015,10557,2026-08-14 23:22:27,2026-08-15 03:22:27,returned,web
105016,10322,2026-08-14 09:18:48,2026-08-15 08:18:48,completed,web
105017,10080,2026-08-14 06:15:47,2026-08-14 09:15:47,completed,marketplace
105018,10438,2026-08-14 21:19:00,2026-08-15 20:19:00,completed,mobile_app
105019,10217,2026-08-14 07:31:06,2026-08-15 00:31:06,completed,web
105020,10099,2026-08-14 15:27:25,2026-08-15 01:27:25,completed,mobile_app
105021,10002,2026-08-14 16:05:08,2026-08-16 04:05:08,completed,web
105022,10341,2026-08-14 22:55:00,2026-08-15 01:55:00,completed,mobile_app
105023,10408,2026-08-14 19:32:18,2026-08-14 21:32:18,completed,web
105024,10618,2026-08-14 22:21:06,2026-08-15 21:21:06,completed,web
105025,10458,2026-08-14 11:09:24,2026-08-15 08:09:24,completed,marketplace
105026,10226,2026-08-14 19:42:49,2026-08-15 18:42:49,returned,marketplace
105027,10217,2026-08-14 01:47:36,2026-08-15 09:47:36,completed,mobile_app
105028,10232,2026-08-14 20:57:35,2026-08-16 16:57:35,cancelled,web
105029,10290,2026-08-14 10:56:13,2026-08-14 13:56:13,completed,mobile_app
105030,10451,2026-08-14 17:29:59,2026-08-15 23:29:59,completed,web
105031,10319,2026-08-14 10:31:55,2026-08-15 03:31:55,completed,mobile_app
105032,10427,2026-08-14 09:09:17,2026-08-16 00:09:17,completed,web
105033,10515,2026-08-14 09:38:44,2026-08-16 02:38:44,completed,mobile_app
105034,10063,2026-08-14 15:47:33,2026-08-15 17:47:33,completed,web
105035,10127,2026-08-14 03:57:17,2026-08-15 22:57:17,completed,web
105036,10692,2026-08-14 22:34:36,2026-08-15 03:34:36,completed,marketplace
105037,10100,2026-08-15 22:55:04,2026-08-17 06:55:04,returned,marketplace
105038,10794,2026-08-15 14:59:05,2026-08-16 06:59:05,completed,web
105039,10374,2026-08-15 20:44:24,2026-08-16 14:44:24,completed,mobile_app
105040,10613,2026-08-15 20:55:10,2026-08-16 01:55:10,completed,mobile_app
105041,10613,2026-08-15 08:45:52,2026-08-15 19:45:52,completed,marketplace
105042,10609,2026-08-15 03:28:48,2026-08-16 22:28:48,completed,mobile_app
105043,10258,2026-08-15 12:09:42,2026-08-16 21:09:42,completed,web
105044,10619,2026-08-15 23:05:36,2026-08-16 22:05:36,completed,mobile_app
105045,10085,2026-08-15 11:41:30,2026-08-16 04:41:30,completed,marketplace
105046,10366,2026-08-15 22:36:29,2026-08-17 03:36:29,completed,web
105047,10246,2026-08-15 04:55:41,2026-08-16 01:55:41,completed,web
105048,10439,2026-08-15 07:42:43,2026-08-16 01:42:43,completed,mobile_app
105049,10095,2026-08-15 08:42:39,2026-08-16 20:42:39,completed,web
105050,10460,2026-08-15 12:58:29,2026-08-17 01:58:29,completed,web
105051,10623,2026-08-15 19:28:15,2026-08-17 11:28:15,cancelled,marketplace
105052,10118,2026-08-15 05:14:09,2026-08-16 21:14:09,completed,marketplace
105053,10272,2026-08-15 07:35:07,2026-08-16 13:35:07,completed,web
105054,10041,2026-08-15 01:08:48,2026-08-16 14:08:48,completed,mobile_app
105055,10537,2026-08-15 00:27:19,2026-08-16 06:27:19,returned,mobile_app
105056,10354,2026-08-15 01:26:15,2026-08-15 13:26:15,completed,marketplace
105057,10159,2026-08-15 11:53:07,2026-08-16 15:53:07,completed,web
105058,10539,2026-08-15 18:27:33,2026-08-16 21:27:33,completed,web
105059,10593,2026-08-15 19:54:08,2026-08-16 04:54:08,completed,web
105060,10701,2026-08-15 18:50:12,2026-08-16 05:50:12,completed,web
105061,10493,2026-08-15 19:32:26,2026-08-15 23:32:26,completed,mobile_app
105062,10413,2026-08-15 06:05:16,2026-08-16 08:05:16,completed,mobile_app
105063,10477,2026-08-15 09:59:07,2026-08-15 18:59:07,completed,marketplace
105064,10415,2026-08-15 13:53:26,2026-08-15 23:53:26,returned,web
105065,10321,2026-08-15 08:44:26,2026-08-16 08:44:26,completed,web
105066,10572,2026-08-15 11:25:20,2026-08-15 16:25:20,completed,mobile_app
105067,10322,2026-08-15 02:25:46,2026-08-16 20:25:46,completed,marketplace
105068,10344,2026-08-15 16:05:42,2026-08-16 19:05:42,completed,mobile_app
105069,10528,2026-08-15 09:44:43,2026-08-17 09:44:43,returned,marketplace
105070,10241,2026-08-15 14:23:07,2026-08-16 20:23:07,completed,mobile_app
105071,10584,2026-08-15 20:10:09,2026-08-16 19:10:09,completed,marketplace
105072,10625,2026-08-15 06:22:06,2026-08-15 22:22:06,completed,web
105073,10500,2026-08-15 02:58:35,2026-08-16 14:58:35,completed,mobile_app
105074,10215,2026-08-15 08:14:14,2026-08-16 07:14:14,completed,web
105075,10524,2026-08-15 11:33:00,2026-08-17 06:33:00,completed,mobile_app
105076,10019,2026-08-15 05:42:01,2026-08-16 14:42:01,cancelled,web
105077,10349,2026-08-15 11:15:59,2026-08-15 14:15:59,cancelled,mobile_app
105078,10073,2026-08-15 05:02:21,2026-08-15 23:02:21,completed,marketplace
105079,10293,2026-08-15 17:14:46,2026-08-16 23:14:46,completed,web
105080,10695,2026-08-15 13:13:09,2026-08-16 15:13:09,completed,mobile_app
105081,10250,2026-08-15 09:27:32,2026-08-16 13:27:32,completed,web
105082,10273,2026-08-15 03:18:25,2026-08-16 04:18:25,completed,mobile_app
105083,10487,2026-08-15 08:57:30,2026-08-15 20:57:30,completed,mobile_app
105084,10294,2026-08-15 02:33:56,2026-08-16 22:33:56,cancelled,marketplace
105085,10750,2026-08-15 04:44:56,2026-08-16 07:44:56,cancelled,marketplace
105086,10623,2026-08-15 14:50:07,2026-08-16 10:50:07,completed,web
105087,10654,2026-08-15 17:05:34,2026-08-17 06:05:34,completed,web
105088,10476,2026-08-15 10:48:13,2026-08-15 12:48:13,completed,mobile_app
105089,10348,2026-08-15 13:24:40,2026-08-15 19:24:40,completed,web
105090,10107,2026-08-15 08:31:36,2026-08-15 10:31:36,completed,mobile_app
105091,10465,2026-08-15 20:42:13,2026-08-16 00:42:13,completed,mobile_app
105092,10514,2026-08-15 08:42:12,2026-08-17 06:42:12,completed,web
105093,10059,2026-08-15 03:25:01,2026-08-16 14:25:01,completed,web
105094,10373,2026-08-15 16:22:38,2026-08-16 08:22:38,completed,mobile_app
105095,10427,2026-08-15 15:50:30,2026-08-15 22:50:30,completed,mobile_app
105096,10433,2026-08-15 18:11:08,2026-08-16 21:11:08,completed,marketplace
105097,10189,2026-08-15 10:54:05,2026-08-17 00:54:05,completed,web
105098,10644,2026-08-15 16:05:54,2026-08-16 04:05:54,cancelled,web
105099,10639,2026-08-15 09:37:23,2026-08-17 07:37:23,completed,mobile_app
105100,10714,2026-08-15 18:30:20,2026-08-17 07:30:20,completed,web
105101,10332,2026-08-15 02:27:59,2026-08-16 20:27:59,completed,web
105102,10651,2026-08-15 05:31:48,2026-08-16 11:31:48,completed,web
105103,10379,2026-08-15 17:22:07,2026-08-16 09:22:07,completed,marketplace
105104,10535,2026-08-15 18:35:37,2026-08-16 09:35:37,returned,web
105105,10582,2026-08-15 18:19:49,2026-08-17 04:19:49,completed,marketplace
105106,10405,2026-08-15 07:26:01,2026-08-16 02:26:01,completed,web
105107,10394,2026-08-15 09:51:37,2026-08-15 12:51:37,completed,marketplace
105108,10588,2026-08-15 10:36:52,2026-08-15 23:36:52,completed,mobile_app
105109,10565,2026-08-15 11:31:50,2026-08-16 10:31:50,completed,web
105110,10628,2026-08-15 04:20:13,2026-08-15 11:20:13,completed,mobile_app
105111,10176,2026-08-15 18:32:15,2026-08-17 06:32:15,completed,mobile_app
105112,10091,2026-08-15 05:24:52,2026-08-16 18:24:52,completed,web
105113,10577,2026-08-15 12:31:33,2026-08-16 23:31:33,completed,web
105114,10767,2026-08-15 08:37:26,2026-08-16 10:37:26,completed,mobile_app
105115,10742,2026-08-16 09:17:31,2026-08-17 22:17:31,cancelled,mobile_app
105116,10114,2026-08-16 01:18:09,2026-08-17 13:18:09,completed,web
105117,10478,2026-08-16 09:50:44,2026-08-17 18:50:44,completed,web
105118,10351,2026-08-16 10:41:40,2026-08-17 22:41:40,cancelled,mobile_app
105119,10661,2026-08-16 03:03:31,2026-08-16 20:03:31,completed,web
105120,10389,2026-08-16 19:05:15,2026-08-16 22:05:15,completed,marketplace
105121,10176,2026-08-16 07:19:48,2026-08-18 01:19:48,completed,marketplace
105122,10710,2026-08-16 06:32:49,2026-08-16 08:32:49,completed,web
105123,10025,2026-08-16 03:29:38,2026-08-16 08:29:38,completed,mobile_app
105124,10127,2026-08-16 02:56:46,2026-08-16 17:56:46,completed,mobile_app
105125,10311,2026-08-16 21:47:45,2026-08-18 02:47:45,completed,mobile_app
105126,10343,2026-08-16 21:21:07,2026-08-17 08:21:07,completed,marketplace
105127,10347,2026-08-16 21:05:32,2026-08-18 16:05:32,completed,web
105128,10095,2026-08-16 23:13:26,2026-08-18 11:13:26,completed,web
105129,10520,2026-08-16 02:54:51,2026-08-16 14:54:51,completed,web
105130,10073,2026-08-16 23:10:35,2026-08-18 00:10:35,completed,web
105131,10372,2026-08-16 19:09:11,2026-08-18 00:09:11,completed,mobile_app
105132,10371,2026-08-16 17:55:53,2026-08-17 01:55:53,completed,web
105133,10635,2026-08-16 03:06:59,2026-08-16 07:06:59,completed,web
105134,10357,2026-08-16 09:35:17,2026-08-18 05:35:17,completed,marketplace
105135,10507,2026-08-16 15:47:00,2026-08-18 06:47:00,completed,web
105136,10034,2026-08-16 06:16:28,2026-08-17 18:16:28,completed,mobile_app
105137,10699,2026-08-16 09:57:14,2026-08-18 02:57:14,completed,mobile_app
105138,10566,2026-08-16 17:20:09,2026-08-17 18:20:09,completed,web
105139,10296,2026-08-16 10:50:39,2026-08-17 12:50:39,completed,mobile_app
105140,10003,2026-08-16 08:56:08,2026-08-16 17:56:08,completed,web
105141,10353,2026-08-16 11:45:21,2026-08-16 14:45:21,completed,mobile_app
105142,10261,2026-08-16 12:42:11,2026-08-17 05:42:11,completed,web
105143,10605,2026-08-16 16:41:59,2026-08-18 07:41:59,returned,web
105144,10083,2026-08-16 16:12:25,2026-08-17 06:12:25,completed,web
105145,10260,2026-08-16 00:24:07,2026-08-17 02:24:07,completed,web
105146,10584,2026-08-16 19:18:41,2026-08-18 19:18:41,returned,marketplace
105147,10039,2026-08-16 13:18:42,2026-08-18 12:18:42,cancelled,web
105148,10653,2026-08-16 08:06:29,2026-08-16 14:06:29,completed,mobile_app
105149,10582,2026-08-16 20:01:54,2026-08-17 21:01:54,completed,mobile_app
105150,10277,2026-08-16 15:10:55,2026-08-17 15:10:55,completed,mobile_app
105151,10220,2026-08-16 14:35:04,2026-08-17 18:35:04,completed,web
105152,10660,2026-08-16 09:26:00,2026-08-16 13:26:00,completed,mobile_app
105153,10592,2026-08-16 23:53:55,2026-08-17 12:53:55,completed,mobile_app
105154,10262,2026-08-16 11:32:42,2026-08-18 11:32:42,completed,web
105155,10292,2026-08-16 13:41:27,2026-08-17 02:41:27,completed,mobile_app
105156,10648,2026-08-16 22:07:14,2026-08-17 00:07:14,completed,web
105157,10067,2026-08-16 05:42:22,2026-08-17 14:42:22,cancelled,web
105158,10063,2026-08-16 05:59:33,2026-08-16 20:59:33,completed,web
105159,10354,2026-08-16 13:36:55,2026-08-16 20:36:55,completed,mobile_app
105160,10788,2026-08-16 18:12:52,2026-08-17 12:12:52,completed,web
105161,10564,2026-08-16 07:39:54,2026-08-17 17:39:54,completed,web
105162,10023,2026-08-16 03:08:45,2026-08-18 01:08:45,completed,mobile_app
105163,10483,2026-08-16 13:21:30,2026-08-18 08:21:30,completed,marketplace
105164,10503,2026-08-16 00:23:11,2026-08-17 00:23:11,completed,web
105165,10223,2026-08-16 13:11:53,2026-08-18 10:11:53,cancelled,web
105166,10457,2026-08-16 06:16:35,2026-08-16 16:16:35,completed,web
105167,10585,2026-08-16 21:46:11,2026-08-17 22:46:11,completed,web
105168,10582,2026-08-16 11:07:14,2026-08-18 03:07:14,completed,web
105169,10014,2026-08-16 18:11:50,2026-08-16 22:11:50,completed,mobile_app
105170,10634,2026-08-16 16:01:26,2026-08-18 09:01:26,completed,web
105171,10394,2026-08-16 10:05:13,2026-08-17 18:05:13,completed,mobile_app
105172,10049,2026-08-16 02:00:07,2026-08-16 16:00:07,completed,marketplace
105173,10593,2026-08-17 00:17:16,2026-08-18 09:17:16,completed,web
105174,10108,2026-08-17 03:56:45,2026-08-17 14:56:45,completed,web
105175,10084,2026-08-17 07:41:34,2026-08-18 05:41:34,completed,web
105176,10150,2026-08-17 04:56:40,2026-08-17 09:56:40,completed,mobile_app
105177,10562,2026-08-17 00:51:45,2026-08-18 01:51:45,completed,web
105178,10714,2026-08-17 16:27:55,2026-08-18 13:27:55,completed,web
105179,10333,2026-08-17 17:48:02,2026-08-19 10:48:02,completed,web
105180,10032,2026-08-17 07:06:38,2026-08-17 11:06:38,completed,web
105181,10097,2026-08-17 00:12:46,2026-08-17 21:12:46,completed,web
105182,10410,2026-08-17 17:58:34,2026-08-18 06:58:34,completed,web
105183,10665,2026-08-17 10:41:50,2026-08-18 20:41:50,completed,web
105184,10414,2026-08-17 01:22:08,2026-08-17 13:22:08,cancelled,marketplace
105185,10339,2026-08-17 07:36:18,2026-08-18 03:36:18,completed,web
105186,10382,2026-08-17 02:34:50,2026-08-18 03:34:50,completed,web
105187,10205,2026-08-17 10:23:21,2026-08-19 07:23:21,completed,marketplace
105188,10539,2026-08-17 13:25:53,2026-08-18 00:25:53,completed,web
105189,10200,2026-08-17 08:16:51,2026-08-18 14:16:51,completed,mobile_app
105190,10603,2026-08-17 00:39:53,2026-08-17 05:39:53,completed,mobile_app
105191,10364,2026-08-17 19:16:50,2026-08-18 15:16:50,completed,mobile_app
105192,10753,2026-08-17 07:26:23,2026-08-19 06:26:23,completed,web
105193,10122,2026-08-17 12:40:36,2026-08-18 17:40:36,completed,mobile_app
105194,10517,2026-08-17 05:10:32,2026-08-18 06:10:32,completed,web
105195,10637,2026-08-17 04:07:25,2026-08-17 22:07:25,cancelled,web
105196,10168,2026-08-17 17:11:30,2026-08-19 05:11:30,completed,mobile_app
105197,10657,2026-08-17 12:11:38,2026-08-18 06:11:38,completed,web
105198,10333,2026-08-17 03:13:58,2026-08-17 06:13:58,completed,mobile_app
105199,10504,2026-08-17 17:54:03,2026-08-19 07:54:03,completed,web
105200,10186,2026-08-17 02:58:47,2026-08-18 07:58:47,completed,mobile_app
105201,10614,2026-08-17 22:52:43,2026-08-19 05:52:43,completed,marketplace
105202,10075,2026-08-17 03:44:29,2026-08-18 13:44:29,completed,web
105203,10690,2026-08-17 02:53:33,2026-08-18 04:53:33,completed,web
105204,10198,2026-08-17 22:14:13,2026-08-19 07:14:13,completed,web
105205,10500,2026-08-17 08:50:40,2026-08-18 23:50:40,completed,web
105206,10036,2026-08-17 00:35:55,2026-08-17 13:35:55,completed,web
105207,10684,2026-08-17 10:45:01,2026-08-19 01:45:01,completed,web
105208,10667,2026-08-17 06:42:10,2026-08-19 06:42:10,returned,web
105209,10533,2026-08-17 07:54:02,2026-08-17 09:54:02,completed,mobile_app
105210,10487,2026-08-17 16:10:43,2026-08-19 02:10:43,completed,mobile_app
105211,10216,2026-08-17 21:52:41,2026-08-18 07:52:41,returned,web
105212,10286,2026-08-17 10:04:03,2026-08-17 13:04:03,completed,web
105213,10327,2026-08-17 18:08:15,2026-08-19 14:08:15,completed,web
105214,10484,2026-08-17 20:40:06,2026-08-19 13:40:06,completed,marketplace
105215,10340,2026-08-17 14:11:40,2026-08-18 00:11:40,completed,marketplace
105216,10778,2026-08-17 16:07:59,2026-08-18 20:07:59,completed,marketplace
105217,10557,2026-08-17 22:16:23,2026-08-18 03:16:23,completed,mobile_app
105218,10464,2026-08-17 01:02:55,2026-08-18 00:02:55,returned,mobile_app
105219,10075,2026-08-17 17:05:22,2026-08-18 01:05:22,completed,mobile_app
105220,10575,2026-08-17 15:20:16,2026-08-18 16:20:16,cancelled,web
105221,10736,2026-08-17 19:08:45,2026-08-18 18:08:45,completed,web
105222,10610,2026-08-17 05:18:36,2026-08-18 03:18:36,completed,mobile_app
105223,10285,2026-08-17 15:41:19,2026-08-19 09:41:19,completed,web
105224,10076,2026-08-17 02:59:25,2026-08-18 04:59:25,completed,mobile_app
105225,10046,2026-08-17 00:37:24,2026-08-17 08:37:24,completed,marketplace
105226,10023,2026-08-17 03:05:03,2026-08-17 22:05:03,completed,web
105227,10706,2026-08-17 04:38:40,2026-08-17 14:38:40,completed,web
105228,10628,2026-08-17 20:16:58,2026-08-19 01:16:58,completed,mobile_app
105229,10365,2026-08-17 18:34:17,2026-08-19 12:34:17,completed,mobile_app
105230,10285,2026-08-17 15:10:28,2026-08-18 18:10:28,cancelled,marketplace
105231,10614,2026-08-17 03:25:57,2026-08-17 12:25:57,cancelled,web
105232,10635,2026-08-17 10:06:04,2026-08-19 05:06:04,completed,web
105233,10378,2026-08-17 16:35:20,2026-08-18 20:35:20,completed,web
105234,10663,2026-08-17 14:00:21,2026-08-18 21:00:21,completed,web
105235,10146,2026-08-17 02:54:33,2026-08-17 09:54:33,completed,web
105236,10513,2026-08-18 14:11:24,2026-08-19 12:11:24,completed,web
105237,10744,2026-08-18 01:43:51,2026-08-18 20:43:51,completed,mobile_app
105238,10148,2026-08-18 08:37:39,2026-08-19 09:37:39,completed,web
105239,10357,2026-08-18 04:51:08,2026-08-19 23:51:08,completed,mobile_app
105240,10793,2026-08-18 03:18:22,2026-08-18 18:18:22,completed,web
105241,10461,2026-08-18 03:52:41,2026-08-19 03:52:41,completed,mobile_app
105242,10027,2026-08-18 19:26:08,2026-08-19 09:26:08,completed,mobile_app
105243,10562,2026-08-18 04:24:23,2026-08-19 09:24:23,completed,web
105244,10108,2026-08-18 06:13:18,2026-08-19 21:13:18,completed,web
105245,10446,2026-08-18 17:48:12,2026-08-19 03:48:12,completed,web
105246,10201,2026-08-18 22:15:04,2026-08-19 17:15:04,completed,web
105247,10681,2026-08-18 01:33:41,2026-08-18 11:33:41,completed,marketplace
105248,10269,2026-08-18 10:02:09,2026-08-20 03:02:09,completed,web
105249,10736,2026-08-18 20:09:35,2026-08-19 08:09:35,completed,web
105250,10735,2026-08-18 18:28:14,2026-08-20 04:28:14,cancelled,marketplace
105251,10013,2026-08-18 15:32:11,2026-08-20 08:32:11,completed,web
105252,10697,2026-08-18 10:28:15,2026-08-19 03:28:15,completed,web
105253,10362,2026-08-18 06:40:13,2026-08-18 19:40:13,completed,marketplace
105254,10103,2026-08-18 16:13:21,2026-08-19 22:13:21,returned,marketplace
105255,10062,2026-08-18 10:49:18,2026-08-18 23:49:18,completed,marketplace
105256,10305,2026-08-18 04:39:47,2026-08-19 00:39:47,completed,marketplace
105257,10544,2026-08-18 02:09:56,2026-08-18 03:09:56,completed,marketplace
105258,10234,2026-08-18 20:52:29,2026-08-18 22:52:29,completed,web
105259,10721,2026-08-18 13:30:52,2026-08-20 13:30:52,cancelled,mobile_app
105260,10193,2026-08-18 19:06:35,2026-08-20 15:06:35,completed,mobile_app
105261,10254,2026-08-18 13:35:48,2026-08-19 13:35:48,completed,web
105262,10327,2026-08-18 03:10:10,2026-08-18 14:10:10,returned,mobile_app
105263,10252,2026-08-18 16:35:10,2026-08-19 16:35:10,completed,web
105264,10670,2026-08-18 16:17:15,2026-08-19 02:17:15,completed,web
105265,10217,2026-08-18 13:54:35,2026-08-20 09:54:35,completed,marketplace
105266,10618,2026-08-18 22:19:26,2026-08-19 06:19:26,completed,mobile_app
105267,10195,2026-08-18 20:31:49,2026-08-19 03:31:49,completed,mobile_app
105268,10389,2026-08-18 05:14:37,2026-08-19 16:14:37,completed,web
105269,10691,2026-08-18 01:10:00,2026-08-19 22:10:00,completed,mobile_app
105270,10672,2026-08-18 10:51:26,2026-08-19 19:51:26,completed,mobile_app
105271,10131,2026-08-18 02:28:09,2026-08-19 12:28:09,completed,marketplace
105272,10271,2026-08-18 07:26:00,2026-08-19 14:26:00,cancelled,web
105273,10384,2026-08-18 13:58:12,2026-08-18 21:58:12,completed,web
105274,10082,2026-08-18 14:20:40,2026-08-19 21:20:40,completed,web
105275,10683,2026-08-18 02:51:21,2026-08-19 20:51:21,completed,web
105276,10154,2026-08-18 13:02:38,2026-08-18 20:02:38,completed,mobile_app
105277,10407,2026-08-18 18:06:49,2026-08-19 00:06:49,completed,mobile_app
105278,10335,2026-08-18 13:00:08,2026-08-19 20:00:08,cancelled,web
105279,10512,2026-08-18 22:00:22,2026-08-19 11:00:22,completed,mobile_app
105280,10790,2026-08-18 19:41:26,2026-08-19 10:41:26,completed,web
105281,10291,2026-08-18 13:50:55,2026-08-19 19:50:55,completed,web
105282,10094,2026-08-18 08:40:23,2026-08-19 04:40:23,completed,web
105283,10411,2026-08-18 18:46:21,2026-08-20 03:46:21,completed,mobile_app
105284,10676,2026-08-18 12:14:09,2026-08-19 13:14:09,completed,web
105285,10520,2026-08-18 10:22:13,2026-08-19 04:22:13,completed,web
105286,10364,2026-08-18 06:51:03,2026-08-19 00:51:03,cancelled,marketplace
105287,10778,2026-08-18 22:22:32,2026-08-20 08:22:32,completed,web
105288,10039,2026-08-18 10:24:05,2026-08-19 09:24:05,completed,web
105289,10053,2026-08-18 02:47:15,2026-08-18 11:47:15,completed,web
105290,10353,2026-08-18 10:43:27,2026-08-18 20:43:27,completed,web
105291,10347,2026-08-18 04:35:01,2026-08-19 13:35:01,completed,mobile_app
105292,10318,2026-08-18 03:33:35,2026-08-19 11:33:35,completed,web
105293,10366,2026-08-18 17:58:13,2026-08-18 23:58:13,completed,web
105294,10563,2026-08-18 18:42:24,2026-08-19 13:42:24,completed,mobile_app
105295,10772,2026-08-18 23:11:06,2026-08-19 12:11:06,cancelled,web
105296,10512,2026-08-19 14:47:17,2026-08-20 10:47:17,completed,web
105297,10682,2026-08-19 18:40:29,2026-08-20 14:40:29,completed,mobile_app
105298,10759,2026-08-19 15:45:13,2026-08-21 11:45:13,completed,mobile_app
105299,10479,2026-08-19 13:50:58,2026-08-19 23:50:58,completed,web
105300,10748,2026-08-19 10:23:31,2026-08-21 10:23:31,completed,mobile_app
105301,10120,2026-08-19 22:32:58,2026-08-21 00:32:58,completed,marketplace
105302,10342,2026-08-19 11:10:25,2026-08-20 04:10:25,completed,web
105303,10557,2026-08-19 04:56:32,2026-08-20 10:56:32,completed,marketplace
105304,10435,2026-08-19 06:15:44,2026-08-20 05:15:44,completed,web
105305,10570,2026-08-19 16:34:45,2026-08-21 11:34:45,completed,marketplace
105306,10293,2026-08-19 21:56:30,2026-08-20 08:56:30,completed,mobile_app
105307,10354,2026-08-19 21:27:42,2026-08-21 07:27:42,completed,web
105308,10609,2026-08-19 13:13:43,2026-08-21 12:13:43,completed,web
105309,10588,2026-08-19 09:55:16,2026-08-21 02:55:16,completed,mobile_app
105310,10428,2026-08-19 18:16:11,2026-08-21 15:16:11,completed,mobile_app
105311,10765,2026-08-19 12:44:59,2026-08-20 13:44:59,completed,mobile_app
105312,10650,2026-08-19 09:50:37,2026-08-21 07:50:37,completed,mobile_app
105313,10653,2026-08-19 01:50:21,2026-08-20 12:50:21,completed,web
105314,10104,2026-08-19 17:56:50,2026-08-20 05:56:50,completed,marketplace
105315,10151,2026-08-19 15:53:49,2026-08-20 12:53:49,completed,mobile_app
105316,10546,2026-08-19 22:41:09,2026-08-20 09:41:09,returned,web
105317,10793,2026-08-19 08:00:21,2026-08-20 08:00:21,completed,web
105318,10255,2026-08-19 09:55:27,2026-08-20 21:55:27,completed,marketplace
105319,10051,2026-08-19 12:16:20,2026-08-20 18:16:20,completed,mobile_app
105320,10212,2026-08-19 11:14:39,2026-08-21 03:14:39,returned,web
105321,10139,2026-08-19 04:08:28,2026-08-20 06:08:28,completed,web
105322,10197,2026-08-19 06:04:28,2026-08-19 15:04:28,completed,mobile_app
105323,10370,2026-08-19 05:26:49,2026-08-19 12:26:49,completed,web
105324,10667,2026-08-19 15:46:57,2026-08-19 16:46:57,completed,mobile_app
105325,10060,2026-08-19 06:58:30,2026-08-20 08:58:30,completed,mobile_app
105326,10235,2026-08-19 22:21:45,2026-08-21 19:21:45,returned,web
105327,10287,2026-08-19 22:55:14,2026-08-20 14:55:14,completed,web
105328,10183,2026-08-19 04:05:41,2026-08-19 12:05:41,completed,web
105329,10572,2026-08-19 19:43:36,2026-08-20 12:43:36,completed,marketplace
105330,10058,2026-08-19 22:51:08,2026-08-20 19:51:08,completed,web
105331,10532,2026-08-19 03:55:10,2026-08-20 09:55:10,completed,web
105332,10066,2026-08-19 08:29:38,2026-08-20 23:29:38,completed,web
105333,10552,2026-08-19 21:30:17,2026-08-20 15:30:17,completed,web
105334,10201,2026-08-19 10:08:56,2026-08-19 15:08:56,completed,mobile_app
105335,10607,2026-08-19 18:41:01,2026-08-20 13:41:01,completed,web
105336,10518,2026-08-19 18:52:47,2026-08-21 00:52:47,completed,mobile_app
105337,10194,2026-08-19 05:45:48,2026-08-19 12:45:48,completed,web
105338,10131,2026-08-19 08:00:47,2026-08-19 10:00:47,completed,mobile_app
105339,10120,2026-08-19 16:49:12,2026-08-20 06:49:12,completed,web
105340,10438,2026-08-19 00:41:49,2026-08-19 06:41:49,returned,marketplace
105341,10592,2026-08-19 05:01:01,2026-08-20 14:01:01,completed,mobile_app
105342,10095,2026-08-19 07:31:05,2026-08-19 11:31:05,completed,web
105343,10576,2026-08-19 16:55:24,2026-08-21 07:55:24,completed,mobile_app
105344,10445,2026-08-19 21:39:58,2026-08-20 20:39:58,completed,web
105345,10068,2026-08-19 15:00:08,2026-08-19 16:00:08,completed,mobile_app
105346,10195,2026-08-19 04:29:10,2026-08-19 21:29:10,cancelled,marketplace
105347,10653,2026-08-19 13:37:01,2026-08-19 15:37:01,completed,web
105348,10109,2026-08-19 14:34:02,2026-08-21 02:34:02,completed,mobile_app
105349,10073,2026-08-19 16:06:23,2026-08-20 07:06:23,completed,mobile_app
105350,10048,2026-08-19 15:29:04,2026-08-20 20:29:04,completed,web
105351,10277,2026-08-19 07:01:30,2026-08-19 19:01:30,completed,marketplace
105352,10194,2026-08-20 02:02:25,2026-08-22 00:02:25,completed,web
105353,10140,2026-08-20 16:27:34,2026-08-22 14:27:34,completed,web
105354,10610,2026-08-20 15:29:13,2026-08-21 09:29:13,completed,web
105355,10288,2026-08-20 15:30:02,2026-08-22 07:30:02,completed,web
105356,10185,2026-08-20 19:16:07,2026-08-22 05:16:07,completed,web
105357,10626,2026-08-20 07:13:22,2026-08-21 22:13:22,completed,web
105358,10184,2026-08-20 09:46:20,2026-08-21 13:46:20,completed,marketplace
105359,10119,2026-08-20 08:48:10,2026-08-21 09:48:10,returned,mobile_app
105360,10426,2026-08-20 14:39:44,2026-08-21 00:39:44,completed,mobile_app
105361,10139,2026-08-20 08:09:21,2026-08-21 00:09:21,completed,mobile_app
105362,10310,2026-08-20 12:57:39,2026-08-20 23:57:39,completed,marketplace
105363,10112,2026-08-20 21:48:49,2026-08-21 08:48:49,completed,marketplace
105364,10002,2026-08-20 08:23:16,2026-08-21 07:23:16,completed,web
105365,10316,2026-08-20 21:02:46,2026-08-21 16:02:46,completed,web
105366,10653,2026-08-20 03:42:16,2026-08-21 10:42:16,cancelled,web
105367,10464,2026-08-20 23:53:00,2026-08-22 23:53:00,completed,web
105368,10302,2026-08-20 20:04:40,2026-08-21 00:04:40,completed,mobile_app
105369,10752,2026-08-20 08:38:35,2026-08-20 18:38:35,completed,mobile_app
105370,10354,2026-08-20 11:32:58,2026-08-21 07:32:58,completed,marketplace
105371,10349,2026-08-20 23:54:30,2026-08-22 22:54:30,returned,web
105372,10257,2026-08-20 22:11:36,2026-08-21 04:11:36,completed,mobile_app
105373,10651,2026-08-20 10:47:07,2026-08-21 19:47:07,completed,marketplace
105374,10378,2026-08-20 20:36:47,2026-08-21 06:36:47,completed,web
105375,10758,2026-08-20 23:16:57,2026-08-21 17:16:57,completed,web
105376,10562,2026-08-20 21:27:21,2026-08-22 14:27:21,completed,mobile_app
105377,10649,2026-08-20 17:50:07,2026-08-20 21:50:07,completed,web
105378,10750,2026-08-20 23:33:36,2026-08-21 16:33:36,completed,mobile_app
105379,10141,2026-08-20 11:11:42,2026-08-22 11:11:42,completed,marketplace
105380,10171,2026-08-20 14:09:32,2026-08-21 10:09:32,completed,web
105381,10056,2026-08-20 18:07:33,2026-08-20 23:07:33,completed,marketplace
105382,10532,2026-08-20 07:38:48,2026-08-22 00:38:48,completed,marketplace
105383,10440,2026-08-20 12:32:14,2026-08-21 05:32:14,completed,web
105384,10776,2026-08-20 15:06:55,2026-08-21 15:06:55,cancelled,web
105385,10751,2026-08-20 09:38:19,2026-08-20 14:38:19,returned,mobile_app
105386,10333,2026-08-20 11:09:54,2026-08-22 04:09:54,completed,web
105387,10421,2026-08-20 10:26:41,2026-08-21 00:26:41,completed,web
105388,10283,2026-08-20 23:25:06,2026-08-22 04:25:06,completed,web
105389,10767,2026-08-20 05:21:36,2026-08-21 09:21:36,completed,web
105390,10428,2026-08-20 20:52:48,2026-08-22 06:52:48,completed,web
105391,10173,2026-08-20 07:25:12,2026-08-21 10:25:12,completed,mobile_app
105392,10469,2026-08-20 12:57:44,2026-08-21 20:57:44,completed,web
105393,10036,2026-08-20 10:17:13,2026-08-20 20:17:13,completed,web
105394,10584,2026-08-20 08:48:42,2026-08-21 17:48:42,completed,marketplace
105395,10601,2026-08-20 03:52:15,2026-08-20 23:52:15,completed,mobile_app
105396,10179,2026-08-20 02:44:58,2026-08-22 00:44:58,completed,web
105397,10121,2026-08-20 23:56:28,2026-08-21 09:56:28,cancelled,mobile_app
105398,10060,2026-08-20 09:20:49,2026-08-20 20:20:49,completed,mobile_app
105399,10719,2026-08-20 12:37:56,2026-08-21 22:37:56,completed,web
105400,10695,2026-08-20 22:25:02,2026-08-21 16:25:02,completed,web
105401,10393,2026-08-20 06:35:56,2026-08-20 16:35:56,completed,web
105402,10591,2026-08-20 14:51:44,2026-08-21 23:51:44,completed,marketplace
105403,10606,2026-08-20 15:45:48,2026-08-21 18:45:48,completed,web
105404,10667,2026-08-20 14:36:03,2026-08-21 10:36:03,completed,mobile_app
105405,10512,2026-08-20 10:56:14,2026-08-21 20:56:14,completed,web
105406,10663,2026-08-20 15:09:25,2026-08-22 14:09:25,cancelled,mobile_app
105407,10509,2026-08-20 01:51:57,2026-08-20 17:51:57,completed,web
105408,10019,2026-08-20 04:10:08,2026-08-20 10:10:08,completed,marketplace
105409,10359,2026-08-20 04:32:10,2026-08-20 16:32:10,returned,web
105410,10183,2026-08-20 11:50:08,2026-08-21 10:50:08,completed,web
105411,10352,2026-08-20 18:27:10,2026-08-21 06:27:10,completed,mobile_app
105412,10123,2026-08-20 23:16:21,2026-08-22 12:16:21,completed,web
105413,10255,2026-08-20 23:43:22,2026-08-21 11:43:22,completed,marketplace
105414,10574,2026-08-20 02:19:52,2026-08-22 01:19:52,completed,web
105415,10201,2026-08-20 22:49:17,2026-08-21 10:49:17,completed,marketplace
105416,10046,2026-08-20 06:23:31,2026-08-20 12:23:31,completed,marketplace
105417,10740,2026-08-20 06:54:51,2026-08-21 08:54:51,cancelled,web
105418,10237,2026-08-20 18:38:11,2026-08-21 16:38:11,completed,web
105419,10321,2026-08-20 22:40:07,2026-08-21 22:40:07,completed,mobile_app
105420,10341,2026-08-20 23:27:31,2026-08-21 22:27:31,completed,web
105421,10024,2026-08-21 08:42:52,2026-08-23 05:42:52,completed,marketplace
105422,10588,2026-08-21 03:42:43,2026-08-22 08:42:43,cancelled,web
105423,10024,2026-08-21 00:50:11,2026-08-22 02:50:11,completed,web
105424,10691,2026-08-21 18:21:22,2026-08-23 13:21:22,completed,web
105425,10455,2026-08-21 06:29:27,2026-08-22 17:29:27,completed,mobile_app
105426,10381,2026-08-21 14:07:45,2026-08-23 03:07:45,completed,web
105427,10474,2026-08-21 14:54:49,2026-08-22 16:54:49,completed,mobile_app
105428,10755,2026-08-21 06:08:15,2026-08-21 14:08:15,completed,mobile_app
105429,10138,2026-08-21 18:10:56,2026-08-23 02:10:56,completed,marketplace
105430,10385,2026-08-21 02:28:03,2026-08-22 14:28:03,completed,web
105431,10226,2026-08-21 01:30:13,2026-08-22 19:30:13,completed,mobile_app
105432,10020,2026-08-21 03:26:31,2026-08-21 09:26:31,completed,marketplace
105433,10316,2026-08-21 01:30:22,2026-08-22 13:30:22,completed,web
105434,10532,2026-08-21 22:14:43,2026-08-22 16:14:43,completed,marketplace
105435,10025,2026-08-21 07:08:31,2026-08-23 00:08:31,returned,marketplace
105436,10612,2026-08-21 16:40:41,2026-08-22 00:40:41,returned,mobile_app
105437,10533,2026-08-21 18:16:15,2026-08-22 23:16:15,returned,web
105438,10278,2026-08-21 20:39:43,2026-08-22 19:39:43,completed,mobile_app
105439,10571,2026-08-21 18:07:09,2026-08-23 15:07:09,completed,mobile_app
105440,10295,2026-08-21 10:06:59,2026-08-22 05:06:59,completed,web
105441,10612,2026-08-21 02:01:27,2026-08-21 19:01:27,completed,web
105442,10539,2026-08-21 12:36:11,2026-08-22 08:36:11,completed,web
105443,10030,2026-08-21 18:31:47,2026-08-22 16:31:47,completed,web
105444,10584,2026-08-21 18:46:45,2026-08-21 19:46:45,completed,marketplace
105445,10258,2026-08-21 21:14:53,2026-08-23 17:14:53,completed,web
105446,10774,2026-08-21 13:41:20,2026-08-21 19:41:20,completed,web
105447,10548,2026-08-21 15:29:45,2026-08-21 18:29:45,cancelled,web
105448,10596,2026-08-21 01:02:40,2026-08-22 15:02:40,returned,web
105449,10343,2026-08-21 11:17:20,2026-08-23 11:17:20,completed,mobile_app
105450,10545,2026-08-21 19:19:37,2026-08-23 06:19:37,completed,web
105451,10147,2026-08-21 22:51:32,2026-08-22 10:51:32,completed,web
105452,10037,2026-08-21 05:23:48,2026-08-23 01:23:48,completed,web
105453,10673,2026-08-21 11:07:52,2026-08-22 20:07:52,completed,web
105454,10372,2026-08-21 12:19:01,2026-08-22 03:19:01,completed,mobile_app
105455,10016,2026-08-21 20:40:47,2026-08-21 21:40:47,completed,web
105456,10286,2026-08-21 18:04:21,2026-08-22 11:04:21,completed,mobile_app
105457,10499,2026-08-21 23:12:19,2026-08-23 01:12:19,completed,web
105458,10101,2026-08-21 07:46:03,2026-08-22 09:46:03,completed,web
105459,10146,2026-08-21 06:51:09,2026-08-22 08:51:09,completed,web
105460,10748,2026-08-21 07:12:19,2026-08-21 09:12:19,completed,web
105461,10117,2026-08-21 20:25:04,2026-08-23 05:25:04,completed,web
105462,10247,2026-08-21 13:16:36,2026-08-22 09:16:36,completed,mobile_app
105463,10448,2026-08-21 05:12:20,2026-08-22 14:12:20,completed,mobile_app
105464,10030,2026-08-21 10:07:36,2026-08-23 07:07:36,cancelled,mobile_app
105465,10629,2026-08-21 10:43:13,2026-08-22 04:43:13,completed,mobile_app
105466,10191,2026-08-21 23:42:21,2026-08-23 18:42:21,completed,web
105467,10297,2026-08-21 18:34:45,2026-08-22 02:34:45,completed,web
105468,10110,2026-08-21 07:49:17,2026-08-22 20:49:17,completed,web
105469,10175,2026-08-21 13:57:50,2026-08-22 00:57:50,completed,web
105470,10659,2026-08-21 08:20:39,2026-08-21 20:20:39,completed,web
105471,10433,2026-08-21 13:19:19,2026-08-22 02:19:19,completed,web
105472,10448,2026-08-21 15:31:51,2026-08-23 04:31:51,completed,web
105473,10287,2026-08-21 03:18:51,2026-08-21 06:18:51,completed,mobile_app
105474,10069,2026-08-21 03:52:19,2026-08-22 06:52:19,completed,mobile_app
105475,10413,2026-08-21 15:15:39,2026-08-23 03:15:39,cancelled,web
105476,10713,2026-08-21 06:42:02,2026-08-23 06:42:02,completed,mobile_app
105477,10106,2026-08-21 13:03:21,2026-08-21 15:03:21,cancelled,web
105478,10230,2026-08-21 20:13:10,2026-08-22 03:13:10,completed,web
105479,10430,2026-08-21 19:05:46,2026-08-22 10:05:46,completed,mobile_app
105480,10684,2026-08-21 16:17:19,2026-08-22 15:17:19,completed,mobile_app
105481,10092,2026-08-21 15:37:47,2026-08-22 20:37:47,completed,web
105482,10145,2026-08-21 13:56:44,2026-08-22 13:56:44,completed,mobile_app
105483,10297,2026-08-21 04:51:52,2026-08-22 21:51:52,completed,web
105484,10038,2026-08-21 17:30:44,2026-08-22 13:30:44,completed,mobile_app
105485,10784,2026-08-21 18:39:38,2026-08-23 15:39:38,completed,web
105486,10185,2026-08-21 19:27:42,2026-08-22 16:27:42,completed,mobile_app
105487,10555,2026-08-21 17:33:36,2026-08-23 05:33:36,completed,web
105488,10051,2026-08-22 22:28:24,2026-08-23 01:28:24,completed,web
105489,10263,2026-08-22 11:25:15,2026-08-23 07:25:15,completed,mobile_app
105490,10209,2026-08-22 06:31:10,2026-08-23 16:31:10,completed,web
105491,10264,2026-08-22 15:03:27,2026-08-23 21:03:27,completed,mobile_app
105492,10185,2026-08-22 13:52:05,2026-08-22 23:52:05,completed,web
105493,10372,2026-08-22 16:51:58,2026-08-23 16:51:58,completed,mobile_app
105494,10452,2026-08-22 14:52:25,2026-08-24 03:52:25,completed,web
105495,10491,2026-08-22 07:27:08,2026-08-23 11:27:08,completed,web
105496,10654,2026-08-22 07:15:16,2026-08-22 09:15:16,completed,web
105497,10303,2026-08-22 10:14:03,2026-08-24 09:14:03,cancelled,marketplace
105498,10681,2026-08-22 23:16:50,2026-08-24 22:16:50,returned,web
105499,10330,2026-08-22 15:50:57,2026-08-23 22:50:57,completed,marketplace
105500,10185,2026-08-22 23:53:40,2026-08-24 08:53:40,completed,web
105501,10293,2026-08-22 19:26:04,2026-08-24 00:26:04,completed,mobile_app
105502,10290,2026-08-22 13:42:29,2026-08-23 20:42:29,completed,mobile_app
105503,10128,2026-08-22 09:40:05,2026-08-23 08:40:05,completed,marketplace
105504,10181,2026-08-22 13:56:28,2026-08-23 17:56:28,completed,mobile_app
105505,10322,2026-08-22 02:07:40,2026-08-23 07:07:40,completed,web
105506,10270,2026-08-22 02:03:09,2026-08-23 00:03:09,completed,web
105507,10542,2026-08-22 17:00:55,2026-08-24 15:00:55,completed,web
105508,10178,2026-08-22 00:01:10,2026-08-23 07:01:10,completed,web
105509,10336,2026-08-22 17:13:45,2026-08-24 02:13:45,completed,web
105510,10760,2026-08-22 02:05:31,2026-08-22 12:05:31,completed,mobile_app
105511,10046,2026-08-22 08:26:39,2026-08-23 03:26:39,completed,mobile_app
105512,10442,2026-08-22 01:57:32,2026-08-23 18:57:32,completed,web
105513,10238,2026-08-22 18:46:49,2026-08-24 06:46:49,completed,web
105514,10537,2026-08-22 20:30:47,2026-08-24 17:30:47,completed,mobile_app
105515,10130,2026-08-22 05:34:07,2026-08-22 21:34:07,completed,marketplace
105516,10790,2026-08-22 14:49:09,2026-08-23 06:49:09,returned,mobile_app
105517,10450,2026-08-22 03:44:28,2026-08-24 00:44:28,completed,mobile_app
105518,10328,2026-08-22 01:48:53,2026-08-23 18:48:53,completed,marketplace
105519,10340,2026-08-22 22:15:25,2026-08-24 20:15:25,returned,mobile_app
105520,10056,2026-08-22 09:12:49,2026-08-22 14:12:49,completed,web
105521,10453,2026-08-22 15:49:41,2026-08-24 14:49:41,completed,mobile_app
105522,10272,2026-08-22 11:03:31,2026-08-23 10:03:31,cancelled,web
105523,10331,2026-08-22 12:18:57,2026-08-22 21:18:57,completed,web
105524,10109,2026-08-22 19:19:26,2026-08-23 07:19:26,completed,web
105525,10292,2026-08-22 14:24:18,2026-08-24 01:24:18,completed,mobile_app
105526,10657,2026-08-22 00:32:30,2026-08-23 17:32:30,completed,web
105527,10702,2026-08-22 03:05:41,2026-08-22 12:05:41,completed,mobile_app
105528,10526,2026-08-22 05:22:56,2026-08-23 04:22:56,completed,mobile_app
105529,10683,2026-08-22 21:15:05,2026-08-23 09:15:05,completed,web
105530,10776,2026-08-22 16:47:40,2026-08-23 19:47:40,completed,web
105531,10105,2026-08-22 19:10:22,2026-08-24 03:10:22,returned,mobile_app
105532,10560,2026-08-22 14:35:43,2026-08-22 20:35:43,completed,web
105533,10278,2026-08-22 06:33:35,2026-08-23 13:33:35,completed,web
105534,10111,2026-08-22 22:23:59,2026-08-23 23:23:59,completed,web
105535,10139,2026-08-22 10:36:24,2026-08-23 15:36:24,completed,web
105536,10143,2026-08-22 15:29:16,2026-08-24 09:29:16,completed,web
105537,10436,2026-08-22 17:44:24,2026-08-24 11:44:24,cancelled,web
105538,10403,2026-08-22 03:42:51,2026-08-22 12:42:51,completed,mobile_app
105539,10107,2026-08-22 05:02:15,2026-08-22 14:02:15,completed,mobile_app
105540,10025,2026-08-22 18:08:02,2026-08-23 20:08:02,completed,web
105541,10103,2026-08-22 21:48:39,2026-08-23 09:48:39,completed,marketplace
105542,10387,2026-08-22 00:42:07,2026-08-22 17:42:07,completed,mobile_app
105543,10560,2026-08-22 10:16:31,2026-08-23 11:16:31,completed,mobile_app
105544,10439,2026-08-22 02:55:30,2026-08-22 05:55:30,completed,mobile_app
105545,10223,2026-08-23 05:54:55,2026-08-23 19:54:55,completed,web
105546,10543,2026-08-23 06:20:42,2026-08-24 20:20:42,completed,mobile_app
105547,10173,2026-08-23 21:35:31,2026-08-25 13:35:31,completed,web
105548,10473,2026-08-23 01:27:21,2026-08-23 21:27:21,completed,mobile_app
105549,10312,2026-08-23 09:39:52,2026-08-23 23:39:52,completed,marketplace
105550,10274,2026-08-23 06:49:42,2026-08-23 19:49:42,completed,web
105551,10534,2026-08-23 20:49:52,2026-08-24 21:49:52,cancelled,marketplace
105552,10104,2026-08-23 06:40:08,2026-08-23 19:40:08,cancelled,marketplace
105553,10241,2026-08-23 19:53:10,2026-08-25 03:53:10,completed,mobile_app
105554,10798,2026-08-23 05:59:39,2026-08-24 11:59:39,returned,mobile_app
105555,10041,2026-08-23 08:52:18,2026-08-23 23:52:18,completed,mobile_app
105556,10404,2026-08-23 21:40:08,2026-08-25 20:40:08,completed,web
105557,10270,2026-08-23 00:11:58,2026-08-25 00:11:58,completed,marketplace
105558,10079,2026-08-23 04:21:29,2026-08-24 08:21:29,completed,marketplace
105559,10304,2026-08-23 20:29:41,2026-08-25 14:29:41,returned,web
105560,10584,2026-08-23 16:44:19,2026-08-23 18:44:19,completed,marketplace
105561,10284,2026-08-23 21:51:09,2026-08-24 03:51:09,completed,marketplace
105562,10519,2026-08-23 18:37:27,2026-08-25 02:37:27,completed,web
105563,10662,2026-08-23 10:53:38,2026-08-23 12:53:38,completed,marketplace
105564,10765,2026-08-23 01:47:00,2026-08-24 00:47:00,completed,mobile_app
105565,10608,2026-08-23 01:24:58,2026-08-23 11:24:58,completed,web
105566,10587,2026-08-23 21:52:13,2026-08-25 19:52:13,returned,marketplace
105567,10681,2026-08-23 19:07:35,2026-08-24 00:07:35,completed,marketplace
105568,10049,2026-08-23 15:18:54,2026-08-24 09:18:54,completed,mobile_app
105569,10281,2026-08-23 00:47:12,2026-08-23 02:47:12,completed,marketplace
105570,10481,2026-08-23 06:38:14,2026-08-24 03:38:14,completed,mobile_app
105571,10267,2026-08-23 21:36:48,2026-08-25 08:36:48,completed,web
105572,10645,2026-08-23 17:03:01,2026-08-25 13:03:01,completed,mobile_app
105573,10228,2026-08-23 20:43:04,2026-08-24 17:43:04,returned,marketplace
105574,10587,2026-08-23 09:42:31,2026-08-23 10:42:31,returned,mobile_app
105575,10161,2026-08-23 18:24:55,2026-08-25 03:24:55,completed,web
105576,10326,2026-08-23 12:17:17,2026-08-24 21:17:17,completed,mobile_app
105577,10661,2026-08-23 18:14:46,2026-08-23 22:14:46,returned,marketplace
105578,10619,2026-08-23 17:39:57,2026-08-24 16:39:57,completed,marketplace
105579,10786,2026-08-23 05:18:04,2026-08-24 05:18:04,completed,mobile_app
105580,10722,2026-08-23 12:21:40,2026-08-24 22:21:40,completed,web
105581,10102,2026-08-23 20:41:15,2026-08-25 13:41:15,completed,web
105582,10306,2026-08-23 01:23:20,2026-08-23 11:23:20,completed,web
105583,10218,2026-08-23 23:07:48,2026-08-24 14:07:48,completed,web
105584,10373,2026-08-23 12:14:47,2026-08-24 05:14:47,completed,mobile_app
105585,10499,2026-08-23 01:09:05,2026-08-23 13:09:05,returned,marketplace
105586,10676,2026-08-23 08:15:48,2026-08-24 23:15:48,completed,web
105587,10448,2026-08-23 08:14:03,2026-08-23 19:14:03,completed,web
105588,10767,2026-08-23 17:20:43,2026-08-24 21:20:43,completed,mobile_app
105589,10018,2026-08-23 19:02:14,2026-08-25 07:02:14,completed,marketplace
105590,10479,2026-08-23 21:14:34,2026-08-25 09:14:34,completed,mobile_app
105591,10173,2026-08-23 20:30:31,2026-08-24 20:30:31,completed,web
105592,10462,2026-08-23 21:28:32,2026-08-25 19:28:32,completed,marketplace
105593,10038,2026-08-23 05:31:49,2026-08-24 09:31:49,completed,mobile_app
105594,10574,2026-08-23 10:50:51,2026-08-23 18:50:51,completed,web
105595,10517,2026-08-23 11:59:32,2026-08-23 21:59:32,completed,web
105596,10487,2026-08-23 15:41:59,2026-08-25 05:41:59,completed,mobile_app
105597,10580,2026-08-23 16:00:23,2026-08-24 01:00:23,completed,web
105598,10016,2026-08-23 01:39:23,2026-08-24 05:39:23,completed,web
105599,10743,2026-08-23 13:54:11,2026-08-23 17:54:11,cancelled,web
105600,10627,2026-08-23 19:12:43,2026-08-25 02:12:43,completed,web
105601,10740,2026-08-23 20:33:36,2026-08-24 16:33:36,completed,web
105602,10541,2026-08-23 00:34:40,2026-08-24 17:34:40,completed,web
105603,10393,2026-08-23 11:55:59,2026-08-24 22:55:59,completed,mobile_app
105604,10410,2026-08-23 10:21:44,2026-08-24 13:21:44,completed,mobile_app
105605,10419,2026-08-23 16:53:57,2026-08-24 19:53:57,completed,mobile_app
105606,10552,2026-08-24 00:25:52,2026-08-24 10:25:52,completed,web
105607,10254,2026-08-24 18:06:36,2026-08-25 05:06:36,completed,web
105608,10163,2026-08-24 12:16:49,2026-08-25 16:16:49,completed,mobile_app
105609,10282,2026-08-24 10:16:18,2026-08-25 15:16:18,cancelled,web
105610,10262,2026-08-24 00:53:27,2026-08-25 11:53:27,completed,web
105611,10428,2026-08-24 01:52:29,2026-08-24 16:52:29,completed,web
105612,10650,2026-08-24 01:57:13,2026-08-24 13:57:13,completed,web
105613,10208,2026-08-24 08:02:15,2026-08-25 06:02:15,completed,web
105614,10307,2026-08-24 13:27:30,2026-08-24 21:27:30,completed,web
105615,10154,2026-08-24 19:32:12,2026-08-25 20:32:12,cancelled,web
105616,10594,2026-08-24 15:06:48,2026-08-25 22:06:48,completed,mobile_app
105617,10516,2026-08-24 12:46:49,2026-08-24 17:46:49,completed,marketplace
105618,10384,2026-08-24 02:32:37,2026-08-26 02:32:37,completed,mobile_app
105619,10669,2026-08-24 22:53:32,2026-08-25 12:53:32,completed,mobile_app
105620,10791,2026-08-24 10:33:57,2026-08-25 22:33:57,completed,web
105621,10647,2026-08-24 18:40:10,2026-08-26 03:40:10,completed,mobile_app
105622,10599,2026-08-24 07:17:46,2026-08-25 14:17:46,completed,mobile_app
105623,10326,2026-08-24 09:50:32,2026-08-26 02:50:32,completed,mobile_app
105624,10779,2026-08-24 08:40:24,2026-08-25 19:40:24,cancelled,marketplace
105625,10465,2026-08-24 08:56:02,2026-08-25 01:56:02,cancelled,mobile_app
105626,10074,2026-08-24 12:34:53,2026-08-26 02:34:53,completed,web
105627,10624,2026-08-24 20:19:02,2026-08-25 22:19:02,cancelled,web
105628,10185,2026-08-24 20:28:28,2026-08-25 09:28:28,completed,web
105629,10383,2026-08-24 18:38:23,2026-08-26 07:38:23,completed,web
105630,10763,2026-08-24 03:39:58,2026-08-25 09:39:58,completed,mobile_app
105631,10291,2026-08-24 23:38:59,2026-08-25 16:38:59,returned,web
105632,10466,2026-08-24 21:48:36,2026-08-25 09:48:36,completed,web
105633,10737,2026-08-24 12:59:53,2026-08-25 02:59:53,completed,mobile_app
105634,10791,2026-08-24 07:23:55,2026-08-25 06:23:55,completed,mobile_app
105635,10414,2026-08-24 12:45:30,2026-08-24 18:45:30,completed,mobile_app
105636,10574,2026-08-24 22:34:10,2026-08-26 17:34:10,completed,web
105637,10636,2026-08-24 09:53:04,2026-08-24 18:53:04,completed,web
105638,10434,2026-08-24 22:08:25,2026-08-26 02:08:25,completed,mobile_app
105639,10371,2026-08-24 13:46:07,2026-08-26 05:46:07,completed,web
105640,10142,2026-08-24 06:18:34,2026-08-25 05:18:34,completed,web
105641,10294,2026-08-24 08:10:12,2026-08-24 14:10:12,completed,mobile_app
105642,10396,2026-08-24 16:13:12,2026-08-26 15:13:12,completed,web
105643,10682,2026-08-24 06:27:23,2026-08-25 09:27:23,cancelled,web
105644,10637,2026-08-24 07:36:17,2026-08-25 17:36:17,completed,web
105645,10200,2026-08-24 03:30:06,2026-08-25 20:30:06,completed,web
105646,10499,2026-08-24 21:48:17,2026-08-25 23:48:17,completed,web
105647,10197,2026-08-24 08:30:54,2026-08-24 23:30:54,completed,web
105648,10015,2026-08-24 02:58:16,2026-08-25 20:58:16,completed,mobile_app
105649,10170,2026-08-24 07:00:29,2026-08-25 19:00:29,completed,mobile_app
105650,10400,2026-08-24 15:14:23,2026-08-25 15:14:23,completed,mobile_app
105651,10120,2026-08-24 15:52:43,2026-08-26 03:52:43,completed,mobile_app
105652,10413,2026-08-24 10:54:19,2026-08-24 14:54:19,completed,web
105653,10540,2026-08-24 14:24:18,2026-08-25 07:24:18,completed,web
105654,10737,2026-08-24 03:41:24,2026-08-26 01:41:24,completed,mobile_app
105655,10434,2026-08-24 20:32:35,2026-08-26 18:32:35,cancelled,mobile_app
105656,10197,2026-08-24 10:16:36,2026-08-25 08:16:36,completed,mobile_app
105657,10650,2026-08-24 15:38:57,2026-08-25 23:38:57,completed,web
105658,10458,2026-08-24 05:35:35,2026-08-24 13:35:35,completed,mobile_app
105659,10357,2026-08-24 15:33:06,2026-08-26 02:33:06,completed,mobile_app
105660,10261,2026-08-24 06:55:06,2026-08-24 13:55:06,completed,web
105661,10165,2026-08-24 10:49:23,2026-08-25 14:49:23,returned,web
105662,10474,2026-08-24 00:18:02,2026-08-24 09:18:02,completed,web
105663,10400,2026-08-24 17:18:39,2026-08-25 23:18:39,completed,marketplace
105664,10549,2026-08-24 04:34:43,2026-08-24 12:34:43,completed,web
105665,10344,2026-08-24 12:51:25,2026-08-25 07:51:25,completed,web
105666,10288,2026-08-24 19:12:44,2026-08-25 05:12:44,completed,web
105667,10071,2026-08-25 18:30:35,2026-08-25 22:30:35,returned,mobile_app
105668,10469,2026-08-25 07:28:55,2026-08-27 01:28:55,completed,web
105669,10648,2026-08-25 04:34:13,2026-08-26 06:34:13,completed,mobile_app
105670,10577,2026-08-25 08:14:23,2026-08-25 09:14:23,completed,web
105671,10658,2026-08-25 07:26:34,2026-08-26 15:26:34,completed,mobile_app
105672,10671,2026-08-25 00:07:33,2026-08-26 05:07:33,completed,web
105673,10713,2026-08-25 14:19:17,2026-08-26 02:19:17,completed,marketplace
105674,10280,2026-08-25 12:11:33,2026-08-26 11:11:33,completed,web
105675,10708,2026-08-25 06:45:58,2026-08-25 15:45:58,completed,mobile_app
105676,10111,2026-08-25 09:58:55,2026-08-25 15:58:55,completed,mobile_app
105677,10029,2026-08-25 16:06:23,2026-08-27 12:06:23,completed,web
105678,10186,2026-08-25 13:00:52,2026-08-26 12:00:52,returned,web
105679,10063,2026-08-25 18:41:59,2026-08-27 18:41:59,completed,web
105680,10527,2026-08-25 01:11:33,2026-08-26 15:11:33,completed,mobile_app
105681,10630,2026-08-25 22:45:03,2026-08-27 16:45:03,completed,mobile_app
105682,10621,2026-08-25 10:30:45,2026-08-25 13:30:45,completed,mobile_app
105683,10232,2026-08-25 09:37:52,2026-08-26 22:37:52,completed,mobile_app
105684,10112,2026-08-25 20:46:36,2026-08-26 08:46:36,completed,mobile_app
105685,10763,2026-08-25 08:57:18,2026-08-25 20:57:18,completed,mobile_app
105686,10439,2026-08-25 16:36:25,2026-08-27 05:36:25,completed,web
105687,10254,2026-08-25 17:58:58,2026-08-25 22:58:58,completed,marketplace
105688,10622,2026-08-25 14:52:24,2026-08-25 18:52:24,completed,mobile_app
105689,10692,2026-08-25 16:41:16,2026-08-27 14:41:16,completed,web
105690,10214,2026-08-25 02:36:59,2026-08-26 01:36:59,completed,web
105691,10193,2026-08-25 05:56:22,2026-08-27 05:56:22,completed,web
105692,10729,2026-08-25 20:02:33,2026-08-27 08:02:33,completed,mobile_app
105693,10199,2026-08-25 19:54:09,2026-08-27 14:54:09,completed,mobile_app
105694,10071,2026-08-25 08:36:22,2026-08-27 01:36:22,cancelled,mobile_app
105695,10325,2026-08-25 10:50:49,2026-08-25 15:50:49,completed,web
105696,10234,2026-08-25 17:16:36,2026-08-25 18:16:36,completed,mobile_app
105697,10237,2026-08-25 11:37:43,2026-08-26 00:37:43,returned,marketplace
105698,10330,2026-08-25 06:27:26,2026-08-25 13:27:26,completed,marketplace
105699,10351,2026-08-25 20:40:17,2026-08-26 22:40:17,completed,web
105700,10399,2026-08-25 11:58:16,2026-08-26 15:58:16,completed,web
105701,10582,2026-08-25 19:47:52,2026-08-25 21:47:52,completed,web
105702,10780,2026-08-25 17:17:03,2026-08-26 12:17:03,cancelled,web
105703,10071,2026-08-25 22:45:25,2026-08-27 14:45:25,completed,web
105704,10331,2026-08-25 06:31:18,2026-08-26 07:31:18,completed,web
105705,10322,2026-08-25 11:06:39,2026-08-27 11:06:39,completed,web
105706,10393,2026-08-25 07:31:48,2026-08-26 12:31:48,completed,web
105707,10268,2026-08-25 23:46:52,2026-08-27 09:46:52,completed,web
105708,10168,2026-08-25 02:38:56,2026-08-26 10:38:56,cancelled,web
105709,10578,2026-08-25 15:59:33,2026-08-26 16:59:33,completed,web
105710,10270,2026-08-25 10:08:23,2026-08-26 20:08:23,completed,mobile_app
105711,10758,2026-08-25 12:16:11,2026-08-27 12:16:11,completed,marketplace
105712,10149,2026-08-25 07:02:14,2026-08-25 12:02:14,completed,mobile_app
105713,10218,2026-08-25 14:25:47,2026-08-27 05:25:47,completed,mobile_app
105714,10523,2026-08-25 20:19:25,2026-08-27 16:19:25,completed,mobile_app
105715,10480,2026-08-25 02:59:19,2026-08-26 23:59:19,completed,web
105716,10129,2026-08-25 21:05:39,2026-08-26 17:05:39,completed,mobile_app
105717,10046,2026-08-25 04:05:20,2026-08-25 10:05:20,completed,mobile_app
105718,10542,2026-08-25 22:01:13,2026-08-27 12:01:13,returned,mobile_app
105719,10663,2026-08-25 22:13:07,2026-08-26 22:13:07,returned,web
105720,10232,2026-08-25 13:27:01,2026-08-25 17:27:01,completed,web
105721,10750,2026-08-25 06:54:49,2026-08-25 14:54:49,completed,marketplace
105722,10018,2026-08-25 00:19:38,2026-08-25 19:19:38,completed,web
105723,10364,2026-08-25 22:43:32,2026-08-27 18:43:32,completed,web
105724,10312,2026-08-25 01:30:28,2026-08-25 02:30:28,completed,mobile_app
105725,10074,2026-08-25 18:51:14,2026-08-27 16:51:14,completed,mobile_app
105726,10688,2026-08-25 23:09:06,2026-08-27 17:09:06,completed,web
105727,10661,2026-08-25 22:57:19,2026-08-26 06:57:19,completed,web
105728,10106,2026-08-25 06:29:42,2026-08-25 14:29:42,completed,web
105729,10559,2026-08-25 07:03:22,2026-08-26 06:03:22,completed,web
105730,10185,2026-08-25 00:20:13,2026-08-26 14:20:13,completed,web
105731,10682,2026-08-25 16:44:16,2026-08-26 20:44:16,completed,marketplace
105732,10219,2026-08-25 12:58:27,2026-08-26 23:58:27,completed,marketplace
105733,10665,2026-08-25 18:39:38,2026-08-27 03:39:38,completed,mobile_app
105734,10546,2026-08-25 06:23:18,2026-08-26 12:23:18,completed,web
105735,10304,2026-08-25 12:23:23,2026-08-27 07:23:23,completed,mobile_app
105736,10060,2026-08-25 10:50:19,2026-08-26 08:50:19,completed,web
105737,10336,2026-08-25 19:37:27,2026-08-26 17:37:27,completed,mobile_app
105738,10498,2026-08-25 04:16:00,2026-08-26 20:16:00,completed,mobile_app
105739,10731,2026-08-25 17:38:51,2026-08-27 13:38:51,completed,mobile_app
105740,10247,2026-08-25 18:02:47,2026-08-26 04:02:47,completed,web
105741,10196,2026-08-25 04:36:22,2026-08-25 10:36:22,completed,web
105742,10667,2026-08-25 03:48:58,2026-08-25 21:48:58,completed,web
105743,10031,2026-08-25 02:34:28,2026-08-27 00:34:28,completed,mobile_app
105744,10397,2026-08-25 17:34:38,2026-08-26 08:34:38,returned,mobile_app
105745,10393,2026-08-25 21:57:41,2026-08-26 10:57:41,completed,mobile_app
105746,10731,2026-08-25 01:00:39,2026-08-26 21:00:39,completed,marketplace
105747,10358,2026-08-25 10:37:28,2026-08-26 17:37:28,completed,web
105748,10526,2026-08-25 15:27:44,2026-08-27 07:27:44,completed,mobile_app
105749,10027,2026-08-25 04:07:06,2026-08-26 16:07:06,completed,web
105750,10763,2026-08-25 01:21:35,2026-08-25 08:21:35,completed,mobile_app
105751,10089,2026-08-25 16:39:50,2026-08-26 07:39:50,completed,mobile_app
105752,10553,2026-08-26 20:39:43,2026-08-28 12:39:43,completed,web
105753,10123,2026-08-26 02:33:47,2026-08-27 00:33:47,completed,web
105754,10686,2026-08-26 08:25:40,2026-08-27 07:25:40,completed,web
105755,10091,2026-08-26 12:22:31,2026-08-27 02:22:31,completed,web
105756,10469,2026-08-26 15:09:39,2026-08-27 13:09:39,completed,web
105757,10629,2026-08-26 15:00:07,2026-08-27 00:00:07,cancelled,mobile_app
105758,10080,2026-08-26 15:22:18,2026-08-26 20:22:18,completed,web
105759,10471,2026-08-26 14:49:38,2026-08-27 21:49:38,completed,mobile_app
105760,10169,2026-08-26 16:39:37,2026-08-27 10:39:37,completed,mobile_app
105761,10467,2026-08-26 16:22:13,2026-08-28 08:22:13,completed,web
105762,10102,2026-08-26 21:27:57,2026-08-28 05:27:57,completed,mobile_app
105763,10779,2026-08-26 14:21:38,2026-08-27 15:21:38,completed,mobile_app
105764,10328,2026-08-26 11:21:27,2026-08-27 22:21:27,completed,web
105765,10050,2026-08-26 05:46:22,2026-08-27 22:46:22,completed,web
105766,10291,2026-08-26 11:23:08,2026-08-26 23:23:08,completed,web
105767,10558,2026-08-26 23:15:49,2026-08-28 11:15:49,completed,web
105768,10675,2026-08-26 02:09:25,2026-08-26 17:09:25,completed,marketplace
105769,10512,2026-08-26 02:47:02,2026-08-27 09:47:02,completed,web
105770,10157,2026-08-26 02:43:31,2026-08-26 09:43:31,completed,mobile_app
105771,10126,2026-08-26 00:45:52,2026-08-26 09:45:52,completed,mobile_app
105772,10436,2026-08-26 14:30:03,2026-08-28 00:30:03,completed,web
105773,10035,2026-08-26 08:42:49,2026-08-28 05:42:49,completed,mobile_app
105774,10724,2026-08-26 07:24:05,2026-08-26 15:24:05,completed,web
105775,10084,2026-08-26 03:25:00,2026-08-26 11:25:00,completed,mobile_app
105776,10044,2026-08-26 07:51:07,2026-08-26 10:51:07,completed,mobile_app
105777,10342,2026-08-26 12:24:22,2026-08-28 02:24:22,completed,mobile_app
105778,10209,2026-08-26 15:08:00,2026-08-26 18:08:00,completed,marketplace
105779,10104,2026-08-26 16:36:09,2026-08-27 06:36:09,completed,mobile_app
105780,10137,2026-08-26 02:26:01,2026-08-27 12:26:01,completed,mobile_app
105781,10708,2026-08-26 03:45:50,2026-08-26 09:45:50,completed,mobile_app
105782,10194,2026-08-26 14:20:27,2026-08-27 15:20:27,completed,mobile_app
105783,10713,2026-08-26 10:40:38,2026-08-27 17:40:38,completed,mobile_app
105784,10741,2026-08-26 18:14:54,2026-08-27 15:14:54,completed,web
105785,10591,2026-08-26 09:40:00,2026-08-28 05:40:00,completed,marketplace
105786,10570,2026-08-26 21:52:31,2026-08-28 03:52:31,completed,mobile_app
105787,10403,2026-08-26 08:33:50,2026-08-28 03:33:50,completed,marketplace
105788,10799,2026-08-26 06:54:55,2026-08-27 10:54:55,completed,mobile_app
105789,10656,2026-08-26 01:19:14,2026-08-28 01:19:14,cancelled,marketplace
105790,10032,2026-08-26 04:38:27,2026-08-28 00:38:27,completed,mobile_app
105791,10398,2026-08-26 03:29:18,2026-08-26 08:29:18,completed,marketplace
105792,10783,2026-08-26 18:01:43,2026-08-26 20:01:43,completed,mobile_app
105793,10168,2026-08-26 21:22:47,2026-08-28 21:22:47,completed,web
105794,10123,2026-08-26 05:50:32,2026-08-27 22:50:32,completed,web
105795,10450,2026-08-26 15:14:36,2026-08-27 18:14:36,completed,web
105796,10512,2026-08-26 02:49:20,2026-08-26 04:49:20,completed,mobile_app
105797,10568,2026-08-26 20:49:44,2026-08-27 07:49:44,completed,web
105798,10595,2026-08-26 16:13:05,2026-08-28 07:13:05,completed,mobile_app
105799,10132,2026-08-26 01:49:16,2026-08-28 01:49:16,completed,web
105800,10800,2026-08-26 09:54:13,2026-08-27 16:54:13,completed,mobile_app
105801,10691,2026-08-26 16:25:35,2026-08-26 22:25:35,completed,web
105802,10389,2026-08-26 04:53:38,2026-08-27 02:53:38,completed,web
105803,10089,2026-08-26 14:17:21,2026-08-28 08:17:21,completed,mobile_app
105804,10588,2026-08-26 08:01:34,2026-08-26 09:01:34,completed,web
105805,10402,2026-08-26 12:03:00,2026-08-27 07:03:00,completed,web
105806,10150,2026-08-26 04:28:49,2026-08-27 06:28:49,completed,mobile_app
105807,10068,2026-08-26 04:34:55,2026-08-27 15:34:55,completed,web
105808,10550,2026-08-26 20:00:56,2026-08-28 07:00:56,completed,mobile_app
105809,10534,2026-08-27 13:02:40,2026-08-28 11:02:40,completed,web
105810,10608,2026-08-27 01:30:53,2026-08-27 06:30:53,completed,web
105811,10704,2026-08-27 20:11:20,2026-08-28 18:11:20,completed,web
105812,10625,2026-08-27 23:37:43,2026-08-29 16:37:43,completed,web
105813,10477,2026-08-27 07:23:14,2026-08-27 23:23:14,completed,mobile_app
105814,10098,2026-08-27 21:40:01,2026-08-29 00:40:01,completed,web
105815,10396,2026-08-27 11:36:01,2026-08-27 23:36:01,completed,mobile_app
105816,10274,2026-08-27 17:33:06,2026-08-28 19:33:06,completed,web
105817,10161,2026-08-27 09:03:14,2026-08-27 17:03:14,completed,mobile_app
105818,10700,2026-08-27 23:51:05,2026-08-29 22:51:05,completed,marketplace
105819,10617,2026-08-27 23:37:53,2026-08-29 13:37:53,completed,web
105820,10363,2026-08-27 03:45:57,2026-08-28 17:45:57,completed,mobile_app
105821,10699,2026-08-27 23:49:12,2026-08-28 06:49:12,returned,mobile_app
105822,10220,2026-08-27 08:48:05,2026-08-27 23:48:05,completed,web
105823,10148,2026-08-27 06:31:37,2026-08-27 21:31:37,completed,mobile_app
105824,10196,2026-08-27 16:06:07,2026-08-28 09:06:07,completed,web
105825,10184,2026-08-27 10:46:13,2026-08-28 07:46:13,completed,web
105826,10576,2026-08-27 13:14:03,2026-08-28 07:14:03,completed,web
105827,10439,2026-08-27 03:57:01,2026-08-28 13:57:01,completed,web
105828,10132,2026-08-27 22:18:20,2026-08-29 12:18:20,cancelled,web
105829,10480,2026-08-27 22:58:14,2026-08-28 03:58:14,completed,web
105830,10110,2026-08-27 19:33:37,2026-08-28 11:33:37,completed,mobile_app
105831,10237,2026-08-27 09:21:15,2026-08-28 16:21:15,completed,web
105832,10169,2026-08-27 05:35:23,2026-08-29 02:35:23,returned,web
105833,10397,2026-08-27 08:30:46,2026-08-29 04:30:46,completed,mobile_app
105834,10515,2026-08-27 21:15:43,2026-08-28 13:15:43,completed,web
105835,10067,2026-08-27 09:22:07,2026-08-28 01:22:07,completed,web
105836,10454,2026-08-27 10:01:14,2026-08-27 18:01:14,completed,web
105837,10598,2026-08-27 01:29:17,2026-08-28 18:29:17,completed,mobile_app
105838,10253,2026-08-27 21:57:56,2026-08-28 14:57:56,completed,mobile_app
105839,10217,2026-08-27 15:16:32,2026-08-28 06:16:32,completed,mobile_app
105840,10014,2026-08-27 23:18:24,2026-08-28 07:18:24,completed,web
105841,10308,2026-08-27 20:42:47,2026-08-29 19:42:47,completed,web
105842,10357,2026-08-27 11:00:45,2026-08-28 23:00:45,completed,web
105843,10185,2026-08-27 12:31:51,2026-08-27 20:31:51,completed,mobile_app
105844,10211,2026-08-27 22:20:26,2026-08-28 01:20:26,cancelled,mobile_app
105845,10103,2026-08-27 07:27:11,2026-08-28 09:27:11,completed,mobile_app
105846,10165,2026-08-27 18:03:23,2026-08-27 22:03:23,completed,web
105847,10018,2026-08-27 17:37:11,2026-08-29 13:37:11,cancelled,mobile_app
105848,10506,2026-08-27 13:59:31,2026-08-28 01:59:31,completed,mobile_app
105849,10268,2026-08-27 03:11:36,2026-08-28 23:11:36,completed,mobile_app
105850,10301,2026-08-27 03:37:33,2026-08-28 05:37:33,completed,mobile_app
105851,10406,2026-08-27 10:32:08,2026-08-29 00:32:08,completed,mobile_app
105852,10451,2026-08-27 10:04:39,2026-08-27 20:04:39,completed,marketplace
105853,10436,2026-08-27 14:51:30,2026-08-27 20:51:30,completed,mobile_app
105854,10593,2026-08-27 00:56:57,2026-08-28 15:56:57,completed,marketplace
105855,10152,2026-08-27 06:06:40,2026-08-28 14:06:40,completed,marketplace
105856,10043,2026-08-27 12:50:12,2026-08-28 03:50:12,cancelled,marketplace
105857,10554,2026-08-27 20:46:22,2026-08-28 03:46:22,completed,web
105858,10001,2026-08-27 10:51:56,2026-08-28 14:51:56,completed,web
105859,10209,2026-08-27 00:25:50,2026-08-28 08:25:50,completed,mobile_app
105860,10106,2026-08-27 12:19:31,2026-08-28 04:19:31,cancelled,mobile_app
105861,10637,2026-08-27 20:25:12,2026-08-28 19:25:12,completed,mobile_app
105862,10363,2026-08-27 04:49:35,2026-08-27 12:49:35,completed,web
105863,10761,2026-08-27 06:31:17,2026-08-27 21:31:17,completed,marketplace
105864,10536,2026-08-28 21:45:32,2026-08-30 11:45:32,completed,mobile_app
105865,10311,2026-08-28 16:01:21,2026-08-29 22:01:21,returned,mobile_app
105866,10658,2026-08-28 09:21:22,2026-08-28 23:21:22,completed,marketplace
105867,10374,2026-08-28 05:35:09,2026-08-29 15:35:09,completed,web
105868,10476,2026-08-28 12:28:44,2026-08-29 03:28:44,completed,web
105869,10497,2026-08-28 10:51:29,2026-08-30 01:51:29,completed,web
105870,10102,2026-08-28 18:50:53,2026-08-29 23:50:53,cancelled,web
105871,10586,2026-08-28 05:48:49,2026-08-28 23:48:49,completed,web
105872,10307,2026-08-28 18:13:32,2026-08-30 15:13:32,completed,marketplace
105873,10207,2026-08-28 09:02:08,2026-08-29 09:02:08,returned,web
105874,10374,2026-08-28 08:13:31,2026-08-30 03:13:31,returned,marketplace
105875,10089,2026-08-28 21:29:22,2026-08-30 19:29:22,completed,mobile_app
105876,10381,2026-08-28 22:20:08,2026-08-30 03:20:08,completed,mobile_app
105877,10578,2026-08-28 06:03:58,2026-08-29 10:03:58,completed,mobile_app
105878,10447,2026-08-28 13:49:46,2026-08-29 20:49:46,completed,web
105879,10660,2026-08-28 10:26:31,2026-08-29 14:26:31,returned,web
105880,10219,2026-08-28 15:43:59,2026-08-29 01:43:59,completed,mobile_app
105881,10575,2026-08-28 00:39:50,2026-08-28 03:39:50,completed,mobile_app
105882,10203,2026-08-28 20:36:49,2026-08-29 03:36:49,cancelled,web
105883,10489,2026-08-28 06:21:37,2026-08-28 16:21:37,completed,web
105884,10374,2026-08-28 05:27:23,2026-08-30 00:27:23,completed,mobile_app
105885,10750,2026-08-28 15:58:10,2026-08-28 22:58:10,completed,web
105886,10290,2026-08-28 19:03:21,2026-08-30 18:03:21,completed,marketplace
105887,10576,2026-08-28 03:09:55,2026-08-28 21:09:55,completed,web
105888,10447,2026-08-28 23:59:13,2026-08-30 05:59:13,completed,marketplace
105889,10014,2026-08-28 11:43:26,2026-08-28 21:43:26,returned,mobile_app
105890,10592,2026-08-28 17:16:45,2026-08-29 16:16:45,cancelled,web
105891,10473,2026-08-28 04:18:14,2026-08-28 17:18:14,cancelled,mobile_app
105892,10092,2026-08-28 07:22:54,2026-08-29 11:22:54,completed,web
105893,10259,2026-08-28 08:47:41,2026-08-28 19:47:41,completed,marketplace
105894,10325,2026-08-28 19:35:03,2026-08-29 23:35:03,completed,mobile_app
105895,10144,2026-08-28 12:36:05,2026-08-29 18:36:05,completed,web
105896,10752,2026-08-28 06:58:10,2026-08-29 04:58:10,completed,web
105897,10063,2026-08-28 01:27:49,2026-08-29 15:27:49,cancelled,web
105898,10567,2026-08-28 11:27:34,2026-08-30 03:27:34,completed,marketplace
105899,10591,2026-08-28 07:44:09,2026-08-29 18:44:09,completed,mobile_app
105900,10274,2026-08-28 20:19:17,2026-08-29 13:19:17,completed,mobile_app
105901,10707,2026-08-28 15:31:10,2026-08-29 17:31:10,completed,web
105902,10049,2026-08-28 09:00:26,2026-08-29 20:00:26,completed,web
105903,10774,2026-08-28 04:05:55,2026-08-28 22:05:55,completed,web
105904,10221,2026-08-28 11:06:47,2026-08-28 14:06:47,completed,web
105905,10752,2026-08-28 11:27:20,2026-08-29 15:27:20,returned,web
105906,10115,2026-08-28 06:47:08,2026-08-29 05:47:08,completed,mobile_app
105907,10506,2026-08-28 05:22:20,2026-08-29 03:22:20,completed,web
105908,10579,2026-08-28 20:10:23,2026-08-29 00:10:23,completed,web
105909,10482,2026-08-28 07:15:07,2026-08-29 22:15:07,completed,mobile_app
105910,10529,2026-08-28 04:49:41,2026-08-30 02:49:41,completed,web
105911,10098,2026-08-28 09:19:03,2026-08-29 08:19:03,completed,web
105912,10409,2026-08-28 21:39:28,2026-08-30 09:39:28,completed,mobile_app
105913,10560,2026-08-28 10:14:10,2026-08-29 12:14:10,completed,web
105914,10606,2026-08-28 02:39:54,2026-08-29 12:39:54,completed,marketplace
105915,10552,2026-08-28 06:35:05,2026-08-29 08:35:05,completed,web
105916,10393,2026-08-28 08:00:07,2026-08-29 07:00:07,cancelled,web
105917,10144,2026-08-28 06:00:54,2026-08-29 17:00:54,completed,mobile_app
105918,10688,2026-08-28 21:38:57,2026-08-29 19:38:57,completed,mobile_app
105919,10583,2026-08-28 13:22:56,2026-08-28 19:22:56,completed,web
105920,10666,2026-08-28 23:35:22,2026-08-29 17:35:22,completed,web
105921,10339,2026-08-28 02:42:45,2026-08-29 07:42:45,completed,mobile_app
105922,10041,2026-08-28 01:39:34,2026-08-28 15:39:34,completed,mobile_app
105923,10565,2026-08-28 03:07:33,2026-08-30 00:07:33,completed,web
105924,10655,2026-08-28 03:52:36,2026-08-29 05:52:36,completed,mobile_app
105925,10739,2026-08-28 07:17:23,2026-08-30 02:17:23,completed,web
105926,10199,2026-08-28 12:13:33,2026-08-29 09:13:33,completed,web
105927,10331,2026-08-28 16:04:58,2026-08-29 07:04:58,completed,mobile_app
105928,10688,2026-08-28 11:08:32,2026-08-29 05:08:32,completed,mobile_app
105929,10594,2026-08-28 17:47:57,2026-08-29 01:47:57,completed,mobile_app
105930,10637,2026-08-28 04:57:22,2026-08-29 03:57:22,completed,mobile_app
105931,10374,2026-08-28 04:14:33,2026-08-28 15:14:33,completed,marketplace
105932,10402,2026-08-28 20:57:54,2026-08-29 21:57:54,cancelled,mobile_app
105933,10355,2026-08-28 11:56:11,2026-08-30 10:56:11,completed,web
105934,10556,2026-08-28 11:53:42,2026-08-29 21:53:42,completed,web
105935,10562,2026-08-28 20:59:43,2026-08-29 23:59:43,cancelled,mobile_app
105936,10087,2026-08-28 18:40:15,2026-08-30 05:40:15,completed,web
105937,10200,2026-08-28 01:46:15,2026-08-28 11:46:15,cancelled,web
105938,10781,2026-08-28 15:15:31,2026-08-29 08:15:31,completed,web
105939,10263,2026-08-28 10:54:42,2026-08-30 10:54:42,completed,mobile_app
105940,10308,2026-08-28 17:49:55,2026-08-29 09:49:55,completed,web
105941,10264,2026-08-28 00:18:04,2026-08-28 14:18:04,completed,web
105942,10390,2026-08-28 15:15:12,2026-08-29 07:15:12,completed,web
105943,10454,2026-08-28 00:32:58,2026-08-29 03:32:58,completed,web
105944,10399,2026-08-29 12:18:21,2026-08-29 12:18:21,pending,mobile_app
105945,10703,2026-08-29 11:13:19,2026-08-31 05:13:19,completed,web
105946,10519,2026-08-29 15:58:49,2026-08-29 15:58:49,pending,marketplace
105947,10515,2026-08-29 20:52:12,2026-08-29 20:52:12,pending,mobile_app
105948,10460,2026-08-29 04:10:58,2026-08-29 04:10:58,pending,web
105949,10611,2026-08-29 23:24:14,2026-08-29 23:24:14,pending,web
105950,10475,2026-08-29 21:40:53,2026-08-30 16:40:53,completed,mobile_app
105951,10346,2026-08-29 15:58:18,2026-08-29 15:58:18,pending,web
105952,10318,2026-08-29 09:05:04,2026-08-29 19:05:04,returned,mobile_app
105953,10602,2026-08-29 01:29:27,2026-08-29 01:29:27,pending,mobile_app
105954,10356,2026-08-29 15:26:55,2026-08-29 15:26:55,pending,web
105955,10758,2026-08-29 00:31:08,2026-08-30 20:31:08,returned,mobile_app
105956,10377,2026-08-29 07:15:12,2026-08-30 02:15:12,completed,web
105957,10546,2026-08-29 23:23:09,2026-08-31 02:23:09,completed,mobile_app
105958,10636,2026-08-29 05:59:34,2026-08-29 05:59:34,pending,web
105959,10750,2026-08-29 05:04:11,2026-08-30 00:04:11,completed,mobile_app
105960,10338,2026-08-29 23:27:43,2026-08-29 23:27:43,pending,web
105961,10560,2026-08-29 01:09:57,2026-08-30 05:09:57,completed,web
105962,10171,2026-08-29 14:07:02,2026-08-29 14:07:02,pending,web
105963,10022,2026-08-29 07:36:41,2026-08-29 07:36:41,pending,web
105964,10608,2026-08-29 16:29:32,2026-08-29 16:29:32,pending,web
105965,10015,2026-08-29 04:10:45,2026-08-31 04:10:45,completed,mobile_app
105966,10031,2026-08-29 06:49:11,2026-08-29 06:49:11,pending,mobile_app
105967,10480,2026-08-29 08:50:51,2026-08-29 08:50:51,pending,web
105968,10761,2026-08-29 09:48:23,2026-08-29 09:48:23,pending,web
105969,10698,2026-08-29 23:32:25,2026-08-30 18:32:25,completed,marketplace
105970,10650,2026-08-29 21:28:35,2026-08-30 16:28:35,completed,marketplace
105971,10514,2026-08-29 04:06:20,2026-08-29 17:06:20,completed,web
105972,10629,2026-08-29 09:00:11,2026-08-30 10:00:11,completed,web
105973,10429,2026-08-29 04:18:23,2026-08-29 04:18:23,pending,mobile_app
105974,10009,2026-08-29 13:26:16,2026-08-29 13:26:16,pending,web
105975,10048,2026-08-29 17:06:50,2026-08-31 17:06:50,completed,web
105976,10492,2026-08-29 09:55:10,2026-08-29 09:55:10,pending,web
105977,10062,2026-08-29 16:58:51,2026-08-30 04:58:51,completed,marketplace
105978,10608,2026-08-29 23:14:56,2026-08-29 23:14:56,pending,marketplace
105979,10425,2026-08-29 03:22:56,2026-08-30 19:22:56,completed,marketplace
105980,10594,2026-08-29 12:10:08,2026-08-30 04:10:08,cancelled,marketplace
105981,10436,2026-08-29 12:07:27,2026-08-29 12:07:27,pending,mobile_app
105982,10275,2026-08-29 23:42:56,2026-08-29 23:42:56,pending,web
105983,10239,2026-08-29 19:29:02,2026-08-29 19:29:02,pending,web
105984,10472,2026-08-29 06:09:37,2026-08-29 06:09:37,pending,web
105985,10701,2026-08-29 20:02:33,2026-08-29 20:02:33,pending,web
105986,10329,2026-08-29 06:32:29,2026-08-29 06:32:29,pending,mobile_app
105987,10488,2026-08-29 13:32:20,2026-08-30 11:32:20,completed,web
105988,10484,2026-08-29 10:06:06,2026-08-29 10:06:06,pending,web
105989,10529,2026-08-29 09:09:49,2026-08-29 09:09:49,pending,web
105990,10291,2026-08-29 01:32:11,2026-08-29 01:32:11,pending,mobile_app
105991,10199,2026-08-29 07:58:41,2026-08-29 07:58:41,pending,mobile_app
105992,10738,2026-08-29 07:30:18,2026-08-29 19:30:18,completed,marketplace
105993,10580,2026-08-29 17:57:07,2026-08-31 15:57:07,completed,web
105994,10721,2026-08-29 18:44:54,2026-08-29 18:44:54,pending,marketplace
105995,10238,2026-08-29 20:24:36,2026-08-29 20:24:36,pending,mobile_app
105996,10584,2026-08-29 07:55:25,2026-08-29 07:55:25,pending,mobile_app
105997,10400,2026-08-29 02:00:20,2026-08-29 02:00:20,pending,mobile_app
105998,10083,2026-08-29 08:26:18,2026-08-29 08:26:18,pending,web
105999,10048,2026-08-29 00:47:21,2026-08-29 00:47:21,pending,mobile_app
106000,10678,2026-08-29 07:22:00,2026-08-30 19:22:00,completed,web
106001,10436,2026-08-29 17:55:10,2026-08-29 17:55:10,pending,web
106002,10499,2026-08-29 12:11:31,2026-08-30 17:11:31,completed,mobile_app
106003,10748,2026-08-29 23:36:58,2026-08-31 09:36:58,completed,web
106004,10270,2026-08-29 18:34:19,2026-08-29 18:34:19,pending,web
106005,10787,2026-08-29 19:57:57,2026-08-29 19:57:57,pending,web
106006,10747,2026-08-29 11:24:28,2026-08-30 07:24:28,completed,marketplace
106007,10522,2026-08-29 05:05:20,2026-08-30 16:05:20,completed,mobile_app
106008,10484,2026-08-29 17:55:32,2026-08-29 17:55:32,pending,web
106009,10142,2026-08-29 16:50:07,2026-08-29 16:50:07,pending,marketplace
106010,10716,2026-08-29 11:14:45,2026-08-29 11:14:45,pending,mobile_app
106011,10381,2026-08-29 04:34:04,2026-08-29 04:34:04,pending,mobile_app
106012,10607,2026-08-29 13:55:36,2026-08-29 13:55:36,pending,web
106013,10190,2026-08-29 16:04:35,2026-08-29 17:04:35,completed,web
106014,10331,2026-08-29 20:16:07,2026-08-29 20:16:07,pending,mobile_app
106015,10198,2026-08-29 08:44:24,2026-08-29 10:44:24,completed,mobile_app
106016,10223,2026-08-29 14:45:41,2026-08-30 17:45:41,completed,web
106017,10680,2026-08-29 01:09:36,2026-08-29 01:09:36,pending,marketplace
106018,10438,2026-08-29 11:26:56,2026-08-30 19:26:56,completed,web
106019,10413,2026-08-29 04:20:25,2026-08-29 04:20:25,pending,web
106020,10056,2026-08-29 22:22:46,2026-08-29 22:22:46,pending,web
106021,10635,2026-08-29 22:14:27,2026-08-30 03:14:27,completed,marketplace
106022,10274,2026-08-29 04:24:29,2026-08-29 23:24:29,completed,mobile_app
106023,10742,2026-08-29 21:40:54,2026-08-29 21:40:54,pending,web
106024,10373,2026-08-29 13:08:13,2026-08-29 13:08:13,pending,web
106025,10436,2026-08-29 19:14:46,2026-08-29 19:14:46,pending,mobile_app
106026,10279,2026-08-29 02:26:14,2026-08-29 02:26:14,pending,mobile_app
106027,10211,2026-08-29 00:52:11,2026-08-29 00:52:11,pending,web
106028,10613,2026-08-29 05:24:40,2026-08-29 08:24:40,completed,marketplace
106029,10179,2026-08-30 15:29:04,2026-08-31 10:29:04,cancelled,web
106030,10292,2026-08-30 03:46:14,2026-08-30 03:46:14,pending,mobile_app
106031,10216,2026-08-30 06:18:37,2026-08-30 06:18:37,pending,marketplace
106032,10087,2026-08-30 22:13:28,2026-08-30 22:13:28,pending,web
106033,10140,2026-08-30 02:29:05,2026-08-30 02:29:05,pending,web
106034,10245,2026-08-30 15:05:56,2026-08-30 15:05:56,pending,web
106035,10271,2026-08-30 08:41:04,2026-08-30 08:41:04,pending,mobile_app
106036,10079,2026-08-30 15:50:54,2026-08-30 15:50:54,pending,mobile_app
106037,10434,2026-08-30 04:42:54,2026-08-31 23:59:59,completed,marketplace
106038,10445,2026-08-30 13:50:45,2026-08-30 14:50:45,completed,mobile_app
106039,10508,2026-08-30 11:06:35,2026-08-30 11:06:35,pending,web
106040,10117,2026-08-30 05:44:24,2026-08-31 08:44:24,completed,web
106041,10499,2026-08-30 20:15:07,2026-08-31 23:59:59,completed,web
106042,10452,2026-08-30 23:50:24,2026-08-30 23:50:24,pending,mobile_app
106043,10040,2026-08-30 19:41:27,2026-08-30 19:41:27,pending,web
106044,10656,2026-08-30 20:16:06,2026-08-30 20:16:06,pending,mobile_app
106045,10738,2026-08-30 12:56:47,2026-08-31 23:59:59,completed,web
106046,10353,2026-08-30 02:11:22,2026-08-30 02:11:22,pending,mobile_app
106047,10601,2026-08-30 11:06:19,2026-08-30 11:06:19,pending,mobile_app
106048,10589,2026-08-30 05:07:49,2026-08-30 05:07:49,pending,web
106049,10741,2026-08-30 17:00:53,2026-08-30 17:00:53,pending,mobile_app
106050,10315,2026-08-30 04:26:56,2026-08-31 14:26:56,cancelled,mobile_app
106051,10594,2026-08-30 17:38:39,2026-08-31 20:38:39,completed,mobile_app
106052,10019,2026-08-30 22:10:35,2026-08-30 22:10:35,pending,marketplace
106053,10151,2026-08-30 10:28:56,2026-08-30 10:28:56,pending,mobile_app
106054,10595,2026-08-30 06:07:56,2026-08-30 06:07:56,pending,mobile_app
106055,10053,2026-08-30 18:10:04,2026-08-31 23:10:04,completed,web
106056,10093,2026-08-30 18:33:59,2026-08-30 18:33:59,pending,web
106057,10071,2026-08-30 00:56:21,2026-08-30 00:56:21,pending,web
106058,10256,2026-08-30 03:18:15,2026-08-30 03:18:15,pending,mobile_app
106059,10739,2026-08-30 02:03:49,2026-08-31 01:03:49,completed,web
106060,10689,2026-08-30 12:37:37,2026-08-31 23:59:59,completed,mobile_app
106061,10568,2026-08-30 07:56:02,2026-08-30 23:56:02,completed,mobile_app
106062,10160,2026-08-30 20:35:58,2026-08-30 20:35:58,pending,mobile_app
106063,10708,2026-08-30 22:43:33,2026-08-31 18:43:33,completed,mobile_app
106064,10380,2026-08-30 12:23:29,2026-08-30 12:23:29,pending,web
106065,10465,2026-08-30 02:27:45,2026-08-30 02:27:45,pending,mobile_app
106066,10223,2026-08-30 09:55:49,2026-08-30 09:55:49,pending,marketplace
106067,10462,2026-08-30 18:30:25,2026-08-31 23:59:59,completed,mobile_app
106068,10144,2026-08-30 11:03:50,2026-08-30 11:03:50,pending,mobile_app
106069,10309,2026-08-30 06:39:53,2026-08-30 06:39:53,pending,web
106070,10226,2026-08-30 17:36:10,2026-08-31 23:59:59,completed,marketplace
106071,10190,2026-08-30 09:44:40,2026-08-30 09:44:40,pending,web
106072,10150,2026-08-30 10:34:56,2026-08-30 10:34:56,pending,mobile_app
106073,10090,2026-08-30 17:53:54,2026-08-30 17:53:54,pending,marketplace
106074,10096,2026-08-30 17:54:37,2026-08-30 17:54:37,pending,web
106075,10428,2026-08-30 19:18:49,2026-08-31 04:18:49,completed,web
106076,10728,2026-08-30 20:19:17,2026-08-30 20:19:17,pending,marketplace
106077,10414,2026-08-30 15:24:48,2026-08-31 23:59:59,completed,mobile_app
106078,10664,2026-08-30 22:38:11,2026-08-31 23:59:59,completed,web
106079,10121,2026-08-30 17:14:03,2026-08-31 13:14:03,completed,mobile_app
106080,10478,2026-08-30 11:34:49,2026-08-30 11:34:49,pending,mobile_app
106081,10081,2026-08-30 00:08:21,2026-08-30 08:08:21,completed,mobile_app
106082,10751,2026-08-30 22:23:10,2026-08-31 21:23:10,completed,web
106083,10265,2026-08-30 20:35:10,2026-08-30 20:35:10,pending,web
106084,10248,2026-08-30 01:33:51,2026-08-30 01:33:51,pending,mobile_app
106085,10264,2026-08-30 06:05:07,2026-08-30 06:05:07,pending,web
106086,10053,2026-08-30 20:29:50,2026-08-31 17:29:50,completed,web
106087,10042,2026-08-30 22:36:19,2026-08-30 22:36:19,pending,mobile_app
106088,10456,2026-08-30 05:47:40,2026-08-30 19:47:40,completed,mobile_app
106089,10743,2026-08-30 06:01:36,2026-08-30 13:01:36,completed,web
106090,10573,2026-08-30 04:03:58,2026-08-30 04:03:58,pending,mobile_app
106091,10286,2026-08-30 11:08:36,2026-08-30 11:08:36,pending,mobile_app
106092,10207,2026-08-30 22:46:31,2026-08-31 23:46:31,completed,mobile_app
106093,10047,2026-08-30 10:43:10,2026-08-30 11:43:10,completed,mobile_app
106094,10729,2026-08-30 04:00:27,2026-08-30 04:00:27,pending,mobile_app
106095,10182,2026-08-30 09:28:13,2026-08-30 11:28:13,completed,mobile_app
106096,10537,2026-08-30 18:14:10,2026-08-30 18:14:10,pending,marketplace
106097,10036,2026-08-30 20:52:33,2026-08-31 23:52:33,completed,mobile_app
106098,10751,2026-08-30 19:03:51,2026-08-31 23:59:59,completed,marketplace
106099,10503,2026-08-30 14:13:12,2026-08-30 14:13:12,pending,marketplace
106100,10155,2026-08-30 08:34:47,2026-08-30 08:34:47,pending,mobile_app
106101,10597,2026-08-30 18:32:18,2026-08-31 13:32:18,completed,web
106102,10520,2026-08-30 19:12:35,2026-08-30 19:12:35,pending,mobile_app
106103,10112,2026-08-30 20:47:25,2026-08-31 23:59:59,completed,mobile_app
106104,10452,2026-08-30 18:59:36,2026-08-30 18:59:36,pending,marketplace
106105,10567,2026-08-30 11:35:33,2026-08-30 19:35:33,completed,marketplace
106106,10645,2026-08-30 03:47:21,2026-08-30 03:47:21,pending,web
106107,10334,2026-08-30 20:48:51,2026-08-30 20:48:51,pending,mobile_app
106108,10535,2026-08-30 18:10:13,2026-08-30 18:10:13,pending,web
106109,10502,2026-08-31 16:19:49,2026-08-31 23:59:59,completed,web
106110,10527,2026-08-31 13:10:46,2026-08-31 13:10:46,pending,web
106111,10245,2026-08-31 17:52:42,2026-08-31 17:52:42,pending,web
106112,10713,2026-08-31 22:53:06,2026-08-31 23:59:59,completed,web
106113,10612,2026-08-31 22:28:08,2026-08-31 22:28:08,pending,web
106114,10491,2026-08-31 04:57:04,2026-08-31 23:59:59,completed,marketplace
106115,10368,2026-08-31 04:18:59,2026-08-31 21:18:59,completed,marketplace
106116,10455,2026-08-31 06:07:20,2026-08-31 23:59:59,completed,mobile_app
106117,10449,2026-08-31 20:33:54,2026-08-31 20:33:54,pending,mobile_app
106118,10695,2026-08-31 02:00:16,2026-08-31 12:00:16,cancelled,web
106119,10128,2026-08-31 00:39:03,2026-08-31 23:59:59,completed,mobile_app
106120,10477,2026-08-31 05:40:00,2026-08-31 11:40:00,completed,web
106121,10674,2026-08-31 00:56:18,2026-08-31 00:56:18,pending,web
106122,10537,2026-08-31 10:44:12,2026-08-31 10:44:12,pending,marketplace
106123,10531,2026-08-31 00:04:28,2026-08-31 00:04:28,pending,mobile_app
106124,10353,2026-08-31 21:50:33,2026-08-31 23:59:59,completed,web
106125,10269,2026-08-31 05:55:21,2026-08-31 23:59:59,completed,mobile_app
106126,10761,2026-08-31 15:36:09,2026-08-31 15:36:09,pending,web
106127,10064,2026-08-31 00:00:29,2026-08-31 00:00:29,pending,marketplace
106128,10716,2026-08-31 12:48:40,2026-08-31 12:48:40,pending,web
106129,10132,2026-08-31 00:17:39,2026-08-31 00:17:39,pending,web
106130,10564,2026-08-31 11:00:46,2026-08-31 11:00:46,pending,web
106131,10488,2026-08-31 02:03:48,2026-08-31 23:59:59,completed,web
106132,10770,2026-08-31 08:21:37,2026-08-31 10:21:37,completed,web
106133,10455,2026-08-31 17:07:08,2026-08-31 17:07:08,pending,web
106134,10245,2026-08-31 22:06:37,2026-08-31 22:06:37,pending,web
106135,10750,2026-08-31 12:25:48,2026-08-31 12:25:48,pending,web
106136,10697,2026-08-31 14:00:10,2026-08-31 18:00:10,completed,marketplace
106137,10502,2026-08-31 20:46:02,2026-08-31 23:59:59,completed,web
106138,10391,2026-08-31 14:48:22,2026-08-31 14:48:22,pending,mobile_app
106139,10240,2026-08-31 14:21:17,2026-08-31 23:59:59,returned,mobile_app
106140,10474,2026-08-31 07:30:21,2026-08-31 23:59:59,cancelled,marketplace
106141,10062,2026-08-31 17:52:06,2026-08-31 17:52:06,pending,mobile_app
106142,10164,2026-08-31 22:42:38,2026-08-31 22:42:38,pending,mobile_app
106143,10618,2026-08-31 21:42:36,2026-08-31 21:42:36,pending,mobile_app
106144,10223,2026-08-31 21:53:44,2026-08-31 23:59:59,cancelled,mobile_app
106145,10449,2026-08-31 11:10:35,2026-08-31 13:10:35,completed,web
106146,10357,2026-08-31 11:13:30,2026-08-31 11:13:30,pending,mobile_app
106147,10759,2026-08-31 15:03:51,2026-08-31 15:03:51,pending,mobile_app
106148,10185,2026-08-31 05:41:09,2026-08-31 23:59:59,completed,web
106149,10264,2026-08-31 13:20:38,2026-08-31 13:20:38,pending,web
106150,10298,2026-08-31 18:34:34,2026-08-31 23:59:59,completed,web
106151,10105,2026-08-31 00:20:21,2026-08-31 00:20:21,pending,mobile_app
106152,10561,2026-08-31 16:16:59,2026-08-31 23:59:59,returned,web
106153,10654,2026-08-31 04:53:08,2026-08-31 23:59:59,completed,mobile_app
106154,10626,2026-08-31 20:48:00,2026-08-31 20:48:00,pending,mobile_app
106155,10251,2026-08-31 22:17:47,2026-08-31 23:59:59,completed,marketplace
106156,10125,2026-08-31 10:11:21,2026-08-31 10:11:21,pending,mobile_app
106157,10255,2026-08-31 02:23:38,2026-08-31 23:59:59,completed,web
106158,10348,2026-08-31 20:27:54,2026-08-31 20:27:54,pending,mobile_app
106159,10379,2026-08-31 11:42:31,2026-08-31 11:42:31,pending,web
106160,10296,2026-08-31 08:36:43,2026-08-31 08:36:43,pending,mobile_app
106161,10455,2026-08-31 20:04:26,2026-08-31 23:59:59,returned,web
106162,10234,2026-08-31 08:14:52,2026-08-31 23:59:59,completed,web
106163,10171,2026-08-31 14:45:58,2026-08-31 23:59:59,completed,web
106164,10559,2026-08-31 22:16:22,2026-08-31 23:59:59,completed,web
106165,10602,2026-08-31 10:25:38,2026-08-31 10:25:38,pending,web
106166,10758,2026-08-31 08:56:13,2026-08-31 23:59:59,completed,marketplace
106167,10055,2026-08-31 05:44:28,2026-08-31 05:44:28,pending,web
106168,10109,2026-08-31 08:13:11,2026-08-31 19:13:11,completed,web
106169,10473,2026-08-31 23:51:27,2026-08-31 23:51:27,pending,mobile_app
106170,10260,2026-08-31 18:37:50,2026-08-31 18:37:50,pending,web
106171,10452,2026-08-31 17:29:04,2026-08-31 17:29:04,pending,web
106172,10074,2026-08-31 06:02:56,2026-08-31 23:59:59,completed,mobile_app
106173,10189,2026-08-31 20:12:19,2026-08-31 20:12:19,pending,web
106174,10575,2026-08-31 20:26:59,2026-08-31 23:59:59,completed,mobile_app
106175,10264,2026-08-31 21:38:05,2026-08-31 23:59:59,completed,mobile_app
106176,10047,2026-08-31 12:27:34,2026-08-31 23:59:59,completed,web
106177,10597,2026-08-31 07:26:10,2026-08-31 07:26:10,pending,marketplace
106178,10245,2026-08-31 03:45:39,2026-08-31 23:59:59,completed,web
106179,10765,2026-08-31 06:26:31,2026-08-31 13:26:31,completed,mobile_app
106180,10222,2026-08-31 15:11:51,2026-08-31 23:59:59,completed,web
106181,10508,2026-08-31 02:18:03,2026-08-31 23:59:59,completed,mobile_app
106182,10219,2026-08-31 12:24:46,2026-08-31 12:24:46,pending,web
106183,10684,2026-08-31 03:04:02,2026-08-31 23:59:59,completed,mobile_app
106184,10251,2026-08-31 00:45:28,2026-08-31 23:59:59,completed,web
106185,10781,2026-08-31 13:15:27,2026-08-31 13:15:27,pending,mobile_app
106186,10244,2026-08-31 14:41:12,2026-08-31 14:41:12,pending,mobile_app
