event_id,customer_id,session_id,event_ts,event_type,device
1,,s0000001,2026-06-01 01:31:27,page_view,tablet
2,,s0000001,2026-06-01 01:32:14,page_view,tablet
3,10117,s0000002,2026-06-01 20:32:54,page_view,mobile
4,,s0000003,2026-06-01 03:54:01,page_view,desktop
5,,s0000003,2026-06-01 03:54:16,page_view,desktop
6,,s0000003,2026-06-01 03:54:44,page_view,desktop
7,,s0000003,2026-06-01 03:55:14,add_to_cart,desktop
8,10052,s0000004,2026-06-01 15:06:50,page_view,tablet
9,10052,s0000004,2026-06-01 15:07:42,page_view,tablet
10,10052,s0000004,2026-06-01 15:07:55,page_view,tablet
11,10052,s0000004,2026-06-01 15:08:53,page_view,tablet
12,10302,s0000005,2026-06-01 08:15:54,page_view,desktop
13,10302,s0000005,2026-06-01 08:17:33,page_view,desktop
14,10302,s0000005,2026-06-01 08:19:01,page_view,desktop
15,10302,s0000005,2026-06-01 08:20:45,page_view,desktop
16,10126,s0000006,2026-06-01 18:09:10,page_view,mobile
17,10126,s0000006,2026-06-01 18:10:30,page_view,mobile
18,10126,s0000006,2026-06-01 18:12:09,page_view,mobile
19,10444,s0000007,2026-06-01 06:21:26,page_view,tablet
20,,s0000008,2026-06-01 14:08:18,page_view,mobile
21,,s0000008,2026-06-01 14:08:39,page_view,mobile
22,,s0000008,2026-06-01 14:10:31,page_view,mobile
23,,s0000008,2026-06-01 14:10:40,page_view,mobile
24,,s0000008,2026-06-01 14:11:17,add_to_cart,mobile
25,,s0000009,2026-06-01 02:24:19,page_view,desktop
26,,s0000010,2026-06-01 11:25:58,page_view,desktop
27,,s0000010,2026-06-01 11:26:34,page_view,desktop
28,,s0000010,2026-06-01 11:26:38,page_view,desktop
29,,s0000010,2026-06-01 11:28:34,page_view,desktop
30,,s0000011,2026-06-01 13:15:04,page_view,mobile
31,,s0000011,2026-06-01 13:16:49,page_view,mobile
32,,s0000011,2026-06-01 13:16:52,page_view,mobile
33,,s0000011,2026-06-01 13:17:28,add_to_cart,mobile
34,,s0000011,2026-06-01 13:18:21,begin_checkout,mobile
35,10563,s0000012,2026-06-01 19:43:57,page_view,mobile
36,10563,s0000012,2026-06-01 19:44:16,page_view,mobile
37,10563,s0000012,2026-06-01 19:46:07,page_view,mobile
38,10563,s0000012,2026-06-01 19:46:58,add_to_cart,mobile
39,10344,s0000013,2026-06-01 02:07:04,page_view,mobile
40,10344,s0000013,2026-06-01 02:07:14,page_view,mobile
41,10344,s0000013,2026-06-01 02:08:35,page_view,mobile
42,10344,s0000013,2026-06-01 02:09:23,add_to_cart,mobile
43,10344,s0000013,2026-06-01 02:10:16,begin_checkout,mobile
44,10503,s0000014,2026-06-01 12:01:31,page_view,desktop
45,10503,s0000014,2026-06-01 12:01:58,page_view,desktop
46,10503,s0000014,2026-06-01 12:02:15,page_view,desktop
47,10503,s0000014,2026-06-01 12:02:44,add_to_cart,desktop
48,10500,s0000015,2026-06-01 07:53:43,page_view,desktop
49,10500,s0000015,2026-06-01 07:54:32,page_view,desktop
50,10500,s0000015,2026-06-01 07:55:54,page_view,desktop
51,10500,s0000015,2026-06-01 07:57:11,add_to_cart,desktop
52,10500,s0000015,2026-06-01 07:57:27,begin_checkout,desktop
53,,s0000016,2026-06-01 14:55:14,page_view,mobile
54,,s0000016,2026-06-01 14:56:07,page_view,mobile
55,10049,s0000017,2026-06-01 09:50:13,page_view,mobile
56,10049,s0000017,2026-06-01 09:50:41,page_view,mobile
57,10489,s0000018,2026-06-01 16:49:02,page_view,desktop
58,,s0000019,2026-06-01 21:44:55,page_view,desktop
59,,s0000019,2026-06-01 21:46:41,page_view,desktop
60,,s0000019,2026-06-01 21:46:50,page_view,desktop
61,,s0000019,2026-06-01 21:47:47,add_to_cart,desktop
62,,s0000019,2026-06-01 21:49:15,begin_checkout,desktop
63,,s0000019,2026-06-01 21:50:30,purchase,desktop
64,,s0000020,2026-06-01 04:41:11,page_view,mobile
65,,s0000020,2026-06-01 04:42:54,page_view,mobile
66,,s0000020,2026-06-01 04:44:39,page_view,mobile
67,10029,s0000021,2026-06-01 18:57:22,page_view,desktop
68,10029,s0000021,2026-06-01 18:58:22,page_view,desktop
69,10029,s0000021,2026-06-01 18:59:39,page_view,desktop
70,10029,s0000021,2026-06-01 19:00:08,add_to_cart,desktop
71,10131,s0000022,2026-06-01 03:07:33,page_view,mobile
72,10131,s0000022,2026-06-01 03:07:51,page_view,mobile
73,10131,s0000022,2026-06-01 03:08:27,page_view,mobile
74,10339,s0000023,2026-06-01 21:07:26,page_view,desktop
75,10339,s0000023,2026-06-01 21:07:47,page_view,desktop
76,10339,s0000023,2026-06-01 21:08:29,page_view,desktop
77,10339,s0000023,2026-06-01 21:10:28,page_view,desktop
78,10329,s0000024,2026-06-01 01:12:27,page_view,desktop
79,10329,s0000024,2026-06-01 01:14:05,page_view,desktop
80,10329,s0000024,2026-06-01 01:15:33,page_view,desktop
81,10329,s0000024,2026-06-01 01:17:04,add_to_cart,desktop
82,,s0000025,2026-06-01 00:44:04,page_view,mobile
83,,s0000025,2026-06-01 00:44:55,page_view,mobile
84,,s0000025,2026-06-01 00:46:42,add_to_cart,mobile
85,,s0000026,2026-06-01 16:04:39,page_view,mobile
86,,s0000026,2026-06-01 16:05:56,page_view,mobile
87,,s0000026,2026-06-01 16:06:02,page_view,mobile
88,,s0000026,2026-06-01 16:06:55,page_view,mobile
89,,s0000026,2026-06-01 16:08:28,add_to_cart,mobile
90,,s0000027,2026-06-01 03:35:37,page_view,mobile
91,,s0000027,2026-06-01 03:36:15,page_view,mobile
92,,s0000027,2026-06-01 03:38:01,page_view,mobile
93,,s0000027,2026-06-01 03:38:56,add_to_cart,mobile
94,,s0000027,2026-06-01 03:39:12,begin_checkout,mobile
95,10002,s0000028,2026-06-01 18:11:23,page_view,Desktop
96,10403,s0000029,2026-06-01 03:12:22,page_view,desktop
97,10403,s0000029,2026-06-01 03:12:47,page_view,desktop
98,10594,s0000030,2026-06-01 11:05:37,page_view,mobile
99,10594,s0000030,2026-06-01 11:06:37,page_view,mobile
100,10594,s0000030,2026-06-01 11:07:02,page_view,mobile
101,10594,s0000030,2026-06-01 11:08:23,page_view,mobile
102,10594,s0000030,2026-06-01 11:09:39,add_to_cart,mobile
103,10685,s0000031,2026-06-01 08:47:11,page_view,desktop
104,10685,s0000031,2026-06-01 08:48:33,page_view,desktop
105,10685,s0000031,2026-06-01 08:48:39,page_view,desktop
106,10685,s0000031,2026-06-01 08:49:14,page_view,desktop
107,10333,s0000032,2026-06-01 11:25:04,page_view,mobile
108,10333,s0000032,2026-06-01 11:25:43,page_view,mobile
109,10333,s0000032,2026-06-01 11:26:03,page_view,mobile
110,10333,s0000032,2026-06-01 11:27:51,page_view,mobile
111,,s0000033,2026-06-01 08:58:28,page_view,desktop
112,,s0000033,2026-06-01 08:59:24,page_view,desktop
113,,s0000033,2026-06-01 09:00:10,page_view,desktop
114,10618,s0000034,2026-06-01 20:27:44,page_view,desktop
115,10618,s0000034,2026-06-01 20:28:04,page_view,desktop
116,10157,s0000035,2026-06-01 14:47:38,page_view,desktop
117,10157,s0000035,2026-06-01 14:48:14,page_view,desktop
118,10157,s0000035,2026-06-01 14:49:59,page_view,desktop
119,,s0000036,2026-06-01 20:37:02,page_view,mobile
120,,s0000036,2026-06-01 20:37:20,page_view,mobile
121,,s0000037,2026-06-01 22:47:19,page_view,tablet
122,,s0000037,2026-06-01 22:47:51,page_view,tablet
123,,s0000037,2026-06-01 22:49:30,add_to_cart,tablet
124,,s0000038,2026-06-01 16:33:18,page_view,Mobile
125,,s0000039,2026-06-01 19:21:38,page_view,desktop
126,,s0000039,2026-06-01 19:23:06,page_view,desktop
127,,s0000039,2026-06-01 19:23:33,add_to_cart,desktop
128,,s0000039,2026-06-01 19:24:48,begin_checkout,desktop
129,,s0000039,2026-06-01 19:25:12,purchase,desktop
130,,s0000040,2026-06-01 16:49:11,page_view,tablet
131,,s0000041,2026-06-01 02:13:15,page_view,Mobile
132,,s0000041,2026-06-01 02:15:15,page_view,Mobile
133,10401,s0000042,2026-06-01 17:28:09,page_view,mobile
134,10306,s0000043,2026-06-01 11:32:16,page_view,mobile
135,10306,s0000043,2026-06-01 11:32:58,page_view,mobile
136,10293,s0000044,2026-06-01 12:42:42,page_view,desktop
137,10293,s0000044,2026-06-01 12:44:13,page_view,desktop
138,10293,s0000044,2026-06-01 12:44:39,page_view,desktop
139,,s0000045,2026-06-01 14:17:46,page_view,mobile
140,,s0000045,2026-06-01 14:19:18,page_view,mobile
141,,s0000045,2026-06-01 14:19:54,add_to_cart,mobile
142,,s0000045,2026-06-01 14:21:16,begin_checkout,mobile
143,,s0000045,2026-06-01 14:21:37,purchase,mobile
144,,s0000046,2026-06-01 22:42:28,page_view,desktop
145,,s0000046,2026-06-01 22:42:34,add_to_cart,desktop
146,,s0000046,2026-06-01 22:44:00,begin_checkout,desktop
147,,s0000046,2026-06-01 22:44:27,purchase,desktop
148,10558,s0000047,2026-06-01 13:42:36,page_view,mobile
149,10558,s0000047,2026-06-01 13:43:52,page_view,mobile
150,,s0000048,2026-06-01 03:16:19,page_view,tablet
151,,s0000048,2026-06-01 03:16:50,add_to_cart,tablet
152,10019,s0000049,2026-06-01 07:52:53,page_view,desktop
153,10019,s0000049,2026-06-01 07:54:45,page_view,desktop
154,10019,s0000049,2026-06-01 07:55:10,page_view,desktop
155,10170,s0000050,2026-06-01 06:14:57,page_view,mobile
156,10170,s0000050,2026-06-01 06:16:10,page_view,mobile
157,10363,s0000051,2026-06-01 00:05:03,page_view,desktop
158,,s0000052,2026-06-01 13:16:34,page_view,tablet
159,,s0000052,2026-06-01 13:17:53,page_view,tablet
160,,s0000052,2026-06-01 13:18:14,page_view,tablet
161,,s0000052,2026-06-01 13:18:17,add_to_cart,tablet
162,,s0000052,2026-06-01 13:19:17,begin_checkout,tablet
163,,s0000053,2026-06-01 20:00:22,page_view,desktop
164,,s0000053,2026-06-01 20:01:57,page_view,desktop
165,,s0000053,2026-06-01 20:03:23,page_view,desktop
166,,s0000053,2026-06-01 20:04:23,page_view,desktop
167,,s0000053,2026-06-01 20:05:24,add_to_cart,desktop
168,,s0000053,2026-06-01 20:06:09,begin_checkout,desktop
169,,s0000053,2026-06-01 20:07:30,purchase,desktop
170,,s0000054,2026-06-01 22:50:03,page_view,mobile
171,,s0000054,2026-06-01 22:50:32,page_view,mobile
172,10180,s0000055,2026-06-01 08:21:37,page_view,desktop
173,10180,s0000055,2026-06-01 08:21:59,page_view,desktop
174,10180,s0000055,2026-06-01 08:23:58,page_view,desktop
175,10180,s0000055,2026-06-01 08:25:37,page_view,desktop
176,10180,s0000055,2026-06-01 08:27:32,add_to_cart,desktop
177,10133,s0000056,2026-06-01 11:54:02,page_view,mobile
178,10133,s0000056,2026-06-01 11:54:24,page_view,mobile
179,10133,s0000056,2026-06-01 11:55:22,page_view,mobile
180,10091,s0000057,2026-06-01 15:32:09,page_view,desktop
181,10091,s0000057,2026-06-01 15:32:25,page_view,desktop
182,10091,s0000057,2026-06-01 15:33:27,add_to_cart,desktop
183,10091,s0000057,2026-06-01 15:34:19,begin_checkout,desktop
184,10091,s0000057,2026-06-01 15:35:16,purchase,desktop
185,,s0000058,2026-06-01 04:18:52,page_view,desktop
186,,s0000058,2026-06-01 04:19:15,page_view,desktop
187,10469,s0000059,2026-06-01 12:40:13,page_view,desktop
188,10469,s0000059,2026-06-01 12:41:06,page_view,desktop
189,10361,s0000060,2026-06-01 21:46:18,page_view,tablet
190,10361,s0000060,2026-06-01 21:47:35,page_view,tablet
191,10361,s0000060,2026-06-01 21:49:32,page_view,tablet
192,10265,s0000061,2026-06-01 18:10:33,page_view,mobile
193,10265,s0000061,2026-06-01 18:11:32,page_view,mobile
194,10265,s0000061,2026-06-01 18:12:29,page_view,mobile
195,,s0000062,2026-06-01 06:23:46,page_view,mobile
196,,s0000062,2026-06-01 06:25:27,page_view,mobile
197,,s0000062,2026-06-01 06:26:35,page_view,mobile
198,10494,s0000063,2026-06-01 15:56:32,page_view,desktop
199,10494,s0000063,2026-06-01 15:57:59,page_view,desktop
200,10494,s0000063,2026-06-01 15:58:43,page_view,desktop
201,10494,s0000063,2026-06-01 16:00:12,page_view,desktop
202,10033,s0000064,2026-06-02 13:19:49,page_view,Mobile
203,10033,s0000064,2026-06-02 13:21:06,add_to_cart,Mobile
204,10025,s0000065,2026-06-02 13:37:53,page_view,desktop
205,10025,s0000065,2026-06-02 13:38:48,add_to_cart,desktop
206,10025,s0000065,2026-06-02 13:39:55,begin_checkout,desktop
207,10418,s0000066,2026-06-02 13:45:40,page_view,mobile
208,10418,s0000066,2026-06-02 13:47:31,page_view,mobile
209,10418,s0000066,2026-06-02 13:49:07,page_view,mobile
210,10418,s0000066,2026-06-02 13:50:19,page_view,mobile
211,,s0000067,2026-06-02 14:50:59,page_view,desktop
212,,s0000068,2026-06-02 06:42:36,page_view,desktop
213,,s0000068,2026-06-02 06:43:38,page_view,desktop
214,,s0000068,2026-06-02 06:44:23,page_view,desktop
215,,s0000068,2026-06-02 06:44:26,add_to_cart,desktop
216,,s0000068,2026-06-02 06:46:18,begin_checkout,desktop
217,,s0000068,2026-06-02 06:48:03,purchase,desktop
218,,s0000069,2026-06-02 05:46:43,page_view,mobile
219,,s0000069,2026-06-02 05:47:14,page_view,mobile
220,,s0000069,2026-06-02 05:48:28,add_to_cart,mobile
221,,s0000069,2026-06-02 05:48:32,begin_checkout,mobile
222,,s0000070,2026-06-02 09:41:48,page_view,desktop
223,,s0000070,2026-06-02 09:43:38,page_view,desktop
224,,s0000070,2026-06-02 09:43:58,page_view,desktop
225,,s0000070,2026-06-02 09:45:55,page_view,desktop
226,,s0000071,2026-06-02 03:30:08,page_view,mobile
227,,s0000071,2026-06-02 03:31:26,page_view,mobile
228,,s0000071,2026-06-02 03:33:18,page_view,mobile
229,,s0000072,2026-06-02 04:48:37,page_view,mobile
230,,s0000072,2026-06-02 04:49:56,page_view,mobile
231,,s0000072,2026-06-02 04:50:29,page_view,mobile
232,,s0000072,2026-06-02 04:52:05,add_to_cart,mobile
233,,s0000073,2026-06-02 08:17:26,page_view,tablet
234,,s0000073,2026-06-02 08:18:06,page_view,tablet
235,,s0000073,2026-06-02 08:19:22,page_view,tablet
236,,s0000074,2026-06-02 02:25:52,page_view,mobile
237,,s0000074,2026-06-02 02:26:39,page_view,mobile
238,,s0000074,2026-06-02 02:28:19,page_view,mobile
239,,s0000074,2026-06-02 02:29:44,page_view,mobile
240,10211,s0000075,2026-06-02 17:15:36,page_view,mobile
241,10211,s0000075,2026-06-02 17:17:07,page_view,mobile
242,10211,s0000075,2026-06-02 17:17:15,page_view,mobile
243,10211,s0000075,2026-06-02 17:17:26,add_to_cart,mobile
244,10170,s0000076,2026-06-02 16:39:45,page_view,mobile
245,10170,s0000076,2026-06-02 16:39:58,page_view,mobile
246,10175,s0000077,2026-06-02 00:55:45,page_view,desktop
247,,s0000078,2026-06-02 11:44:10,page_view,Desktop
248,,s0000078,2026-06-02 11:45:32,page_view,Desktop
249,,s0000078,2026-06-02 11:46:58,page_view,Desktop
250,,s0000078,2026-06-02 11:47:58,page_view,Desktop
251,10286,s0000079,2026-06-02 22:29:21,page_view,mobile
252,10286,s0000079,2026-06-02 22:30:01,page_view,mobile
253,10286,s0000079,2026-06-02 22:30:49,page_view,mobile
254,10286,s0000079,2026-06-02 22:32:08,page_view,mobile
255,10286,s0000079,2026-06-02 22:33:45,add_to_cart,mobile
256,10286,s0000079,2026-06-02 22:34:22,begin_checkout,mobile
257,10286,s0000079,2026-06-02 22:34:46,purchase,mobile
258,10503,s0000080,2026-06-02 10:43:34,page_view,desktop
259,10359,s0000081,2026-06-02 20:46:59,page_view,mobile
260,10577,s0000082,2026-06-02 11:20:21,page_view,desktop
261,10577,s0000082,2026-06-02 11:20:30,add_to_cart,desktop
262,,s0000083,2026-06-02 16:59:35,page_view,mobile
263,,s0000084,2026-06-02 01:06:01,page_view,desktop
264,,s0000084,2026-06-02 01:06:39,page_view,desktop
265,,s0000084,2026-06-02 01:06:56,page_view,desktop
266,,s0000084,2026-06-02 01:07:26,page_view,desktop
267,,s0000084,2026-06-02 01:09:06,add_to_cart,desktop
268,,s0000085,2026-06-02 09:35:15,page_view,desktop
269,,s0000085,2026-06-02 09:36:58,page_view,desktop
270,,s0000085,2026-06-02 09:37:47,add_to_cart,desktop
271,,s0000086,2026-06-02 17:39:39,page_view,mobile
272,,s0000086,2026-06-02 17:40:34,page_view,mobile
273,,s0000086,2026-06-02 17:41:51,page_view,mobile
274,,s0000086,2026-06-02 17:43:13,page_view,mobile
275,10632,s0000087,2026-06-02 13:39:46,page_view,mobile
276,10632,s0000087,2026-06-02 13:41:43,page_view,mobile
277,10632,s0000087,2026-06-02 13:42:18,page_view,mobile
278,10632,s0000087,2026-06-02 13:43:37,page_view,mobile
279,,s0000088,2026-06-02 06:29:08,page_view,desktop
280,,s0000088,2026-06-02 06:29:12,page_view,desktop
281,,s0000088,2026-06-02 06:29:36,page_view,desktop
282,,s0000088,2026-06-02 06:31:10,page_view,desktop
283,,s0000089,2026-06-02 01:00:57,page_view,desktop
284,,s0000089,2026-06-02 01:01:49,page_view,desktop
285,,s0000089,2026-06-02 01:03:06,page_view,desktop
286,,s0000089,2026-06-02 01:03:23,add_to_cart,desktop
287,10329,s0000090,2026-06-02 21:53:55,page_view,desktop
288,10329,s0000090,2026-06-02 21:54:42,page_view,desktop
289,10329,s0000090,2026-06-02 21:56:06,page_view,desktop
290,10643,s0000091,2026-06-02 18:38:30,page_view,mobile
291,10643,s0000091,2026-06-02 18:39:04,page_view,mobile
292,10643,s0000091,2026-06-02 18:40:40,page_view,mobile
293,,s0000092,2026-06-02 18:09:22,page_view,mobile
294,,s0000092,2026-06-02 18:10:53,add_to_cart,mobile
295,,s0000092,2026-06-02 18:12:45,begin_checkout,mobile
296,,s0000092,2026-06-02 18:14:18,purchase,mobile
297,10338,s0000093,2026-06-02 22:13:10,page_view,mobile
298,10338,s0000093,2026-06-02 22:13:39,page_view,mobile
299,10338,s0000093,2026-06-02 22:14:07,page_view,mobile
300,10579,s0000094,2026-06-02 00:28:52,page_view,desktop
301,10579,s0000094,2026-06-02 00:29:07,page_view,desktop
302,10579,s0000094,2026-06-02 00:29:28,page_view,desktop
303,10579,s0000094,2026-06-02 00:30:33,page_view,desktop
304,10603,s0000095,2026-06-02 18:35:13,page_view,mobile
305,10603,s0000095,2026-06-02 18:36:38,page_view,mobile
306,10603,s0000095,2026-06-02 18:36:46,page_view,mobile
307,10603,s0000095,2026-06-02 18:38:36,page_view,mobile
308,,s0000096,2026-06-02 06:17:55,page_view,mobile
309,,s0000096,2026-06-02 06:19:02,page_view,mobile
310,10668,s0000097,2026-06-02 18:55:28,page_view,tablet
311,10668,s0000097,2026-06-02 18:56:01,page_view,tablet
312,10668,s0000097,2026-06-02 18:57:54,page_view,tablet
313,10653,s0000098,2026-06-02 03:35:35,page_view,desktop
314,10653,s0000098,2026-06-02 03:36:23,page_view,desktop
315,10653,s0000098,2026-06-02 03:37:26,page_view,desktop
316,10653,s0000098,2026-06-02 03:37:43,page_view,desktop
317,10270,s0000099,2026-06-02 12:25:40,page_view,Mobile
318,10270,s0000099,2026-06-02 12:26:06,add_to_cart,Mobile
319,10356,s0000100,2026-06-02 18:10:19,page_view,mobile
320,,s0000101,2026-06-02 08:08:03,page_view,mobile
321,,s0000101,2026-06-02 08:08:10,add_to_cart,mobile
322,,s0000101,2026-06-02 08:08:41,begin_checkout,mobile
323,,s0000101,2026-06-02 08:10:37,purchase,mobile
324,,s0000102,2026-06-02 17:13:30,page_view,tablet
325,,s0000102,2026-06-02 17:14:36,page_view,tablet
326,,s0000102,2026-06-02 17:15:07,add_to_cart,tablet
327,10429,s0000103,2026-06-02 14:52:32,page_view,desktop
328,10429,s0000103,2026-06-02 14:52:45,page_view,desktop
329,10550,s0000104,2026-06-02 22:26:54,page_view,mobile
330,10550,s0000104,2026-06-02 22:27:48,page_view,mobile
331,10550,s0000104,2026-06-02 22:28:13,page_view,mobile
332,10550,s0000104,2026-06-02 22:28:26,page_view,mobile
333,10619,s0000105,2026-06-02 15:11:24,page_view,desktop
334,10619,s0000105,2026-06-02 15:12:01,page_view,desktop
335,10619,s0000105,2026-06-02 15:12:05,add_to_cart,desktop
336,10619,s0000105,2026-06-02 15:13:06,begin_checkout,desktop
337,10619,s0000105,2026-06-02 15:14:56,purchase,desktop
338,10658,s0000106,2026-06-02 07:45:46,page_view,mobile
339,10658,s0000106,2026-06-02 07:47:25,page_view,mobile
340,10658,s0000106,2026-06-02 07:48:57,page_view,mobile
341,10658,s0000106,2026-06-02 07:49:31,page_view,mobile
342,10658,s0000106,2026-06-02 07:51:27,add_to_cart,mobile
343,,s0000107,2026-06-02 03:49:56,page_view,Mobile
344,,s0000107,2026-06-02 03:51:08,page_view,Mobile
345,,s0000107,2026-06-02 03:53:08,add_to_cart,Mobile
346,,s0000108,2026-06-02 11:54:25,page_view,mobile
347,10264,s0000109,2026-06-02 21:20:31,page_view,mobile
348,10264,s0000109,2026-06-02 21:21:48,page_view,mobile
349,10264,s0000109,2026-06-02 21:22:26,page_view,mobile
350,10264,s0000109,2026-06-02 21:24:03,add_to_cart,mobile
351,10311,s0000110,2026-06-02 02:02:00,page_view,mobile
352,10311,s0000110,2026-06-02 02:03:49,page_view,mobile
353,10311,s0000110,2026-06-02 02:04:31,page_view,mobile
354,10323,s0000111,2026-06-02 15:01:09,page_view,tablet
355,10323,s0000111,2026-06-02 15:01:12,page_view,tablet
356,10413,s0000112,2026-06-02 10:58:29,page_view,tablet
357,10413,s0000112,2026-06-02 10:59:34,page_view,tablet
358,10413,s0000112,2026-06-02 11:00:16,page_view,tablet
359,10413,s0000112,2026-06-02 11:01:25,add_to_cart,tablet
360,10195,s0000113,2026-06-02 04:55:20,page_view,desktop
361,10195,s0000113,2026-06-02 04:56:41,page_view,desktop
362,10195,s0000113,2026-06-02 04:57:13,page_view,desktop
363,10195,s0000113,2026-06-02 04:59:10,page_view,desktop
364,10195,s0000113,2026-06-02 04:59:16,add_to_cart,desktop
365,10195,s0000113,2026-06-02 04:59:51,begin_checkout,desktop
366,10195,s0000113,2026-06-02 05:00:24,purchase,desktop
367,10421,s0000114,2026-06-02 02:47:14,page_view,tablet
368,10421,s0000114,2026-06-02 02:47:45,page_view,tablet
369,,s0000115,2026-06-02 18:11:42,page_view,mobile
370,,s0000115,2026-06-02 18:12:46,page_view,mobile
371,,s0000115,2026-06-02 18:14:43,page_view,mobile
372,,s0000115,2026-06-02 18:15:02,add_to_cart,mobile
373,,s0000115,2026-06-02 18:16:40,begin_checkout,mobile
374,,s0000115,2026-06-02 18:18:22,purchase,mobile
375,,s0000116,2026-06-02 09:10:46,page_view,tablet
376,,s0000116,2026-06-02 09:12:30,page_view,tablet
377,,s0000116,2026-06-02 09:12:33,add_to_cart,tablet
378,,s0000116,2026-06-02 09:14:07,begin_checkout,tablet
379,10515,s0000117,2026-06-02 06:46:50,page_view,desktop
380,10515,s0000117,2026-06-02 06:47:22,page_view,desktop
381,10515,s0000117,2026-06-02 06:49:15,page_view,desktop
382,10208,s0000118,2026-06-02 02:30:31,page_view,mobile
383,10208,s0000118,2026-06-02 02:32:00,page_view,mobile
384,10208,s0000118,2026-06-02 02:32:09,page_view,mobile
385,10208,s0000118,2026-06-02 02:34:01,page_view,mobile
386,10208,s0000118,2026-06-02 02:34:58,add_to_cart,mobile
387,,s0000119,2026-06-02 22:00:13,page_view,desktop
388,,s0000119,2026-06-02 22:00:44,page_view,desktop
389,,s0000119,2026-06-02 22:01:34,page_view,desktop
390,,s0000119,2026-06-02 22:01:57,page_view,desktop
391,10258,s0000120,2026-06-02 06:54:29,page_view,Desktop
392,10258,s0000120,2026-06-02 06:56:26,page_view,Desktop
393,10258,s0000120,2026-06-02 06:58:09,page_view,Desktop
394,10258,s0000120,2026-06-02 06:59:52,page_view,Desktop
395,10258,s0000120,2026-06-02 07:00:17,add_to_cart,Desktop
396,10312,s0000121,2026-06-02 19:13:54,page_view,tablet
397,10312,s0000121,2026-06-02 19:15:35,page_view,tablet
398,10312,s0000121,2026-06-02 19:16:25,page_view,tablet
399,10354,s0000122,2026-06-02 18:30:24,page_view,mobile
400,,s0000123,2026-06-02 06:38:05,page_view,desktop
401,,s0000124,2026-06-03 00:06:09,page_view,mobile
402,,s0000124,2026-06-03 00:07:35,page_view,mobile
403,,s0000124,2026-06-03 00:09:32,page_view,mobile
404,,s0000124,2026-06-03 00:10:15,page_view,mobile
405,,s0000124,2026-06-03 00:11:01,add_to_cart,mobile
406,,s0000124,2026-06-03 00:11:28,begin_checkout,mobile
407,10034,s0000125,2026-06-03 03:37:42,page_view,mobile
408,10034,s0000125,2026-06-03 03:38:57,page_view,mobile
409,10034,s0000125,2026-06-03 03:40:26,page_view,mobile
410,10034,s0000125,2026-06-03 03:40:56,page_view,mobile
411,10034,s0000125,2026-06-03 03:41:22,add_to_cart,mobile
412,10034,s0000125,2026-06-03 03:42:02,begin_checkout,mobile
413,10034,s0000125,2026-06-03 03:42:23,purchase,mobile
414,,s0000126,2026-06-03 01:09:58,page_view,desktop
415,10090,s0000127,2026-06-03 13:43:13,page_view,mobile
416,10090,s0000127,2026-06-03 13:44:22,page_view,mobile
417,10090,s0000127,2026-06-03 13:45:48,add_to_cart,mobile
418,10090,s0000127,2026-06-03 13:47:32,begin_checkout,mobile
419,10090,s0000127,2026-06-03 13:49:00,purchase,mobile
420,10087,s0000128,2026-06-03 18:19:50,page_view,mobile
421,10087,s0000128,2026-06-03 18:19:56,page_view,mobile
422,10143,s0000129,2026-06-03 13:20:18,page_view,tablet
423,10143,s0000129,2026-06-03 13:21:36,page_view,tablet
424,10143,s0000129,2026-06-03 13:22:34,page_view,tablet
425,10143,s0000129,2026-06-03 13:23:53,page_view,tablet
426,10090,s0000130,2026-06-03 20:43:10,page_view,Tablet
427,10090,s0000130,2026-06-03 20:43:48,page_view,Tablet
428,10346,s0000131,2026-06-03 16:04:00,page_view,desktop
429,10346,s0000131,2026-06-03 16:05:47,page_view,desktop
430,10346,s0000131,2026-06-03 16:05:59,page_view,desktop
431,10346,s0000131,2026-06-03 16:06:47,page_view,desktop
432,10198,s0000132,2026-06-03 20:36:33,page_view,desktop
433,10198,s0000132,2026-06-03 20:37:21,page_view,desktop
434,10198,s0000132,2026-06-03 20:37:37,page_view,desktop
435,10198,s0000132,2026-06-03 20:38:34,page_view,desktop
436,10596,s0000133,2026-06-03 19:30:04,page_view,desktop
437,10596,s0000133,2026-06-03 19:30:25,add_to_cart,desktop
438,10596,s0000133,2026-06-03 19:31:27,begin_checkout,desktop
439,,s0000134,2026-06-03 04:37:04,page_view,desktop
440,,s0000134,2026-06-03 04:37:18,page_view,desktop
441,,s0000134,2026-06-03 04:37:24,add_to_cart,desktop
442,,s0000134,2026-06-03 04:37:31,begin_checkout,desktop
443,10516,s0000135,2026-06-03 12:42:32,page_view,desktop
444,10516,s0000135,2026-06-03 12:43:49,page_view,desktop
445,10516,s0000135,2026-06-03 12:45:31,page_view,desktop
446,10516,s0000135,2026-06-03 12:46:34,page_view,desktop
447,10408,s0000136,2026-06-03 03:19:46,page_view,tablet
448,10408,s0000136,2026-06-03 03:20:53,page_view,tablet
449,10408,s0000136,2026-06-03 03:21:05,page_view,tablet
450,10314,s0000137,2026-06-03 03:54:17,page_view,mobile
451,10314,s0000137,2026-06-03 03:55:28,page_view,mobile
452,,s0000138,2026-06-03 17:18:11,page_view,desktop
453,,s0000138,2026-06-03 17:19:20,page_view,desktop
454,,s0000138,2026-06-03 17:19:27,add_to_cart,desktop
455,,s0000138,2026-06-03 17:21:05,begin_checkout,desktop
456,,s0000138,2026-06-03 17:22:59,purchase,desktop
457,10373,s0000139,2026-06-03 13:53:15,page_view,desktop
458,10373,s0000139,2026-06-03 13:54:16,page_view,desktop
459,10373,s0000139,2026-06-03 13:55:45,add_to_cart,desktop
460,10373,s0000139,2026-06-03 13:56:25,begin_checkout,desktop
461,10373,s0000139,2026-06-03 13:57:39,purchase,desktop
462,10300,s0000140,2026-06-03 20:59:30,page_view,mobile
463,10300,s0000140,2026-06-03 21:00:23,page_view,mobile
464,10300,s0000140,2026-06-03 21:01:09,add_to_cart,mobile
465,,s0000141,2026-06-03 18:00:31,page_view,tablet
466,,s0000141,2026-06-03 18:01:21,page_view,tablet
467,,s0000141,2026-06-03 18:02:09,page_view,tablet
468,,s0000141,2026-06-03 18:04:07,page_view,tablet
469,,s0000141,2026-06-03 18:05:26,add_to_cart,tablet
470,,s0000141,2026-06-03 18:07:16,begin_checkout,tablet
471,,s0000141,2026-06-03 18:07:25,purchase,tablet
472,10668,s0000142,2026-06-03 05:46:57,page_view,desktop
473,10668,s0000142,2026-06-03 05:47:55,page_view,desktop
474,,s0000143,2026-06-03 04:36:05,page_view,desktop
475,,s0000143,2026-06-03 04:37:09,page_view,desktop
476,,s0000144,2026-06-03 21:24:59,page_view,desktop
477,,s0000144,2026-06-03 21:26:38,add_to_cart,desktop
478,,s0000144,2026-06-03 21:26:59,begin_checkout,desktop
479,,s0000145,2026-06-03 13:07:17,page_view,desktop
480,,s0000145,2026-06-03 13:07:56,page_view,desktop
481,,s0000145,2026-06-03 13:09:16,page_view,desktop
482,,s0000145,2026-06-03 13:10:16,page_view,desktop
483,,s0000145,2026-06-03 13:11:27,add_to_cart,desktop
484,10128,s0000146,2026-06-03 01:28:31,page_view,desktop
485,10128,s0000146,2026-06-03 01:29:53,page_view,desktop
486,10128,s0000146,2026-06-03 01:30:58,add_to_cart,desktop
487,10682,s0000147,2026-06-03 04:29:38,page_view,tablet
488,10682,s0000147,2026-06-03 04:30:58,page_view,tablet
489,10682,s0000147,2026-06-03 04:31:48,page_view,tablet
490,10682,s0000147,2026-06-03 04:32:14,add_to_cart,tablet
491,10682,s0000147,2026-06-03 04:32:28,begin_checkout,tablet
492,,s0000148,2026-06-03 11:35:09,page_view,desktop
493,,s0000148,2026-06-03 11:35:12,page_view,desktop
494,,s0000148,2026-06-03 11:35:26,page_view,desktop
495,10248,s0000149,2026-06-03 22:15:49,page_view,desktop
496,,s0000150,2026-06-03 08:48:01,page_view,Mobile
497,,s0000150,2026-06-03 08:48:51,page_view,Mobile
498,,s0000150,2026-06-03 08:50:48,page_view,Mobile
499,,s0000151,2026-06-03 08:11:03,page_view,desktop
500,,s0000151,2026-06-03 08:12:43,page_view,desktop
501,,s0000151,2026-06-03 08:14:04,page_view,desktop
502,,s0000151,2026-06-03 08:15:04,page_view,desktop
503,,s0000151,2026-06-03 08:16:20,add_to_cart,desktop
504,,s0000151,2026-06-03 08:17:35,begin_checkout,desktop
505,,s0000151,2026-06-03 08:19:16,purchase,desktop
506,10333,s0000152,2026-06-03 05:55:47,page_view,mobile
507,10420,s0000153,2026-06-03 11:54:47,page_view,desktop
508,10420,s0000153,2026-06-03 11:55:53,page_view,desktop
509,10420,s0000153,2026-06-03 11:57:49,page_view,desktop
510,10420,s0000153,2026-06-03 11:59:18,page_view,desktop
511,,s0000154,2026-06-03 16:30:55,page_view,mobile
512,,s0000154,2026-06-03 16:31:21,page_view,mobile
513,,s0000154,2026-06-03 16:33:01,page_view,mobile
514,,s0000154,2026-06-03 16:33:44,page_view,mobile
515,10258,s0000155,2026-06-03 00:13:36,page_view,desktop
516,10258,s0000155,2026-06-03 00:15:05,page_view,desktop
517,10258,s0000155,2026-06-03 00:16:47,page_view,desktop
518,10258,s0000155,2026-06-03 00:18:43,page_view,desktop
519,10067,s0000156,2026-06-03 08:06:51,page_view,mobile
520,10067,s0000156,2026-06-03 08:07:55,page_view,mobile
521,10394,s0000157,2026-06-03 05:37:09,page_view,desktop
522,10394,s0000157,2026-06-03 05:39:04,page_view,desktop
523,10394,s0000157,2026-06-03 05:39:08,page_view,desktop
524,10394,s0000157,2026-06-03 05:40:43,page_view,desktop
525,10394,s0000157,2026-06-03 05:41:04,add_to_cart,desktop
526,10394,s0000157,2026-06-03 05:42:40,begin_checkout,desktop
527,10005,s0000158,2026-06-03 06:58:04,page_view,mobile
528,10005,s0000158,2026-06-03 06:59:09,page_view,mobile
529,10005,s0000158,2026-06-03 06:59:56,page_view,mobile
530,10005,s0000158,2026-06-03 07:00:56,add_to_cart,mobile
531,10628,s0000159,2026-06-03 08:56:47,page_view,desktop
532,10628,s0000159,2026-06-03 08:56:58,page_view,desktop
533,10628,s0000159,2026-06-03 08:57:37,page_view,desktop
534,10628,s0000159,2026-06-03 08:58:19,page_view,desktop
535,10628,s0000159,2026-06-03 09:00:05,add_to_cart,desktop
536,10367,s0000160,2026-06-03 05:45:15,page_view,desktop
537,10367,s0000160,2026-06-03 05:46:25,page_view,desktop
538,10367,s0000160,2026-06-03 05:46:29,page_view,desktop
539,10367,s0000160,2026-06-03 05:47:21,add_to_cart,desktop
540,10367,s0000160,2026-06-03 05:48:36,begin_checkout,desktop
541,10367,s0000160,2026-06-03 05:50:18,purchase,desktop
542,,s0000161,2026-06-03 19:06:23,page_view,mobile
543,,s0000161,2026-06-03 19:06:35,page_view,mobile
544,,s0000161,2026-06-03 19:08:24,page_view,mobile
545,,s0000161,2026-06-03 19:08:51,add_to_cart,mobile
546,,s0000162,2026-06-03 17:38:44,page_view,mobile
547,10531,s0000163,2026-06-03 20:07:09,page_view,mobile
548,10531,s0000163,2026-06-03 20:07:41,page_view,mobile
549,10531,s0000163,2026-06-03 20:08:44,page_view,mobile
550,10531,s0000163,2026-06-03 20:09:14,page_view,mobile
551,10193,s0000164,2026-06-03 05:12:57,page_view,tablet
552,10193,s0000164,2026-06-03 05:13:10,page_view,tablet
553,10193,s0000164,2026-06-03 05:13:18,page_view,tablet
554,10193,s0000164,2026-06-03 05:13:23,page_view,tablet
555,10193,s0000164,2026-06-03 05:14:17,add_to_cart,tablet
556,10193,s0000164,2026-06-03 05:15:41,begin_checkout,tablet
557,10193,s0000164,2026-06-03 05:17:01,purchase,tablet
558,10542,s0000165,2026-06-03 00:04:55,page_view,tablet
559,10542,s0000165,2026-06-03 00:06:24,page_view,tablet
560,10542,s0000165,2026-06-03 00:07:55,page_view,tablet
561,10542,s0000165,2026-06-03 00:09:38,page_view,tablet
562,10542,s0000165,2026-06-03 00:10:31,add_to_cart,tablet
563,10542,s0000165,2026-06-03 00:11:22,begin_checkout,tablet
564,10542,s0000165,2026-06-03 00:13:00,purchase,tablet
565,10102,s0000166,2026-06-03 19:12:14,page_view,mobile
566,10102,s0000166,2026-06-03 19:13:15,page_view,mobile
567,10102,s0000166,2026-06-03 19:13:23,page_view,mobile
568,10467,s0000167,2026-06-03 05:28:11,page_view,desktop
569,10467,s0000167,2026-06-03 05:30:00,page_view,desktop
570,10467,s0000167,2026-06-03 05:30:30,add_to_cart,desktop
571,10467,s0000167,2026-06-03 05:32:24,begin_checkout,desktop
572,10572,s0000168,2026-06-03 04:28:13,page_view,tablet
573,10586,s0000169,2026-06-03 09:48:08,page_view,mobile
574,10586,s0000169,2026-06-03 09:49:17,add_to_cart,mobile
575,10586,s0000169,2026-06-03 09:51:15,begin_checkout,mobile
576,10586,s0000169,2026-06-03 09:52:19,purchase,mobile
577,,s0000170,2026-06-03 10:16:53,page_view,Mobile
578,,s0000170,2026-06-03 10:17:50,page_view,Mobile
579,,s0000170,2026-06-03 10:18:22,page_view,Mobile
580,,s0000170,2026-06-03 10:20:12,add_to_cart,Mobile
581,10090,s0000171,2026-06-03 20:40:50,page_view,desktop
582,10090,s0000171,2026-06-03 20:41:35,page_view,desktop
583,10090,s0000171,2026-06-03 20:42:42,page_view,desktop
584,10090,s0000171,2026-06-03 20:44:05,page_view,desktop
585,10090,s0000171,2026-06-03 20:44:57,add_to_cart,desktop
586,10090,s0000171,2026-06-03 20:45:15,begin_checkout,desktop
587,10378,s0000172,2026-06-03 00:43:45,page_view,desktop
588,10378,s0000172,2026-06-03 00:45:37,page_view,desktop
589,10063,s0000173,2026-06-03 01:20:19,page_view,desktop
590,10063,s0000173,2026-06-03 01:20:42,page_view,desktop
591,10313,s0000174,2026-06-03 11:51:25,page_view,tablet
592,10313,s0000174,2026-06-03 11:52:10,page_view,tablet
593,10313,s0000174,2026-06-03 11:53:42,page_view,tablet
594,,s0000175,2026-06-03 11:58:25,page_view,mobile
595,,s0000176,2026-06-03 05:02:34,page_view,desktop
596,,s0000176,2026-06-03 05:03:06,page_view,desktop
597,,s0000176,2026-06-03 05:03:23,page_view,desktop
598,,s0000176,2026-06-03 05:04:50,page_view,desktop
599,,s0000176,2026-06-03 05:05:52,add_to_cart,desktop
600,10478,s0000177,2026-06-03 07:04:55,page_view,mobile
601,10478,s0000177,2026-06-03 07:06:16,page_view,mobile
602,10478,s0000177,2026-06-03 07:08:01,add_to_cart,mobile
603,10478,s0000177,2026-06-03 07:09:25,begin_checkout,mobile
604,10478,s0000177,2026-06-03 07:09:44,purchase,mobile
605,10227,s0000178,2026-06-03 15:30:14,page_view,desktop
606,10227,s0000178,2026-06-03 15:31:52,page_view,desktop
607,10227,s0000178,2026-06-03 15:32:57,page_view,desktop
608,10227,s0000178,2026-06-03 15:34:10,page_view,desktop
609,10227,s0000178,2026-06-03 15:34:14,add_to_cart,desktop
610,10227,s0000178,2026-06-03 15:35:20,begin_checkout,desktop
611,10227,s0000178,2026-06-03 15:37:19,purchase,desktop
612,,s0000179,2026-06-03 10:55:47,page_view,desktop
613,,s0000179,2026-06-03 10:56:39,page_view,desktop
614,,s0000179,2026-06-03 10:57:35,page_view,desktop
615,,s0000179,2026-06-03 10:58:28,page_view,desktop
616,,s0000179,2026-06-03 11:00:21,add_to_cart,desktop
617,10694,s0000180,2026-06-03 01:10:40,page_view,desktop
618,10694,s0000180,2026-06-03 01:12:00,page_view,desktop
619,10371,s0000181,2026-06-03 21:48:13,page_view,mobile
620,10417,s0000182,2026-06-03 10:52:22,page_view,desktop
621,10417,s0000182,2026-06-03 10:53:06,page_view,desktop
622,10417,s0000182,2026-06-03 10:54:30,page_view,desktop
623,10033,s0000183,2026-06-03 12:32:09,page_view,mobile
624,10033,s0000183,2026-06-03 12:32:43,page_view,mobile
625,10033,s0000183,2026-06-03 12:34:14,page_view,mobile
626,10033,s0000183,2026-06-03 12:36:01,page_view,mobile
627,10656,s0000184,2026-06-03 06:06:46,page_view,tablet
628,10656,s0000184,2026-06-03 06:07:16,page_view,tablet
629,10656,s0000184,2026-06-03 06:08:40,page_view,tablet
630,10656,s0000184,2026-06-03 06:10:30,page_view,tablet
631,10578,s0000185,2026-06-03 05:20:40,page_view,desktop
632,10578,s0000185,2026-06-03 05:21:31,page_view,desktop
633,,s0000186,2026-06-03 19:28:52,page_view,desktop
634,,s0000186,2026-06-03 19:30:11,page_view,desktop
635,,s0000186,2026-06-03 19:31:52,page_view,desktop
636,,s0000186,2026-06-03 19:33:37,add_to_cart,desktop
637,10504,s0000187,2026-06-03 02:08:07,page_view,desktop
638,10504,s0000187,2026-06-03 02:09:42,page_view,desktop
639,,s0000188,2026-06-03 08:32:07,page_view,desktop
640,,s0000188,2026-06-03 08:33:58,page_view,desktop
641,,s0000188,2026-06-03 08:35:55,page_view,desktop
642,,s0000188,2026-06-03 08:37:10,page_view,desktop
643,10518,s0000189,2026-06-03 06:16:55,page_view,desktop
644,10518,s0000189,2026-06-03 06:18:30,page_view,desktop
645,10518,s0000189,2026-06-03 06:19:04,add_to_cart,desktop
646,10518,s0000189,2026-06-03 06:19:34,begin_checkout,desktop
647,,s0000190,2026-06-03 04:51:08,page_view,desktop
648,,s0000190,2026-06-03 04:52:12,page_view,desktop
649,,s0000190,2026-06-03 04:53:40,page_view,desktop
650,,s0000190,2026-06-03 04:54:30,page_view,desktop
651,,s0000191,2026-06-04 08:04:21,page_view,mobile
652,,s0000191,2026-06-04 08:05:14,add_to_cart,mobile
653,,s0000191,2026-06-04 08:05:26,begin_checkout,mobile
654,,s0000191,2026-06-04 08:07:10,purchase,mobile
655,,s0000192,2026-06-04 17:32:46,page_view,mobile
656,,s0000192,2026-06-04 17:33:34,add_to_cart,mobile
657,,s0000192,2026-06-04 17:35:12,begin_checkout,mobile
658,,s0000192,2026-06-04 17:36:53,purchase,mobile
659,,s0000193,2026-06-04 07:43:12,page_view,mobile
660,,s0000193,2026-06-04 07:44:25,add_to_cart,mobile
661,10134,s0000194,2026-06-04 12:18:17,page_view,desktop
662,10393,s0000195,2026-06-04 00:51:19,page_view,desktop
663,10393,s0000195,2026-06-04 00:52:57,page_view,desktop
664,10393,s0000195,2026-06-04 00:54:17,page_view,desktop
665,10398,s0000196,2026-06-04 02:21:55,page_view,mobile
666,10472,s0000197,2026-06-04 09:38:59,page_view,mobile
667,10472,s0000197,2026-06-04 09:39:19,page_view,mobile
668,10472,s0000197,2026-06-04 09:40:58,page_view,mobile
669,10472,s0000197,2026-06-04 09:41:02,add_to_cart,mobile
670,10472,s0000197,2026-06-04 09:42:31,begin_checkout,mobile
671,10472,s0000197,2026-06-04 09:43:22,purchase,mobile
672,10341,s0000198,2026-06-04 22:54:48,page_view,desktop
673,10341,s0000198,2026-06-04 22:56:12,page_view,desktop
674,10089,s0000199,2026-06-04 14:20:17,page_view,mobile
675,10089,s0000199,2026-06-04 14:21:48,page_view,mobile
676,10089,s0000199,2026-06-04 14:23:13,page_view,mobile
677,10089,s0000199,2026-06-04 14:23:28,page_view,mobile
678,,s0000200,2026-06-04 16:44:07,page_view,desktop
679,,s0000200,2026-06-04 16:45:59,page_view,desktop
680,,s0000200,2026-06-04 16:47:54,page_view,desktop
681,,s0000200,2026-06-04 16:49:47,add_to_cart,desktop
682,10353,s0000201,2026-06-04 15:44:54,page_view,mobile
683,10353,s0000201,2026-06-04 15:46:39,page_view,mobile
684,10353,s0000201,2026-06-04 15:47:14,page_view,mobile
685,10353,s0000201,2026-06-04 15:48:50,add_to_cart,mobile
686,10353,s0000201,2026-06-04 15:49:41,begin_checkout,mobile
687,10423,s0000202,2026-06-04 18:26:37,page_view,mobile
688,10050,s0000203,2026-06-04 11:24:30,page_view,mobile
689,10050,s0000203,2026-06-04 11:25:41,page_view,mobile
690,10050,s0000203,2026-06-04 11:26:20,page_view,mobile
691,10463,s0000204,2026-06-04 10:40:00,page_view,mobile
692,10463,s0000204,2026-06-04 10:41:44,page_view,mobile
693,10463,s0000204,2026-06-04 10:42:52,page_view,mobile
694,10463,s0000204,2026-06-04 10:44:10,page_view,mobile
695,,s0000205,2026-06-04 12:10:16,page_view,mobile
696,,s0000205,2026-06-04 12:11:34,page_view,mobile
697,,s0000205,2026-06-04 12:12:46,page_view,mobile
698,,s0000205,2026-06-04 12:13:11,page_view,mobile
699,10288,s0000206,2026-06-04 00:59:01,page_view,desktop
700,10288,s0000206,2026-06-04 01:00:19,page_view,desktop
701,10288,s0000206,2026-06-04 01:01:40,page_view,desktop
702,10288,s0000206,2026-06-04 01:02:34,add_to_cart,desktop
703,10288,s0000206,2026-06-04 01:02:52,begin_checkout,desktop
704,10288,s0000206,2026-06-04 01:03:09,purchase,desktop
705,10358,s0000207,2026-06-04 10:12:35,page_view,mobile
706,10358,s0000207,2026-06-04 10:12:42,page_view,mobile
707,10358,s0000207,2026-06-04 10:14:17,page_view,mobile
708,10358,s0000207,2026-06-04 10:15:04,add_to_cart,mobile
709,10415,s0000208,2026-06-04 15:42:17,page_view,desktop
710,10415,s0000208,2026-06-04 15:42:50,page_view,desktop
711,,s0000209,2026-06-04 00:19:43,page_view,mobile
712,,s0000210,2026-06-04 07:07:08,page_view,mobile
713,,s0000210,2026-06-04 07:09:01,page_view,mobile
714,,s0000210,2026-06-04 07:10:25,page_view,mobile
715,10247,s0000211,2026-06-04 07:57:49,page_view,desktop
716,10247,s0000211,2026-06-04 07:59:24,add_to_cart,desktop
717,10247,s0000211,2026-06-04 08:01:14,begin_checkout,desktop
718,10247,s0000211,2026-06-04 08:02:19,purchase,desktop
719,,s0000212,2026-06-04 04:15:49,page_view,mobile
720,10586,s0000213,2026-06-04 15:00:13,page_view,mobile
721,10586,s0000213,2026-06-04 15:01:28,page_view,mobile
722,10374,s0000214,2026-06-04 21:07:05,page_view,mobile
723,10374,s0000214,2026-06-04 21:08:18,page_view,mobile
724,10374,s0000214,2026-06-04 21:09:21,page_view,mobile
725,10374,s0000214,2026-06-04 21:09:32,add_to_cart,mobile
726,10030,s0000215,2026-06-04 07:52:46,page_view,mobile
727,10030,s0000215,2026-06-04 07:53:54,page_view,mobile
728,10030,s0000215,2026-06-04 07:55:24,page_view,mobile
729,,s0000216,2026-06-04 10:09:07,page_view,mobile
730,,s0000216,2026-06-04 10:10:28,page_view,mobile
731,,s0000216,2026-06-04 10:11:25,add_to_cart,mobile
732,,s0000216,2026-06-04 10:13:08,begin_checkout,mobile
733,10478,s0000217,2026-06-04 15:40:24,page_view,desktop
734,,s0000218,2026-06-04 15:19:23,page_view,mobile
735,,s0000218,2026-06-04 15:20:51,page_view,mobile
736,,s0000218,2026-06-04 15:22:22,page_view,mobile
737,,s0000218,2026-06-04 15:23:25,page_view,mobile
738,10103,s0000219,2026-06-04 04:59:45,page_view,mobile
739,10583,s0000220,2026-06-04 13:41:42,page_view,mobile
740,10024,s0000221,2026-06-04 18:52:11,page_view,desktop
741,10024,s0000221,2026-06-04 18:52:51,page_view,desktop
742,10024,s0000221,2026-06-04 18:53:04,page_view,desktop
743,10025,s0000222,2026-06-04 03:04:36,page_view,desktop
744,10025,s0000222,2026-06-04 03:05:48,add_to_cart,desktop
745,10613,s0000223,2026-06-04 03:38:49,page_view,desktop
746,10613,s0000223,2026-06-04 03:38:53,add_to_cart,desktop
747,10574,s0000224,2026-06-04 08:25:36,page_view,mobile
748,10574,s0000224,2026-06-04 08:26:20,page_view,mobile
749,10574,s0000224,2026-06-04 08:28:13,page_view,mobile
750,10081,s0000225,2026-06-04 14:33:24,page_view,desktop
751,10081,s0000225,2026-06-04 14:34:23,add_to_cart,desktop
752,,s0000226,2026-06-04 15:57:01,page_view,mobile
753,,s0000227,2026-06-04 11:13:25,page_view,mobile
754,,s0000227,2026-06-04 11:15:12,page_view,mobile
755,,s0000227,2026-06-04 11:16:41,add_to_cart,mobile
756,,s0000227,2026-06-04 11:18:21,begin_checkout,mobile
757,,s0000227,2026-06-04 11:20:18,purchase,mobile
758,10618,s0000228,2026-06-04 04:26:21,page_view,tablet
759,10618,s0000228,2026-06-04 04:28:11,page_view,tablet
760,10618,s0000228,2026-06-04 04:29:49,page_view,tablet
761,10602,s0000229,2026-06-04 03:34:01,page_view,mobile
762,10602,s0000229,2026-06-04 03:34:50,page_view,mobile
763,10602,s0000229,2026-06-04 03:35:21,page_view,mobile
764,10602,s0000229,2026-06-04 03:37:13,page_view,mobile
765,10602,s0000229,2026-06-04 03:38:56,add_to_cart,mobile
766,10096,s0000230,2026-06-04 12:07:25,page_view,tablet
767,10096,s0000230,2026-06-04 12:08:56,page_view,tablet
768,10096,s0000230,2026-06-04 12:10:03,page_view,tablet
769,10096,s0000230,2026-06-04 12:11:50,page_view,tablet
770,10633,s0000231,2026-06-04 06:49:00,page_view,desktop
771,10633,s0000231,2026-06-04 06:49:57,page_view,desktop
772,10633,s0000231,2026-06-04 06:50:54,page_view,desktop
773,10633,s0000231,2026-06-04 06:51:02,add_to_cart,desktop
774,,s0000232,2026-06-04 00:43:04,page_view,tablet
775,,s0000232,2026-06-04 00:43:17,page_view,tablet
776,,s0000232,2026-06-04 00:43:26,page_view,tablet
777,10261,s0000233,2026-06-04 04:57:33,page_view,desktop
778,10261,s0000233,2026-06-04 04:58:39,page_view,desktop
779,10261,s0000233,2026-06-04 04:59:16,page_view,desktop
780,10261,s0000233,2026-06-04 05:01:09,page_view,desktop
781,10573,s0000234,2026-06-04 00:32:26,page_view,desktop
782,10573,s0000234,2026-06-04 00:32:55,page_view,desktop
783,10573,s0000234,2026-06-04 00:33:38,page_view,desktop
784,10573,s0000234,2026-06-04 00:34:55,add_to_cart,desktop
785,10573,s0000234,2026-06-04 00:36:38,begin_checkout,desktop
786,10573,s0000234,2026-06-04 00:38:19,purchase,desktop
787,,s0000235,2026-06-04 20:07:37,page_view,Desktop
788,,s0000235,2026-06-04 20:08:07,page_view,Desktop
789,,s0000235,2026-06-04 20:09:17,add_to_cart,Desktop
790,,s0000235,2026-06-04 20:11:13,begin_checkout,Desktop
791,,s0000235,2026-06-04 20:12:26,purchase,Desktop
792,,s0000236,2026-06-04 23:00:34,page_view,desktop
793,,s0000236,2026-06-04 23:00:49,page_view,desktop
794,10355,s0000237,2026-06-04 22:13:39,page_view,mobile
795,10355,s0000237,2026-06-04 22:13:54,page_view,mobile
796,10355,s0000237,2026-06-04 22:14:49,page_view,mobile
797,10355,s0000237,2026-06-04 22:15:34,page_view,mobile
798,,s0000238,2026-06-04 16:58:13,page_view,desktop
799,,s0000238,2026-06-04 16:58:17,page_view,desktop
800,,s0000238,2026-06-04 16:58:33,page_view,desktop
801,10103,s0000239,2026-06-04 11:37:59,page_view,mobile
802,10103,s0000239,2026-06-04 11:38:44,page_view,mobile
803,10103,s0000239,2026-06-04 11:39:03,add_to_cart,mobile
804,10103,s0000239,2026-06-04 11:40:33,begin_checkout,mobile
805,10103,s0000239,2026-06-04 11:41:42,purchase,mobile
806,10111,s0000240,2026-06-04 15:53:43,page_view,mobile
807,10111,s0000240,2026-06-04 15:54:48,page_view,mobile
808,10111,s0000240,2026-06-04 15:55:53,page_view,mobile
809,,s0000241,2026-06-04 16:47:06,page_view,desktop
810,,s0000241,2026-06-04 16:47:39,page_view,desktop
811,,s0000241,2026-06-04 16:48:23,page_view,desktop
812,,s0000242,2026-06-04 15:32:58,page_view,desktop
813,,s0000242,2026-06-04 15:33:44,page_view,desktop
814,10149,s0000243,2026-06-04 02:18:41,page_view,mobile
815,,s0000244,2026-06-04 22:48:00,page_view,desktop
816,,s0000244,2026-06-04 22:49:03,page_view,desktop
817,,s0000244,2026-06-04 22:49:18,page_view,desktop
818,,s0000244,2026-06-04 22:50:59,add_to_cart,desktop
819,,s0000244,2026-06-04 22:51:44,begin_checkout,desktop
820,,s0000244,2026-06-04 22:52:19,purchase,desktop
821,10278,s0000245,2026-06-05 10:28:19,page_view,mobile
822,10278,s0000245,2026-06-05 10:29:13,add_to_cart,mobile
823,10278,s0000245,2026-06-05 10:29:17,begin_checkout,mobile
824,10278,s0000245,2026-06-05 10:30:51,purchase,mobile
825,10315,s0000246,2026-06-05 16:04:44,page_view,mobile
826,10315,s0000246,2026-06-05 16:06:22,page_view,mobile
827,10315,s0000246,2026-06-05 16:07:02,page_view,mobile
828,,s0000247,2026-06-05 19:38:59,page_view,desktop
829,,s0000247,2026-06-05 19:40:04,page_view,desktop
830,,s0000247,2026-06-05 19:40:34,add_to_cart,desktop
831,10126,s0000248,2026-06-05 12:01:48,page_view,mobile
832,10126,s0000248,2026-06-05 12:02:51,page_view,mobile
833,10126,s0000248,2026-06-05 12:03:29,page_view,mobile
834,10525,s0000249,2026-06-05 02:23:05,page_view,mobile
835,10525,s0000249,2026-06-05 02:23:14,page_view,mobile
836,10525,s0000249,2026-06-05 02:24:26,page_view,mobile
837,10525,s0000249,2026-06-05 02:25:59,add_to_cart,mobile
838,10525,s0000249,2026-06-05 02:27:26,begin_checkout,mobile
839,,s0000250,2026-06-05 15:38:31,page_view,desktop
840,,s0000250,2026-06-05 15:39:08,page_view,desktop
841,10508,s0000251,2026-06-05 03:11:23,page_view,desktop
842,10508,s0000251,2026-06-05 03:12:55,page_view,desktop
843,10508,s0000251,2026-06-05 03:14:53,add_to_cart,desktop
844,10508,s0000251,2026-06-05 03:16:35,begin_checkout,desktop
845,,s0000252,2026-06-05 00:57:04,page_view,mobile
846,,s0000252,2026-06-05 00:58:40,page_view,mobile
847,,s0000252,2026-06-05 01:00:15,page_view,mobile
848,,s0000252,2026-06-05 01:01:37,page_view,mobile
849,,s0000252,2026-06-05 01:02:37,add_to_cart,mobile
850,,s0000252,2026-06-05 01:03:33,begin_checkout,mobile
851,,s0000253,2026-06-05 01:34:30,page_view,mobile
852,,s0000253,2026-06-05 01:34:39,page_view,mobile
853,,s0000253,2026-06-05 01:36:32,page_view,mobile
854,,s0000253,2026-06-05 01:37:05,page_view,mobile
855,,s0000254,2026-06-05 16:03:12,page_view,mobile
856,,s0000254,2026-06-05 16:05:03,page_view,mobile
857,,s0000254,2026-06-05 16:05:18,page_view,mobile
858,,s0000254,2026-06-05 16:05:25,page_view,mobile
859,,s0000255,2026-06-05 09:12:18,page_view,mobile
860,,s0000255,2026-06-05 09:12:36,page_view,mobile
861,10200,s0000256,2026-06-05 00:28:44,page_view,mobile
862,10200,s0000256,2026-06-05 00:29:22,page_view,mobile
863,10362,s0000257,2026-06-05 06:40:26,page_view,desktop
864,10362,s0000257,2026-06-05 06:42:26,page_view,desktop
865,10362,s0000257,2026-06-05 06:44:21,page_view,desktop
866,10362,s0000257,2026-06-05 06:45:26,page_view,desktop
867,10619,s0000258,2026-06-05 07:42:15,page_view,desktop
868,10461,s0000259,2026-06-05 03:32:25,page_view,desktop
869,10461,s0000259,2026-06-05 03:33:33,page_view,desktop
870,10461,s0000259,2026-06-05 03:34:39,page_view,desktop
871,10001,s0000260,2026-06-05 18:39:32,page_view,mobile
872,10001,s0000260,2026-06-05 18:40:54,page_view,mobile
873,10001,s0000260,2026-06-05 18:42:30,page_view,mobile
874,10001,s0000260,2026-06-05 18:44:25,add_to_cart,mobile
875,10001,s0000260,2026-06-05 18:45:13,begin_checkout,mobile
876,10333,s0000261,2026-06-05 21:49:24,page_view,mobile
877,,s0000262,2026-06-05 22:18:31,page_view,mobile
878,,s0000263,2026-06-05 20:49:23,page_view,mobile
879,,s0000263,2026-06-05 20:50:58,page_view,mobile
880,,s0000263,2026-06-05 20:52:40,page_view,mobile
881,,s0000263,2026-06-05 20:54:17,add_to_cart,mobile
882,,s0000263,2026-06-05 20:56:16,begin_checkout,mobile
883,,s0000263,2026-06-05 20:56:45,purchase,mobile
884,,s0000264,2026-06-05 14:29:45,page_view,tablet
885,,s0000264,2026-06-05 14:30:57,page_view,tablet
886,,s0000264,2026-06-05 14:32:24,page_view,tablet
887,,s0000264,2026-06-05 14:33:44,page_view,tablet
888,10021,s0000265,2026-06-05 06:49:52,page_view,mobile
889,10021,s0000265,2026-06-05 06:50:02,page_view,mobile
890,10021,s0000265,2026-06-05 06:51:27,page_view,mobile
891,10021,s0000265,2026-06-05 06:51:59,page_view,mobile
892,,s0000266,2026-06-05 09:31:26,page_view,tablet
893,,s0000266,2026-06-05 09:33:02,add_to_cart,tablet
894,,s0000267,2026-06-05 08:07:42,page_view,desktop
895,,s0000267,2026-06-05 08:09:01,page_view,desktop
896,,s0000267,2026-06-05 08:09:51,add_to_cart,desktop
897,,s0000268,2026-06-05 22:57:25,page_view,mobile
898,,s0000268,2026-06-05 22:57:31,page_view,mobile
899,,s0000268,2026-06-05 22:58:43,page_view,mobile
900,,s0000268,2026-06-05 22:59:20,page_view,mobile
901,,s0000269,2026-06-05 06:00:01,page_view,mobile
902,,s0000269,2026-06-05 06:01:10,page_view,mobile
903,,s0000269,2026-06-05 06:02:07,page_view,mobile
904,,s0000269,2026-06-05 06:03:19,page_view,mobile
905,,s0000269,2026-06-05 06:04:18,add_to_cart,mobile
906,,s0000270,2026-06-05 16:20:26,page_view,desktop
907,,s0000270,2026-06-05 16:20:43,page_view,desktop
908,,s0000270,2026-06-05 16:22:07,page_view,desktop
909,,s0000270,2026-06-05 16:23:59,page_view,desktop
910,10202,s0000271,2026-06-05 10:13:35,page_view,desktop
911,10202,s0000271,2026-06-05 10:14:22,page_view,desktop
912,,s0000272,2026-06-05 22:50:14,page_view,mobile
913,,s0000272,2026-06-05 22:51:28,page_view,mobile
914,,s0000273,2026-06-05 13:12:27,page_view,mobile
915,,s0000273,2026-06-05 13:12:52,page_view,mobile
916,10294,s0000274,2026-06-05 21:00:31,page_view,mobile
917,10294,s0000274,2026-06-05 21:02:25,add_to_cart,mobile
918,,s0000275,2026-06-05 01:10:30,page_view,desktop
919,,s0000275,2026-06-05 01:10:56,page_view,desktop
920,,s0000276,2026-06-05 07:56:00,page_view,mobile
921,,s0000276,2026-06-05 07:56:42,add_to_cart,mobile
922,10500,s0000277,2026-06-05 20:51:11,page_view,desktop
923,10500,s0000277,2026-06-05 20:51:34,page_view,desktop
924,10500,s0000277,2026-06-05 20:53:25,page_view,desktop
925,10500,s0000277,2026-06-05 20:53:37,page_view,desktop
926,10283,s0000278,2026-06-05 05:09:21,page_view,mobile
927,10283,s0000278,2026-06-05 05:09:41,page_view,mobile
928,10283,s0000278,2026-06-05 05:10:47,add_to_cart,mobile
929,10690,s0000279,2026-06-05 03:09:54,page_view,mobile
930,10690,s0000279,2026-06-05 03:11:30,page_view,mobile
931,10690,s0000279,2026-06-05 03:12:35,page_view,mobile
932,10690,s0000279,2026-06-05 03:14:05,page_view,mobile
933,10477,s0000280,2026-06-05 02:13:39,page_view,mobile
934,10477,s0000280,2026-06-05 02:13:52,page_view,mobile
935,10477,s0000280,2026-06-05 02:15:14,page_view,mobile
936,,s0000281,2026-06-05 11:37:43,page_view,tablet
937,10542,s0000282,2026-06-05 15:27:40,page_view,desktop
938,10542,s0000282,2026-06-05 15:29:38,page_view,desktop
939,10542,s0000282,2026-06-05 15:31:09,page_view,desktop
940,10513,s0000283,2026-06-05 16:05:54,page_view,desktop
941,10513,s0000283,2026-06-05 16:06:56,page_view,desktop
942,10513,s0000283,2026-06-05 16:07:11,page_view,desktop
943,10389,s0000284,2026-06-05 20:58:01,page_view,mobile
944,10389,s0000284,2026-06-05 20:59:55,page_view,mobile
945,10634,s0000285,2026-06-05 00:02:19,page_view,mobile
946,10634,s0000285,2026-06-05 00:02:38,page_view,mobile
947,10634,s0000285,2026-06-05 00:03:02,page_view,mobile
948,10634,s0000285,2026-06-05 00:04:27,page_view,mobile
949,,s0000286,2026-06-05 10:05:00,page_view,desktop
950,,s0000286,2026-06-05 10:05:28,page_view,desktop
951,,s0000286,2026-06-05 10:05:31,page_view,desktop
952,,s0000286,2026-06-05 10:07:03,add_to_cart,desktop
953,,s0000286,2026-06-05 10:07:07,begin_checkout,desktop
954,10096,s0000287,2026-06-05 15:18:22,page_view,desktop
955,10096,s0000287,2026-06-05 15:20:11,page_view,desktop
956,10096,s0000287,2026-06-05 15:21:26,page_view,desktop
957,,s0000288,2026-06-05 19:42:22,page_view,desktop
958,,s0000288,2026-06-05 19:44:10,page_view,desktop
959,,s0000288,2026-06-05 19:45:59,page_view,desktop
960,,s0000288,2026-06-05 19:46:40,page_view,desktop
961,,s0000289,2026-06-05 21:55:37,page_view,mobile
962,,s0000289,2026-06-05 21:56:06,page_view,mobile
963,10455,s0000290,2026-06-05 18:15:57,page_view,mobile
964,10455,s0000290,2026-06-05 18:16:46,page_view,mobile
965,10455,s0000290,2026-06-05 18:17:36,page_view,mobile
966,10455,s0000290,2026-06-05 18:19:13,page_view,mobile
967,10455,s0000290,2026-06-05 18:20:57,add_to_cart,mobile
968,,s0000291,2026-06-05 11:57:46,page_view,mobile
969,,s0000291,2026-06-05 11:58:38,page_view,mobile
970,,s0000291,2026-06-05 12:00:34,page_view,mobile
971,,s0000291,2026-06-05 12:01:18,page_view,mobile
972,10696,s0000292,2026-06-05 10:29:13,page_view,desktop
973,10696,s0000292,2026-06-05 10:29:38,page_view,desktop
974,10696,s0000292,2026-06-05 10:30:25,add_to_cart,desktop
975,10696,s0000292,2026-06-05 10:31:26,begin_checkout,desktop
976,10696,s0000292,2026-06-05 10:32:16,purchase,desktop
977,10032,s0000293,2026-06-05 11:09:06,page_view,desktop
978,10032,s0000293,2026-06-05 11:10:42,page_view,desktop
979,,s0000294,2026-06-05 11:29:58,page_view,mobile
980,,s0000294,2026-06-05 11:31:23,page_view,mobile
981,,s0000294,2026-06-05 11:32:22,page_view,mobile
982,10236,s0000295,2026-06-05 15:22:42,page_view,desktop
983,10236,s0000295,2026-06-05 15:23:41,page_view,desktop
984,10236,s0000295,2026-06-05 15:24:38,add_to_cart,desktop
985,10438,s0000296,2026-06-05 02:09:54,page_view,desktop
986,10438,s0000296,2026-06-05 02:10:03,page_view,desktop
987,10438,s0000296,2026-06-05 02:10:24,page_view,desktop
988,10438,s0000296,2026-06-05 02:10:59,page_view,desktop
989,,s0000297,2026-06-05 15:37:33,page_view,desktop
990,,s0000297,2026-06-05 15:38:53,page_view,desktop
991,,s0000297,2026-06-05 15:40:43,page_view,desktop
992,,s0000297,2026-06-05 15:41:35,add_to_cart,desktop
993,,s0000297,2026-06-05 15:42:56,begin_checkout,desktop
994,,s0000297,2026-06-05 15:44:00,purchase,desktop
995,,s0000298,2026-06-05 08:09:59,page_view,mobile
996,,s0000298,2026-06-05 08:11:46,page_view,mobile
997,,s0000298,2026-06-05 08:12:43,add_to_cart,mobile
998,,s0000298,2026-06-05 08:13:56,begin_checkout,mobile
999,,s0000298,2026-06-05 08:15:04,purchase,mobile
1000,10640,s0000299,2026-06-05 19:17:33,page_view,desktop
1001,10640,s0000299,2026-06-05 19:19:27,page_view,desktop
1002,10640,s0000299,2026-06-05 19:21:02,add_to_cart,desktop
1003,10640,s0000299,2026-06-05 19:22:00,begin_checkout,desktop
1004,10640,s0000299,2026-06-05 19:23:11,purchase,desktop
1005,10313,s0000300,2026-06-05 09:06:23,page_view,desktop
1006,10313,s0000300,2026-06-05 09:07:43,page_view,desktop
1007,10313,s0000300,2026-06-05 09:09:32,page_view,desktop
1008,10313,s0000300,2026-06-05 09:11:05,add_to_cart,desktop
1009,10068,s0000301,2026-06-05 08:29:48,page_view,mobile
1010,10068,s0000301,2026-06-05 08:29:54,page_view,mobile
1011,10068,s0000301,2026-06-05 08:30:45,page_view,mobile
1012,10068,s0000301,2026-06-05 08:31:54,add_to_cart,mobile
1013,10237,s0000302,2026-06-05 07:37:25,page_view,desktop
1014,10237,s0000302,2026-06-05 07:38:46,page_view,desktop
1015,10237,s0000302,2026-06-05 07:40:21,page_view,desktop
1016,10237,s0000302,2026-06-05 07:41:08,add_to_cart,desktop
1017,10373,s0000303,2026-06-05 14:52:54,page_view,desktop
1018,10373,s0000303,2026-06-05 14:53:53,page_view,desktop
1019,10373,s0000303,2026-06-05 14:54:54,page_view,desktop
1020,10373,s0000303,2026-06-05 14:56:31,page_view,desktop
1021,10373,s0000303,2026-06-05 14:57:30,add_to_cart,desktop
1022,10373,s0000303,2026-06-05 14:59:16,begin_checkout,desktop
1023,10373,s0000303,2026-06-05 15:00:58,purchase,desktop
1024,10021,s0000304,2026-06-05 21:55:53,page_view,mobile
1025,10021,s0000304,2026-06-05 21:56:01,page_view,mobile
1026,10021,s0000304,2026-06-05 21:56:49,page_view,mobile
1027,10021,s0000304,2026-06-05 21:58:15,page_view,mobile
1028,10021,s0000304,2026-06-05 21:59:31,add_to_cart,mobile
1029,10517,s0000305,2026-06-05 20:42:36,page_view,desktop
1030,10517,s0000305,2026-06-05 20:42:44,page_view,desktop
1031,10517,s0000305,2026-06-05 20:44:12,add_to_cart,desktop
1032,10517,s0000305,2026-06-05 20:45:09,begin_checkout,desktop
1033,10200,s0000306,2026-06-05 08:35:43,page_view,desktop
1034,10200,s0000306,2026-06-05 08:36:46,page_view,desktop
1035,10200,s0000306,2026-06-05 08:37:52,add_to_cart,desktop
1036,10587,s0000307,2026-06-06 04:02:45,page_view,desktop
1037,10587,s0000307,2026-06-06 04:03:15,page_view,desktop
1038,10587,s0000307,2026-06-06 04:03:36,page_view,desktop
1039,10587,s0000307,2026-06-06 04:04:53,page_view,desktop
1040,,s0000308,2026-06-06 17:13:31,page_view,desktop
1041,,s0000308,2026-06-06 17:14:18,page_view,desktop
1042,,s0000308,2026-06-06 17:15:21,add_to_cart,desktop
1043,,s0000308,2026-06-06 17:17:01,begin_checkout,desktop
1044,,s0000308,2026-06-06 17:17:22,purchase,desktop
1045,10048,s0000309,2026-06-06 00:26:06,page_view,mobile
1046,10048,s0000309,2026-06-06 00:26:47,page_view,mobile
1047,10048,s0000309,2026-06-06 00:28:37,page_view,mobile
1048,10048,s0000309,2026-06-06 00:29:09,page_view,mobile
1049,10048,s0000309,2026-06-06 00:30:17,add_to_cart,mobile
1050,10008,s0000310,2026-06-06 01:00:31,page_view,mobile
1051,10008,s0000310,2026-06-06 01:02:03,page_view,mobile
1052,10008,s0000310,2026-06-06 01:03:18,page_view,mobile
1053,10008,s0000310,2026-06-06 01:03:41,page_view,mobile
1054,,s0000311,2026-06-06 11:23:58,page_view,mobile
1055,10158,s0000312,2026-06-06 08:09:18,page_view,mobile
1056,10158,s0000312,2026-06-06 08:10:08,page_view,mobile
1057,10158,s0000312,2026-06-06 08:10:45,page_view,mobile
1058,,s0000313,2026-06-06 08:34:24,page_view,desktop
1059,,s0000313,2026-06-06 08:35:39,page_view,desktop
1060,,s0000313,2026-06-06 08:36:32,page_view,desktop
1061,,s0000313,2026-06-06 08:36:47,page_view,desktop
1062,,s0000314,2026-06-06 20:54:00,page_view,mobile
1063,,s0000314,2026-06-06 20:54:23,page_view,mobile
1064,,s0000314,2026-06-06 20:54:44,page_view,mobile
1065,,s0000314,2026-06-06 20:56:16,page_view,mobile
1066,10238,s0000315,2026-06-06 11:47:18,page_view,desktop
1067,10238,s0000315,2026-06-06 11:47:38,page_view,desktop
1068,10238,s0000315,2026-06-06 11:48:39,add_to_cart,desktop
1069,10238,s0000315,2026-06-06 11:50:21,begin_checkout,desktop
1070,10238,s0000315,2026-06-06 11:51:10,purchase,desktop
1071,10135,s0000316,2026-06-06 22:17:21,page_view,mobile
1072,10135,s0000316,2026-06-06 22:18:19,page_view,mobile
1073,10135,s0000316,2026-06-06 22:19:50,page_view,mobile
1074,10135,s0000316,2026-06-06 22:21:05,page_view,mobile
1075,10473,s0000317,2026-06-06 03:57:22,page_view,desktop
1076,10473,s0000317,2026-06-06 03:58:48,page_view,desktop
1077,10473,s0000317,2026-06-06 04:00:07,page_view,desktop
1078,10473,s0000317,2026-06-06 04:01:36,add_to_cart,desktop
1079,10104,s0000318,2026-06-06 05:40:22,page_view,desktop
1080,,s0000319,2026-06-06 22:30:22,page_view,Desktop
1081,,s0000320,2026-06-06 08:00:23,page_view,mobile
1082,,s0000320,2026-06-06 08:00:59,page_view,mobile
1083,10014,s0000321,2026-06-06 07:44:44,page_view,desktop
1084,10014,s0000321,2026-06-06 07:45:26,page_view,desktop
1085,10014,s0000321,2026-06-06 07:46:04,add_to_cart,desktop
1086,10014,s0000321,2026-06-06 07:47:45,begin_checkout,desktop
1087,,s0000322,2026-06-06 20:57:12,page_view,desktop
1088,,s0000322,2026-06-06 20:58:12,page_view,desktop
1089,,s0000322,2026-06-06 20:59:06,page_view,desktop
1090,,s0000323,2026-06-06 08:42:14,page_view,mobile
1091,,s0000323,2026-06-06 08:44:13,add_to_cart,mobile
1092,,s0000324,2026-06-06 15:51:06,page_view,Desktop
1093,,s0000324,2026-06-06 15:52:56,page_view,Desktop
1094,,s0000324,2026-06-06 15:53:54,page_view,Desktop
1095,,s0000325,2026-06-06 02:20:14,page_view,mobile
1096,,s0000325,2026-06-06 02:20:54,page_view,mobile
1097,,s0000326,2026-06-06 02:19:34,page_view,desktop
1098,,s0000326,2026-06-06 02:21:04,page_view,desktop
1099,,s0000326,2026-06-06 02:21:55,page_view,desktop
1100,,s0000326,2026-06-06 02:23:11,page_view,desktop
1101,10407,s0000327,2026-06-06 10:02:45,page_view,mobile
1102,10407,s0000327,2026-06-06 10:04:02,page_view,mobile
1103,10407,s0000327,2026-06-06 10:05:22,page_view,mobile
1104,10407,s0000327,2026-06-06 10:07:01,add_to_cart,mobile
1105,10407,s0000327,2026-06-06 10:08:18,begin_checkout,mobile
1106,10259,s0000328,2026-06-06 00:16:25,page_view,mobile
1107,10259,s0000328,2026-06-06 00:17:14,page_view,mobile
1108,10181,s0000329,2026-06-06 01:55:16,page_view,desktop
1109,10181,s0000329,2026-06-06 01:55:31,page_view,desktop
1110,10229,s0000330,2026-06-06 12:54:17,page_view,desktop
1111,10229,s0000330,2026-06-06 12:54:28,page_view,desktop
1112,10229,s0000330,2026-06-06 12:55:41,page_view,desktop
1113,10229,s0000330,2026-06-06 12:56:18,page_view,desktop
1114,10229,s0000330,2026-06-06 12:56:55,add_to_cart,desktop
1115,10292,s0000331,2026-06-06 12:52:57,page_view,tablet
1116,10292,s0000331,2026-06-06 12:54:38,page_view,tablet
1117,10292,s0000331,2026-06-06 12:55:04,page_view,tablet
1118,,s0000332,2026-06-06 13:35:00,page_view,tablet
1119,,s0000332,2026-06-06 13:36:10,page_view,tablet
1120,,s0000332,2026-06-06 13:37:13,page_view,tablet
1121,10342,s0000333,2026-06-06 01:44:01,page_view,desktop
1122,10342,s0000333,2026-06-06 01:44:38,page_view,desktop
1123,10342,s0000333,2026-06-06 01:46:01,page_view,desktop
1124,10342,s0000333,2026-06-06 01:46:54,add_to_cart,desktop
1125,10342,s0000333,2026-06-06 01:48:48,begin_checkout,desktop
1126,10342,s0000333,2026-06-06 01:49:04,purchase,desktop
1127,10020,s0000334,2026-06-06 12:12:10,page_view,desktop
1128,,s0000335,2026-06-06 13:07:58,page_view,desktop
1129,10368,s0000336,2026-06-06 16:41:48,page_view,desktop
1130,10368,s0000336,2026-06-06 16:43:33,page_view,desktop
1131,10368,s0000336,2026-06-06 16:44:36,page_view,desktop
1132,10368,s0000336,2026-06-06 16:45:52,page_view,desktop
1133,10368,s0000336,2026-06-06 16:47:24,add_to_cart,desktop
1134,10368,s0000336,2026-06-06 16:47:58,begin_checkout,desktop
1135,10368,s0000336,2026-06-06 16:49:15,purchase,desktop
1136,10027,s0000337,2026-06-06 16:50:21,page_view,desktop
1137,10027,s0000337,2026-06-06 16:51:39,page_view,desktop
1138,,s0000338,2026-06-06 03:00:37,page_view,desktop
1139,,s0000338,2026-06-06 03:01:55,page_view,desktop
1140,,s0000338,2026-06-06 03:02:13,page_view,desktop
1141,,s0000338,2026-06-06 03:02:19,page_view,desktop
1142,,s0000339,2026-06-06 18:07:35,page_view,desktop
1143,,s0000340,2026-06-06 08:17:57,page_view,mobile
1144,,s0000340,2026-06-06 08:18:16,page_view,mobile
1145,,s0000340,2026-06-06 08:19:14,add_to_cart,mobile
1146,,s0000340,2026-06-06 08:20:39,begin_checkout,mobile
1147,,s0000340,2026-06-06 08:21:35,purchase,mobile
1148,10419,s0000341,2026-06-06 20:08:11,page_view,mobile
1149,,s0000342,2026-06-06 19:34:11,page_view,Mobile
1150,,s0000342,2026-06-06 19:35:16,page_view,Mobile
1151,,s0000342,2026-06-06 19:36:27,add_to_cart,Mobile
1152,,s0000342,2026-06-06 19:38:27,begin_checkout,Mobile
1153,10657,s0000343,2026-06-06 07:08:57,page_view,Mobile
1154,10657,s0000343,2026-06-06 07:10:21,page_view,Mobile
1155,10406,s0000344,2026-06-06 14:17:57,page_view,desktop
1156,10406,s0000344,2026-06-06 14:19:35,page_view,desktop
1157,10406,s0000344,2026-06-06 14:21:02,page_view,desktop
1158,10406,s0000344,2026-06-06 14:21:47,page_view,desktop
1159,10461,s0000345,2026-06-06 20:16:29,page_view,Tablet
1160,10461,s0000345,2026-06-06 20:18:08,page_view,Tablet
1161,10461,s0000345,2026-06-06 20:18:38,page_view,Tablet
1162,,s0000346,2026-06-06 01:56:41,page_view,mobile
1163,,s0000347,2026-06-06 12:08:43,page_view,desktop
1164,,s0000347,2026-06-06 12:10:07,page_view,desktop
1165,,s0000347,2026-06-06 12:10:16,page_view,desktop
1166,,s0000347,2026-06-06 12:11:20,page_view,desktop
1167,,s0000348,2026-06-06 09:59:54,page_view,mobile
1168,,s0000349,2026-06-06 12:39:51,page_view,mobile
1169,10582,s0000350,2026-06-06 12:27:00,page_view,desktop
1170,10582,s0000350,2026-06-06 12:27:55,page_view,desktop
1171,10582,s0000350,2026-06-06 12:29:55,page_view,desktop
1172,10582,s0000350,2026-06-06 12:30:44,add_to_cart,desktop
1173,10582,s0000350,2026-06-06 12:31:40,begin_checkout,desktop
1174,10582,s0000350,2026-06-06 12:33:30,purchase,desktop
1175,10518,s0000351,2026-06-06 13:11:35,page_view,desktop
1176,10518,s0000351,2026-06-06 13:13:03,page_view,desktop
1177,10518,s0000351,2026-06-06 13:13:48,page_view,desktop
1178,,s0000352,2026-06-06 08:01:19,page_view,desktop
1179,,s0000352,2026-06-06 08:02:16,page_view,desktop
1180,,s0000352,2026-06-06 08:03:14,page_view,desktop
1181,,s0000352,2026-06-06 08:04:03,page_view,desktop
1182,,s0000353,2026-06-06 01:40:08,page_view,mobile
1183,,s0000353,2026-06-06 01:40:47,page_view,mobile
1184,10084,s0000354,2026-06-06 03:44:34,page_view,tablet
1185,10084,s0000354,2026-06-06 03:46:25,page_view,tablet
1186,10084,s0000354,2026-06-06 03:47:07,page_view,tablet
1187,10084,s0000354,2026-06-06 03:48:28,page_view,tablet
1188,10084,s0000354,2026-06-06 03:49:53,add_to_cart,tablet
1189,10084,s0000354,2026-06-06 03:50:09,begin_checkout,tablet
1190,10298,s0000355,2026-06-06 20:00:08,page_view,mobile
1191,10298,s0000355,2026-06-06 20:00:53,page_view,mobile
1192,10345,s0000356,2026-06-06 07:18:47,page_view,mobile
1193,,s0000357,2026-06-06 12:34:49,page_view,mobile
1194,,s0000357,2026-06-06 12:35:12,page_view,mobile
1195,,s0000357,2026-06-06 12:36:17,page_view,mobile
1196,,s0000357,2026-06-06 12:37:24,page_view,mobile
1197,,s0000357,2026-06-06 12:38:04,add_to_cart,mobile
1198,,s0000357,2026-06-06 12:39:07,begin_checkout,mobile
1199,,s0000357,2026-06-06 12:39:34,purchase,mobile
1200,10419,s0000358,2026-06-07 16:13:59,page_view,desktop
1201,10419,s0000358,2026-06-07 16:15:40,page_view,desktop
1202,10320,s0000359,2026-06-07 02:48:15,page_view,mobile
1203,10320,s0000359,2026-06-07 02:48:39,page_view,mobile
1204,10320,s0000359,2026-06-07 02:49:26,page_view,mobile
1205,10320,s0000359,2026-06-07 02:50:35,page_view,mobile
1206,10017,s0000360,2026-06-07 07:11:07,page_view,mobile
1207,10017,s0000360,2026-06-07 07:12:39,add_to_cart,mobile
1208,10133,s0000361,2026-06-07 11:12:04,page_view,mobile
1209,10133,s0000361,2026-06-07 11:13:25,page_view,mobile
1210,10133,s0000361,2026-06-07 11:14:29,page_view,mobile
1211,10133,s0000361,2026-06-07 11:14:51,page_view,mobile
1212,10133,s0000361,2026-06-07 11:16:07,add_to_cart,mobile
1213,10454,s0000362,2026-06-07 12:27:23,page_view,mobile
1214,10454,s0000362,2026-06-07 12:29:09,page_view,mobile
1215,10454,s0000362,2026-06-07 12:31:00,page_view,mobile
1216,10454,s0000362,2026-06-07 12:31:10,page_view,mobile
1217,10007,s0000363,2026-06-07 09:34:14,page_view,desktop
1218,10007,s0000363,2026-06-07 09:34:50,page_view,desktop
1219,10007,s0000363,2026-06-07 09:35:35,add_to_cart,desktop
1220,10007,s0000363,2026-06-07 09:36:18,begin_checkout,desktop
1221,10007,s0000363,2026-06-07 09:36:30,purchase,desktop
1222,10110,s0000364,2026-06-07 13:27:20,page_view,mobile
1223,10110,s0000364,2026-06-07 13:27:53,page_view,mobile
1224,10115,s0000365,2026-06-07 03:11:48,page_view,desktop
1225,10115,s0000365,2026-06-07 03:12:39,page_view,desktop
1226,10115,s0000365,2026-06-07 03:13:14,page_view,desktop
1227,10115,s0000365,2026-06-07 03:14:34,page_view,desktop
1228,10115,s0000365,2026-06-07 03:16:33,add_to_cart,desktop
1229,10603,s0000366,2026-06-07 17:55:25,page_view,desktop
1230,10603,s0000366,2026-06-07 17:55:40,page_view,desktop
1231,10603,s0000366,2026-06-07 17:57:27,page_view,desktop
1232,10390,s0000367,2026-06-07 13:50:01,page_view,desktop
1233,10390,s0000367,2026-06-07 13:51:56,page_view,desktop
1234,10390,s0000367,2026-06-07 13:52:59,page_view,desktop
1235,,s0000368,2026-06-07 18:51:24,page_view,desktop
1236,,s0000368,2026-06-07 18:52:01,page_view,desktop
1237,,s0000368,2026-06-07 18:52:13,page_view,desktop
1238,,s0000368,2026-06-07 18:53:36,add_to_cart,desktop
1239,,s0000369,2026-06-07 17:44:51,page_view,mobile
1240,10458,s0000370,2026-06-07 03:42:20,page_view,mobile
1241,10458,s0000370,2026-06-07 03:42:58,page_view,mobile
1242,10458,s0000370,2026-06-07 03:44:15,page_view,mobile
1243,10293,s0000371,2026-06-07 19:46:16,page_view,mobile
1244,10293,s0000371,2026-06-07 19:47:29,page_view,mobile
1245,10293,s0000371,2026-06-07 19:47:36,page_view,mobile
1246,10293,s0000371,2026-06-07 19:49:30,page_view,mobile
1247,10444,s0000372,2026-06-07 18:50:57,page_view,mobile
1248,10296,s0000373,2026-06-07 11:20:48,page_view,mobile
1249,10296,s0000373,2026-06-07 11:21:12,page_view,mobile
1250,10582,s0000374,2026-06-07 21:59:51,page_view,tablet
1251,10299,s0000375,2026-06-07 12:24:25,page_view,mobile
1252,10299,s0000375,2026-06-07 12:25:53,add_to_cart,mobile
1253,,s0000376,2026-06-07 22:14:51,page_view,desktop
1254,10505,s0000377,2026-06-07 17:58:41,page_view,mobile
1255,10505,s0000377,2026-06-07 17:59:42,page_view,mobile
1256,10505,s0000377,2026-06-07 18:00:08,page_view,mobile
1257,10505,s0000377,2026-06-07 18:00:32,page_view,mobile
1258,10505,s0000377,2026-06-07 18:01:01,add_to_cart,mobile
1259,10046,s0000378,2026-06-07 02:09:47,page_view,mobile
1260,10046,s0000378,2026-06-07 02:11:47,page_view,mobile
1261,10046,s0000378,2026-06-07 02:13:13,page_view,mobile
1262,10145,s0000379,2026-06-07 16:55:16,page_view,Desktop
1263,10145,s0000379,2026-06-07 16:56:55,page_view,Desktop
1264,10145,s0000379,2026-06-07 16:58:43,add_to_cart,Desktop
1265,10145,s0000379,2026-06-07 17:00:10,begin_checkout,Desktop
1266,10145,s0000379,2026-06-07 17:02:09,purchase,Desktop
1267,10336,s0000380,2026-06-07 07:38:43,page_view,desktop
1268,10336,s0000380,2026-06-07 07:39:25,page_view,desktop
1269,10336,s0000380,2026-06-07 07:41:15,page_view,desktop
1270,10336,s0000380,2026-06-07 07:42:05,page_view,desktop
1271,10416,s0000381,2026-06-07 21:25:00,page_view,desktop
1272,10416,s0000381,2026-06-07 21:25:10,page_view,desktop
1273,10416,s0000381,2026-06-07 21:26:44,page_view,desktop
1274,10416,s0000381,2026-06-07 21:26:50,page_view,desktop
1275,10416,s0000381,2026-06-07 21:28:11,add_to_cart,desktop
1276,10416,s0000381,2026-06-07 21:29:25,begin_checkout,desktop
1277,10416,s0000381,2026-06-07 21:30:47,purchase,desktop
1278,10376,s0000382,2026-06-07 11:26:47,page_view,mobile
1279,10376,s0000382,2026-06-07 11:28:47,add_to_cart,mobile
1280,,s0000383,2026-06-07 22:09:11,page_view,mobile
1281,10678,s0000384,2026-06-07 13:08:23,page_view,desktop
1282,10678,s0000384,2026-06-07 13:09:20,page_view,desktop
1283,10678,s0000384,2026-06-07 13:09:28,page_view,desktop
1284,,s0000385,2026-06-07 20:58:20,page_view,desktop
1285,,s0000385,2026-06-07 20:59:22,page_view,desktop
1286,,s0000385,2026-06-07 21:00:42,add_to_cart,desktop
1287,,s0000385,2026-06-07 21:02:41,begin_checkout,desktop
1288,,s0000385,2026-06-07 21:04:02,purchase,desktop
1289,10606,s0000386,2026-06-07 10:57:55,page_view,desktop
1290,10606,s0000386,2026-06-07 10:59:10,page_view,desktop
1291,10606,s0000386,2026-06-07 10:59:34,page_view,desktop
1292,10514,s0000387,2026-06-07 11:44:57,page_view,desktop
1293,10514,s0000387,2026-06-07 11:45:56,page_view,desktop
1294,10279,s0000388,2026-06-07 18:45:18,page_view,mobile
1295,10279,s0000388,2026-06-07 18:46:29,page_view,mobile
1296,10279,s0000388,2026-06-07 18:46:56,page_view,mobile
1297,10034,s0000389,2026-06-07 02:08:35,page_view,desktop
1298,10034,s0000389,2026-06-07 02:08:47,page_view,desktop
1299,10034,s0000389,2026-06-07 02:09:21,add_to_cart,desktop
1300,10034,s0000389,2026-06-07 02:09:52,begin_checkout,desktop
1301,10034,s0000389,2026-06-07 02:11:17,purchase,desktop
1302,10592,s0000390,2026-06-07 07:39:43,page_view,mobile
1303,10592,s0000390,2026-06-07 07:41:31,page_view,mobile
1304,10592,s0000390,2026-06-07 07:43:15,page_view,mobile
1305,10592,s0000390,2026-06-07 07:44:00,add_to_cart,mobile
1306,10592,s0000390,2026-06-07 07:44:39,begin_checkout,mobile
1307,,s0000391,2026-06-07 16:33:05,page_view,mobile
1308,,s0000391,2026-06-07 16:34:39,page_view,mobile
1309,,s0000391,2026-06-07 16:36:02,page_view,mobile
1310,10688,s0000392,2026-06-07 20:27:39,page_view,desktop
1311,10688,s0000392,2026-06-07 20:29:01,page_view,desktop
1312,10688,s0000392,2026-06-07 20:30:53,add_to_cart,desktop
1313,10688,s0000392,2026-06-07 20:31:20,begin_checkout,desktop
1314,10688,s0000392,2026-06-07 20:32:06,purchase,desktop
1315,10228,s0000393,2026-06-07 12:50:23,page_view,mobile
1316,10474,s0000394,2026-06-07 15:45:30,page_view,tablet
1317,10474,s0000394,2026-06-07 15:46:33,page_view,tablet
1318,,s0000395,2026-06-07 15:07:10,page_view,desktop
1319,,s0000395,2026-06-07 15:08:55,add_to_cart,desktop
1320,,s0000395,2026-06-07 15:09:25,begin_checkout,desktop
1321,,s0000396,2026-06-07 05:06:23,page_view,mobile
1322,,s0000396,2026-06-07 05:06:39,page_view,mobile
1323,10500,s0000397,2026-06-07 08:12:19,page_view,desktop
1324,10500,s0000397,2026-06-07 08:12:55,page_view,desktop
1325,10500,s0000397,2026-06-07 08:13:10,add_to_cart,desktop
1326,10026,s0000398,2026-06-07 22:53:19,page_view,desktop
1327,10026,s0000398,2026-06-07 22:53:38,page_view,desktop
1328,10182,s0000399,2026-06-07 03:53:03,page_view,desktop
1329,10182,s0000399,2026-06-07 03:53:47,page_view,desktop
1330,10182,s0000399,2026-06-07 03:54:05,page_view,desktop
1331,10383,s0000400,2026-06-07 17:58:48,page_view,mobile
1332,,s0000401,2026-06-07 03:41:21,page_view,mobile
1333,,s0000401,2026-06-07 03:41:46,page_view,mobile
1334,,s0000401,2026-06-07 03:43:19,add_to_cart,mobile
1335,,s0000401,2026-06-07 03:44:49,begin_checkout,mobile
1336,,s0000401,2026-06-07 03:45:42,purchase,mobile
1337,10538,s0000402,2026-06-07 01:30:17,page_view,desktop
1338,10538,s0000402,2026-06-07 01:30:44,page_view,desktop
1339,10538,s0000402,2026-06-07 01:30:58,add_to_cart,desktop
1340,10538,s0000402,2026-06-07 01:31:05,begin_checkout,desktop
1341,10060,s0000403,2026-06-07 16:34:11,page_view,mobile
1342,10060,s0000403,2026-06-07 16:34:59,page_view,mobile
1343,10060,s0000403,2026-06-07 16:35:39,add_to_cart,mobile
1344,,s0000404,2026-06-07 20:23:15,page_view,desktop
1345,,s0000404,2026-06-07 20:23:38,page_view,desktop
1346,,s0000404,2026-06-07 20:25:01,page_view,desktop
1347,,s0000404,2026-06-07 20:25:52,page_view,desktop
1348,10374,s0000405,2026-06-07 10:22:05,page_view,desktop
1349,,s0000406,2026-06-07 19:26:55,page_view,desktop
1350,,s0000406,2026-06-07 19:28:14,page_view,desktop
1351,,s0000406,2026-06-07 19:29:49,page_view,desktop
1352,,s0000406,2026-06-07 19:30:39,page_view,desktop
1353,10183,s0000407,2026-06-07 14:16:33,page_view,desktop
1354,10183,s0000407,2026-06-07 14:17:48,page_view,desktop
1355,,s0000408,2026-06-07 20:42:56,page_view,tablet
1356,,s0000408,2026-06-07 20:44:55,page_view,tablet
1357,,s0000408,2026-06-07 20:46:25,page_view,tablet
1358,10085,s0000409,2026-06-07 21:47:59,page_view,mobile
1359,10085,s0000409,2026-06-07 21:49:05,add_to_cart,mobile
1360,10085,s0000409,2026-06-07 21:50:56,begin_checkout,mobile
1361,10085,s0000409,2026-06-07 21:52:55,purchase,mobile
1362,,s0000410,2026-06-07 16:29:53,page_view,desktop
1363,,s0000410,2026-06-07 16:30:12,page_view,desktop
1364,,s0000410,2026-06-07 16:31:19,add_to_cart,desktop
1365,,s0000410,2026-06-07 16:33:01,begin_checkout,desktop
1366,10555,s0000411,2026-06-07 18:16:59,page_view,mobile
1367,10555,s0000411,2026-06-07 18:17:49,page_view,mobile
1368,10555,s0000411,2026-06-07 18:19:36,page_view,mobile
1369,10555,s0000411,2026-06-07 18:20:48,page_view,mobile
1370,10155,s0000412,2026-06-08 02:27:56,page_view,mobile
1371,,s0000413,2026-06-08 11:06:06,page_view,desktop
1372,,s0000413,2026-06-08 11:07:49,page_view,desktop
1373,,s0000413,2026-06-08 11:09:10,page_view,desktop
1374,,s0000414,2026-06-08 10:34:05,page_view,tablet
1375,,s0000414,2026-06-08 10:35:32,page_view,tablet
1376,,s0000414,2026-06-08 10:35:40,add_to_cart,tablet
1377,,s0000414,2026-06-08 10:36:09,begin_checkout,tablet
1378,,s0000414,2026-06-08 10:37:39,purchase,tablet
1379,10054,s0000415,2026-06-08 20:53:31,page_view,desktop
1380,10054,s0000415,2026-06-08 20:54:48,page_view,desktop
1381,10054,s0000415,2026-06-08 20:56:28,page_view,desktop
1382,10054,s0000415,2026-06-08 20:57:13,page_view,desktop
1383,10054,s0000415,2026-06-08 20:58:26,add_to_cart,desktop
1384,10294,s0000416,2026-06-08 18:59:28,page_view,desktop
1385,10294,s0000416,2026-06-08 18:59:43,page_view,desktop
1386,10294,s0000416,2026-06-08 19:00:19,page_view,desktop
1387,10294,s0000416,2026-06-08 19:01:34,add_to_cart,desktop
1388,,s0000417,2026-06-08 06:10:00,page_view,desktop
1389,,s0000417,2026-06-08 06:10:58,page_view,desktop
1390,,s0000417,2026-06-08 06:11:06,page_view,desktop
1391,,s0000418,2026-06-08 22:45:53,page_view,desktop
1392,,s0000419,2026-06-08 22:32:31,page_view,desktop
1393,,s0000419,2026-06-08 22:34:09,add_to_cart,desktop
1394,,s0000420,2026-06-08 20:20:21,page_view,Desktop
1395,,s0000420,2026-06-08 20:21:25,page_view,Desktop
1396,,s0000420,2026-06-08 20:22:48,page_view,Desktop
1397,,s0000420,2026-06-08 20:23:25,add_to_cart,Desktop
1398,,s0000420,2026-06-08 20:24:59,begin_checkout,Desktop
1399,,s0000420,2026-06-08 20:25:22,purchase,Desktop
1400,,s0000421,2026-06-08 15:06:28,page_view,tablet
1401,,s0000421,2026-06-08 15:07:28,page_view,tablet
1402,,s0000421,2026-06-08 15:07:48,page_view,tablet
1403,,s0000421,2026-06-08 15:08:31,add_to_cart,tablet
1404,,s0000421,2026-06-08 15:10:02,begin_checkout,tablet
1405,10591,s0000422,2026-06-08 10:24:18,page_view,desktop
1406,10591,s0000422,2026-06-08 10:24:22,page_view,desktop
1407,10591,s0000422,2026-06-08 10:26:13,page_view,desktop
1408,10591,s0000422,2026-06-08 10:26:53,add_to_cart,desktop
1409,,s0000423,2026-06-08 16:31:25,page_view,Desktop
1410,,s0000423,2026-06-08 16:31:45,page_view,Desktop
1411,,s0000423,2026-06-08 16:32:35,page_view,Desktop
1412,,s0000424,2026-06-08 14:34:36,page_view,mobile
1413,,s0000424,2026-06-08 14:35:36,page_view,mobile
1414,,s0000424,2026-06-08 14:37:20,page_view,mobile
1415,10505,s0000425,2026-06-08 00:43:04,page_view,mobile
1416,,s0000426,2026-06-08 14:00:55,page_view,desktop
1417,,s0000426,2026-06-08 14:02:06,page_view,desktop
1418,,s0000426,2026-06-08 14:02:14,page_view,desktop
1419,,s0000426,2026-06-08 14:03:34,page_view,desktop
1420,,s0000426,2026-06-08 14:05:19,add_to_cart,desktop
1421,,s0000426,2026-06-08 14:06:24,begin_checkout,desktop
1422,,s0000426,2026-06-08 14:06:27,purchase,desktop
1423,,s0000427,2026-06-08 21:23:37,page_view,desktop
1424,10403,s0000428,2026-06-08 22:40:42,page_view,desktop
1425,10403,s0000428,2026-06-08 22:41:41,add_to_cart,desktop
1426,10403,s0000428,2026-06-08 22:41:51,begin_checkout,desktop
1427,10403,s0000428,2026-06-08 22:42:11,purchase,desktop
1428,10581,s0000429,2026-06-08 21:48:59,page_view,mobile
1429,10581,s0000429,2026-06-08 21:49:32,page_view,mobile
1430,10581,s0000429,2026-06-08 21:50:34,page_view,mobile
1431,10581,s0000429,2026-06-08 21:52:14,page_view,mobile
1432,10581,s0000429,2026-06-08 21:53:18,add_to_cart,mobile
1433,10581,s0000429,2026-06-08 21:55:18,begin_checkout,mobile
1434,10581,s0000429,2026-06-08 21:56:05,purchase,mobile
1435,10158,s0000430,2026-06-08 03:09:30,page_view,mobile
1436,10158,s0000430,2026-06-08 03:10:02,page_view,mobile
1437,10158,s0000430,2026-06-08 03:10:35,page_view,mobile
1438,10158,s0000430,2026-06-08 03:11:07,page_view,mobile
1439,10158,s0000430,2026-06-08 03:11:13,add_to_cart,mobile
1440,10210,s0000431,2026-06-08 20:58:56,page_view,desktop
1441,10210,s0000431,2026-06-08 21:00:54,page_view,desktop
1442,10210,s0000431,2026-06-08 21:01:05,page_view,desktop
1443,10210,s0000431,2026-06-08 21:01:32,page_view,desktop
1444,10210,s0000431,2026-06-08 21:03:30,add_to_cart,desktop
1445,10050,s0000432,2026-06-08 15:06:49,page_view,desktop
1446,10050,s0000432,2026-06-08 15:08:28,page_view,desktop
1447,10310,s0000433,2026-06-08 07:11:31,page_view,mobile
1448,10310,s0000433,2026-06-08 07:12:49,add_to_cart,mobile
1449,,s0000434,2026-06-08 11:20:33,page_view,mobile
1450,,s0000434,2026-06-08 11:21:01,add_to_cart,mobile
1451,,s0000434,2026-06-08 11:22:53,begin_checkout,mobile
1452,,s0000434,2026-06-08 11:24:40,purchase,mobile
1453,10123,s0000435,2026-06-08 11:10:17,page_view,mobile
1454,10123,s0000435,2026-06-08 11:10:45,page_view,mobile
1455,10123,s0000435,2026-06-08 11:11:30,page_view,mobile
1456,10123,s0000435,2026-06-08 11:11:43,page_view,mobile
1457,10332,s0000436,2026-06-08 04:57:04,page_view,mobile
1458,10332,s0000436,2026-06-08 04:58:12,page_view,mobile
1459,10332,s0000436,2026-06-08 04:59:39,add_to_cart,mobile
1460,10332,s0000436,2026-06-08 05:00:23,begin_checkout,mobile
1461,10332,s0000436,2026-06-08 05:01:58,purchase,mobile
1462,10152,s0000437,2026-06-08 20:42:24,page_view,desktop
1463,10152,s0000437,2026-06-08 20:44:15,page_view,desktop
1464,10001,s0000438,2026-06-08 08:44:07,page_view,desktop
1465,10001,s0000438,2026-06-08 08:45:37,page_view,desktop
1466,10001,s0000438,2026-06-08 08:46:29,add_to_cart,desktop
1467,10001,s0000438,2026-06-08 08:47:09,begin_checkout,desktop
1468,10001,s0000438,2026-06-08 08:47:12,purchase,desktop
1469,10489,s0000439,2026-06-08 11:47:44,page_view,tablet
1470,10489,s0000439,2026-06-08 11:48:13,page_view,tablet
1471,10489,s0000439,2026-06-08 11:48:17,page_view,tablet
1472,10489,s0000439,2026-06-08 11:50:13,add_to_cart,tablet
1473,10489,s0000439,2026-06-08 11:51:13,begin_checkout,tablet
1474,10313,s0000440,2026-06-08 18:08:07,page_view,Mobile
1475,10528,s0000441,2026-06-08 12:37:16,page_view,desktop
1476,10528,s0000441,2026-06-08 12:37:44,page_view,desktop
1477,10528,s0000441,2026-06-08 12:39:32,add_to_cart,desktop
1478,10300,s0000442,2026-06-08 02:42:51,page_view,tablet
1479,10300,s0000442,2026-06-08 02:43:27,page_view,tablet
1480,10550,s0000443,2026-06-08 15:14:29,page_view,mobile
1481,10550,s0000443,2026-06-08 15:15:33,page_view,mobile
1482,10550,s0000443,2026-06-08 15:17:00,page_view,mobile
1483,10550,s0000443,2026-06-08 15:17:42,page_view,mobile
1484,,s0000444,2026-06-08 14:04:09,page_view,desktop
1485,,s0000444,2026-06-08 14:06:06,page_view,desktop
1486,,s0000444,2026-06-08 14:07:49,page_view,desktop
1487,,s0000444,2026-06-08 14:08:03,page_view,desktop
1488,10416,s0000445,2026-06-08 20:27:12,page_view,mobile
1489,10416,s0000445,2026-06-08 20:28:12,page_view,mobile
1490,10605,s0000446,2026-06-08 04:24:09,page_view,desktop
1491,10605,s0000446,2026-06-08 04:25:31,page_view,desktop
1492,10605,s0000446,2026-06-08 04:25:46,page_view,desktop
1493,10605,s0000446,2026-06-08 04:27:38,page_view,desktop
1494,10605,s0000446,2026-06-08 04:28:50,add_to_cart,desktop
1495,10038,s0000447,2026-06-08 04:30:49,page_view,desktop
1496,10038,s0000447,2026-06-08 04:31:18,page_view,desktop
1497,10038,s0000447,2026-06-08 04:32:30,page_view,desktop
1498,10038,s0000447,2026-06-08 04:33:09,page_view,desktop
1499,,s0000448,2026-06-08 14:31:17,page_view,mobile
1500,,s0000449,2026-06-08 16:41:37,page_view,mobile
1501,,s0000449,2026-06-08 16:42:19,page_view,mobile
1502,,s0000449,2026-06-08 16:44:01,page_view,mobile
1503,,s0000450,2026-06-08 13:56:29,page_view,Desktop
1504,10658,s0000451,2026-06-08 16:28:04,page_view,mobile
1505,10055,s0000452,2026-06-08 06:59:39,page_view,desktop
1506,,s0000453,2026-06-08 17:34:26,page_view,mobile
1507,,s0000453,2026-06-08 17:36:15,add_to_cart,mobile
1508,,s0000453,2026-06-08 17:38:05,begin_checkout,mobile
1509,,s0000453,2026-06-08 17:39:31,purchase,mobile
1510,10220,s0000454,2026-06-08 20:54:09,page_view,desktop
1511,10220,s0000454,2026-06-08 20:54:24,page_view,desktop
1512,10220,s0000454,2026-06-08 20:55:55,page_view,desktop
1513,10572,s0000455,2026-06-08 16:55:58,page_view,mobile
1514,10572,s0000455,2026-06-08 16:57:35,page_view,mobile
1515,10572,s0000455,2026-06-08 16:58:48,add_to_cart,mobile
1516,10572,s0000455,2026-06-08 16:59:10,begin_checkout,mobile
1517,10572,s0000455,2026-06-08 16:59:41,purchase,mobile
1518,,s0000456,2026-06-08 02:28:15,page_view,desktop
1519,10165,s0000457,2026-06-08 08:53:14,page_view,mobile
1520,10165,s0000457,2026-06-08 08:54:27,page_view,mobile
1521,10165,s0000457,2026-06-08 08:55:29,page_view,mobile
1522,10165,s0000457,2026-06-08 08:56:21,page_view,mobile
1523,,s0000458,2026-06-08 08:57:45,page_view,tablet
1524,,s0000458,2026-06-08 08:58:11,page_view,tablet
1525,,s0000458,2026-06-08 08:58:30,page_view,tablet
1526,,s0000458,2026-06-08 08:59:48,page_view,tablet
1527,,s0000458,2026-06-08 09:01:29,add_to_cart,tablet
1528,,s0000459,2026-06-08 14:52:38,page_view,desktop
1529,,s0000459,2026-06-08 14:53:29,page_view,desktop
1530,,s0000459,2026-06-08 14:54:15,page_view,desktop
1531,,s0000459,2026-06-08 14:55:16,add_to_cart,desktop
1532,,s0000459,2026-06-08 14:55:53,begin_checkout,desktop
1533,,s0000459,2026-06-08 14:56:21,purchase,desktop
1534,,s0000460,2026-06-08 13:56:36,page_view,desktop
1535,,s0000460,2026-06-08 13:57:50,add_to_cart,desktop
1536,,s0000461,2026-06-08 04:29:42,page_view,mobile
1537,,s0000461,2026-06-08 04:29:53,page_view,mobile
1538,,s0000461,2026-06-08 04:30:22,page_view,mobile
1539,,s0000461,2026-06-08 04:30:26,page_view,mobile
1540,,s0000461,2026-06-08 04:32:06,add_to_cart,mobile
1541,,s0000461,2026-06-08 04:32:09,begin_checkout,mobile
1542,,s0000461,2026-06-08 04:33:18,purchase,mobile
1543,10352,s0000462,2026-06-08 10:33:48,page_view,desktop
1544,,s0000463,2026-06-08 15:56:54,page_view,desktop
1545,,s0000463,2026-06-08 15:57:55,page_view,desktop
1546,,s0000463,2026-06-08 15:59:34,page_view,desktop
1547,,s0000463,2026-06-08 16:00:12,page_view,desktop
1548,,s0000463,2026-06-08 16:01:28,add_to_cart,desktop
1549,,s0000463,2026-06-08 16:02:14,begin_checkout,desktop
1550,,s0000463,2026-06-08 16:02:23,purchase,desktop
1551,,s0000464,2026-06-08 06:13:32,page_view,mobile
1552,,s0000464,2026-06-08 06:14:48,page_view,mobile
1553,,s0000464,2026-06-08 06:16:02,page_view,mobile
1554,,s0000464,2026-06-08 06:17:58,page_view,mobile
1555,,s0000464,2026-06-08 06:19:24,add_to_cart,mobile
1556,10316,s0000465,2026-06-08 04:05:01,page_view,tablet
1557,10316,s0000465,2026-06-08 04:05:56,page_view,tablet
1558,10316,s0000465,2026-06-08 04:07:42,page_view,tablet
1559,10316,s0000465,2026-06-08 04:08:07,page_view,tablet
1560,10316,s0000465,2026-06-08 04:08:44,add_to_cart,tablet
1561,10316,s0000465,2026-06-08 04:10:33,begin_checkout,tablet
1562,10316,s0000465,2026-06-08 04:10:43,purchase,tablet
1563,10064,s0000466,2026-06-08 15:34:42,page_view,mobile
1564,10064,s0000466,2026-06-08 15:36:40,page_view,mobile
1565,10064,s0000466,2026-06-08 15:38:17,add_to_cart,mobile
1566,10064,s0000466,2026-06-08 15:39:00,begin_checkout,mobile
1567,10064,s0000466,2026-06-08 15:40:04,purchase,mobile
1568,10188,s0000467,2026-06-08 14:58:25,page_view,mobile
1569,10188,s0000467,2026-06-08 14:59:44,page_view,mobile
1570,10188,s0000467,2026-06-08 15:00:21,add_to_cart,mobile
1571,10058,s0000468,2026-06-08 07:40:38,page_view,desktop
1572,10058,s0000468,2026-06-08 07:40:50,page_view,desktop
1573,10058,s0000468,2026-06-08 07:42:35,page_view,desktop
1574,10058,s0000468,2026-06-08 07:42:53,add_to_cart,desktop
1575,10058,s0000468,2026-06-08 07:43:48,begin_checkout,desktop
1576,10058,s0000468,2026-06-08 07:44:27,purchase,desktop
1577,10607,s0000469,2026-06-08 10:01:27,page_view,mobile
1578,10607,s0000469,2026-06-08 10:01:37,page_view,mobile
1579,10607,s0000469,2026-06-08 10:03:21,page_view,mobile
1580,10607,s0000469,2026-06-08 10:05:19,page_view,mobile
1581,10607,s0000469,2026-06-08 10:05:34,add_to_cart,mobile
1582,10607,s0000469,2026-06-08 10:07:16,begin_checkout,mobile
1583,,s0000470,2026-06-08 03:42:30,page_view,desktop
1584,,s0000470,2026-06-08 03:44:22,page_view,desktop
1585,,s0000470,2026-06-08 03:45:51,page_view,desktop
1586,,s0000471,2026-06-08 20:05:29,page_view,mobile
1587,,s0000471,2026-06-08 20:05:47,page_view,mobile
1588,,s0000471,2026-06-08 20:07:35,page_view,mobile
1589,10268,s0000472,2026-06-08 06:58:49,page_view,tablet
1590,10268,s0000472,2026-06-08 06:59:57,page_view,tablet
1591,10268,s0000472,2026-06-08 07:00:20,page_view,tablet
1592,10268,s0000472,2026-06-08 07:01:28,add_to_cart,tablet
1593,10268,s0000472,2026-06-08 07:02:46,begin_checkout,tablet
1594,,s0000473,2026-06-08 19:36:28,page_view,desktop
1595,,s0000474,2026-06-08 14:32:45,page_view,desktop
1596,,s0000474,2026-06-08 14:32:54,page_view,desktop
1597,,s0000474,2026-06-08 14:33:15,page_view,desktop
1598,,s0000474,2026-06-08 14:34:15,page_view,desktop
1599,10535,s0000475,2026-06-08 20:13:00,page_view,desktop
1600,10535,s0000475,2026-06-08 20:14:41,page_view,desktop
1601,10535,s0000475,2026-06-08 20:16:11,page_view,desktop
1602,10018,s0000476,2026-06-08 07:15:10,page_view,mobile
1603,10018,s0000476,2026-06-08 07:16:48,page_view,mobile
1604,10018,s0000476,2026-06-08 07:16:56,add_to_cart,mobile
1605,,s0000477,2026-06-08 09:18:16,page_view,desktop
1606,,s0000477,2026-06-08 09:18:42,page_view,desktop
1607,,s0000477,2026-06-08 09:19:51,page_view,desktop
1608,,s0000477,2026-06-08 09:20:15,page_view,desktop
1609,,s0000477,2026-06-08 09:20:30,add_to_cart,desktop
1610,,s0000477,2026-06-08 09:21:00,begin_checkout,desktop
1611,,s0000477,2026-06-08 09:21:17,purchase,desktop
1612,,s0000478,2026-06-08 06:19:08,page_view,mobile
1613,,s0000478,2026-06-08 06:19:22,page_view,mobile
1614,,s0000478,2026-06-08 06:21:11,page_view,mobile
1615,10288,s0000479,2026-06-08 11:16:29,page_view,mobile
1616,10288,s0000479,2026-06-08 11:17:52,page_view,mobile
1617,10288,s0000479,2026-06-08 11:19:10,page_view,mobile
1618,10288,s0000479,2026-06-08 11:19:50,page_view,mobile
1619,10424,s0000480,2026-06-08 21:06:28,page_view,desktop
1620,,s0000481,2026-06-08 22:10:47,page_view,mobile
1621,,s0000481,2026-06-08 22:12:09,page_view,mobile
1622,,s0000481,2026-06-08 22:12:58,add_to_cart,mobile
1623,,s0000481,2026-06-08 22:13:12,begin_checkout,mobile
1624,,s0000481,2026-06-08 22:14:40,purchase,mobile
1625,10667,s0000482,2026-06-08 14:09:54,page_view,desktop
1626,10667,s0000482,2026-06-08 14:10:46,page_view,desktop
1627,10667,s0000482,2026-06-08 14:12:16,page_view,desktop
1628,10667,s0000482,2026-06-08 14:13:51,page_view,desktop
1629,10667,s0000482,2026-06-08 14:14:45,add_to_cart,desktop
1630,10667,s0000482,2026-06-08 14:15:59,begin_checkout,desktop
1631,,s0000483,2026-06-09 19:36:24,page_view,desktop
1632,,s0000483,2026-06-09 19:37:43,page_view,desktop
1633,10045,s0000484,2026-06-09 02:36:03,page_view,mobile
1634,,s0000485,2026-06-09 09:16:28,page_view,desktop
1635,,s0000485,2026-06-09 09:17:34,page_view,desktop
1636,,s0000485,2026-06-09 09:19:13,page_view,desktop
1637,,s0000485,2026-06-09 09:20:15,add_to_cart,desktop
1638,,s0000485,2026-06-09 09:20:39,begin_checkout,desktop
1639,,s0000485,2026-06-09 09:20:52,purchase,desktop
1640,10586,s0000486,2026-06-09 14:42:11,page_view,mobile
1641,10586,s0000486,2026-06-09 14:43:06,page_view,mobile
1642,10586,s0000486,2026-06-09 14:43:09,add_to_cart,mobile
1643,10283,s0000487,2026-06-09 03:59:37,page_view,tablet
1644,10283,s0000487,2026-06-09 04:01:30,page_view,tablet
1645,10283,s0000487,2026-06-09 04:01:57,page_view,tablet
1646,10283,s0000487,2026-06-09 04:02:08,page_view,tablet
1647,10304,s0000488,2026-06-09 15:26:18,page_view,Mobile
1648,10304,s0000488,2026-06-09 15:28:02,page_view,Mobile
1649,10304,s0000488,2026-06-09 15:28:51,page_view,Mobile
1650,10304,s0000488,2026-06-09 15:30:34,page_view,Mobile
1651,10304,s0000488,2026-06-09 15:31:48,add_to_cart,Mobile
1652,10304,s0000488,2026-06-09 15:33:04,begin_checkout,Mobile
1653,10304,s0000488,2026-06-09 15:33:34,purchase,Mobile
1654,10542,s0000489,2026-06-09 11:06:29,page_view,mobile
1655,10542,s0000489,2026-06-09 11:08:00,page_view,mobile
1656,10542,s0000489,2026-06-09 11:09:01,page_view,mobile
1657,10542,s0000489,2026-06-09 11:09:15,page_view,mobile
1658,10542,s0000489,2026-06-09 11:11:03,add_to_cart,mobile
1659,10506,s0000490,2026-06-09 12:38:22,page_view,mobile
1660,10506,s0000490,2026-06-09 12:39:00,page_view,mobile
1661,10506,s0000490,2026-06-09 12:39:15,page_view,mobile
1662,10506,s0000490,2026-06-09 12:40:45,page_view,mobile
1663,10697,s0000491,2026-06-09 12:12:28,page_view,desktop
1664,10697,s0000491,2026-06-09 12:12:41,page_view,desktop
1665,10697,s0000491,2026-06-09 12:14:29,page_view,desktop
1666,10697,s0000491,2026-06-09 12:14:47,page_view,desktop
1667,10652,s0000492,2026-06-09 00:40:20,page_view,desktop
1668,10652,s0000492,2026-06-09 00:41:35,page_view,desktop
1669,10652,s0000492,2026-06-09 00:42:02,page_view,desktop
1670,10344,s0000493,2026-06-09 06:46:34,page_view,mobile
1671,10344,s0000493,2026-06-09 06:46:54,page_view,mobile
1672,10344,s0000493,2026-06-09 06:47:41,page_view,mobile
1673,10344,s0000493,2026-06-09 06:48:42,page_view,mobile
1674,10344,s0000493,2026-06-09 06:49:38,add_to_cart,mobile
1675,,s0000494,2026-06-09 08:40:53,page_view,Desktop
1676,,s0000494,2026-06-09 08:42:16,page_view,Desktop
1677,,s0000494,2026-06-09 08:43:24,add_to_cart,Desktop
1678,,s0000495,2026-06-09 15:14:09,page_view,mobile
1679,10589,s0000496,2026-06-09 00:22:19,page_view,mobile
1680,10589,s0000496,2026-06-09 00:23:37,page_view,mobile
1681,10589,s0000496,2026-06-09 00:24:57,page_view,mobile
1682,10589,s0000496,2026-06-09 00:26:51,add_to_cart,mobile
1683,10683,s0000497,2026-06-09 04:31:48,page_view,mobile
1684,10683,s0000497,2026-06-09 04:33:03,add_to_cart,mobile
1685,10683,s0000497,2026-06-09 04:34:51,begin_checkout,mobile
1686,10223,s0000498,2026-06-09 09:02:05,page_view,desktop
1687,10223,s0000498,2026-06-09 09:03:01,page_view,desktop
1688,10223,s0000498,2026-06-09 09:03:48,page_view,desktop
1689,10223,s0000498,2026-06-09 09:05:01,page_view,desktop
1690,,s0000499,2026-06-09 20:40:08,page_view,desktop
1691,,s0000499,2026-06-09 20:40:53,add_to_cart,desktop
1692,,s0000499,2026-06-09 20:42:30,begin_checkout,desktop
1693,10124,s0000500,2026-06-09 01:22:46,page_view,desktop
1694,10067,s0000501,2026-06-09 20:31:26,page_view,desktop
1695,10067,s0000501,2026-06-09 20:33:08,add_to_cart,desktop
1696,10067,s0000501,2026-06-09 20:34:27,begin_checkout,desktop
1697,10067,s0000501,2026-06-09 20:36:07,purchase,desktop
1698,,s0000502,2026-06-09 19:00:48,page_view,mobile
1699,,s0000502,2026-06-09 19:02:27,page_view,mobile
1700,,s0000502,2026-06-09 19:03:39,page_view,mobile
1701,,s0000502,2026-06-09 19:04:06,page_view,mobile
1702,,s0000503,2026-06-09 15:06:17,page_view,desktop
1703,,s0000504,2026-06-09 02:26:13,page_view,desktop
1704,,s0000504,2026-06-09 02:26:56,page_view,desktop
1705,,s0000504,2026-06-09 02:27:22,page_view,desktop
1706,,s0000504,2026-06-09 02:28:41,page_view,desktop
1707,10411,s0000505,2026-06-09 06:33:50,page_view,desktop
1708,10411,s0000505,2026-06-09 06:35:42,page_view,desktop
1709,10411,s0000505,2026-06-09 06:36:19,page_view,desktop
1710,10411,s0000505,2026-06-09 06:37:52,page_view,desktop
1711,,s0000506,2026-06-09 19:49:24,page_view,mobile
1712,10520,s0000507,2026-06-09 16:12:24,page_view,desktop
1713,10520,s0000507,2026-06-09 16:13:10,page_view,desktop
1714,10520,s0000507,2026-06-09 16:13:56,page_view,desktop
1715,10520,s0000507,2026-06-09 16:14:04,page_view,desktop
1716,10520,s0000507,2026-06-09 16:14:48,add_to_cart,desktop
1717,10520,s0000507,2026-06-09 16:15:46,begin_checkout,desktop
1718,10520,s0000507,2026-06-09 16:16:09,purchase,desktop
1719,10620,s0000508,2026-06-09 19:33:38,page_view,desktop
1720,10620,s0000508,2026-06-09 19:35:12,page_view,desktop
1721,10620,s0000508,2026-06-09 19:36:02,page_view,desktop
1722,10620,s0000508,2026-06-09 19:37:55,page_view,desktop
1723,10469,s0000509,2026-06-09 07:20:42,page_view,desktop
1724,10469,s0000509,2026-06-09 07:22:16,page_view,desktop
1725,10469,s0000509,2026-06-09 07:22:29,page_view,desktop
1726,10469,s0000509,2026-06-09 07:23:10,page_view,desktop
1727,10469,s0000509,2026-06-09 07:25:05,add_to_cart,desktop
1728,10516,s0000510,2026-06-09 11:18:23,page_view,desktop
1729,10516,s0000510,2026-06-09 11:20:01,page_view,desktop
1730,,s0000511,2026-06-09 11:19:37,page_view,desktop
1731,,s0000511,2026-06-09 11:21:07,add_to_cart,desktop
1732,,s0000511,2026-06-09 11:22:43,begin_checkout,desktop
1733,,s0000511,2026-06-09 11:23:11,purchase,desktop
1734,,s0000512,2026-06-09 06:44:26,page_view,mobile
1735,,s0000512,2026-06-09 06:45:30,page_view,mobile
1736,10193,s0000513,2026-06-09 00:25:50,page_view,tablet
1737,10193,s0000513,2026-06-09 00:26:43,page_view,tablet
1738,10193,s0000513,2026-06-09 00:28:09,add_to_cart,tablet
1739,10591,s0000514,2026-06-09 02:18:35,page_view,mobile
1740,10696,s0000515,2026-06-09 03:43:47,page_view,desktop
1741,10696,s0000515,2026-06-09 03:45:15,page_view,desktop
1742,10696,s0000515,2026-06-09 03:45:42,page_view,desktop
1743,10696,s0000515,2026-06-09 03:45:52,page_view,desktop
1744,,s0000516,2026-06-09 20:53:05,page_view,mobile
1745,,s0000517,2026-06-09 18:15:40,page_view,mobile
1746,,s0000517,2026-06-09 18:16:56,page_view,mobile
1747,,s0000517,2026-06-09 18:17:46,page_view,mobile
1748,,s0000517,2026-06-09 18:18:04,add_to_cart,mobile
1749,,s0000517,2026-06-09 18:18:18,begin_checkout,mobile
1750,,s0000517,2026-06-09 18:19:57,purchase,mobile
1751,10279,s0000518,2026-06-09 11:36:08,page_view,desktop
1752,10279,s0000518,2026-06-09 11:36:19,page_view,desktop
1753,10279,s0000518,2026-06-09 11:36:29,page_view,desktop
1754,10279,s0000518,2026-06-09 11:38:04,page_view,desktop
1755,10354,s0000519,2026-06-09 16:31:33,page_view,Mobile
1756,10354,s0000519,2026-06-09 16:32:14,page_view,Mobile
1757,10354,s0000519,2026-06-09 16:32:52,page_view,Mobile
1758,10354,s0000519,2026-06-09 16:33:04,add_to_cart,Mobile
1759,10354,s0000519,2026-06-09 16:33:51,begin_checkout,Mobile
1760,10354,s0000519,2026-06-09 16:34:48,purchase,Mobile
1761,10232,s0000520,2026-06-09 01:32:05,page_view,mobile
1762,10232,s0000520,2026-06-09 01:32:28,page_view,mobile
1763,10232,s0000520,2026-06-09 01:33:34,page_view,mobile
1764,,s0000521,2026-06-09 06:49:45,page_view,desktop
1765,,s0000521,2026-06-09 06:51:33,add_to_cart,desktop
1766,,s0000521,2026-06-09 06:53:33,begin_checkout,desktop
1767,,s0000521,2026-06-09 06:54:47,purchase,desktop
1768,10016,s0000522,2026-06-09 01:05:17,page_view,desktop
1769,,s0000523,2026-06-09 16:37:22,page_view,mobile
1770,,s0000523,2026-06-09 16:39:19,page_view,mobile
1771,,s0000523,2026-06-09 16:40:55,add_to_cart,mobile
1772,10270,s0000524,2026-06-09 08:17:53,page_view,desktop
1773,10270,s0000524,2026-06-09 08:19:53,page_view,desktop
1774,10270,s0000524,2026-06-09 08:20:42,page_view,desktop
1775,10270,s0000524,2026-06-09 08:21:38,page_view,desktop
1776,10326,s0000525,2026-06-09 14:09:11,page_view,mobile
1777,10326,s0000525,2026-06-09 14:09:51,page_view,mobile
1778,10326,s0000525,2026-06-09 14:10:58,page_view,mobile
1779,10326,s0000525,2026-06-09 14:11:37,add_to_cart,mobile
1780,10326,s0000525,2026-06-09 14:11:59,begin_checkout,mobile
1781,10326,s0000525,2026-06-09 14:12:55,purchase,mobile
1782,10211,s0000526,2026-06-09 01:18:04,page_view,mobile
1783,10211,s0000526,2026-06-09 01:19:58,page_view,mobile
1784,10211,s0000526,2026-06-09 01:21:22,page_view,mobile
1785,10211,s0000526,2026-06-09 01:22:01,page_view,mobile
1786,10497,s0000527,2026-06-09 20:01:09,page_view,desktop
1787,10497,s0000527,2026-06-09 20:02:26,page_view,desktop
1788,10497,s0000527,2026-06-09 20:02:51,page_view,desktop
1789,10497,s0000527,2026-06-09 20:03:29,add_to_cart,desktop
1790,10497,s0000527,2026-06-09 20:03:49,begin_checkout,desktop
1791,10497,s0000527,2026-06-09 20:04:49,purchase,desktop
1792,10126,s0000528,2026-06-09 22:28:50,page_view,mobile
1793,10126,s0000528,2026-06-09 22:29:55,page_view,mobile
1794,10126,s0000528,2026-06-09 22:31:51,page_view,mobile
1795,10126,s0000528,2026-06-09 22:32:20,add_to_cart,mobile
1796,10126,s0000528,2026-06-09 22:33:04,begin_checkout,mobile
1797,10126,s0000528,2026-06-09 22:33:20,purchase,mobile
1798,10302,s0000529,2026-06-09 09:28:08,page_view,desktop
1799,10302,s0000529,2026-06-09 09:29:36,add_to_cart,desktop
1800,,s0000530,2026-06-09 07:10:11,page_view,mobile
1801,,s0000530,2026-06-09 07:10:16,page_view,mobile
1802,,s0000530,2026-06-09 07:10:43,page_view,mobile
1803,,s0000530,2026-06-09 07:10:54,page_view,mobile
1804,,s0000531,2026-06-09 06:32:24,page_view,mobile
1805,,s0000531,2026-06-09 06:33:20,page_view,mobile
1806,,s0000531,2026-06-09 06:33:30,page_view,mobile
1807,,s0000531,2026-06-09 06:35:24,page_view,mobile
1808,,s0000532,2026-06-09 13:56:14,page_view,desktop
1809,,s0000532,2026-06-09 13:56:53,page_view,desktop
1810,,s0000532,2026-06-09 13:58:29,page_view,desktop
1811,,s0000532,2026-06-09 14:00:29,page_view,desktop
1812,,s0000533,2026-06-09 01:07:05,page_view,Desktop
1813,,s0000533,2026-06-09 01:07:59,page_view,Desktop
1814,,s0000533,2026-06-09 01:08:24,page_view,Desktop
1815,10033,s0000534,2026-06-09 12:02:47,page_view,desktop
1816,10324,s0000535,2026-06-09 04:51:19,page_view,mobile
1817,10324,s0000535,2026-06-09 04:52:28,add_to_cart,mobile
1818,10324,s0000535,2026-06-09 04:52:47,begin_checkout,mobile
1819,,s0000536,2026-06-09 22:43:55,page_view,mobile
1820,10600,s0000537,2026-06-09 09:15:28,page_view,mobile
1821,10600,s0000537,2026-06-09 09:15:37,page_view,mobile
1822,10600,s0000537,2026-06-09 09:17:20,page_view,mobile
1823,10600,s0000537,2026-06-09 09:19:03,page_view,mobile
1824,,s0000538,2026-06-09 12:45:28,page_view,Desktop
1825,,s0000538,2026-06-09 12:45:35,page_view,Desktop
1826,,s0000539,2026-06-09 13:27:59,page_view,desktop
1827,,s0000539,2026-06-09 13:28:51,page_view,desktop
1828,,s0000539,2026-06-09 13:30:49,add_to_cart,desktop
1829,,s0000539,2026-06-09 13:31:39,begin_checkout,desktop
1830,,s0000540,2026-06-09 21:54:20,page_view,desktop
1831,,s0000540,2026-06-09 21:55:20,page_view,desktop
1832,,s0000540,2026-06-09 21:57:04,page_view,desktop
1833,10062,s0000541,2026-06-09 19:46:37,page_view,tablet
1834,10062,s0000541,2026-06-09 19:47:00,page_view,tablet
1835,10062,s0000541,2026-06-09 19:48:45,add_to_cart,tablet
1836,10305,s0000542,2026-06-09 18:14:28,page_view,mobile
1837,10305,s0000542,2026-06-09 18:14:37,add_to_cart,mobile
1838,10305,s0000542,2026-06-09 18:14:44,begin_checkout,mobile
1839,10305,s0000542,2026-06-09 18:16:19,purchase,mobile
1840,10011,s0000543,2026-06-09 12:08:14,page_view,mobile
1841,10011,s0000543,2026-06-09 12:08:48,page_view,mobile
1842,10011,s0000543,2026-06-09 12:09:28,page_view,mobile
1843,10021,s0000544,2026-06-09 22:06:18,page_view,mobile
1844,10021,s0000544,2026-06-09 22:06:29,add_to_cart,mobile
1845,10304,s0000545,2026-06-09 21:07:55,page_view,mobile
1846,10304,s0000545,2026-06-09 21:08:43,page_view,mobile
1847,10304,s0000545,2026-06-09 21:10:01,page_view,mobile
1848,10318,s0000546,2026-06-09 18:48:49,page_view,Mobile
1849,10318,s0000546,2026-06-09 18:49:50,page_view,Mobile
1850,10318,s0000546,2026-06-09 18:51:47,page_view,Mobile
1851,10318,s0000546,2026-06-09 18:52:30,page_view,Mobile
1852,10318,s0000546,2026-06-09 18:53:38,add_to_cart,Mobile
1853,10596,s0000547,2026-06-09 06:54:58,page_view,desktop
1854,10596,s0000547,2026-06-09 06:56:49,page_view,desktop
1855,10596,s0000547,2026-06-09 06:58:10,page_view,desktop
1856,10596,s0000547,2026-06-09 06:59:20,page_view,desktop
1857,10596,s0000547,2026-06-09 06:59:58,add_to_cart,desktop
1858,10596,s0000547,2026-06-09 07:00:45,begin_checkout,desktop
1859,,s0000548,2026-06-09 21:54:57,page_view,mobile
1860,,s0000548,2026-06-09 21:56:13,add_to_cart,mobile
1861,,s0000549,2026-06-09 15:11:11,page_view,desktop
1862,,s0000549,2026-06-09 15:11:51,page_view,desktop
1863,10118,s0000550,2026-06-09 20:37:44,page_view,desktop
1864,10118,s0000550,2026-06-09 20:39:43,page_view,desktop
1865,10118,s0000550,2026-06-09 20:40:17,page_view,desktop
1866,10118,s0000550,2026-06-09 20:40:30,page_view,desktop
1867,10118,s0000550,2026-06-09 20:40:51,add_to_cart,desktop
1868,10118,s0000550,2026-06-09 20:42:27,begin_checkout,desktop
1869,,s0000551,2026-06-10 01:34:57,page_view,mobile
1870,,s0000551,2026-06-10 01:35:31,page_view,mobile
1871,10543,s0000552,2026-06-10 02:55:29,page_view,mobile
1872,10543,s0000552,2026-06-10 02:56:55,page_view,mobile
1873,10543,s0000552,2026-06-10 02:57:10,add_to_cart,mobile
1874,10543,s0000552,2026-06-10 02:57:30,begin_checkout,mobile
1875,10181,s0000553,2026-06-10 18:34:09,page_view,mobile
1876,10181,s0000553,2026-06-10 18:35:37,page_view,mobile
1877,10181,s0000553,2026-06-10 18:36:22,page_view,mobile
1878,10181,s0000553,2026-06-10 18:36:46,add_to_cart,mobile
1879,10181,s0000553,2026-06-10 18:37:18,begin_checkout,mobile
1880,10181,s0000553,2026-06-10 18:38:23,purchase,mobile
1881,,s0000554,2026-06-10 16:27:39,page_view,desktop
1882,,s0000554,2026-06-10 16:29:00,page_view,desktop
1883,,s0000554,2026-06-10 16:29:09,page_view,desktop
1884,,s0000554,2026-06-10 16:30:48,page_view,desktop
1885,,s0000555,2026-06-10 15:41:59,page_view,desktop
1886,,s0000556,2026-06-10 08:44:30,page_view,mobile
1887,,s0000556,2026-06-10 08:46:25,page_view,mobile
1888,,s0000557,2026-06-10 08:00:42,page_view,mobile
1889,10040,s0000558,2026-06-10 19:50:36,page_view,mobile
1890,10040,s0000558,2026-06-10 19:51:36,page_view,mobile
1891,10040,s0000558,2026-06-10 19:53:10,page_view,mobile
1892,10592,s0000559,2026-06-10 19:57:17,page_view,desktop
1893,10592,s0000559,2026-06-10 19:58:39,page_view,desktop
1894,10592,s0000559,2026-06-10 19:59:36,page_view,desktop
1895,10152,s0000560,2026-06-10 15:18:03,page_view,mobile
1896,10152,s0000560,2026-06-10 15:19:31,page_view,mobile
1897,10152,s0000560,2026-06-10 15:21:26,add_to_cart,mobile
1898,10152,s0000560,2026-06-10 15:21:39,begin_checkout,mobile
1899,10215,s0000561,2026-06-10 18:16:38,page_view,desktop
1900,10215,s0000561,2026-06-10 18:18:09,page_view,desktop
1901,10632,s0000562,2026-06-10 04:40:12,page_view,desktop
1902,10632,s0000562,2026-06-10 04:41:07,page_view,desktop
1903,10632,s0000562,2026-06-10 04:42:07,page_view,desktop
1904,,s0000563,2026-06-10 06:48:05,page_view,tablet
1905,,s0000563,2026-06-10 06:48:46,page_view,tablet
1906,,s0000563,2026-06-10 06:50:23,page_view,tablet
1907,,s0000563,2026-06-10 06:52:11,add_to_cart,tablet
1908,,s0000564,2026-06-10 15:57:53,page_view,tablet
1909,,s0000564,2026-06-10 15:59:39,add_to_cart,tablet
1910,,s0000565,2026-06-10 17:43:33,page_view,mobile
1911,,s0000565,2026-06-10 17:45:18,page_view,mobile
1912,,s0000565,2026-06-10 17:45:58,add_to_cart,mobile
1913,,s0000565,2026-06-10 17:46:41,begin_checkout,mobile
1914,,s0000565,2026-06-10 17:48:00,purchase,mobile
1915,10284,s0000566,2026-06-10 15:33:47,page_view,mobile
1916,10284,s0000566,2026-06-10 15:35:32,page_view,mobile
1917,10284,s0000566,2026-06-10 15:36:48,page_view,mobile
1918,10284,s0000566,2026-06-10 15:36:52,add_to_cart,mobile
1919,10284,s0000566,2026-06-10 15:37:19,begin_checkout,mobile
1920,10284,s0000566,2026-06-10 15:39:11,purchase,mobile
1921,10188,s0000567,2026-06-10 04:56:13,page_view,desktop
1922,10188,s0000567,2026-06-10 04:56:20,page_view,desktop
1923,10188,s0000567,2026-06-10 04:58:10,page_view,desktop
1924,10188,s0000567,2026-06-10 04:58:36,page_view,desktop
1925,10188,s0000567,2026-06-10 04:59:41,add_to_cart,desktop
1926,10188,s0000567,2026-06-10 05:01:05,begin_checkout,desktop
1927,10632,s0000568,2026-06-10 00:16:24,page_view,desktop
1928,10632,s0000568,2026-06-10 00:16:47,page_view,desktop
1929,10632,s0000568,2026-06-10 00:18:39,add_to_cart,desktop
1930,10176,s0000569,2026-06-10 15:51:33,page_view,mobile
1931,10176,s0000569,2026-06-10 15:53:15,page_view,mobile
1932,10176,s0000569,2026-06-10 15:54:49,page_view,mobile
1933,10176,s0000569,2026-06-10 15:56:13,page_view,mobile
1934,10209,s0000570,2026-06-10 21:05:55,page_view,desktop
1935,10071,s0000571,2026-06-10 08:03:41,page_view,mobile
1936,10071,s0000571,2026-06-10 08:03:47,page_view,mobile
1937,10071,s0000571,2026-06-10 08:04:12,add_to_cart,mobile
1938,10071,s0000571,2026-06-10 08:04:24,begin_checkout,mobile
1939,10071,s0000571,2026-06-10 08:06:20,purchase,mobile
1940,,s0000572,2026-06-10 18:32:37,page_view,desktop
1941,,s0000572,2026-06-10 18:34:31,page_view,desktop
1942,,s0000572,2026-06-10 18:34:51,page_view,desktop
1943,,s0000572,2026-06-10 18:35:16,page_view,desktop
1944,,s0000572,2026-06-10 18:35:35,add_to_cart,desktop
1945,,s0000572,2026-06-10 18:35:45,begin_checkout,desktop
1946,,s0000572,2026-06-10 18:36:33,purchase,desktop
1947,10138,s0000573,2026-06-10 08:34:36,page_view,desktop
1948,10138,s0000573,2026-06-10 08:35:52,page_view,desktop
1949,10138,s0000573,2026-06-10 08:37:02,page_view,desktop
1950,10138,s0000573,2026-06-10 08:37:08,add_to_cart,desktop
1951,,s0000574,2026-06-10 04:15:13,page_view,desktop
1952,10248,s0000575,2026-06-10 12:51:53,page_view,mobile
1953,,s0000576,2026-06-10 15:16:17,page_view,mobile
1954,,s0000576,2026-06-10 15:17:24,page_view,mobile
1955,,s0000576,2026-06-10 15:18:13,page_view,mobile
1956,,s0000576,2026-06-10 15:19:15,add_to_cart,mobile
1957,,s0000576,2026-06-10 15:20:49,begin_checkout,mobile
1958,,s0000576,2026-06-10 15:21:46,purchase,mobile
1959,,s0000577,2026-06-10 07:10:35,page_view,mobile
1960,10396,s0000578,2026-06-10 12:23:47,page_view,mobile
1961,10396,s0000578,2026-06-10 12:24:06,add_to_cart,mobile
1962,,s0000579,2026-06-10 12:44:03,page_view,mobile
1963,,s0000579,2026-06-10 12:46:03,page_view,mobile
1964,10095,s0000580,2026-06-10 11:26:42,page_view,desktop
1965,10095,s0000580,2026-06-10 11:27:53,page_view,desktop
1966,10095,s0000580,2026-06-10 11:28:49,page_view,desktop
1967,10095,s0000580,2026-06-10 11:29:40,page_view,desktop
1968,,s0000581,2026-06-10 09:15:55,page_view,mobile
1969,,s0000581,2026-06-10 09:16:33,page_view,mobile
1970,,s0000581,2026-06-10 09:16:57,page_view,mobile
1971,,s0000581,2026-06-10 09:18:31,page_view,mobile
1972,10450,s0000582,2026-06-10 04:00:42,page_view,Mobile
1973,10450,s0000582,2026-06-10 04:01:18,page_view,Mobile
1974,10356,s0000583,2026-06-10 00:38:06,page_view,desktop
1975,10356,s0000583,2026-06-10 00:38:32,page_view,desktop
1976,10356,s0000583,2026-06-10 00:38:53,page_view,desktop
1977,10356,s0000583,2026-06-10 00:39:37,page_view,desktop
1978,10356,s0000583,2026-06-10 00:41:28,add_to_cart,desktop
1979,10052,s0000584,2026-06-10 08:09:16,page_view,mobile
1980,10052,s0000584,2026-06-10 08:11:14,page_view,mobile
1981,10052,s0000584,2026-06-10 08:11:38,page_view,mobile
1982,10052,s0000584,2026-06-10 08:13:03,page_view,mobile
1983,10259,s0000585,2026-06-10 09:47:48,page_view,mobile
1984,10259,s0000585,2026-06-10 09:48:42,page_view,mobile
1985,10259,s0000585,2026-06-10 09:49:32,page_view,mobile
1986,10259,s0000585,2026-06-10 09:50:34,add_to_cart,mobile
1987,10259,s0000585,2026-06-10 09:51:45,begin_checkout,mobile
1988,10259,s0000585,2026-06-10 09:52:41,purchase,mobile
1989,10422,s0000586,2026-06-10 01:19:23,page_view,tablet
1990,10156,s0000587,2026-06-10 05:57:01,page_view,desktop
1991,10156,s0000587,2026-06-10 05:57:34,page_view,desktop
1992,10156,s0000587,2026-06-10 05:58:56,page_view,desktop
1993,,s0000588,2026-06-10 18:31:36,page_view,desktop
1994,,s0000588,2026-06-10 18:33:05,add_to_cart,desktop
1995,,s0000588,2026-06-10 18:33:57,begin_checkout,desktop
1996,10019,s0000589,2026-06-10 12:39:35,page_view,tablet
1997,10019,s0000589,2026-06-10 12:41:01,page_view,tablet
1998,10019,s0000589,2026-06-10 12:41:06,page_view,tablet
1999,,s0000590,2026-06-10 16:47:11,page_view,mobile
2000,,s0000590,2026-06-10 16:48:19,page_view,mobile
2001,,s0000590,2026-06-10 16:49:59,page_view,mobile
2002,,s0000590,2026-06-10 16:50:30,add_to_cart,mobile
2003,,s0000591,2026-06-10 17:54:14,page_view,mobile
2004,10019,s0000592,2026-06-10 00:37:29,page_view,desktop
2005,10265,s0000593,2026-06-10 04:00:02,page_view,mobile
2006,10265,s0000593,2026-06-10 04:00:40,page_view,mobile
2007,10265,s0000593,2026-06-10 04:01:24,page_view,mobile
2008,10265,s0000593,2026-06-10 04:02:25,add_to_cart,mobile
2009,10265,s0000593,2026-06-10 04:02:33,begin_checkout,mobile
2010,,s0000594,2026-06-10 16:21:51,page_view,desktop
2011,,s0000594,2026-06-10 16:21:58,page_view,desktop
2012,,s0000594,2026-06-10 16:22:09,add_to_cart,desktop
2013,10354,s0000595,2026-06-10 10:44:46,page_view,desktop
2014,10354,s0000595,2026-06-10 10:44:53,page_view,desktop
2015,10354,s0000595,2026-06-10 10:46:04,page_view,desktop
2016,10354,s0000595,2026-06-10 10:46:26,page_view,desktop
2017,10354,s0000595,2026-06-10 10:48:21,add_to_cart,desktop
2018,10354,s0000595,2026-06-10 10:49:13,begin_checkout,desktop
2019,10354,s0000595,2026-06-10 10:49:37,purchase,desktop
2020,10340,s0000596,2026-06-10 22:02:45,page_view,mobile
2021,,s0000597,2026-06-10 14:08:52,page_view,desktop
2022,10388,s0000598,2026-06-10 06:49:46,page_view,desktop
2023,10388,s0000598,2026-06-10 06:49:51,page_view,desktop
2024,10131,s0000599,2026-06-10 13:09:10,page_view,tablet
2025,10131,s0000599,2026-06-10 13:10:41,page_view,tablet
2026,10131,s0000599,2026-06-10 13:11:32,add_to_cart,tablet
2027,10131,s0000599,2026-06-10 13:12:00,begin_checkout,tablet
2028,10131,s0000599,2026-06-10 13:12:17,purchase,tablet
2029,,s0000600,2026-06-10 04:54:22,page_view,tablet
2030,,s0000600,2026-06-10 04:55:31,page_view,tablet
2031,,s0000600,2026-06-10 04:57:01,page_view,tablet
2032,,s0000600,2026-06-10 04:57:55,page_view,tablet
2033,,s0000601,2026-06-10 19:53:02,page_view,desktop
2034,,s0000601,2026-06-10 19:53:40,page_view,desktop
2035,,s0000601,2026-06-10 19:55:25,page_view,desktop
2036,,s0000601,2026-06-10 19:56:43,page_view,desktop
2037,,s0000601,2026-06-10 19:57:34,add_to_cart,desktop
2038,10319,s0000602,2026-06-10 15:09:01,page_view,tablet
2039,10319,s0000602,2026-06-10 15:09:05,page_view,tablet
2040,10319,s0000602,2026-06-10 15:09:33,add_to_cart,tablet
2041,10319,s0000602,2026-06-10 15:11:18,begin_checkout,tablet
2042,,s0000603,2026-06-10 20:05:57,page_view,mobile
2043,,s0000603,2026-06-10 20:06:32,page_view,mobile
2044,,s0000603,2026-06-10 20:08:10,page_view,mobile
2045,,s0000603,2026-06-10 20:08:50,page_view,mobile
2046,,s0000603,2026-06-10 20:10:11,add_to_cart,mobile
2047,10521,s0000604,2026-06-10 12:41:23,page_view,desktop
2048,10521,s0000604,2026-06-10 12:41:56,page_view,desktop
2049,10521,s0000604,2026-06-10 12:43:56,add_to_cart,desktop
2050,,s0000605,2026-06-10 06:47:37,page_view,desktop
2051,,s0000605,2026-06-10 06:48:37,page_view,desktop
2052,,s0000605,2026-06-10 06:50:28,page_view,desktop
2053,,s0000605,2026-06-10 06:52:14,page_view,desktop
2054,10223,s0000606,2026-06-10 18:05:16,page_view,tablet
2055,10223,s0000606,2026-06-10 18:06:30,page_view,tablet
2056,10223,s0000606,2026-06-10 18:06:44,add_to_cart,tablet
2057,,s0000607,2026-06-10 17:53:04,page_view,desktop
2058,,s0000607,2026-06-10 17:53:07,page_view,desktop
2059,,s0000607,2026-06-10 17:53:38,page_view,desktop
2060,,s0000607,2026-06-10 17:54:17,page_view,desktop
2061,,s0000608,2026-06-10 07:58:31,page_view,desktop
2062,,s0000608,2026-06-10 07:58:47,page_view,desktop
2063,,s0000608,2026-06-10 07:59:50,page_view,desktop
2064,,s0000608,2026-06-10 08:01:13,page_view,desktop
2065,,s0000608,2026-06-10 08:02:34,add_to_cart,desktop
2066,,s0000608,2026-06-10 08:02:45,begin_checkout,desktop
2067,,s0000608,2026-06-10 08:03:52,purchase,desktop
2068,10486,s0000609,2026-06-10 01:01:59,page_view,desktop
2069,,s0000610,2026-06-10 06:10:07,page_view,desktop
2070,,s0000610,2026-06-10 06:10:11,add_to_cart,desktop
2071,,s0000610,2026-06-10 06:10:24,begin_checkout,desktop
2072,,s0000610,2026-06-10 06:10:38,purchase,desktop
2073,,s0000611,2026-06-10 20:47:59,page_view,mobile
2074,,s0000611,2026-06-10 20:49:52,page_view,mobile
2075,,s0000611,2026-06-10 20:51:27,add_to_cart,mobile
2076,,s0000612,2026-06-11 05:23:14,page_view,desktop
2077,,s0000612,2026-06-11 05:24:10,page_view,desktop
2078,,s0000612,2026-06-11 05:24:49,page_view,desktop
2079,,s0000612,2026-06-11 05:25:33,add_to_cart,desktop
2080,,s0000613,2026-06-11 11:19:41,page_view,desktop
2081,,s0000613,2026-06-11 11:19:56,page_view,desktop
2082,,s0000613,2026-06-11 11:20:46,page_view,desktop
2083,,s0000613,2026-06-11 11:22:44,page_view,desktop
2084,,s0000614,2026-06-11 07:32:09,page_view,mobile
2085,,s0000614,2026-06-11 07:33:49,page_view,mobile
2086,,s0000614,2026-06-11 07:34:48,page_view,mobile
2087,,s0000614,2026-06-11 07:35:30,page_view,mobile
2088,,s0000615,2026-06-11 21:30:22,page_view,Mobile
2089,,s0000615,2026-06-11 21:31:42,add_to_cart,Mobile
2090,,s0000615,2026-06-11 21:32:08,begin_checkout,Mobile
2091,10362,s0000616,2026-06-11 08:11:46,page_view,mobile
2092,10362,s0000616,2026-06-11 08:12:05,page_view,mobile
2093,10643,s0000617,2026-06-11 17:07:09,page_view,mobile
2094,10643,s0000617,2026-06-11 17:07:29,page_view,mobile
2095,10643,s0000617,2026-06-11 17:08:20,page_view,mobile
2096,10643,s0000617,2026-06-11 17:09:14,page_view,mobile
2097,10517,s0000618,2026-06-11 20:38:37,page_view,desktop
2098,10517,s0000618,2026-06-11 20:40:31,page_view,desktop
2099,,s0000619,2026-06-11 15:28:41,page_view,Mobile
2100,,s0000619,2026-06-11 15:29:21,page_view,Mobile
2101,,s0000619,2026-06-11 15:30:32,page_view,Mobile
2102,,s0000619,2026-06-11 15:32:08,page_view,Mobile
2103,,s0000619,2026-06-11 15:33:05,add_to_cart,Mobile
2104,10019,s0000620,2026-06-11 21:52:47,page_view,desktop
2105,10019,s0000620,2026-06-11 21:53:17,page_view,desktop
2106,10019,s0000620,2026-06-11 21:54:48,page_view,desktop
2107,10019,s0000620,2026-06-11 21:56:16,page_view,desktop
2108,10297,s0000621,2026-06-11 11:35:49,page_view,mobile
2109,,s0000622,2026-06-11 17:18:04,page_view,mobile
2110,,s0000622,2026-06-11 17:19:19,page_view,mobile
2111,10594,s0000623,2026-06-11 06:24:57,page_view,desktop
2112,10594,s0000623,2026-06-11 06:25:51,page_view,desktop
2113,10594,s0000623,2026-06-11 06:27:38,page_view,desktop
2114,10594,s0000623,2026-06-11 06:28:24,page_view,desktop
2115,,s0000624,2026-06-11 19:51:23,page_view,desktop
2116,,s0000624,2026-06-11 19:52:12,page_view,desktop
2117,,s0000624,2026-06-11 19:52:34,page_view,desktop
2118,,s0000624,2026-06-11 19:52:47,add_to_cart,desktop
2119,,s0000624,2026-06-11 19:53:48,begin_checkout,desktop
2120,10700,s0000625,2026-06-11 07:57:02,page_view,tablet
2121,10264,s0000626,2026-06-11 19:09:04,page_view,mobile
2122,10354,s0000627,2026-06-11 12:09:04,page_view,mobile
2123,10354,s0000627,2026-06-11 12:10:12,page_view,mobile
2124,10354,s0000627,2026-06-11 12:11:21,page_view,mobile
2125,10354,s0000627,2026-06-11 12:12:32,page_view,mobile
2126,10354,s0000627,2026-06-11 12:13:02,add_to_cart,mobile
2127,10612,s0000628,2026-06-11 02:29:56,page_view,mobile
2128,10668,s0000629,2026-06-11 08:11:53,page_view,mobile
2129,10668,s0000629,2026-06-11 08:13:50,page_view,mobile
2130,10668,s0000629,2026-06-11 08:15:41,page_view,mobile
2131,10668,s0000629,2026-06-11 08:16:42,add_to_cart,mobile
2132,10668,s0000629,2026-06-11 08:16:45,begin_checkout,mobile
2133,10540,s0000630,2026-06-11 17:46:41,page_view,mobile
2134,10540,s0000630,2026-06-11 17:48:02,add_to_cart,mobile
2135,10540,s0000630,2026-06-11 17:49:12,begin_checkout,mobile
2136,10216,s0000631,2026-06-11 07:22:56,page_view,mobile
2137,10216,s0000631,2026-06-11 07:24:48,page_view,mobile
2138,10216,s0000631,2026-06-11 07:24:57,page_view,mobile
2139,10216,s0000631,2026-06-11 07:26:18,page_view,mobile
2140,10216,s0000631,2026-06-11 07:26:53,add_to_cart,mobile
2141,,s0000632,2026-06-11 14:16:16,page_view,desktop
2142,,s0000632,2026-06-11 14:17:30,page_view,desktop
2143,,s0000632,2026-06-11 14:18:58,page_view,desktop
2144,,s0000632,2026-06-11 14:20:04,page_view,desktop
2145,,s0000632,2026-06-11 14:20:14,add_to_cart,desktop
2146,,s0000632,2026-06-11 14:20:27,begin_checkout,desktop
2147,,s0000632,2026-06-11 14:22:23,purchase,desktop
2148,10128,s0000633,2026-06-11 15:27:16,page_view,mobile
2149,10128,s0000633,2026-06-11 15:27:28,page_view,mobile
2150,10128,s0000633,2026-06-11 15:28:36,page_view,mobile
2151,10128,s0000633,2026-06-11 15:29:38,page_view,mobile
2152,10128,s0000633,2026-06-11 15:29:56,add_to_cart,mobile
2153,,s0000634,2026-06-11 22:12:57,page_view,Mobile
2154,,s0000634,2026-06-11 22:14:00,page_view,Mobile
2155,,s0000635,2026-06-11 20:03:25,page_view,mobile
2156,,s0000635,2026-06-11 20:04:42,add_to_cart,mobile
2157,,s0000635,2026-06-11 20:06:07,begin_checkout,mobile
2158,,s0000635,2026-06-11 20:07:00,purchase,mobile
2159,,s0000636,2026-06-11 14:01:59,page_view,Desktop
2160,10532,s0000637,2026-06-11 09:21:41,page_view,desktop
2161,10532,s0000637,2026-06-11 09:22:30,add_to_cart,desktop
2162,,s0000638,2026-06-11 09:01:03,page_view,desktop
2163,,s0000638,2026-06-11 09:01:52,page_view,desktop
2164,,s0000639,2026-06-11 11:00:34,page_view,mobile
2165,,s0000639,2026-06-11 11:01:02,add_to_cart,mobile
2166,,s0000639,2026-06-11 11:01:53,begin_checkout,mobile
2167,,s0000639,2026-06-11 11:02:21,purchase,mobile
2168,10107,s0000640,2026-06-11 12:07:33,page_view,desktop
2169,10107,s0000640,2026-06-11 12:08:02,add_to_cart,desktop
2170,10630,s0000641,2026-06-11 02:21:00,page_view,desktop
2171,,s0000642,2026-06-11 15:52:00,page_view,desktop
2172,,s0000642,2026-06-11 15:53:42,page_view,desktop
2173,,s0000642,2026-06-11 15:55:11,page_view,desktop
2174,,s0000642,2026-06-11 15:56:15,page_view,desktop
2175,,s0000643,2026-06-11 07:34:40,page_view,mobile
2176,,s0000643,2026-06-11 07:35:18,page_view,mobile
2177,,s0000643,2026-06-11 07:37:10,page_view,mobile
2178,,s0000643,2026-06-11 07:37:48,add_to_cart,mobile
2179,,s0000644,2026-06-11 02:22:53,page_view,mobile
2180,,s0000644,2026-06-11 02:22:58,page_view,mobile
2181,,s0000644,2026-06-11 02:24:26,page_view,mobile
2182,,s0000644,2026-06-11 02:25:02,add_to_cart,mobile
2183,,s0000645,2026-06-11 18:58:02,page_view,desktop
2184,,s0000645,2026-06-11 18:59:21,page_view,desktop
2185,,s0000645,2026-06-11 18:59:43,page_view,desktop
2186,,s0000645,2026-06-11 19:01:02,add_to_cart,desktop
2187,10515,s0000646,2026-06-11 07:26:51,page_view,mobile
2188,10515,s0000646,2026-06-11 07:27:00,page_view,mobile
2189,10012,s0000647,2026-06-11 15:38:17,page_view,desktop
2190,10012,s0000647,2026-06-11 15:39:26,page_view,desktop
2191,10012,s0000647,2026-06-11 15:40:02,page_view,desktop
2192,,s0000648,2026-06-11 20:25:43,page_view,mobile
2193,,s0000649,2026-06-11 03:28:13,page_view,mobile
2194,,s0000649,2026-06-11 03:29:28,page_view,mobile
2195,,s0000649,2026-06-11 03:30:57,page_view,mobile
2196,,s0000649,2026-06-11 03:32:34,page_view,mobile
2197,,s0000650,2026-06-11 14:14:33,page_view,tablet
2198,,s0000650,2026-06-11 14:16:27,page_view,tablet
2199,,s0000650,2026-06-11 14:17:40,add_to_cart,tablet
2200,,s0000651,2026-06-11 04:04:01,page_view,desktop
2201,,s0000651,2026-06-11 04:05:39,page_view,desktop
2202,,s0000652,2026-06-11 07:43:52,page_view,desktop
2203,10500,s0000653,2026-06-11 07:43:01,page_view,desktop
2204,10500,s0000653,2026-06-11 07:44:07,page_view,desktop
2205,10500,s0000653,2026-06-11 07:45:07,add_to_cart,desktop
2206,10500,s0000653,2026-06-11 07:46:01,begin_checkout,desktop
2207,10500,s0000653,2026-06-11 07:46:19,purchase,desktop
2208,10324,s0000654,2026-06-11 03:29:10,page_view,mobile
2209,10324,s0000654,2026-06-11 03:29:32,page_view,mobile
2210,10324,s0000654,2026-06-11 03:30:05,page_view,mobile
2211,10324,s0000654,2026-06-11 03:30:37,page_view,mobile
2212,10324,s0000654,2026-06-11 03:32:10,add_to_cart,mobile
2213,,s0000655,2026-06-11 13:09:50,page_view,desktop
2214,,s0000655,2026-06-11 13:11:24,page_view,desktop
2215,,s0000655,2026-06-11 13:13:03,add_to_cart,desktop
2216,,s0000655,2026-06-11 13:14:15,begin_checkout,desktop
2217,,s0000655,2026-06-11 13:16:07,purchase,desktop
2218,10081,s0000656,2026-06-11 00:49:59,page_view,mobile
2219,10081,s0000656,2026-06-11 00:51:30,page_view,mobile
2220,10081,s0000656,2026-06-11 00:51:36,page_view,mobile
2221,,s0000657,2026-06-11 18:05:24,page_view,mobile
2222,,s0000658,2026-06-11 06:18:40,page_view,mobile
2223,10356,s0000659,2026-06-11 14:34:15,page_view,desktop
2224,10356,s0000659,2026-06-11 14:34:45,page_view,desktop
2225,10356,s0000659,2026-06-11 14:35:54,add_to_cart,desktop
2226,,s0000660,2026-06-11 15:59:57,page_view,desktop
2227,,s0000660,2026-06-11 16:01:55,page_view,desktop
2228,,s0000660,2026-06-11 16:02:15,add_to_cart,desktop
2229,,s0000661,2026-06-11 07:18:02,page_view,tablet
2230,,s0000661,2026-06-11 07:19:37,page_view,tablet
2231,,s0000661,2026-06-11 07:20:07,page_view,tablet
2232,,s0000661,2026-06-11 07:21:00,page_view,tablet
2233,10110,s0000662,2026-06-11 10:42:32,page_view,mobile
2234,10110,s0000662,2026-06-11 10:44:14,page_view,mobile
2235,10110,s0000662,2026-06-11 10:45:19,page_view,mobile
2236,10538,s0000663,2026-06-11 00:17:10,page_view,tablet
2237,10538,s0000663,2026-06-11 00:17:52,page_view,tablet
2238,10538,s0000663,2026-06-11 00:18:22,page_view,tablet
2239,10538,s0000663,2026-06-11 00:18:59,add_to_cart,tablet
2240,10538,s0000663,2026-06-11 00:19:36,begin_checkout,tablet
2241,10538,s0000663,2026-06-11 00:19:48,purchase,tablet
2242,10493,s0000664,2026-06-11 14:05:20,page_view,desktop
2243,10493,s0000664,2026-06-11 14:06:43,page_view,desktop
2244,10493,s0000664,2026-06-11 14:07:02,page_view,desktop
2245,10493,s0000664,2026-06-11 14:07:39,add_to_cart,desktop
2246,10493,s0000664,2026-06-11 14:08:20,begin_checkout,desktop
2247,10493,s0000664,2026-06-11 14:10:09,purchase,desktop
2248,10665,s0000665,2026-06-11 04:20:50,page_view,desktop
2249,10665,s0000665,2026-06-11 04:22:10,page_view,desktop
2250,10665,s0000665,2026-06-11 04:23:10,page_view,desktop
2251,10665,s0000665,2026-06-11 04:24:14,add_to_cart,desktop
2252,10665,s0000665,2026-06-11 04:24:57,begin_checkout,desktop
2253,10665,s0000665,2026-06-11 04:26:43,purchase,desktop
2254,10109,s0000666,2026-06-11 11:45:41,page_view,desktop
2255,10109,s0000666,2026-06-11 11:47:15,page_view,desktop
2256,10109,s0000666,2026-06-11 11:47:18,page_view,desktop
2257,10109,s0000666,2026-06-11 11:47:34,page_view,desktop
2258,10109,s0000666,2026-06-11 11:49:07,add_to_cart,desktop
2259,10109,s0000666,2026-06-11 11:50:04,begin_checkout,desktop
2260,10109,s0000666,2026-06-11 11:50:29,purchase,desktop
2261,,s0000667,2026-06-11 16:20:34,page_view,desktop
2262,,s0000667,2026-06-11 16:21:55,page_view,desktop
2263,,s0000667,2026-06-11 16:23:48,page_view,desktop
2264,,s0000667,2026-06-11 16:24:27,page_view,desktop
2265,10299,s0000668,2026-06-11 21:17:34,page_view,mobile
2266,10299,s0000668,2026-06-11 21:17:59,page_view,mobile
2267,,s0000669,2026-06-11 08:39:21,page_view,tablet
2268,,s0000669,2026-06-11 08:41:14,add_to_cart,tablet
2269,,s0000669,2026-06-11 08:42:28,begin_checkout,tablet
2270,,s0000669,2026-06-11 08:44:20,purchase,tablet
2271,,s0000670,2026-06-11 18:18:16,page_view,desktop
2272,10547,s0000671,2026-06-11 12:58:39,page_view,mobile
2273,10547,s0000671,2026-06-11 13:00:04,page_view,mobile
2274,,s0000672,2026-06-11 07:08:13,page_view,mobile
2275,,s0000672,2026-06-11 07:09:28,page_view,mobile
2276,,s0000672,2026-06-11 07:09:41,page_view,mobile
2277,10640,s0000673,2026-06-11 04:47:00,page_view,desktop
2278,10640,s0000673,2026-06-11 04:48:59,add_to_cart,desktop
2279,10640,s0000673,2026-06-11 04:49:23,begin_checkout,desktop
2280,10640,s0000673,2026-06-11 04:49:47,purchase,desktop
2281,,s0000674,2026-06-11 13:10:36,page_view,mobile
2282,,s0000674,2026-06-11 13:11:52,page_view,mobile
2283,,s0000674,2026-06-11 13:13:41,page_view,mobile
2284,,s0000674,2026-06-11 13:14:49,page_view,mobile
2285,,s0000675,2026-06-11 09:08:04,page_view,tablet
2286,,s0000675,2026-06-11 09:08:29,page_view,tablet
2287,,s0000675,2026-06-11 09:10:19,add_to_cart,tablet
2288,10349,s0000676,2026-06-11 17:15:41,page_view,Desktop
2289,10349,s0000676,2026-06-11 17:15:57,add_to_cart,Desktop
2290,10349,s0000676,2026-06-11 17:17:40,begin_checkout,Desktop
2291,10349,s0000676,2026-06-11 17:18:27,purchase,Desktop
2292,10004,s0000677,2026-06-11 13:54:45,page_view,desktop
2293,10350,s0000678,2026-06-11 05:53:24,page_view,tablet
2294,10263,s0000679,2026-06-11 15:10:15,page_view,tablet
2295,10263,s0000679,2026-06-11 15:11:31,page_view,tablet
2296,10263,s0000679,2026-06-11 15:12:48,page_view,tablet
2297,10263,s0000679,2026-06-11 15:14:10,page_view,tablet
2298,10076,s0000680,2026-06-11 03:59:41,page_view,mobile
2299,10599,s0000681,2026-06-11 10:47:26,page_view,desktop
2300,10599,s0000681,2026-06-11 10:49:11,page_view,desktop
2301,10599,s0000681,2026-06-11 10:50:38,page_view,desktop
2302,10599,s0000681,2026-06-11 10:52:20,page_view,desktop
2303,10599,s0000681,2026-06-11 10:52:25,add_to_cart,desktop
2304,10599,s0000681,2026-06-11 10:54:04,begin_checkout,desktop
2305,10599,s0000681,2026-06-11 10:54:20,purchase,desktop
2306,10360,s0000682,2026-06-11 18:59:41,page_view,desktop
2307,10360,s0000682,2026-06-11 19:01:11,page_view,desktop
2308,10360,s0000682,2026-06-11 19:02:42,add_to_cart,desktop
2309,10360,s0000682,2026-06-11 19:03:41,begin_checkout,desktop
2310,10360,s0000682,2026-06-11 19:04:53,purchase,desktop
2311,10481,s0000683,2026-06-11 11:23:41,page_view,tablet
2312,10481,s0000683,2026-06-11 11:25:29,page_view,tablet
2313,10050,s0000684,2026-06-11 11:48:49,page_view,mobile
2314,10050,s0000684,2026-06-11 11:50:17,page_view,mobile
2315,10050,s0000684,2026-06-11 11:52:11,page_view,mobile
2316,10050,s0000684,2026-06-11 11:53:37,page_view,mobile
2317,10050,s0000684,2026-06-11 11:54:43,add_to_cart,mobile
2318,,s0000685,2026-06-12 03:02:50,page_view,desktop
2319,,s0000685,2026-06-12 03:04:48,add_to_cart,desktop
2320,,s0000685,2026-06-12 03:05:35,begin_checkout,desktop
2321,,s0000685,2026-06-12 03:06:57,purchase,desktop
2322,10423,s0000686,2026-06-12 09:42:05,page_view,desktop
2323,10620,s0000687,2026-06-12 15:49:17,page_view,mobile
2324,10620,s0000687,2026-06-12 15:50:43,page_view,mobile
2325,10620,s0000687,2026-06-12 15:51:20,page_view,mobile
2326,10620,s0000687,2026-06-12 15:52:48,page_view,mobile
2327,10620,s0000687,2026-06-12 15:53:19,add_to_cart,mobile
2328,10246,s0000688,2026-06-12 11:04:09,page_view,mobile
2329,10246,s0000688,2026-06-12 11:04:26,page_view,mobile
2330,,s0000689,2026-06-12 22:37:11,page_view,mobile
2331,,s0000689,2026-06-12 22:38:44,page_view,mobile
2332,,s0000689,2026-06-12 22:40:41,page_view,mobile
2333,,s0000690,2026-06-12 11:51:22,page_view,desktop
2334,,s0000690,2026-06-12 11:52:19,page_view,desktop
2335,,s0000690,2026-06-12 11:53:01,page_view,desktop
2336,,s0000690,2026-06-12 11:54:14,add_to_cart,desktop
2337,,s0000690,2026-06-12 11:54:32,begin_checkout,desktop
2338,,s0000690,2026-06-12 11:55:10,purchase,desktop
2339,10316,s0000691,2026-06-12 00:51:55,page_view,desktop
2340,,s0000692,2026-06-12 00:11:06,page_view,mobile
2341,,s0000692,2026-06-12 00:11:39,page_view,mobile
2342,,s0000692,2026-06-12 00:12:02,page_view,mobile
2343,,s0000692,2026-06-12 00:12:54,page_view,mobile
2344,,s0000692,2026-06-12 00:13:41,add_to_cart,mobile
2345,,s0000692,2026-06-12 00:15:22,begin_checkout,mobile
2346,,s0000692,2026-06-12 00:15:58,purchase,mobile
2347,,s0000693,2026-06-12 02:56:29,page_view,tablet
2348,,s0000694,2026-06-12 02:22:54,page_view,mobile
2349,,s0000694,2026-06-12 02:23:33,page_view,mobile
2350,,s0000694,2026-06-12 02:25:27,page_view,mobile
2351,,s0000694,2026-06-12 02:26:00,page_view,mobile
2352,,s0000695,2026-06-12 07:47:36,page_view,desktop
2353,,s0000695,2026-06-12 07:48:55,page_view,desktop
2354,,s0000695,2026-06-12 07:49:24,page_view,desktop
2355,,s0000695,2026-06-12 07:49:30,add_to_cart,desktop
2356,10256,s0000696,2026-06-12 01:42:53,page_view,tablet
2357,10256,s0000696,2026-06-12 01:44:14,add_to_cart,tablet
2358,10256,s0000696,2026-06-12 01:45:26,begin_checkout,tablet
2359,10256,s0000696,2026-06-12 01:45:40,purchase,tablet
2360,10589,s0000697,2026-06-12 03:09:00,page_view,mobile
2361,10589,s0000697,2026-06-12 03:09:24,page_view,mobile
2362,10589,s0000697,2026-06-12 03:10:16,page_view,mobile
2363,10589,s0000697,2026-06-12 03:12:01,page_view,mobile
2364,,s0000698,2026-06-12 08:39:12,page_view,Desktop
2365,10649,s0000699,2026-06-12 10:07:39,page_view,desktop
2366,10579,s0000700,2026-06-12 22:43:32,page_view,desktop
2367,10579,s0000700,2026-06-12 22:44:52,page_view,desktop
2368,10579,s0000700,2026-06-12 22:45:15,page_view,desktop
2369,10579,s0000700,2026-06-12 22:47:04,page_view,desktop
2370,10579,s0000700,2026-06-12 22:48:54,add_to_cart,desktop
2371,10579,s0000700,2026-06-12 22:49:00,begin_checkout,desktop
2372,,s0000701,2026-06-12 10:33:18,page_view,mobile
2373,,s0000701,2026-06-12 10:33:45,page_view,mobile
2374,,s0000701,2026-06-12 10:33:58,page_view,mobile
2375,,s0000701,2026-06-12 10:35:08,add_to_cart,mobile
2376,,s0000701,2026-06-12 10:35:57,begin_checkout,mobile
2377,,s0000701,2026-06-12 10:37:51,purchase,mobile
2378,,s0000702,2026-06-12 12:06:24,page_view,mobile
2379,,s0000702,2026-06-12 12:06:59,page_view,mobile
2380,,s0000702,2026-06-12 12:08:59,page_view,mobile
2381,,s0000703,2026-06-12 14:58:06,page_view,mobile
2382,,s0000703,2026-06-12 14:59:29,add_to_cart,mobile
2383,,s0000704,2026-06-12 22:51:28,page_view,mobile
2384,,s0000704,2026-06-12 22:53:15,page_view,mobile
2385,,s0000704,2026-06-12 22:53:45,add_to_cart,mobile
2386,,s0000704,2026-06-12 22:53:50,begin_checkout,mobile
2387,,s0000704,2026-06-12 22:54:55,purchase,mobile
2388,10175,s0000705,2026-06-12 04:41:18,page_view,mobile
2389,10175,s0000705,2026-06-12 04:42:02,page_view,mobile
2390,10116,s0000706,2026-06-12 06:01:36,page_view,desktop
2391,10116,s0000706,2026-06-12 06:03:31,page_view,desktop
2392,10116,s0000706,2026-06-12 06:04:20,page_view,desktop
2393,10116,s0000706,2026-06-12 06:06:11,page_view,desktop
2394,,s0000707,2026-06-12 09:42:48,page_view,Desktop
2395,,s0000707,2026-06-12 09:44:32,page_view,Desktop
2396,,s0000707,2026-06-12 09:44:37,page_view,Desktop
2397,,s0000707,2026-06-12 09:44:47,add_to_cart,Desktop
2398,,s0000707,2026-06-12 09:45:22,begin_checkout,Desktop
2399,,s0000707,2026-06-12 09:47:16,purchase,Desktop
2400,,s0000708,2026-06-12 22:09:29,page_view,mobile
2401,,s0000708,2026-06-12 22:10:35,page_view,mobile
2402,,s0000708,2026-06-12 22:10:49,page_view,mobile
2403,,s0000708,2026-06-12 22:11:15,page_view,mobile
2404,10533,s0000709,2026-06-12 16:04:01,page_view,desktop
2405,10533,s0000709,2026-06-12 16:05:59,page_view,desktop
2406,10533,s0000709,2026-06-12 16:07:20,page_view,desktop
2407,10533,s0000709,2026-06-12 16:07:25,add_to_cart,desktop
2408,10533,s0000709,2026-06-12 16:09:16,begin_checkout,desktop
2409,10533,s0000709,2026-06-12 16:09:27,purchase,desktop
2410,10366,s0000710,2026-06-12 00:47:35,page_view,tablet
2411,10366,s0000710,2026-06-12 00:49:27,page_view,tablet
2412,10366,s0000710,2026-06-12 00:50:43,page_view,tablet
2413,10366,s0000710,2026-06-12 00:51:40,add_to_cart,tablet
2414,10561,s0000711,2026-06-12 15:21:02,page_view,desktop
2415,10561,s0000711,2026-06-12 15:22:03,page_view,desktop
2416,10561,s0000711,2026-06-12 15:23:50,page_view,desktop
2417,10561,s0000711,2026-06-12 15:25:32,add_to_cart,desktop
2418,,s0000712,2026-06-12 01:46:03,page_view,tablet
2419,,s0000712,2026-06-12 01:47:41,page_view,tablet
2420,,s0000712,2026-06-12 01:48:35,page_view,tablet
2421,,s0000712,2026-06-12 01:49:40,page_view,tablet
2422,10208,s0000713,2026-06-12 06:37:33,page_view,desktop
2423,10344,s0000714,2026-06-12 21:37:47,page_view,desktop
2424,10344,s0000714,2026-06-12 21:39:30,page_view,desktop
2425,10344,s0000714,2026-06-12 21:40:44,page_view,desktop
2426,10344,s0000714,2026-06-12 21:40:55,page_view,desktop
2427,10344,s0000714,2026-06-12 21:41:11,add_to_cart,desktop
2428,,s0000715,2026-06-12 17:13:48,page_view,tablet
2429,,s0000715,2026-06-12 17:14:19,page_view,tablet
2430,,s0000715,2026-06-12 17:15:03,page_view,tablet
2431,,s0000715,2026-06-12 17:15:11,page_view,tablet
2432,,s0000716,2026-06-12 01:46:58,page_view,mobile
2433,10361,s0000717,2026-06-12 07:30:45,page_view,mobile
2434,10361,s0000717,2026-06-12 07:30:58,page_view,mobile
2435,10361,s0000717,2026-06-12 07:32:00,add_to_cart,mobile
2436,10608,s0000718,2026-06-12 12:31:48,page_view,tablet
2437,10608,s0000718,2026-06-12 12:33:45,page_view,tablet
2438,10608,s0000718,2026-06-12 12:34:14,page_view,tablet
2439,10481,s0000719,2026-06-12 09:29:53,page_view,desktop
2440,10481,s0000719,2026-06-12 09:31:44,page_view,desktop
2441,,s0000720,2026-06-12 20:05:10,page_view,mobile
2442,,s0000720,2026-06-12 20:05:29,page_view,mobile
2443,,s0000720,2026-06-12 20:06:54,add_to_cart,mobile
2444,10052,s0000721,2026-06-12 01:36:01,page_view,mobile
2445,10052,s0000721,2026-06-12 01:37:36,page_view,mobile
2446,10052,s0000721,2026-06-12 01:38:30,page_view,mobile
2447,,s0000722,2026-06-12 03:26:00,page_view,mobile
2448,,s0000722,2026-06-12 03:26:40,page_view,mobile
2449,,s0000722,2026-06-12 03:28:12,page_view,mobile
2450,,s0000722,2026-06-12 03:29:19,add_to_cart,mobile
2451,,s0000722,2026-06-12 03:29:50,begin_checkout,mobile
2452,,s0000722,2026-06-12 03:30:34,purchase,mobile
2453,,s0000723,2026-06-12 20:15:18,page_view,mobile
2454,,s0000723,2026-06-12 20:16:26,page_view,mobile
2455,,s0000723,2026-06-12 20:17:02,page_view,mobile
2456,,s0000723,2026-06-12 20:18:14,page_view,mobile
2457,,s0000723,2026-06-12 20:20:05,add_to_cart,mobile
2458,10632,s0000724,2026-06-12 12:34:44,page_view,desktop
2459,10632,s0000724,2026-06-12 12:36:02,page_view,desktop
2460,10002,s0000725,2026-06-12 13:47:46,page_view,desktop
2461,10002,s0000725,2026-06-12 13:47:55,page_view,desktop
2462,10002,s0000725,2026-06-12 13:48:24,page_view,desktop
2463,10002,s0000725,2026-06-12 13:48:43,page_view,desktop
2464,10002,s0000725,2026-06-12 13:49:06,add_to_cart,desktop
2465,10159,s0000726,2026-06-12 01:41:27,page_view,desktop
2466,10159,s0000726,2026-06-12 01:43:16,page_view,desktop
2467,10159,s0000726,2026-06-12 01:44:48,page_view,desktop
2468,10159,s0000726,2026-06-12 01:46:36,page_view,desktop
2469,10159,s0000726,2026-06-12 01:48:33,add_to_cart,desktop
2470,10159,s0000726,2026-06-12 01:50:28,begin_checkout,desktop
2471,10312,s0000727,2026-06-12 04:54:19,page_view,mobile
2472,10312,s0000727,2026-06-12 04:55:50,page_view,mobile
2473,10312,s0000727,2026-06-12 04:56:17,page_view,mobile
2474,10312,s0000727,2026-06-12 04:56:57,add_to_cart,mobile
2475,10312,s0000727,2026-06-12 04:57:01,begin_checkout,mobile
2476,10312,s0000727,2026-06-12 04:58:53,purchase,mobile
2477,,s0000728,2026-06-12 21:35:57,page_view,mobile
2478,,s0000728,2026-06-12 21:37:20,page_view,mobile
2479,,s0000728,2026-06-12 21:38:09,page_view,mobile
2480,,s0000728,2026-06-12 21:40:04,add_to_cart,mobile
2481,10177,s0000729,2026-06-12 13:43:26,page_view,mobile
2482,10177,s0000729,2026-06-12 13:44:31,page_view,mobile
2483,10177,s0000729,2026-06-12 13:44:49,add_to_cart,mobile
2484,10177,s0000729,2026-06-12 13:46:27,begin_checkout,mobile
2485,,s0000730,2026-06-12 17:28:35,page_view,desktop
2486,,s0000730,2026-06-12 17:29:21,page_view,desktop
2487,,s0000730,2026-06-12 17:30:12,page_view,desktop
2488,,s0000730,2026-06-12 17:30:59,add_to_cart,desktop
2489,10456,s0000731,2026-06-13 01:43:39,page_view,mobile
2490,10456,s0000731,2026-06-13 01:44:11,page_view,mobile
2491,10456,s0000731,2026-06-13 01:45:11,add_to_cart,mobile
2492,10657,s0000732,2026-06-13 07:02:32,page_view,desktop
2493,10657,s0000732,2026-06-13 07:03:51,page_view,desktop
2494,10657,s0000732,2026-06-13 07:05:13,page_view,desktop
2495,10389,s0000733,2026-06-13 02:25:39,page_view,mobile
2496,10389,s0000733,2026-06-13 02:26:02,add_to_cart,mobile
2497,,s0000734,2026-06-13 22:25:33,page_view,desktop
2498,,s0000734,2026-06-13 22:27:19,page_view,desktop
2499,10116,s0000735,2026-06-13 03:25:55,page_view,mobile
2500,10116,s0000735,2026-06-13 03:27:26,page_view,mobile
2501,10116,s0000735,2026-06-13 03:29:19,page_view,mobile
2502,10116,s0000735,2026-06-13 03:29:53,page_view,mobile
2503,,s0000736,2026-06-13 04:12:18,page_view,desktop
2504,,s0000737,2026-06-13 06:47:07,page_view,Desktop
2505,,s0000737,2026-06-13 06:48:18,add_to_cart,Desktop
2506,,s0000737,2026-06-13 06:50:04,begin_checkout,Desktop
2507,,s0000737,2026-06-13 06:50:58,purchase,Desktop
2508,10066,s0000738,2026-06-13 13:04:09,page_view,mobile
2509,10066,s0000738,2026-06-13 13:04:35,page_view,mobile
2510,,s0000739,2026-06-13 08:22:43,page_view,desktop
2511,,s0000739,2026-06-13 08:23:07,page_view,desktop
2512,10535,s0000740,2026-06-13 19:48:51,page_view,desktop
2513,10297,s0000741,2026-06-13 17:14:51,page_view,mobile
2514,10297,s0000741,2026-06-13 17:15:15,page_view,mobile
2515,10297,s0000741,2026-06-13 17:16:28,page_view,mobile
2516,10297,s0000741,2026-06-13 17:17:43,page_view,mobile
2517,10297,s0000741,2026-06-13 17:17:58,add_to_cart,mobile
2518,10297,s0000741,2026-06-13 17:18:33,begin_checkout,mobile
2519,10297,s0000741,2026-06-13 17:19:30,purchase,mobile
2520,,s0000742,2026-06-13 10:46:00,page_view,desktop
2521,,s0000742,2026-06-13 10:47:01,page_view,desktop
2522,,s0000742,2026-06-13 10:47:37,page_view,desktop
2523,,s0000743,2026-06-13 02:25:21,page_view,mobile
2524,10109,s0000744,2026-06-13 20:20:29,page_view,mobile
2525,10109,s0000744,2026-06-13 20:21:06,page_view,mobile
2526,10109,s0000744,2026-06-13 20:22:30,add_to_cart,mobile
2527,10109,s0000744,2026-06-13 20:23:46,begin_checkout,mobile
2528,,s0000745,2026-06-13 11:01:36,page_view,mobile
2529,,s0000745,2026-06-13 11:03:04,page_view,mobile
2530,,s0000745,2026-06-13 11:03:57,page_view,mobile
2531,,s0000746,2026-06-13 10:58:50,page_view,mobile
2532,,s0000746,2026-06-13 10:59:52,page_view,mobile
2533,,s0000746,2026-06-13 11:00:12,page_view,mobile
2534,,s0000746,2026-06-13 11:01:34,add_to_cart,mobile
2535,,s0000746,2026-06-13 11:03:12,begin_checkout,mobile
2536,,s0000746,2026-06-13 11:04:30,purchase,mobile
2537,,s0000747,2026-06-13 17:28:01,page_view,desktop
2538,,s0000747,2026-06-13 17:28:38,add_to_cart,desktop
2539,10668,s0000748,2026-06-13 14:26:36,page_view,desktop
2540,10189,s0000749,2026-06-13 05:23:28,page_view,desktop
2541,10189,s0000749,2026-06-13 05:23:45,page_view,desktop
2542,10189,s0000749,2026-06-13 05:25:35,page_view,desktop
2543,,s0000750,2026-06-13 15:04:39,page_view,desktop
2544,,s0000750,2026-06-13 15:06:07,page_view,desktop
2545,,s0000750,2026-06-13 15:06:37,page_view,desktop
2546,,s0000750,2026-06-13 15:06:47,page_view,desktop
2547,10351,s0000751,2026-06-13 08:47:17,page_view,tablet
2548,10351,s0000751,2026-06-13 08:47:26,page_view,tablet
2549,10351,s0000751,2026-06-13 08:49:00,add_to_cart,tablet
2550,,s0000752,2026-06-13 20:30:29,page_view,mobile
2551,10530,s0000753,2026-06-13 20:00:49,page_view,mobile
2552,10530,s0000753,2026-06-13 20:02:04,page_view,mobile
2553,,s0000754,2026-06-13 11:41:25,page_view,mobile
2554,,s0000755,2026-06-13 12:22:23,page_view,mobile
2555,,s0000755,2026-06-13 12:23:53,add_to_cart,mobile
2556,,s0000755,2026-06-13 12:24:07,begin_checkout,mobile
2557,,s0000755,2026-06-13 12:24:43,purchase,mobile
2558,10381,s0000756,2026-06-13 14:50:36,page_view,desktop
2559,10381,s0000756,2026-06-13 14:52:15,page_view,desktop
2560,10381,s0000756,2026-06-13 14:53:08,add_to_cart,desktop
2561,,s0000757,2026-06-13 06:28:57,page_view,tablet
2562,,s0000757,2026-06-13 06:29:39,page_view,tablet
2563,,s0000757,2026-06-13 06:30:16,page_view,tablet
2564,,s0000757,2026-06-13 06:32:10,add_to_cart,tablet
2565,,s0000757,2026-06-13 06:32:59,begin_checkout,tablet
2566,,s0000757,2026-06-13 06:33:54,purchase,tablet
2567,10392,s0000758,2026-06-13 21:35:06,page_view,mobile
2568,10392,s0000758,2026-06-13 21:35:46,page_view,mobile
2569,10392,s0000758,2026-06-13 21:36:22,page_view,mobile
2570,10392,s0000758,2026-06-13 21:37:14,page_view,mobile
2571,10392,s0000758,2026-06-13 21:38:52,add_to_cart,mobile
2572,10413,s0000759,2026-06-13 12:09:11,page_view,desktop
2573,10413,s0000759,2026-06-13 12:09:23,add_to_cart,desktop
2574,,s0000760,2026-06-13 18:18:50,page_view,tablet
2575,,s0000760,2026-06-13 18:19:03,page_view,tablet
2576,,s0000760,2026-06-13 18:19:22,page_view,tablet
2577,,s0000761,2026-06-13 08:56:27,page_view,tablet
2578,,s0000762,2026-06-13 05:32:46,page_view,mobile
2579,,s0000762,2026-06-13 05:34:41,page_view,mobile
2580,,s0000762,2026-06-13 05:34:52,add_to_cart,mobile
2581,,s0000762,2026-06-13 05:36:38,begin_checkout,mobile
2582,,s0000763,2026-06-13 16:00:17,page_view,mobile
2583,10638,s0000764,2026-06-13 05:48:37,page_view,mobile
2584,10638,s0000764,2026-06-13 05:48:42,page_view,mobile
2585,10638,s0000764,2026-06-13 05:50:10,add_to_cart,mobile
2586,10638,s0000764,2026-06-13 05:50:13,begin_checkout,mobile
2587,10638,s0000764,2026-06-13 05:51:32,purchase,mobile
2588,10199,s0000765,2026-06-13 10:42:46,page_view,tablet
2589,10199,s0000765,2026-06-13 10:43:33,page_view,tablet
2590,10199,s0000765,2026-06-13 10:44:51,page_view,tablet
2591,10199,s0000765,2026-06-13 10:44:56,page_view,tablet
2592,10199,s0000765,2026-06-13 10:46:32,add_to_cart,tablet
2593,10293,s0000766,2026-06-13 01:53:37,page_view,desktop
2594,10293,s0000766,2026-06-13 01:54:35,add_to_cart,desktop
2595,10293,s0000766,2026-06-13 01:56:11,begin_checkout,desktop
2596,10486,s0000767,2026-06-13 15:33:01,page_view,desktop
2597,10486,s0000767,2026-06-13 15:33:59,page_view,desktop
2598,10486,s0000767,2026-06-13 15:34:40,page_view,desktop
2599,10486,s0000767,2026-06-13 15:35:20,page_view,desktop
2600,10691,s0000768,2026-06-13 06:42:47,page_view,desktop
2601,10691,s0000768,2026-06-13 06:44:32,add_to_cart,desktop
2602,,s0000769,2026-06-13 06:35:11,page_view,desktop
2603,10540,s0000770,2026-06-13 20:05:46,page_view,desktop
2604,10540,s0000770,2026-06-13 20:06:29,page_view,desktop
2605,10540,s0000770,2026-06-13 20:06:32,page_view,desktop
2606,10425,s0000771,2026-06-13 00:31:48,page_view,desktop
2607,10425,s0000771,2026-06-13 00:32:17,page_view,desktop
2608,10425,s0000771,2026-06-13 00:33:53,page_view,desktop
2609,10529,s0000772,2026-06-13 18:19:51,page_view,desktop
2610,10529,s0000772,2026-06-13 18:20:19,page_view,desktop
2611,10529,s0000772,2026-06-13 18:21:36,page_view,desktop
2612,10670,s0000773,2026-06-13 14:48:46,page_view,desktop
2613,10670,s0000773,2026-06-13 14:48:50,page_view,desktop
2614,10670,s0000773,2026-06-13 14:49:05,page_view,desktop
2615,10670,s0000773,2026-06-13 14:49:11,page_view,desktop
2616,,s0000774,2026-06-13 06:33:59,page_view,desktop
2617,,s0000774,2026-06-13 06:34:24,page_view,desktop
2618,,s0000774,2026-06-13 06:35:51,page_view,desktop
2619,,s0000774,2026-06-13 06:36:21,add_to_cart,desktop
2620,,s0000774,2026-06-13 06:37:59,begin_checkout,desktop
2621,,s0000774,2026-06-13 06:38:56,purchase,desktop
2622,,s0000775,2026-06-13 03:29:22,page_view,desktop
2623,,s0000775,2026-06-13 03:30:48,page_view,desktop
2624,,s0000775,2026-06-13 03:31:47,page_view,desktop
2625,,s0000775,2026-06-13 03:31:52,page_view,desktop
2626,,s0000776,2026-06-13 05:06:14,page_view,mobile
2627,,s0000776,2026-06-13 05:08:01,add_to_cart,mobile
2628,10004,s0000777,2026-06-13 00:10:42,page_view,mobile
2629,10004,s0000777,2026-06-13 00:12:02,page_view,mobile
2630,10004,s0000777,2026-06-13 00:14:01,page_view,mobile
2631,10004,s0000777,2026-06-13 00:15:00,page_view,mobile
2632,,s0000778,2026-06-13 01:44:17,page_view,mobile
2633,,s0000778,2026-06-13 01:44:32,page_view,mobile
2634,,s0000778,2026-06-13 01:45:19,page_view,mobile
2635,10385,s0000779,2026-06-13 06:13:48,page_view,Mobile
2636,10385,s0000779,2026-06-13 06:14:57,page_view,Mobile
2637,10385,s0000779,2026-06-13 06:15:36,page_view,Mobile
2638,,s0000780,2026-06-13 18:12:54,page_view,mobile
2639,,s0000780,2026-06-13 18:14:33,add_to_cart,mobile
2640,10469,s0000781,2026-06-13 12:44:20,page_view,tablet
2641,10469,s0000781,2026-06-13 12:45:38,add_to_cart,tablet
2642,10624,s0000782,2026-06-13 16:37:15,page_view,mobile
2643,10634,s0000783,2026-06-13 14:43:36,page_view,mobile
2644,10634,s0000783,2026-06-13 14:44:53,page_view,mobile
2645,10634,s0000783,2026-06-13 14:45:35,add_to_cart,mobile
2646,10136,s0000784,2026-06-13 11:28:50,page_view,mobile
2647,10136,s0000784,2026-06-13 11:29:57,page_view,mobile
2648,,s0000785,2026-06-13 13:51:15,page_view,desktop
2649,,s0000785,2026-06-13 13:51:53,page_view,desktop
2650,,s0000785,2026-06-13 13:52:09,page_view,desktop
2651,,s0000785,2026-06-13 13:53:07,page_view,desktop
2652,10454,s0000786,2026-06-13 13:41:09,page_view,desktop
2653,10454,s0000786,2026-06-13 13:42:05,page_view,desktop
2654,10454,s0000786,2026-06-13 13:42:34,page_view,desktop
2655,10454,s0000786,2026-06-13 13:44:04,page_view,desktop
2656,10202,s0000787,2026-06-13 04:09:46,page_view,desktop
2657,10125,s0000788,2026-06-13 11:19:03,page_view,mobile
2658,10520,s0000789,2026-06-13 11:27:40,page_view,desktop
2659,10520,s0000789,2026-06-13 11:29:16,page_view,desktop
2660,10520,s0000789,2026-06-13 11:30:53,page_view,desktop
2661,10520,s0000789,2026-06-13 11:31:22,page_view,desktop
2662,10447,s0000790,2026-06-13 01:00:53,page_view,desktop
2663,10447,s0000790,2026-06-13 01:02:07,page_view,desktop
2664,,s0000791,2026-06-13 20:49:01,page_view,mobile
2665,,s0000791,2026-06-13 20:49:09,add_to_cart,mobile
2666,,s0000791,2026-06-13 20:50:55,begin_checkout,mobile
2667,,s0000791,2026-06-13 20:51:08,purchase,mobile
2668,10529,s0000792,2026-06-13 03:24:56,page_view,mobile
2669,10529,s0000792,2026-06-13 03:25:54,page_view,mobile
2670,10529,s0000792,2026-06-13 03:26:09,page_view,mobile
2671,10547,s0000793,2026-06-13 06:54:13,page_view,tablet
2672,10547,s0000793,2026-06-13 06:55:44,add_to_cart,tablet
2673,10547,s0000793,2026-06-13 06:56:55,begin_checkout,tablet
2674,10547,s0000793,2026-06-13 06:57:17,purchase,tablet
2675,,s0000794,2026-06-13 18:31:53,page_view,desktop
2676,,s0000795,2026-06-13 13:13:26,page_view,mobile
2677,,s0000795,2026-06-13 13:14:11,page_view,mobile
2678,,s0000795,2026-06-13 13:14:49,page_view,mobile
2679,,s0000795,2026-06-13 13:15:14,page_view,mobile
2680,,s0000795,2026-06-13 13:16:43,add_to_cart,mobile
2681,,s0000795,2026-06-13 13:17:25,begin_checkout,mobile
2682,10600,s0000796,2026-06-13 22:56:09,page_view,mobile
2683,10600,s0000796,2026-06-13 22:56:49,page_view,mobile
2684,10600,s0000796,2026-06-13 22:57:43,page_view,mobile
2685,10630,s0000797,2026-06-13 17:37:13,page_view,desktop
2686,10630,s0000797,2026-06-13 17:37:32,page_view,desktop
2687,,s0000798,2026-06-13 19:04:09,page_view,mobile
2688,,s0000798,2026-06-13 19:06:04,page_view,mobile
2689,,s0000798,2026-06-13 19:06:59,page_view,mobile
2690,,s0000798,2026-06-13 19:08:30,page_view,mobile
2691,10483,s0000799,2026-06-13 12:46:17,page_view,desktop
2692,10483,s0000799,2026-06-13 12:48:11,page_view,desktop
2693,10240,s0000800,2026-06-13 07:20:29,page_view,mobile
2694,10240,s0000800,2026-06-13 07:20:37,page_view,mobile
2695,10240,s0000800,2026-06-13 07:20:57,page_view,mobile
2696,10240,s0000800,2026-06-13 07:22:11,add_to_cart,mobile
2697,,s0000801,2026-06-13 16:24:57,page_view,Desktop
2698,,s0000801,2026-06-13 16:26:24,page_view,Desktop
2699,,s0000802,2026-06-13 10:04:40,page_view,desktop
2700,,s0000802,2026-06-13 10:05:20,page_view,desktop
2701,,s0000802,2026-06-13 10:07:06,page_view,desktop
2702,,s0000802,2026-06-13 10:08:07,add_to_cart,desktop
2703,10354,s0000803,2026-06-14 08:32:32,page_view,desktop
2704,10354,s0000803,2026-06-14 08:33:26,page_view,desktop
2705,10354,s0000803,2026-06-14 08:35:23,page_view,desktop
2706,10354,s0000803,2026-06-14 08:36:47,page_view,desktop
2707,10414,s0000804,2026-06-14 04:42:31,page_view,desktop
2708,10414,s0000804,2026-06-14 04:42:35,page_view,desktop
2709,,s0000805,2026-06-14 06:17:18,page_view,Tablet
2710,,s0000805,2026-06-14 06:18:42,page_view,Tablet
2711,,s0000805,2026-06-14 06:19:46,page_view,Tablet
2712,,s0000805,2026-06-14 06:21:22,page_view,Tablet
2713,10647,s0000806,2026-06-14 22:59:57,page_view,mobile
2714,10647,s0000806,2026-06-14 23:00:23,page_view,mobile
2715,10647,s0000806,2026-06-14 23:00:47,page_view,mobile
2716,10647,s0000806,2026-06-14 23:01:05,add_to_cart,mobile
2717,10474,s0000807,2026-06-14 07:29:10,page_view,desktop
2718,10474,s0000807,2026-06-14 07:29:40,page_view,desktop
2719,10474,s0000807,2026-06-14 07:31:22,page_view,desktop
2720,,s0000808,2026-06-14 08:17:48,page_view,tablet
2721,,s0000808,2026-06-14 08:18:30,page_view,tablet
2722,,s0000809,2026-06-14 14:17:26,page_view,desktop
2723,10620,s0000810,2026-06-14 21:17:28,page_view,mobile
2724,10620,s0000810,2026-06-14 21:17:52,page_view,mobile
2725,10620,s0000810,2026-06-14 21:19:20,page_view,mobile
2726,10314,s0000811,2026-06-14 18:18:44,page_view,desktop
2727,10314,s0000811,2026-06-14 18:19:37,page_view,desktop
2728,10314,s0000811,2026-06-14 18:19:55,page_view,desktop
2729,10264,s0000812,2026-06-14 03:26:54,page_view,mobile
2730,10264,s0000812,2026-06-14 03:27:11,page_view,mobile
2731,10264,s0000812,2026-06-14 03:27:44,page_view,mobile
2732,10264,s0000812,2026-06-14 03:29:09,page_view,mobile
2733,10264,s0000812,2026-06-14 03:29:41,add_to_cart,mobile
2734,10591,s0000813,2026-06-14 02:57:15,page_view,desktop
2735,10591,s0000813,2026-06-14 02:57:34,page_view,desktop
2736,10591,s0000813,2026-06-14 02:57:56,page_view,desktop
2737,10591,s0000813,2026-06-14 02:59:00,add_to_cart,desktop
2738,10591,s0000813,2026-06-14 02:59:06,begin_checkout,desktop
2739,10591,s0000813,2026-06-14 03:00:40,purchase,desktop
2740,10538,s0000814,2026-06-14 22:32:05,page_view,desktop
2741,10538,s0000814,2026-06-14 22:32:40,page_view,desktop
2742,10538,s0000814,2026-06-14 22:33:04,page_view,desktop
2743,10538,s0000814,2026-06-14 22:35:03,page_view,desktop
2744,,s0000815,2026-06-14 16:30:08,page_view,desktop
2745,,s0000815,2026-06-14 16:30:57,page_view,desktop
2746,,s0000815,2026-06-14 16:32:22,add_to_cart,desktop
2747,,s0000815,2026-06-14 16:32:31,begin_checkout,desktop
2748,,s0000815,2026-06-14 16:33:41,purchase,desktop
2749,,s0000816,2026-06-14 08:07:18,page_view,desktop
2750,,s0000816,2026-06-14 08:09:16,page_view,desktop
2751,10663,s0000817,2026-06-14 20:04:11,page_view,mobile
2752,10663,s0000817,2026-06-14 20:04:45,page_view,mobile
2753,10663,s0000817,2026-06-14 20:05:43,add_to_cart,mobile
2754,,s0000818,2026-06-14 18:30:10,page_view,mobile
2755,,s0000818,2026-06-14 18:32:08,page_view,mobile
2756,,s0000818,2026-06-14 18:33:13,page_view,mobile
2757,,s0000819,2026-06-14 11:33:24,page_view,tablet
2758,,s0000819,2026-06-14 11:33:56,page_view,tablet
2759,,s0000819,2026-06-14 11:34:41,page_view,tablet
2760,,s0000819,2026-06-14 11:35:12,page_view,tablet
2761,,s0000820,2026-06-14 01:23:03,page_view,mobile
2762,,s0000820,2026-06-14 01:24:21,page_view,mobile
2763,,s0000820,2026-06-14 01:26:21,add_to_cart,mobile
2764,10242,s0000821,2026-06-14 21:38:56,page_view,tablet
2765,10242,s0000821,2026-06-14 21:39:47,page_view,tablet
2766,10242,s0000821,2026-06-14 21:41:27,page_view,tablet
2767,10256,s0000822,2026-06-14 04:23:40,page_view,desktop
2768,10256,s0000822,2026-06-14 04:23:48,page_view,desktop
2769,10296,s0000823,2026-06-14 01:19:36,page_view,mobile
2770,10296,s0000823,2026-06-14 01:20:20,page_view,mobile
2771,10296,s0000823,2026-06-14 01:21:17,page_view,mobile
2772,10296,s0000823,2026-06-14 01:21:34,add_to_cart,mobile
2773,10296,s0000823,2026-06-14 01:23:28,begin_checkout,mobile
2774,10296,s0000823,2026-06-14 01:24:28,purchase,mobile
2775,10672,s0000824,2026-06-14 02:53:48,page_view,mobile
2776,10672,s0000824,2026-06-14 02:55:37,page_view,mobile
2777,10672,s0000824,2026-06-14 02:55:42,page_view,mobile
2778,10672,s0000824,2026-06-14 02:55:53,page_view,mobile
2779,10631,s0000825,2026-06-14 16:34:18,page_view,desktop
2780,10631,s0000825,2026-06-14 16:34:52,page_view,desktop
2781,10631,s0000825,2026-06-14 16:35:42,page_view,desktop
2782,10631,s0000825,2026-06-14 16:35:59,page_view,desktop
2783,,s0000826,2026-06-14 10:50:44,page_view,desktop
2784,,s0000826,2026-06-14 10:52:04,page_view,desktop
2785,,s0000826,2026-06-14 10:53:48,page_view,desktop
2786,,s0000827,2026-06-14 17:53:35,page_view,mobile
2787,,s0000828,2026-06-14 18:46:13,page_view,mobile
2788,,s0000828,2026-06-14 18:47:52,add_to_cart,mobile
2789,,s0000829,2026-06-14 00:04:44,page_view,mobile
2790,10109,s0000830,2026-06-14 11:39:27,page_view,desktop
2791,10109,s0000830,2026-06-14 11:41:13,page_view,desktop
2792,10109,s0000830,2026-06-14 11:41:41,page_view,desktop
2793,,s0000831,2026-06-14 08:23:49,page_view,mobile
2794,,s0000831,2026-06-14 08:25:49,add_to_cart,mobile
2795,,s0000831,2026-06-14 08:26:23,begin_checkout,mobile
2796,,s0000831,2026-06-14 08:27:22,purchase,mobile
2797,,s0000832,2026-06-14 20:47:53,page_view,mobile
2798,,s0000832,2026-06-14 20:49:37,page_view,mobile
2799,,s0000832,2026-06-14 20:51:19,page_view,mobile
2800,,s0000833,2026-06-14 19:52:46,page_view,desktop
2801,,s0000834,2026-06-14 20:38:03,page_view,mobile
2802,,s0000834,2026-06-14 20:39:20,page_view,mobile
2803,,s0000834,2026-06-14 20:39:40,page_view,mobile
2804,,s0000834,2026-06-14 20:41:34,page_view,mobile
2805,,s0000834,2026-06-14 20:43:23,add_to_cart,mobile
2806,10652,s0000835,2026-06-14 08:35:22,page_view,Mobile
2807,10652,s0000835,2026-06-14 08:35:29,page_view,Mobile
2808,10652,s0000835,2026-06-14 08:36:25,page_view,Mobile
2809,10652,s0000835,2026-06-14 08:36:50,page_view,Mobile
2810,10652,s0000835,2026-06-14 08:36:56,add_to_cart,Mobile
2811,10417,s0000836,2026-06-14 07:10:30,page_view,desktop
2812,10217,s0000837,2026-06-14 09:23:24,page_view,desktop
2813,10217,s0000837,2026-06-14 09:24:50,page_view,desktop
2814,10217,s0000837,2026-06-14 09:25:41,page_view,desktop
2815,10217,s0000837,2026-06-14 09:27:13,page_view,desktop
2816,10216,s0000838,2026-06-14 09:55:43,page_view,mobile
2817,10216,s0000838,2026-06-14 09:56:55,page_view,mobile
2818,10216,s0000838,2026-06-14 09:57:42,page_view,mobile
2819,10164,s0000839,2026-06-14 16:02:29,page_view,desktop
2820,10164,s0000839,2026-06-14 16:02:33,page_view,desktop
2821,10164,s0000839,2026-06-14 16:04:10,add_to_cart,desktop
2822,10695,s0000840,2026-06-14 04:56:34,page_view,desktop
2823,10695,s0000840,2026-06-14 04:58:26,page_view,desktop
2824,10695,s0000840,2026-06-14 04:58:57,page_view,desktop
2825,,s0000841,2026-06-14 06:34:22,page_view,desktop
2826,,s0000841,2026-06-14 06:35:12,page_view,desktop
2827,,s0000841,2026-06-14 06:35:35,page_view,desktop
2828,,s0000841,2026-06-14 06:35:52,page_view,desktop
2829,10311,s0000842,2026-06-14 08:48:50,page_view,mobile
2830,,s0000843,2026-06-14 13:59:09,page_view,desktop
2831,,s0000843,2026-06-14 14:00:11,page_view,desktop
2832,10365,s0000844,2026-06-14 16:57:30,page_view,desktop
2833,10365,s0000844,2026-06-14 16:58:46,page_view,desktop
2834,10365,s0000844,2026-06-14 16:59:54,page_view,desktop
2835,10365,s0000844,2026-06-14 17:01:26,page_view,desktop
2836,10533,s0000845,2026-06-14 14:21:50,page_view,Desktop
2837,10533,s0000845,2026-06-14 14:22:29,page_view,Desktop
2838,10533,s0000845,2026-06-14 14:24:26,page_view,Desktop
2839,10106,s0000846,2026-06-14 08:28:34,page_view,mobile
2840,10106,s0000846,2026-06-14 08:29:32,page_view,mobile
2841,10106,s0000846,2026-06-14 08:31:15,page_view,mobile
2842,10618,s0000847,2026-06-14 14:36:15,page_view,mobile
2843,10618,s0000847,2026-06-14 14:36:29,page_view,mobile
2844,10222,s0000848,2026-06-14 11:52:40,page_view,mobile
2845,10222,s0000848,2026-06-14 11:52:43,page_view,mobile
2846,,s0000849,2026-06-14 03:07:44,page_view,tablet
2847,,s0000849,2026-06-14 03:08:17,add_to_cart,tablet
2848,,s0000849,2026-06-14 03:10:12,begin_checkout,tablet
2849,,s0000850,2026-06-14 05:42:01,page_view,desktop
2850,,s0000850,2026-06-14 05:43:19,page_view,desktop
2851,,s0000850,2026-06-14 05:44:31,page_view,desktop
2852,,s0000850,2026-06-14 05:45:36,page_view,desktop
2853,,s0000850,2026-06-14 05:47:05,add_to_cart,desktop
2854,10403,s0000851,2026-06-14 02:04:04,page_view,mobile
2855,10267,s0000852,2026-06-14 10:37:29,page_view,mobile
2856,10267,s0000852,2026-06-14 10:38:08,page_view,mobile
2857,10267,s0000852,2026-06-14 10:39:49,page_view,mobile
2858,10267,s0000852,2026-06-14 10:40:28,add_to_cart,mobile
2859,10695,s0000853,2026-06-14 21:51:51,page_view,tablet
2860,10695,s0000853,2026-06-14 21:53:20,page_view,tablet
2861,10695,s0000853,2026-06-14 21:54:56,add_to_cart,tablet
2862,10460,s0000854,2026-06-14 00:53:04,page_view,mobile
2863,10460,s0000854,2026-06-14 00:53:56,page_view,mobile
2864,10460,s0000854,2026-06-14 00:54:56,page_view,mobile
2865,10460,s0000854,2026-06-14 00:56:11,page_view,mobile
2866,10456,s0000855,2026-06-14 13:43:06,page_view,mobile
2867,10456,s0000855,2026-06-14 13:43:30,add_to_cart,mobile
2868,10456,s0000855,2026-06-14 13:43:57,begin_checkout,mobile
2869,10195,s0000856,2026-06-14 22:03:00,page_view,mobile
2870,10195,s0000856,2026-06-14 22:04:06,page_view,mobile
2871,10318,s0000857,2026-06-14 02:33:05,page_view,mobile
2872,10318,s0000857,2026-06-14 02:33:30,page_view,mobile
2873,,s0000858,2026-06-14 07:56:10,page_view,tablet
2874,,s0000858,2026-06-14 07:57:53,page_view,tablet
2875,,s0000858,2026-06-14 07:59:07,page_view,tablet
2876,10012,s0000859,2026-06-14 14:09:33,page_view,desktop
2877,10012,s0000859,2026-06-14 14:10:53,page_view,desktop
2878,10012,s0000859,2026-06-14 14:11:21,add_to_cart,desktop
2879,10012,s0000859,2026-06-14 14:11:48,begin_checkout,desktop
2880,,s0000860,2026-06-14 18:29:49,page_view,desktop
2881,,s0000860,2026-06-14 18:30:15,page_view,desktop
2882,,s0000860,2026-06-14 18:32:11,page_view,desktop
2883,,s0000860,2026-06-14 18:34:10,add_to_cart,desktop
2884,,s0000860,2026-06-14 18:35:17,begin_checkout,desktop
2885,,s0000860,2026-06-14 18:35:52,purchase,desktop
2886,,s0000861,2026-06-14 12:56:24,page_view,desktop
2887,,s0000861,2026-06-14 12:56:35,page_view,desktop
2888,,s0000861,2026-06-14 12:57:47,add_to_cart,desktop
2889,,s0000861,2026-06-14 12:58:10,begin_checkout,desktop
2890,,s0000861,2026-06-14 12:59:17,purchase,desktop
2891,10399,s0000862,2026-06-14 14:29:44,page_view,mobile
2892,10399,s0000862,2026-06-14 14:31:11,page_view,mobile
2893,10399,s0000862,2026-06-14 14:32:13,page_view,mobile
2894,10399,s0000862,2026-06-14 14:33:21,page_view,mobile
2895,10574,s0000863,2026-06-14 21:45:30,page_view,desktop
2896,10574,s0000863,2026-06-14 21:46:33,page_view,desktop
2897,10574,s0000863,2026-06-14 21:47:20,page_view,desktop
2898,10574,s0000863,2026-06-14 21:47:33,add_to_cart,desktop
2899,,s0000864,2026-06-14 19:29:29,page_view,desktop
2900,,s0000864,2026-06-14 19:31:06,page_view,desktop
2901,,s0000864,2026-06-14 19:32:32,page_view,desktop
2902,10628,s0000865,2026-06-14 22:24:37,page_view,desktop
2903,10573,s0000866,2026-06-14 22:38:36,page_view,desktop
2904,10573,s0000866,2026-06-14 22:38:50,page_view,desktop
2905,10573,s0000866,2026-06-14 22:40:49,page_view,desktop
2906,10573,s0000866,2026-06-14 22:42:04,page_view,desktop
2907,10573,s0000866,2026-06-14 22:42:40,add_to_cart,desktop
2908,10604,s0000867,2026-06-15 21:11:27,page_view,desktop
2909,10604,s0000867,2026-06-15 21:13:22,page_view,desktop
2910,10662,s0000868,2026-06-15 20:00:12,page_view,desktop
2911,10662,s0000868,2026-06-15 20:01:34,page_view,desktop
2912,10662,s0000868,2026-06-15 20:02:37,page_view,desktop
2913,10662,s0000868,2026-06-15 20:03:01,page_view,desktop
2914,10074,s0000869,2026-06-15 01:44:07,page_view,desktop
2915,10074,s0000869,2026-06-15 01:45:28,page_view,desktop
2916,10678,s0000870,2026-06-15 06:45:04,page_view,desktop
2917,10678,s0000870,2026-06-15 06:46:19,page_view,desktop
2918,10678,s0000870,2026-06-15 06:48:05,page_view,desktop
2919,10678,s0000870,2026-06-15 06:48:54,page_view,desktop
2920,10678,s0000870,2026-06-15 06:49:37,add_to_cart,desktop
2921,10678,s0000870,2026-06-15 06:51:00,begin_checkout,desktop
2922,10678,s0000870,2026-06-15 06:51:04,purchase,desktop
2923,10651,s0000871,2026-06-15 04:49:50,page_view,Desktop
2924,10651,s0000871,2026-06-15 04:50:23,page_view,Desktop
2925,10651,s0000871,2026-06-15 04:51:45,page_view,Desktop
2926,10651,s0000871,2026-06-15 04:52:36,add_to_cart,Desktop
2927,10651,s0000871,2026-06-15 04:53:35,begin_checkout,Desktop
2928,10233,s0000872,2026-06-15 11:38:48,page_view,mobile
2929,10532,s0000873,2026-06-15 22:39:33,page_view,desktop
2930,10532,s0000873,2026-06-15 22:41:25,page_view,desktop
2931,10532,s0000873,2026-06-15 22:41:32,page_view,desktop
2932,10532,s0000873,2026-06-15 22:42:33,add_to_cart,desktop
2933,10090,s0000874,2026-06-15 18:11:53,page_view,desktop
2934,10090,s0000874,2026-06-15 18:13:17,page_view,desktop
2935,10090,s0000874,2026-06-15 18:14:45,page_view,desktop
2936,10090,s0000874,2026-06-15 18:16:26,page_view,desktop
2937,10090,s0000874,2026-06-15 18:17:14,add_to_cart,desktop
2938,10090,s0000874,2026-06-15 18:17:55,begin_checkout,desktop
2939,10090,s0000874,2026-06-15 18:18:30,purchase,desktop
2940,10022,s0000875,2026-06-15 13:11:40,page_view,desktop
2941,10022,s0000875,2026-06-15 13:13:18,page_view,desktop
2942,10022,s0000875,2026-06-15 13:14:27,page_view,desktop
2943,10022,s0000875,2026-06-15 13:15:05,page_view,desktop
2944,10022,s0000875,2026-06-15 13:16:19,add_to_cart,desktop
2945,10252,s0000876,2026-06-15 04:38:31,page_view,desktop
2946,10252,s0000876,2026-06-15 04:39:25,page_view,desktop
2947,,s0000877,2026-06-15 08:31:37,page_view,desktop
2948,,s0000877,2026-06-15 08:33:04,page_view,desktop
2949,,s0000877,2026-06-15 08:34:09,page_view,desktop
2950,,s0000878,2026-06-15 14:47:46,page_view,mobile
2951,,s0000878,2026-06-15 14:48:58,page_view,mobile
2952,10493,s0000879,2026-06-15 17:18:27,page_view,mobile
2953,,s0000880,2026-06-15 03:50:07,page_view,mobile
2954,,s0000880,2026-06-15 03:52:01,page_view,mobile
2955,,s0000880,2026-06-15 03:52:12,page_view,mobile
2956,,s0000880,2026-06-15 03:54:07,page_view,mobile
2957,,s0000880,2026-06-15 03:54:14,add_to_cart,mobile
2958,,s0000880,2026-06-15 03:55:26,begin_checkout,mobile
2959,,s0000880,2026-06-15 03:56:55,purchase,mobile
2960,10489,s0000881,2026-06-15 09:09:05,page_view,mobile
2961,10489,s0000881,2026-06-15 09:09:21,page_view,mobile
2962,10489,s0000881,2026-06-15 09:11:02,page_view,mobile
2963,10489,s0000881,2026-06-15 09:11:27,page_view,mobile
2964,10030,s0000882,2026-06-15 22:02:59,page_view,desktop
2965,10030,s0000882,2026-06-15 22:04:55,page_view,desktop
2966,10030,s0000882,2026-06-15 22:05:58,page_view,desktop
2967,10030,s0000882,2026-06-15 22:07:16,page_view,desktop
2968,10030,s0000882,2026-06-15 22:08:35,add_to_cart,desktop
2969,10030,s0000882,2026-06-15 22:10:03,begin_checkout,desktop
2970,10447,s0000883,2026-06-15 15:30:25,page_view,mobile
2971,10447,s0000883,2026-06-15 15:31:47,page_view,mobile
2972,10447,s0000883,2026-06-15 15:32:41,page_view,mobile
2973,10447,s0000883,2026-06-15 15:33:26,page_view,mobile
2974,,s0000884,2026-06-15 18:30:06,page_view,desktop
2975,,s0000884,2026-06-15 18:30:32,page_view,desktop
2976,,s0000884,2026-06-15 18:30:45,page_view,desktop
2977,,s0000884,2026-06-15 18:31:48,page_view,desktop
2978,,s0000884,2026-06-15 18:33:12,add_to_cart,desktop
2979,,s0000884,2026-06-15 18:34:12,begin_checkout,desktop
2980,,s0000884,2026-06-15 18:35:20,purchase,desktop
2981,10420,s0000885,2026-06-15 16:50:20,page_view,mobile
2982,10420,s0000885,2026-06-15 16:51:57,add_to_cart,mobile
2983,10420,s0000885,2026-06-15 16:52:43,begin_checkout,mobile
2984,10420,s0000885,2026-06-15 16:53:56,purchase,mobile
2985,10577,s0000886,2026-06-15 15:06:23,page_view,mobile
2986,10577,s0000886,2026-06-15 15:06:55,page_view,mobile
2987,10577,s0000886,2026-06-15 15:07:19,page_view,mobile
2988,10104,s0000887,2026-06-15 11:43:05,page_view,mobile
2989,10104,s0000887,2026-06-15 11:44:30,page_view,mobile
2990,10104,s0000887,2026-06-15 11:45:17,page_view,mobile
2991,10104,s0000887,2026-06-15 11:47:04,page_view,mobile
2992,10104,s0000887,2026-06-15 11:47:56,add_to_cart,mobile
2993,10104,s0000887,2026-06-15 11:48:19,begin_checkout,mobile
2994,10104,s0000887,2026-06-15 11:49:11,purchase,mobile
2995,10447,s0000888,2026-06-15 19:39:35,page_view,desktop
2996,10321,s0000889,2026-06-15 20:21:07,page_view,mobile
2997,10321,s0000889,2026-06-15 20:22:47,page_view,mobile
2998,10321,s0000889,2026-06-15 20:24:28,page_view,mobile
2999,10321,s0000889,2026-06-15 20:25:06,add_to_cart,mobile
3000,10321,s0000889,2026-06-15 20:26:40,begin_checkout,mobile
3001,10321,s0000889,2026-06-15 20:27:35,purchase,mobile
3002,10646,s0000890,2026-06-15 20:32:54,page_view,desktop
3003,10646,s0000890,2026-06-15 20:33:59,page_view,desktop
3004,10332,s0000891,2026-06-15 18:58:02,page_view,desktop
3005,10332,s0000891,2026-06-15 18:58:34,page_view,desktop
3006,10421,s0000892,2026-06-15 13:02:34,page_view,mobile
3007,10421,s0000892,2026-06-15 13:04:04,page_view,mobile
3008,10421,s0000892,2026-06-15 13:04:28,page_view,mobile
3009,,s0000893,2026-06-15 00:18:10,page_view,mobile
3010,,s0000893,2026-06-15 00:18:39,page_view,mobile
3011,,s0000893,2026-06-15 00:19:15,page_view,mobile
3012,,s0000893,2026-06-15 00:20:21,page_view,mobile
3013,,s0000894,2026-06-15 01:16:35,page_view,mobile
3014,,s0000894,2026-06-15 01:16:38,add_to_cart,mobile
3015,10696,s0000895,2026-06-15 14:33:04,page_view,desktop
3016,10696,s0000895,2026-06-15 14:34:18,page_view,desktop
3017,10696,s0000895,2026-06-15 14:34:22,page_view,desktop
3018,10696,s0000895,2026-06-15 14:35:30,page_view,desktop
3019,,s0000896,2026-06-15 11:14:53,page_view,mobile
3020,,s0000896,2026-06-15 11:16:24,add_to_cart,mobile
3021,10030,s0000897,2026-06-15 10:44:48,page_view,mobile
3022,10030,s0000897,2026-06-15 10:45:08,page_view,mobile
3023,10030,s0000897,2026-06-15 10:46:55,add_to_cart,mobile
3024,,s0000898,2026-06-15 13:26:07,page_view,mobile
3025,,s0000898,2026-06-15 13:28:04,page_view,mobile
3026,,s0000899,2026-06-15 16:55:36,page_view,desktop
3027,,s0000899,2026-06-15 16:55:53,page_view,desktop
3028,,s0000899,2026-06-15 16:56:44,page_view,desktop
3029,,s0000899,2026-06-15 16:57:08,page_view,desktop
3030,,s0000900,2026-06-15 07:46:06,page_view,desktop
3031,,s0000900,2026-06-15 07:47:45,add_to_cart,desktop
3032,10163,s0000901,2026-06-15 10:42:47,page_view,mobile
3033,10163,s0000901,2026-06-15 10:44:46,page_view,mobile
3034,10163,s0000901,2026-06-15 10:45:37,page_view,mobile
3035,10163,s0000901,2026-06-15 10:46:13,add_to_cart,mobile
3036,10163,s0000901,2026-06-15 10:47:29,begin_checkout,mobile
3037,10163,s0000901,2026-06-15 10:47:46,purchase,mobile
3038,10675,s0000902,2026-06-15 03:28:24,page_view,mobile
3039,10675,s0000902,2026-06-15 03:28:41,page_view,mobile
3040,10340,s0000903,2026-06-15 18:09:59,page_view,mobile
3041,10340,s0000903,2026-06-15 18:10:11,page_view,mobile
3042,10340,s0000903,2026-06-15 18:11:35,page_view,mobile
3043,10340,s0000903,2026-06-15 18:11:41,page_view,mobile
3044,10340,s0000903,2026-06-15 18:13:31,add_to_cart,mobile
3045,10559,s0000904,2026-06-15 10:52:58,page_view,mobile
3046,10559,s0000904,2026-06-15 10:53:53,add_to_cart,mobile
3047,10003,s0000905,2026-06-15 06:56:06,page_view,mobile
3048,10003,s0000905,2026-06-15 06:56:33,page_view,mobile
3049,10003,s0000905,2026-06-15 06:57:58,page_view,mobile
3050,10003,s0000905,2026-06-15 06:58:17,page_view,mobile
3051,10686,s0000906,2026-06-15 10:34:39,page_view,desktop
3052,10686,s0000906,2026-06-15 10:36:07,page_view,desktop
3053,10686,s0000906,2026-06-15 10:36:12,page_view,desktop
3054,10686,s0000906,2026-06-15 10:36:23,page_view,desktop
3055,10686,s0000906,2026-06-15 10:36:44,add_to_cart,desktop
3056,10686,s0000906,2026-06-15 10:36:55,begin_checkout,desktop
3057,10305,s0000907,2026-06-15 09:34:48,page_view,mobile
3058,10305,s0000907,2026-06-15 09:35:37,page_view,mobile
3059,10305,s0000907,2026-06-15 09:36:10,page_view,mobile
3060,10305,s0000907,2026-06-15 09:36:13,add_to_cart,mobile
3061,10305,s0000907,2026-06-15 09:36:26,begin_checkout,mobile
3062,10247,s0000908,2026-06-15 02:08:15,page_view,mobile
3063,10247,s0000908,2026-06-15 02:10:08,page_view,mobile
3064,10247,s0000908,2026-06-15 02:10:48,page_view,mobile
3065,,s0000909,2026-06-15 20:39:59,page_view,tablet
3066,,s0000909,2026-06-15 20:40:19,add_to_cart,tablet
3067,,s0000909,2026-06-15 20:40:26,begin_checkout,tablet
3068,10188,s0000910,2026-06-15 00:04:59,page_view,mobile
3069,10188,s0000910,2026-06-15 00:05:56,page_view,mobile
3070,10188,s0000910,2026-06-15 00:06:01,page_view,mobile
3071,10188,s0000910,2026-06-15 00:07:52,page_view,mobile
3072,10188,s0000910,2026-06-15 00:08:31,add_to_cart,mobile
3073,,s0000911,2026-06-15 03:38:01,page_view,tablet
3074,,s0000911,2026-06-15 03:38:49,add_to_cart,tablet
3075,,s0000911,2026-06-15 03:39:10,begin_checkout,tablet
3076,,s0000911,2026-06-15 03:39:23,purchase,tablet
3077,10044,s0000912,2026-06-15 11:26:04,page_view,desktop
3078,10044,s0000912,2026-06-15 11:27:37,page_view,desktop
3079,10044,s0000912,2026-06-15 11:28:35,page_view,desktop
3080,10044,s0000912,2026-06-15 11:30:08,add_to_cart,desktop
3081,10200,s0000913,2026-06-16 11:44:43,page_view,desktop
3082,10200,s0000913,2026-06-16 11:46:36,page_view,desktop
3083,10200,s0000913,2026-06-16 11:47:27,page_view,desktop
3084,10200,s0000913,2026-06-16 11:48:33,add_to_cart,desktop
3085,10200,s0000913,2026-06-16 11:49:03,begin_checkout,desktop
3086,10200,s0000913,2026-06-16 11:50:22,purchase,desktop
3087,,s0000914,2026-06-16 14:58:58,page_view,mobile
3088,10511,s0000915,2026-06-16 05:11:17,page_view,mobile
3089,10511,s0000915,2026-06-16 05:12:57,page_view,mobile
3090,10511,s0000915,2026-06-16 05:14:33,add_to_cart,mobile
3091,10511,s0000915,2026-06-16 05:15:00,begin_checkout,mobile
3092,10499,s0000916,2026-06-16 03:01:53,page_view,tablet
3093,10499,s0000916,2026-06-16 03:02:13,page_view,tablet
3094,10499,s0000916,2026-06-16 03:02:22,page_view,tablet
3095,10499,s0000916,2026-06-16 03:03:03,page_view,tablet
3096,10586,s0000917,2026-06-16 00:16:19,page_view,Mobile
3097,10586,s0000917,2026-06-16 00:17:08,page_view,Mobile
3098,10586,s0000917,2026-06-16 00:17:54,page_view,Mobile
3099,10586,s0000917,2026-06-16 00:18:24,page_view,Mobile
3100,10586,s0000917,2026-06-16 00:19:36,add_to_cart,Mobile
3101,10586,s0000917,2026-06-16 00:19:59,begin_checkout,Mobile
3102,10586,s0000917,2026-06-16 00:21:00,purchase,Mobile
3103,10144,s0000918,2026-06-16 14:22:54,page_view,mobile
3104,10144,s0000918,2026-06-16 14:23:04,page_view,mobile
3105,10602,s0000919,2026-06-16 16:36:28,page_view,desktop
3106,10602,s0000919,2026-06-16 16:38:05,page_view,desktop
3107,,s0000920,2026-06-16 02:36:41,page_view,desktop
3108,,s0000920,2026-06-16 02:37:16,page_view,desktop
3109,,s0000920,2026-06-16 02:38:13,page_view,desktop
3110,,s0000921,2026-06-16 09:04:36,page_view,mobile
3111,10011,s0000922,2026-06-16 06:03:12,page_view,mobile
3112,10011,s0000922,2026-06-16 06:05:10,add_to_cart,mobile
3113,10011,s0000922,2026-06-16 06:05:28,begin_checkout,mobile
3114,,s0000923,2026-06-16 07:53:58,page_view,Mobile
3115,,s0000923,2026-06-16 07:55:10,page_view,Mobile
3116,,s0000923,2026-06-16 07:55:19,add_to_cart,Mobile
3117,,s0000924,2026-06-16 09:17:04,page_view,mobile
3118,,s0000925,2026-06-16 17:31:39,page_view,Desktop
3119,,s0000925,2026-06-16 17:32:49,page_view,Desktop
3120,,s0000925,2026-06-16 17:33:42,page_view,Desktop
3121,,s0000925,2026-06-16 17:34:32,page_view,Desktop
3122,10088,s0000926,2026-06-16 06:45:25,page_view,desktop
3123,10088,s0000926,2026-06-16 06:46:13,page_view,desktop
3124,10088,s0000926,2026-06-16 06:47:15,page_view,desktop
3125,10088,s0000926,2026-06-16 06:48:00,page_view,desktop
3126,,s0000927,2026-06-16 10:41:54,page_view,desktop
3127,,s0000927,2026-06-16 10:42:19,page_view,desktop
3128,,s0000927,2026-06-16 10:43:25,page_view,desktop
3129,,s0000928,2026-06-16 05:21:13,page_view,Mobile
3130,,s0000928,2026-06-16 05:21:51,page_view,Mobile
3131,,s0000928,2026-06-16 05:22:11,page_view,Mobile
3132,,s0000928,2026-06-16 05:24:03,add_to_cart,Mobile
3133,,s0000928,2026-06-16 05:24:29,begin_checkout,Mobile
3134,,s0000928,2026-06-16 05:26:09,purchase,Mobile
3135,10152,s0000929,2026-06-16 12:56:47,page_view,mobile
3136,10152,s0000929,2026-06-16 12:58:07,page_view,mobile
3137,10152,s0000929,2026-06-16 12:59:20,add_to_cart,mobile
3138,10669,s0000930,2026-06-16 08:06:56,page_view,mobile
3139,10669,s0000930,2026-06-16 08:07:56,page_view,mobile
3140,10669,s0000930,2026-06-16 08:09:18,page_view,mobile
3141,10344,s0000931,2026-06-16 08:56:32,page_view,desktop
3142,10344,s0000931,2026-06-16 08:57:23,page_view,desktop
3143,10344,s0000931,2026-06-16 08:57:44,page_view,desktop
3144,10344,s0000931,2026-06-16 08:59:23,page_view,desktop
3145,10088,s0000932,2026-06-16 07:26:17,page_view,desktop
3146,10088,s0000932,2026-06-16 07:27:40,page_view,desktop
3147,10310,s0000933,2026-06-16 07:57:07,page_view,desktop
3148,10503,s0000934,2026-06-16 05:13:02,page_view,tablet
3149,10503,s0000934,2026-06-16 05:13:50,page_view,tablet
3150,10503,s0000934,2026-06-16 05:14:31,page_view,tablet
3151,10503,s0000934,2026-06-16 05:16:17,page_view,tablet
3152,,s0000935,2026-06-16 22:40:02,page_view,mobile
3153,,s0000935,2026-06-16 22:41:17,add_to_cart,mobile
3154,,s0000936,2026-06-16 17:54:13,page_view,mobile
3155,,s0000936,2026-06-16 17:56:13,page_view,mobile
3156,,s0000936,2026-06-16 17:56:50,page_view,mobile
3157,,s0000937,2026-06-16 11:22:39,page_view,mobile
3158,,s0000937,2026-06-16 11:24:31,page_view,mobile
3159,10064,s0000938,2026-06-16 22:43:23,page_view,mobile
3160,,s0000939,2026-06-16 12:39:01,page_view,desktop
3161,,s0000939,2026-06-16 12:40:47,page_view,desktop
3162,,s0000939,2026-06-16 12:42:06,page_view,desktop
3163,,s0000939,2026-06-16 12:43:29,add_to_cart,desktop
3164,,s0000939,2026-06-16 12:44:41,begin_checkout,desktop
3165,,s0000939,2026-06-16 12:44:59,purchase,desktop
3166,,s0000940,2026-06-16 13:53:55,page_view,mobile
3167,,s0000940,2026-06-16 13:54:01,add_to_cart,mobile
3168,10685,s0000941,2026-06-16 21:36:32,page_view,desktop
3169,10685,s0000941,2026-06-16 21:36:45,page_view,desktop
3170,10685,s0000941,2026-06-16 21:38:21,page_view,desktop
3171,10685,s0000941,2026-06-16 21:38:47,page_view,desktop
3172,,s0000942,2026-06-16 12:58:23,page_view,mobile
3173,,s0000942,2026-06-16 12:58:33,page_view,mobile
3174,,s0000942,2026-06-16 12:59:25,page_view,mobile
3175,,s0000942,2026-06-16 12:59:34,page_view,mobile
3176,,s0000942,2026-06-16 13:00:24,add_to_cart,mobile
3177,,s0000943,2026-06-16 14:42:08,page_view,mobile
3178,,s0000943,2026-06-16 14:42:54,page_view,mobile
3179,,s0000943,2026-06-16 14:43:31,page_view,mobile
3180,,s0000943,2026-06-16 14:44:05,page_view,mobile
3181,10524,s0000944,2026-06-16 04:35:49,page_view,desktop
3182,10630,s0000945,2026-06-16 04:46:16,page_view,desktop
3183,10630,s0000945,2026-06-16 04:48:03,page_view,desktop
3184,10630,s0000945,2026-06-16 04:49:35,add_to_cart,desktop
3185,10598,s0000946,2026-06-16 13:20:06,page_view,mobile
3186,10598,s0000946,2026-06-16 13:20:34,page_view,mobile
3187,10598,s0000946,2026-06-16 13:22:27,add_to_cart,mobile
3188,10598,s0000946,2026-06-16 13:23:08,begin_checkout,mobile
3189,,s0000947,2026-06-16 02:14:47,page_view,mobile
3190,,s0000947,2026-06-16 02:16:32,page_view,mobile
3191,,s0000947,2026-06-16 02:17:01,page_view,mobile
3192,10636,s0000948,2026-06-16 02:06:18,page_view,tablet
3193,10636,s0000948,2026-06-16 02:06:47,page_view,tablet
3194,10636,s0000948,2026-06-16 02:08:28,page_view,tablet
3195,10610,s0000949,2026-06-16 16:34:58,page_view,mobile
3196,,s0000950,2026-06-16 12:44:51,page_view,mobile
3197,10638,s0000951,2026-06-16 03:53:14,page_view,tablet
3198,10638,s0000951,2026-06-16 03:54:02,page_view,tablet
3199,,s0000952,2026-06-16 21:01:49,page_view,desktop
3200,,s0000952,2026-06-16 21:02:37,page_view,desktop
3201,,s0000952,2026-06-16 21:04:03,page_view,desktop
3202,,s0000952,2026-06-16 21:05:54,page_view,desktop
3203,,s0000952,2026-06-16 21:07:39,add_to_cart,desktop
3204,,s0000953,2026-06-16 16:22:24,page_view,desktop
3205,,s0000953,2026-06-16 16:23:50,page_view,desktop
3206,,s0000953,2026-06-16 16:25:04,page_view,desktop
3207,,s0000953,2026-06-16 16:26:54,page_view,desktop
3208,,s0000953,2026-06-16 16:28:24,add_to_cart,desktop
3209,10419,s0000954,2026-06-16 14:54:05,page_view,desktop
3210,10419,s0000954,2026-06-16 14:55:44,add_to_cart,desktop
3211,10419,s0000954,2026-06-16 14:57:05,begin_checkout,desktop
3212,10419,s0000954,2026-06-16 14:57:44,purchase,desktop
3213,10028,s0000955,2026-06-16 00:51:05,page_view,Mobile
3214,10028,s0000955,2026-06-16 00:51:40,page_view,Mobile
3215,10028,s0000955,2026-06-16 00:53:16,page_view,Mobile
3216,10028,s0000955,2026-06-16 00:55:12,page_view,Mobile
3217,10433,s0000956,2026-06-16 10:59:05,page_view,desktop
3218,10433,s0000956,2026-06-16 11:00:35,add_to_cart,desktop
3219,10433,s0000956,2026-06-16 11:00:38,begin_checkout,desktop
3220,10555,s0000957,2026-06-16 17:40:52,page_view,desktop
3221,10555,s0000957,2026-06-16 17:42:28,page_view,desktop
3222,10555,s0000957,2026-06-16 17:44:15,add_to_cart,desktop
3223,10555,s0000957,2026-06-16 17:44:54,begin_checkout,desktop
3224,10555,s0000957,2026-06-16 17:45:29,purchase,desktop
3225,,s0000958,2026-06-16 21:27:13,page_view,tablet
3226,,s0000959,2026-06-16 00:17:26,page_view,desktop
3227,,s0000959,2026-06-16 00:19:15,page_view,desktop
3228,,s0000959,2026-06-16 00:20:50,add_to_cart,desktop
3229,,s0000959,2026-06-16 00:21:55,begin_checkout,desktop
3230,,s0000959,2026-06-16 00:22:11,purchase,desktop
3231,10294,s0000960,2026-06-16 16:11:09,page_view,desktop
3232,10294,s0000960,2026-06-16 16:12:55,page_view,desktop
3233,10294,s0000960,2026-06-16 16:13:27,page_view,desktop
3234,10267,s0000961,2026-06-16 20:36:32,page_view,mobile
3235,10267,s0000961,2026-06-16 20:37:54,page_view,mobile
3236,10267,s0000961,2026-06-16 20:39:02,page_view,mobile
3237,10267,s0000961,2026-06-16 20:40:52,page_view,mobile
3238,10267,s0000961,2026-06-16 20:42:18,add_to_cart,mobile
3239,10267,s0000961,2026-06-16 20:43:44,begin_checkout,mobile
3240,10267,s0000961,2026-06-16 20:45:22,purchase,mobile
3241,10377,s0000962,2026-06-16 08:03:32,page_view,tablet
3242,10377,s0000962,2026-06-16 08:04:32,page_view,tablet
3243,10377,s0000962,2026-06-16 08:05:32,page_view,tablet
3244,10377,s0000962,2026-06-16 08:06:08,add_to_cart,tablet
3245,10061,s0000963,2026-06-16 18:51:29,page_view,mobile
3246,10061,s0000963,2026-06-16 18:52:00,page_view,mobile
3247,10061,s0000963,2026-06-16 18:53:04,page_view,mobile
3248,,s0000964,2026-06-16 17:54:15,page_view,mobile
3249,,s0000964,2026-06-16 17:56:11,page_view,mobile
3250,,s0000964,2026-06-16 17:57:34,page_view,mobile
3251,,s0000964,2026-06-16 17:59:02,add_to_cart,mobile
3252,,s0000964,2026-06-16 17:59:25,begin_checkout,mobile
3253,,s0000964,2026-06-16 18:01:00,purchase,mobile
3254,10325,s0000965,2026-06-16 07:49:22,page_view,Tablet
3255,10325,s0000965,2026-06-16 07:49:49,page_view,Tablet
3256,10325,s0000965,2026-06-16 07:50:20,page_view,Tablet
3257,10325,s0000965,2026-06-16 07:51:49,add_to_cart,Tablet
3258,10533,s0000966,2026-06-16 13:34:56,page_view,mobile
3259,10533,s0000966,2026-06-16 13:35:39,page_view,mobile
3260,10533,s0000966,2026-06-16 13:37:06,add_to_cart,mobile
3261,10533,s0000966,2026-06-16 13:38:42,begin_checkout,mobile
3262,10533,s0000966,2026-06-16 13:39:37,purchase,mobile
3263,10622,s0000967,2026-06-16 10:12:02,page_view,desktop
3264,10622,s0000967,2026-06-16 10:13:09,page_view,desktop
3265,10104,s0000968,2026-06-16 22:05:12,page_view,desktop
3266,10104,s0000968,2026-06-16 22:05:56,page_view,desktop
3267,10104,s0000968,2026-06-16 22:07:48,page_view,desktop
3268,10104,s0000968,2026-06-16 22:09:19,page_view,desktop
3269,,s0000969,2026-06-16 11:17:52,page_view,desktop
3270,,s0000969,2026-06-16 11:18:36,page_view,desktop
3271,,s0000969,2026-06-16 11:19:10,page_view,desktop
3272,10530,s0000970,2026-06-16 17:55:49,page_view,mobile
3273,10530,s0000970,2026-06-16 17:57:45,page_view,mobile
3274,10530,s0000970,2026-06-16 17:58:07,page_view,mobile
3275,,s0000971,2026-06-16 19:08:32,page_view,mobile
3276,,s0000971,2026-06-16 19:09:04,page_view,mobile
3277,,s0000971,2026-06-16 19:09:38,page_view,mobile
3278,,s0000971,2026-06-16 19:11:25,page_view,mobile
3279,,s0000971,2026-06-16 19:12:06,add_to_cart,mobile
3280,10447,s0000972,2026-06-16 03:33:26,page_view,desktop
3281,10447,s0000972,2026-06-16 03:34:46,page_view,desktop
3282,10447,s0000972,2026-06-16 03:36:30,page_view,desktop
3283,10447,s0000972,2026-06-16 03:37:32,add_to_cart,desktop
3284,10447,s0000972,2026-06-16 03:38:33,begin_checkout,desktop
3285,10447,s0000972,2026-06-16 03:38:36,purchase,desktop
3286,10517,s0000973,2026-06-16 04:10:07,page_view,mobile
3287,10664,s0000974,2026-06-17 18:00:12,page_view,mobile
3288,10664,s0000974,2026-06-17 18:01:16,page_view,mobile
3289,10664,s0000974,2026-06-17 18:02:46,page_view,mobile
3290,10664,s0000974,2026-06-17 18:04:10,page_view,mobile
3291,10664,s0000974,2026-06-17 18:05:55,add_to_cart,mobile
3292,10693,s0000975,2026-06-17 16:41:21,page_view,mobile
3293,10693,s0000975,2026-06-17 16:41:36,page_view,mobile
3294,10693,s0000975,2026-06-17 16:42:04,page_view,mobile
3295,10089,s0000976,2026-06-17 20:35:35,page_view,mobile
3296,10089,s0000976,2026-06-17 20:36:32,page_view,mobile
3297,10089,s0000976,2026-06-17 20:38:23,add_to_cart,mobile
3298,10421,s0000977,2026-06-17 07:47:25,page_view,desktop
3299,10133,s0000978,2026-06-17 14:52:52,page_view,Mobile
3300,10133,s0000978,2026-06-17 14:53:05,page_view,Mobile
3301,10133,s0000978,2026-06-17 14:53:29,page_view,Mobile
3302,,s0000979,2026-06-17 08:24:02,page_view,desktop
3303,,s0000979,2026-06-17 08:25:52,page_view,desktop
3304,,s0000979,2026-06-17 08:26:44,page_view,desktop
3305,,s0000979,2026-06-17 08:28:01,add_to_cart,desktop
3306,,s0000979,2026-06-17 08:29:37,begin_checkout,desktop
3307,,s0000979,2026-06-17 08:31:14,purchase,desktop
3308,10089,s0000980,2026-06-17 22:25:11,page_view,mobile
3309,,s0000981,2026-06-17 12:21:21,page_view,mobile
3310,,s0000981,2026-06-17 12:21:52,page_view,mobile
3311,,s0000982,2026-06-17 18:44:56,page_view,desktop
3312,,s0000982,2026-06-17 18:46:52,page_view,desktop
3313,,s0000982,2026-06-17 18:48:40,page_view,desktop
3314,,s0000982,2026-06-17 18:49:16,page_view,desktop
3315,,s0000983,2026-06-17 19:08:45,page_view,mobile
3316,,s0000983,2026-06-17 19:09:00,page_view,mobile
3317,,s0000983,2026-06-17 19:09:54,page_view,mobile
3318,,s0000983,2026-06-17 19:11:15,page_view,mobile
3319,,s0000983,2026-06-17 19:11:50,add_to_cart,mobile
3320,,s0000983,2026-06-17 19:12:25,begin_checkout,mobile
3321,,s0000983,2026-06-17 19:14:15,purchase,mobile
3322,10226,s0000984,2026-06-17 18:09:47,page_view,desktop
3323,10560,s0000985,2026-06-17 20:49:13,page_view,mobile
3324,10560,s0000985,2026-06-17 20:50:52,page_view,mobile
3325,10560,s0000985,2026-06-17 20:51:29,page_view,mobile
3326,10560,s0000985,2026-06-17 20:51:41,page_view,mobile
3327,10560,s0000985,2026-06-17 20:52:57,add_to_cart,mobile
3328,,s0000986,2026-06-17 21:15:15,page_view,desktop
3329,,s0000986,2026-06-17 21:16:35,page_view,desktop
3330,,s0000986,2026-06-17 21:17:46,page_view,desktop
3331,10554,s0000987,2026-06-17 17:32:47,page_view,mobile
3332,10554,s0000987,2026-06-17 17:33:46,page_view,mobile
3333,10554,s0000987,2026-06-17 17:34:28,page_view,mobile
3334,10554,s0000987,2026-06-17 17:34:34,add_to_cart,mobile
3335,10554,s0000987,2026-06-17 17:35:14,begin_checkout,mobile
3336,10554,s0000987,2026-06-17 17:36:02,purchase,mobile
3337,10523,s0000988,2026-06-17 18:15:32,page_view,desktop
3338,10523,s0000988,2026-06-17 18:16:46,page_view,desktop
3339,10121,s0000989,2026-06-17 08:09:08,page_view,desktop
3340,,s0000990,2026-06-17 06:33:47,page_view,desktop
3341,,s0000990,2026-06-17 06:35:27,page_view,desktop
3342,,s0000990,2026-06-17 06:35:45,page_view,desktop
3343,10426,s0000991,2026-06-17 09:27:54,page_view,mobile
3344,10426,s0000991,2026-06-17 09:29:36,page_view,mobile
3345,10426,s0000991,2026-06-17 09:31:30,page_view,mobile
3346,10426,s0000991,2026-06-17 09:32:02,page_view,mobile
3347,10008,s0000992,2026-06-17 20:11:12,page_view,desktop
3348,10008,s0000992,2026-06-17 20:11:21,page_view,desktop
3349,10008,s0000992,2026-06-17 20:11:58,page_view,desktop
3350,10008,s0000992,2026-06-17 20:13:27,page_view,desktop
3351,10391,s0000993,2026-06-17 21:48:46,page_view,mobile
3352,,s0000994,2026-06-17 09:52:52,page_view,Desktop
3353,,s0000994,2026-06-17 09:53:15,page_view,Desktop
3354,,s0000995,2026-06-17 10:11:40,page_view,desktop
3355,,s0000995,2026-06-17 10:12:51,page_view,desktop
3356,,s0000995,2026-06-17 10:14:25,page_view,desktop
3357,,s0000995,2026-06-17 10:16:10,page_view,desktop
3358,,s0000995,2026-06-17 10:17:06,add_to_cart,desktop
3359,10337,s0000996,2026-06-17 02:45:50,page_view,desktop
3360,10337,s0000996,2026-06-17 02:46:37,page_view,desktop
3361,10337,s0000996,2026-06-17 02:47:57,add_to_cart,desktop
3362,10337,s0000996,2026-06-17 02:49:54,begin_checkout,desktop
3363,10337,s0000996,2026-06-17 02:51:19,purchase,desktop
3364,,s0000997,2026-06-17 05:20:58,page_view,desktop
3365,,s0000997,2026-06-17 05:22:42,page_view,desktop
3366,,s0000997,2026-06-17 05:23:11,page_view,desktop
3367,,s0000997,2026-06-17 05:24:02,page_view,desktop
3368,,s0000997,2026-06-17 05:24:16,add_to_cart,desktop
3369,,s0000997,2026-06-17 05:24:33,begin_checkout,desktop
3370,,s0000997,2026-06-17 05:25:07,purchase,desktop
3371,,s0000998,2026-06-17 19:27:45,page_view,mobile
3372,,s0000998,2026-06-17 19:28:43,page_view,mobile
3373,,s0000998,2026-06-17 19:29:06,page_view,mobile
3374,,s0000998,2026-06-17 19:30:56,page_view,mobile
3375,,s0000998,2026-06-17 19:32:18,add_to_cart,mobile
3376,,s0000998,2026-06-17 19:33:25,begin_checkout,mobile
3377,,s0000998,2026-06-17 19:34:03,purchase,mobile
3378,10511,s0000999,2026-06-17 01:38:13,page_view,mobile
3379,10284,s0001000,2026-06-17 18:45:35,page_view,desktop
3380,10284,s0001000,2026-06-17 18:46:43,page_view,desktop
3381,10676,s0001001,2026-06-17 04:28:27,page_view,mobile
3382,10676,s0001001,2026-06-17 04:29:13,page_view,mobile
3383,10676,s0001001,2026-06-17 04:30:26,page_view,mobile
3384,10676,s0001001,2026-06-17 04:32:26,page_view,mobile
3385,,s0001002,2026-06-17 19:12:18,page_view,mobile
3386,,s0001002,2026-06-17 19:13:04,page_view,mobile
3387,,s0001002,2026-06-17 19:14:49,page_view,mobile
3388,,s0001002,2026-06-17 19:15:19,add_to_cart,mobile
3389,,s0001002,2026-06-17 19:16:40,begin_checkout,mobile
3390,,s0001002,2026-06-17 19:17:09,purchase,mobile
3391,,s0001003,2026-06-17 22:17:11,page_view,desktop
3392,,s0001003,2026-06-17 22:18:54,page_view,desktop
3393,,s0001003,2026-06-17 22:20:06,add_to_cart,desktop
3394,10090,s0001004,2026-06-17 13:32:30,page_view,tablet
3395,10090,s0001004,2026-06-17 13:33:09,page_view,tablet
3396,10090,s0001004,2026-06-17 13:33:28,page_view,tablet
3397,10090,s0001004,2026-06-17 13:35:22,page_view,tablet
3398,10032,s0001005,2026-06-17 19:30:01,page_view,tablet
3399,10032,s0001005,2026-06-17 19:30:05,page_view,tablet
3400,10211,s0001006,2026-06-17 15:47:46,page_view,mobile
3401,10211,s0001006,2026-06-17 15:47:51,page_view,mobile
3402,10211,s0001006,2026-06-17 15:48:52,page_view,mobile
3403,10311,s0001007,2026-06-17 01:26:38,page_view,desktop
3404,10311,s0001007,2026-06-17 01:27:19,page_view,desktop
3405,10311,s0001007,2026-06-17 01:28:03,page_view,desktop
3406,10005,s0001008,2026-06-17 07:39:41,page_view,desktop
3407,10005,s0001008,2026-06-17 07:41:20,page_view,desktop
3408,10005,s0001008,2026-06-17 07:41:37,page_view,desktop
3409,10005,s0001008,2026-06-17 07:42:06,page_view,desktop
3410,10005,s0001008,2026-06-17 07:44:06,add_to_cart,desktop
3411,,s0001009,2026-06-17 06:26:25,page_view,mobile
3412,,s0001009,2026-06-17 06:27:04,page_view,mobile
3413,10036,s0001010,2026-06-17 21:39:19,page_view,tablet
3414,10036,s0001010,2026-06-17 21:40:44,page_view,tablet
3415,,s0001011,2026-06-17 07:51:28,page_view,mobile
3416,,s0001011,2026-06-17 07:53:07,page_view,mobile
3417,,s0001011,2026-06-17 07:53:21,page_view,mobile
3418,,s0001011,2026-06-17 07:53:46,page_view,mobile
3419,10183,s0001012,2026-06-17 07:57:10,page_view,desktop
3420,10183,s0001012,2026-06-17 07:58:47,page_view,desktop
3421,10183,s0001012,2026-06-17 07:59:34,page_view,desktop
3422,10183,s0001012,2026-06-17 08:00:53,page_view,desktop
3423,10171,s0001013,2026-06-17 04:43:42,page_view,desktop
3424,10171,s0001013,2026-06-17 04:44:14,page_view,desktop
3425,10446,s0001014,2026-06-17 09:45:28,page_view,Desktop
3426,,s0001015,2026-06-17 10:48:22,page_view,desktop
3427,10237,s0001016,2026-06-17 15:00:16,page_view,tablet
3428,10237,s0001016,2026-06-17 15:00:49,page_view,tablet
3429,10237,s0001016,2026-06-17 15:02:01,page_view,tablet
3430,10237,s0001016,2026-06-17 15:03:51,page_view,tablet
3431,10699,s0001017,2026-06-17 20:00:28,page_view,desktop
3432,10259,s0001018,2026-06-17 15:49:16,page_view,mobile
3433,10259,s0001018,2026-06-17 15:49:44,page_view,mobile
3434,10259,s0001018,2026-06-17 15:51:16,page_view,mobile
3435,10259,s0001018,2026-06-17 15:52:10,page_view,mobile
3436,10581,s0001019,2026-06-17 15:06:26,page_view,desktop
3437,10019,s0001020,2026-06-17 19:32:11,page_view,desktop
3438,,s0001021,2026-06-17 21:56:16,page_view,desktop
3439,,s0001021,2026-06-17 21:58:01,page_view,desktop
3440,,s0001021,2026-06-17 21:59:58,page_view,desktop
3441,,s0001022,2026-06-17 02:19:59,page_view,mobile
3442,,s0001022,2026-06-17 02:21:33,page_view,mobile
3443,,s0001022,2026-06-17 02:23:32,page_view,mobile
3444,,s0001022,2026-06-17 02:25:26,page_view,mobile
3445,,s0001023,2026-06-17 07:39:37,page_view,desktop
3446,,s0001023,2026-06-17 07:41:07,page_view,desktop
3447,,s0001023,2026-06-17 07:42:21,add_to_cart,desktop
3448,10677,s0001024,2026-06-17 17:30:37,page_view,mobile
3449,10677,s0001024,2026-06-17 17:32:03,page_view,mobile
3450,10677,s0001024,2026-06-17 17:34:00,add_to_cart,mobile
3451,,s0001025,2026-06-17 10:57:06,page_view,mobile
3452,,s0001025,2026-06-17 10:57:13,page_view,mobile
3453,,s0001025,2026-06-17 10:57:27,page_view,mobile
3454,,s0001025,2026-06-17 10:58:49,page_view,mobile
3455,10503,s0001026,2026-06-17 19:31:27,page_view,mobile
3456,10503,s0001026,2026-06-17 19:31:49,page_view,mobile
3457,10503,s0001026,2026-06-17 19:32:35,add_to_cart,mobile
3458,10424,s0001027,2026-06-18 03:22:25,page_view,mobile
3459,10424,s0001027,2026-06-18 03:23:01,page_view,mobile
3460,10424,s0001027,2026-06-18 03:24:04,page_view,mobile
3461,10424,s0001027,2026-06-18 03:25:42,page_view,mobile
3462,10235,s0001028,2026-06-18 06:54:49,page_view,mobile
3463,10235,s0001028,2026-06-18 06:56:08,add_to_cart,mobile
3464,10235,s0001028,2026-06-18 06:58:01,begin_checkout,mobile
3465,10235,s0001028,2026-06-18 06:58:15,purchase,mobile
3466,,s0001029,2026-06-18 16:11:52,page_view,desktop
3467,,s0001029,2026-06-18 16:12:34,page_view,desktop
3468,,s0001030,2026-06-18 05:34:04,page_view,Tablet
3469,,s0001030,2026-06-18 05:34:33,page_view,Tablet
3470,,s0001030,2026-06-18 05:34:49,page_view,Tablet
3471,,s0001030,2026-06-18 05:34:59,add_to_cart,Tablet
3472,,s0001030,2026-06-18 05:36:59,begin_checkout,Tablet
3473,,s0001030,2026-06-18 05:37:50,purchase,Tablet
3474,10668,s0001031,2026-06-18 02:25:43,page_view,mobile
3475,10668,s0001031,2026-06-18 02:27:26,page_view,mobile
3476,10668,s0001031,2026-06-18 02:28:24,page_view,mobile
3477,10668,s0001031,2026-06-18 02:30:13,page_view,mobile
3478,10165,s0001032,2026-06-18 15:35:26,page_view,mobile
3479,10165,s0001032,2026-06-18 15:36:22,page_view,mobile
3480,10165,s0001032,2026-06-18 15:36:41,page_view,mobile
3481,10165,s0001032,2026-06-18 15:38:16,page_view,mobile
3482,,s0001033,2026-06-18 17:56:53,page_view,mobile
3483,,s0001033,2026-06-18 17:58:16,page_view,mobile
3484,,s0001033,2026-06-18 17:58:30,page_view,mobile
3485,,s0001034,2026-06-18 11:14:30,page_view,desktop
3486,,s0001034,2026-06-18 11:15:17,add_to_cart,desktop
3487,,s0001034,2026-06-18 11:17:17,begin_checkout,desktop
3488,10336,s0001035,2026-06-18 03:32:26,page_view,mobile
3489,,s0001036,2026-06-18 11:40:49,page_view,desktop
3490,,s0001036,2026-06-18 11:41:56,page_view,desktop
3491,10608,s0001037,2026-06-18 00:54:37,page_view,mobile
3492,10608,s0001037,2026-06-18 00:56:27,page_view,mobile
3493,10608,s0001037,2026-06-18 00:56:35,page_view,mobile
3494,10608,s0001037,2026-06-18 00:57:42,add_to_cart,mobile
3495,,s0001038,2026-06-18 03:10:22,page_view,desktop
3496,,s0001038,2026-06-18 03:12:22,page_view,desktop
3497,,s0001038,2026-06-18 03:12:58,page_view,desktop
3498,,s0001038,2026-06-18 03:13:17,page_view,desktop
3499,10669,s0001039,2026-06-18 19:05:52,page_view,mobile
3500,10669,s0001039,2026-06-18 19:06:51,page_view,mobile
3501,10669,s0001039,2026-06-18 19:07:36,page_view,mobile
3502,10669,s0001039,2026-06-18 19:07:55,page_view,mobile
3503,,s0001040,2026-06-18 19:01:31,page_view,desktop
3504,,s0001040,2026-06-18 19:02:44,page_view,desktop
3505,,s0001040,2026-06-18 19:04:10,page_view,desktop
3506,,s0001040,2026-06-18 19:04:19,add_to_cart,desktop
3507,,s0001040,2026-06-18 19:06:12,begin_checkout,desktop
3508,10087,s0001041,2026-06-18 17:22:21,page_view,desktop
3509,10087,s0001041,2026-06-18 17:22:41,add_to_cart,desktop
3510,10087,s0001041,2026-06-18 17:23:09,begin_checkout,desktop
3511,10087,s0001041,2026-06-18 17:23:54,purchase,desktop
3512,10349,s0001042,2026-06-18 11:19:28,page_view,mobile
3513,10264,s0001043,2026-06-18 19:21:25,page_view,mobile
3514,10264,s0001043,2026-06-18 19:21:32,page_view,mobile
3515,10264,s0001043,2026-06-18 19:22:08,add_to_cart,mobile
3516,10284,s0001044,2026-06-18 08:00:31,page_view,desktop
3517,10284,s0001044,2026-06-18 08:02:05,page_view,desktop
3518,10284,s0001044,2026-06-18 08:03:44,page_view,desktop
3519,10479,s0001045,2026-06-18 12:36:25,page_view,mobile
3520,10479,s0001045,2026-06-18 12:37:51,page_view,mobile
3521,10479,s0001045,2026-06-18 12:38:47,page_view,mobile
3522,10026,s0001046,2026-06-18 02:03:49,page_view,mobile
3523,10026,s0001046,2026-06-18 02:05:47,page_view,mobile
3524,10026,s0001046,2026-06-18 02:07:42,page_view,mobile
3525,,s0001047,2026-06-18 12:21:11,page_view,desktop
3526,10102,s0001048,2026-06-18 15:39:45,page_view,mobile
3527,10102,s0001048,2026-06-18 15:41:35,page_view,mobile
3528,,s0001049,2026-06-18 21:45:22,page_view,Mobile
3529,,s0001049,2026-06-18 21:46:48,page_view,Mobile
3530,,s0001049,2026-06-18 21:48:40,page_view,Mobile
3531,10586,s0001050,2026-06-18 08:42:11,page_view,mobile
3532,10586,s0001050,2026-06-18 08:43:32,page_view,mobile
3533,10586,s0001050,2026-06-18 08:45:26,add_to_cart,mobile
3534,,s0001051,2026-06-18 12:52:01,page_view,desktop
3535,,s0001051,2026-06-18 12:52:47,page_view,desktop
3536,,s0001051,2026-06-18 12:54:41,page_view,desktop
3537,,s0001052,2026-06-18 00:22:24,page_view,mobile
3538,,s0001052,2026-06-18 00:24:11,add_to_cart,mobile
3539,,s0001052,2026-06-18 00:25:40,begin_checkout,mobile
3540,,s0001052,2026-06-18 00:27:09,purchase,mobile
3541,10149,s0001053,2026-06-18 02:24:23,page_view,mobile
3542,10149,s0001053,2026-06-18 02:26:01,page_view,mobile
3543,10149,s0001054,2026-06-18 21:38:16,page_view,desktop
3544,10149,s0001054,2026-06-18 21:39:52,add_to_cart,desktop
3545,10149,s0001054,2026-06-18 21:40:28,begin_checkout,desktop
3546,10149,s0001054,2026-06-18 21:40:36,purchase,desktop
3547,10027,s0001055,2026-06-18 10:01:28,page_view,mobile
3548,10027,s0001055,2026-06-18 10:01:40,add_to_cart,mobile
3549,,s0001056,2026-06-18 03:40:11,page_view,mobile
3550,,s0001057,2026-06-18 16:05:15,page_view,mobile
3551,,s0001057,2026-06-18 16:06:13,page_view,mobile
3552,,s0001057,2026-06-18 16:06:41,add_to_cart,mobile
3553,10302,s0001058,2026-06-18 22:27:50,page_view,desktop
3554,10302,s0001058,2026-06-18 22:28:18,page_view,desktop
3555,10302,s0001058,2026-06-18 22:28:34,page_view,desktop
3556,10302,s0001058,2026-06-18 22:29:40,page_view,desktop
3557,,s0001059,2026-06-18 19:54:01,page_view,tablet
3558,,s0001059,2026-06-18 19:54:06,page_view,tablet
3559,,s0001059,2026-06-18 19:56:03,page_view,tablet
3560,,s0001059,2026-06-18 19:58:00,page_view,tablet
3561,,s0001059,2026-06-18 19:59:25,add_to_cart,tablet
3562,,s0001059,2026-06-18 20:00:53,begin_checkout,tablet
3563,10207,s0001060,2026-06-18 12:10:39,page_view,desktop
3564,10338,s0001061,2026-06-18 09:45:14,page_view,Desktop
3565,,s0001062,2026-06-18 18:50:58,page_view,mobile
3566,,s0001062,2026-06-18 18:51:30,page_view,mobile
3567,,s0001062,2026-06-18 18:52:17,page_view,mobile
3568,,s0001063,2026-06-18 05:50:03,page_view,desktop
3569,,s0001063,2026-06-18 05:51:57,page_view,desktop
3570,,s0001063,2026-06-18 05:53:08,page_view,desktop
3571,,s0001063,2026-06-18 05:54:41,page_view,desktop
3572,,s0001063,2026-06-18 05:55:49,add_to_cart,desktop
3573,,s0001063,2026-06-18 05:56:30,begin_checkout,desktop
3574,,s0001063,2026-06-18 05:56:42,purchase,desktop
3575,,s0001064,2026-06-18 10:09:41,page_view,desktop
3576,,s0001064,2026-06-18 10:10:59,page_view,desktop
3577,,s0001064,2026-06-18 10:11:25,page_view,desktop
3578,,s0001065,2026-06-18 07:15:53,page_view,mobile
3579,,s0001065,2026-06-18 07:16:42,page_view,mobile
3580,,s0001065,2026-06-18 07:18:19,add_to_cart,mobile
3581,,s0001065,2026-06-18 07:19:45,begin_checkout,mobile
3582,,s0001065,2026-06-18 07:20:47,purchase,mobile
3583,10293,s0001066,2026-06-18 08:24:59,page_view,desktop
3584,10293,s0001066,2026-06-18 08:25:48,add_to_cart,desktop
3585,10293,s0001066,2026-06-18 08:27:46,begin_checkout,desktop
3586,10293,s0001066,2026-06-18 08:29:01,purchase,desktop
3587,10569,s0001067,2026-06-18 18:50:17,page_view,mobile
3588,10569,s0001067,2026-06-18 18:50:46,page_view,mobile
3589,10569,s0001067,2026-06-18 18:51:03,page_view,mobile
3590,10569,s0001067,2026-06-18 18:51:39,page_view,mobile
3591,10569,s0001067,2026-06-18 18:53:02,add_to_cart,mobile
3592,10569,s0001067,2026-06-18 18:53:06,begin_checkout,mobile
3593,,s0001068,2026-06-18 01:52:23,page_view,Desktop
3594,10411,s0001069,2026-06-18 00:28:15,page_view,desktop
3595,10411,s0001069,2026-06-18 00:29:26,page_view,desktop
3596,10411,s0001069,2026-06-18 00:31:10,page_view,desktop
3597,10411,s0001069,2026-06-18 00:32:08,page_view,desktop
3598,10411,s0001069,2026-06-18 00:32:32,add_to_cart,desktop
3599,10432,s0001070,2026-06-18 11:08:19,page_view,desktop
3600,10432,s0001070,2026-06-18 11:09:58,page_view,desktop
3601,10432,s0001070,2026-06-18 11:11:22,page_view,desktop
3602,10432,s0001070,2026-06-18 11:13:20,add_to_cart,desktop
3603,10432,s0001070,2026-06-18 11:14:24,begin_checkout,desktop
3604,10432,s0001070,2026-06-18 11:15:10,purchase,desktop
3605,10021,s0001071,2026-06-18 20:12:44,page_view,Mobile
3606,10021,s0001071,2026-06-18 20:13:58,page_view,Mobile
3607,10448,s0001072,2026-06-18 03:07:24,page_view,desktop
3608,10448,s0001072,2026-06-18 03:09:16,page_view,desktop
3609,10448,s0001072,2026-06-18 03:10:57,page_view,desktop
3610,,s0001073,2026-06-18 05:14:12,page_view,desktop
3611,,s0001073,2026-06-18 05:14:33,page_view,desktop
3612,,s0001073,2026-06-18 05:15:44,page_view,desktop
3613,,s0001073,2026-06-18 05:16:26,page_view,desktop
3614,,s0001073,2026-06-18 05:17:24,add_to_cart,desktop
3615,,s0001073,2026-06-18 05:19:11,begin_checkout,desktop
3616,,s0001073,2026-06-18 05:20:20,purchase,desktop
3617,,s0001074,2026-06-18 19:46:39,page_view,mobile
3618,,s0001074,2026-06-18 19:47:49,page_view,mobile
3619,,s0001074,2026-06-18 19:48:20,page_view,mobile
3620,,s0001074,2026-06-18 19:50:00,page_view,mobile
3621,,s0001074,2026-06-18 19:50:22,add_to_cart,mobile
3622,,s0001074,2026-06-18 19:52:01,begin_checkout,mobile
3623,,s0001075,2026-06-18 08:43:45,page_view,desktop
3624,,s0001075,2026-06-18 08:44:25,page_view,desktop
3625,10046,s0001076,2026-06-18 22:28:11,page_view,desktop
3626,10046,s0001076,2026-06-18 22:28:35,page_view,desktop
3627,10046,s0001076,2026-06-18 22:29:08,add_to_cart,desktop
3628,10025,s0001077,2026-06-18 18:23:24,page_view,mobile
3629,10025,s0001077,2026-06-18 18:24:35,page_view,mobile
3630,10025,s0001077,2026-06-18 18:26:11,page_view,mobile
3631,,s0001078,2026-06-18 03:24:01,page_view,desktop
3632,,s0001078,2026-06-18 03:24:32,page_view,desktop
3633,,s0001078,2026-06-18 03:25:37,page_view,desktop
3634,,s0001078,2026-06-18 03:27:01,add_to_cart,desktop
3635,,s0001078,2026-06-18 03:28:43,begin_checkout,desktop
3636,10557,s0001079,2026-06-19 10:13:01,page_view,desktop
3637,10557,s0001079,2026-06-19 10:14:55,page_view,desktop
3638,10557,s0001079,2026-06-19 10:16:54,page_view,desktop
3639,10557,s0001079,2026-06-19 10:18:19,page_view,desktop
3640,10423,s0001080,2026-06-19 05:16:01,page_view,mobile
3641,10423,s0001080,2026-06-19 05:16:23,page_view,mobile
3642,10423,s0001080,2026-06-19 05:18:19,page_view,mobile
3643,10040,s0001081,2026-06-19 07:54:14,page_view,desktop
3644,10040,s0001081,2026-06-19 07:54:24,page_view,desktop
3645,10040,s0001081,2026-06-19 07:54:48,page_view,desktop
3646,10040,s0001081,2026-06-19 07:56:41,add_to_cart,desktop
3647,10040,s0001081,2026-06-19 07:58:22,begin_checkout,desktop
3648,,s0001082,2026-06-19 14:13:51,page_view,desktop
3649,,s0001082,2026-06-19 14:15:43,page_view,desktop
3650,,s0001082,2026-06-19 14:17:38,add_to_cart,desktop
3651,,s0001082,2026-06-19 14:19:03,begin_checkout,desktop
3652,,s0001083,2026-06-19 20:21:36,page_view,desktop
3653,,s0001084,2026-06-19 06:52:07,page_view,desktop
3654,,s0001084,2026-06-19 06:53:18,page_view,desktop
3655,,s0001084,2026-06-19 06:54:42,page_view,desktop
3656,,s0001084,2026-06-19 06:55:31,page_view,desktop
3657,10488,s0001085,2026-06-19 18:40:34,page_view,mobile
3658,10488,s0001085,2026-06-19 18:41:12,page_view,mobile
3659,10441,s0001086,2026-06-19 21:10:24,page_view,desktop
3660,10441,s0001086,2026-06-19 21:11:29,page_view,desktop
3661,10026,s0001087,2026-06-19 15:08:05,page_view,desktop
3662,10026,s0001087,2026-06-19 15:08:55,page_view,desktop
3663,10026,s0001087,2026-06-19 15:10:34,page_view,desktop
3664,10333,s0001088,2026-06-19 14:22:20,page_view,tablet
3665,10333,s0001088,2026-06-19 14:23:05,page_view,tablet
3666,10333,s0001088,2026-06-19 14:24:15,add_to_cart,tablet
3667,10333,s0001088,2026-06-19 14:24:44,begin_checkout,tablet
3668,,s0001089,2026-06-19 19:39:01,page_view,mobile
3669,,s0001089,2026-06-19 19:39:49,page_view,mobile
3670,,s0001089,2026-06-19 19:41:20,page_view,mobile
3671,,s0001089,2026-06-19 19:42:03,page_view,mobile
3672,,s0001089,2026-06-19 19:43:09,add_to_cart,mobile
3673,,s0001089,2026-06-19 19:43:48,begin_checkout,mobile
3674,,s0001089,2026-06-19 19:44:52,purchase,mobile
3675,10032,s0001090,2026-06-19 17:52:39,page_view,desktop
3676,10032,s0001090,2026-06-19 17:53:13,page_view,desktop
3677,10032,s0001090,2026-06-19 17:53:54,add_to_cart,desktop
3678,10032,s0001090,2026-06-19 17:54:02,begin_checkout,desktop
3679,10032,s0001090,2026-06-19 17:54:26,purchase,desktop
3680,10284,s0001091,2026-06-19 00:09:45,page_view,tablet
3681,10284,s0001091,2026-06-19 00:11:02,page_view,tablet
3682,,s0001092,2026-06-19 14:16:12,page_view,desktop
3683,,s0001092,2026-06-19 14:17:31,page_view,desktop
3684,,s0001092,2026-06-19 14:17:59,page_view,desktop
3685,,s0001093,2026-06-19 12:14:17,page_view,desktop
3686,,s0001093,2026-06-19 12:15:50,page_view,desktop
3687,,s0001093,2026-06-19 12:17:35,page_view,desktop
3688,,s0001093,2026-06-19 12:18:31,page_view,desktop
3689,,s0001093,2026-06-19 12:18:51,add_to_cart,desktop
3690,,s0001093,2026-06-19 12:20:40,begin_checkout,desktop
3691,,s0001093,2026-06-19 12:21:35,purchase,desktop
3692,10226,s0001094,2026-06-19 05:45:18,page_view,mobile
3693,10226,s0001094,2026-06-19 05:45:32,page_view,mobile
3694,10226,s0001094,2026-06-19 05:46:01,page_view,mobile
3695,10226,s0001094,2026-06-19 05:46:59,page_view,mobile
3696,10131,s0001095,2026-06-19 06:48:09,page_view,desktop
3697,10131,s0001095,2026-06-19 06:49:35,page_view,desktop
3698,10131,s0001095,2026-06-19 06:51:16,add_to_cart,desktop
3699,10544,s0001096,2026-06-19 10:53:38,page_view,tablet
3700,10544,s0001096,2026-06-19 10:54:03,page_view,tablet
3701,10544,s0001096,2026-06-19 10:54:09,page_view,tablet
3702,,s0001097,2026-06-19 16:07:30,page_view,mobile
3703,,s0001097,2026-06-19 16:08:49,page_view,mobile
3704,,s0001097,2026-06-19 16:09:04,page_view,mobile
3705,,s0001097,2026-06-19 16:10:36,page_view,mobile
3706,10017,s0001098,2026-06-19 08:54:40,page_view,desktop
3707,10017,s0001098,2026-06-19 08:56:19,page_view,desktop
3708,10017,s0001098,2026-06-19 08:57:13,page_view,desktop
3709,10017,s0001098,2026-06-19 08:57:44,page_view,desktop
3710,10012,s0001099,2026-06-19 07:35:44,page_view,desktop
3711,10012,s0001099,2026-06-19 07:37:20,page_view,desktop
3712,10068,s0001100,2026-06-19 07:27:22,page_view,mobile
3713,10068,s0001100,2026-06-19 07:28:44,page_view,mobile
3714,10068,s0001100,2026-06-19 07:29:10,page_view,mobile
3715,10276,s0001101,2026-06-19 14:00:12,page_view,desktop
3716,10276,s0001101,2026-06-19 14:01:22,page_view,desktop
3717,10276,s0001101,2026-06-19 14:02:26,add_to_cart,desktop
3718,,s0001102,2026-06-19 01:46:18,page_view,desktop
3719,,s0001102,2026-06-19 01:48:04,page_view,desktop
3720,,s0001102,2026-06-19 01:49:28,page_view,desktop
3721,10331,s0001103,2026-06-19 19:03:15,page_view,mobile
3722,10331,s0001103,2026-06-19 19:03:22,page_view,mobile
3723,10331,s0001103,2026-06-19 19:04:44,page_view,mobile
3724,10671,s0001104,2026-06-19 05:58:29,page_view,desktop
3725,10671,s0001104,2026-06-19 06:00:11,page_view,desktop
3726,10331,s0001105,2026-06-19 05:38:04,page_view,tablet
3727,10181,s0001106,2026-06-19 08:28:36,page_view,mobile
3728,10181,s0001106,2026-06-19 08:29:36,page_view,mobile
3729,10181,s0001106,2026-06-19 08:31:24,page_view,mobile
3730,10181,s0001106,2026-06-19 08:32:21,page_view,mobile
3731,10368,s0001107,2026-06-19 04:40:48,page_view,desktop
3732,10368,s0001107,2026-06-19 04:41:37,page_view,desktop
3733,10368,s0001107,2026-06-19 04:42:27,page_view,desktop
3734,10368,s0001107,2026-06-19 04:42:31,page_view,desktop
3735,10368,s0001107,2026-06-19 04:43:06,add_to_cart,desktop
3736,10368,s0001107,2026-06-19 04:43:10,begin_checkout,desktop
3737,,s0001108,2026-06-19 18:36:10,page_view,mobile
3738,,s0001108,2026-06-19 18:36:19,page_view,mobile
3739,,s0001109,2026-06-19 19:49:52,page_view,desktop
3740,,s0001109,2026-06-19 19:50:55,page_view,desktop
3741,,s0001109,2026-06-19 19:52:14,add_to_cart,desktop
3742,,s0001110,2026-06-19 21:10:08,page_view,desktop
3743,,s0001110,2026-06-19 21:10:19,page_view,desktop
3744,,s0001110,2026-06-19 21:11:15,page_view,desktop
3745,,s0001110,2026-06-19 21:12:12,page_view,desktop
3746,,s0001110,2026-06-19 21:12:48,add_to_cart,desktop
3747,,s0001110,2026-06-19 21:12:56,begin_checkout,desktop
3748,,s0001110,2026-06-19 21:14:52,purchase,desktop
3749,10084,s0001111,2026-06-19 00:58:34,page_view,desktop
3750,10084,s0001111,2026-06-19 00:59:15,page_view,desktop
3751,10084,s0001111,2026-06-19 00:59:55,add_to_cart,desktop
3752,,s0001112,2026-06-19 15:03:32,page_view,mobile
3753,,s0001112,2026-06-19 15:04:46,page_view,mobile
3754,,s0001112,2026-06-19 15:05:44,page_view,mobile
3755,,s0001112,2026-06-19 15:06:37,add_to_cart,mobile
3756,10494,s0001113,2026-06-19 01:55:50,page_view,desktop
3757,10494,s0001113,2026-06-19 01:57:36,page_view,desktop
3758,10494,s0001113,2026-06-19 01:58:46,page_view,desktop
3759,10652,s0001114,2026-06-19 09:40:36,page_view,desktop
3760,,s0001115,2026-06-19 02:50:17,page_view,desktop
3761,,s0001115,2026-06-19 02:51:33,page_view,desktop
3762,,s0001115,2026-06-19 02:52:47,page_view,desktop
3763,,s0001115,2026-06-19 02:53:36,page_view,desktop
3764,10233,s0001116,2026-06-19 07:38:39,page_view,desktop
3765,10233,s0001116,2026-06-19 07:38:49,page_view,desktop
3766,10233,s0001116,2026-06-19 07:40:18,page_view,desktop
3767,10358,s0001117,2026-06-19 10:55:37,page_view,mobile
3768,10358,s0001117,2026-06-19 10:56:35,page_view,mobile
3769,10358,s0001117,2026-06-19 10:57:12,page_view,mobile
3770,10358,s0001117,2026-06-19 10:59:03,page_view,mobile
3771,10358,s0001117,2026-06-19 11:00:57,add_to_cart,mobile
3772,10341,s0001118,2026-06-19 16:43:39,page_view,desktop
3773,10341,s0001118,2026-06-19 16:44:46,page_view,desktop
3774,10341,s0001118,2026-06-19 16:46:06,page_view,desktop
3775,10296,s0001119,2026-06-19 01:36:39,page_view,mobile
3776,10296,s0001119,2026-06-19 01:36:47,page_view,mobile
3777,10296,s0001119,2026-06-19 01:36:53,page_view,mobile
3778,10296,s0001119,2026-06-19 01:37:06,page_view,mobile
3779,10296,s0001119,2026-06-19 01:39:06,add_to_cart,mobile
3780,10682,s0001120,2026-06-19 01:55:56,page_view,desktop
3781,10682,s0001120,2026-06-19 01:57:28,page_view,desktop
3782,10682,s0001120,2026-06-19 01:58:26,add_to_cart,desktop
3783,10682,s0001120,2026-06-19 01:59:08,begin_checkout,desktop
3784,10700,s0001121,2026-06-19 12:31:08,page_view,mobile
3785,10700,s0001121,2026-06-19 12:31:44,page_view,mobile
3786,10700,s0001121,2026-06-19 12:32:30,page_view,mobile
3787,10700,s0001121,2026-06-19 12:33:56,add_to_cart,mobile
3788,10700,s0001121,2026-06-19 12:35:29,begin_checkout,mobile
3789,10700,s0001121,2026-06-19 12:36:23,purchase,mobile
3790,10566,s0001122,2026-06-19 06:11:45,page_view,desktop
3791,10566,s0001122,2026-06-19 06:11:51,page_view,desktop
3792,10566,s0001122,2026-06-19 06:13:07,page_view,desktop
3793,10566,s0001122,2026-06-19 06:13:42,add_to_cart,desktop
3794,10455,s0001123,2026-06-19 12:09:05,page_view,desktop
3795,10455,s0001123,2026-06-19 12:10:47,page_view,desktop
3796,10455,s0001123,2026-06-19 12:11:39,page_view,desktop
3797,10455,s0001123,2026-06-19 12:12:22,add_to_cart,desktop
3798,10455,s0001123,2026-06-19 12:13:18,begin_checkout,desktop
3799,10455,s0001123,2026-06-19 12:14:52,purchase,desktop
3800,10067,s0001124,2026-06-19 11:48:17,page_view,mobile
3801,10018,s0001125,2026-06-19 17:34:11,page_view,mobile
3802,10018,s0001125,2026-06-19 17:34:33,page_view,mobile
3803,10018,s0001125,2026-06-19 17:34:43,page_view,mobile
3804,10025,s0001126,2026-06-19 10:27:19,page_view,tablet
3805,10025,s0001126,2026-06-19 10:27:34,page_view,tablet
3806,10082,s0001127,2026-06-19 19:15:56,page_view,desktop
3807,10082,s0001127,2026-06-19 19:17:23,page_view,desktop
3808,10082,s0001127,2026-06-19 19:18:40,page_view,desktop
3809,10638,s0001128,2026-06-19 04:08:29,page_view,Mobile
3810,10638,s0001128,2026-06-19 04:08:39,page_view,Mobile
3811,10638,s0001128,2026-06-19 04:09:15,add_to_cart,Mobile
3812,10559,s0001129,2026-06-19 08:10:18,page_view,desktop
3813,10559,s0001129,2026-06-19 08:11:10,page_view,desktop
3814,10559,s0001129,2026-06-19 08:12:43,page_view,desktop
3815,10559,s0001129,2026-06-19 08:13:54,page_view,desktop
3816,10559,s0001129,2026-06-19 08:15:52,add_to_cart,desktop
3817,10559,s0001129,2026-06-19 08:17:02,begin_checkout,desktop
3818,10559,s0001129,2026-06-19 08:18:04,purchase,desktop
3819,10127,s0001130,2026-06-19 03:40:33,page_view,mobile
3820,10127,s0001130,2026-06-19 03:42:17,page_view,mobile
3821,10589,s0001131,2026-06-19 19:43:46,page_view,mobile
3822,10589,s0001131,2026-06-19 19:45:17,page_view,mobile
3823,10589,s0001131,2026-06-19 19:47:06,page_view,mobile
3824,10589,s0001131,2026-06-19 19:48:28,page_view,mobile
3825,10589,s0001131,2026-06-19 19:49:14,add_to_cart,mobile
3826,,s0001132,2026-06-19 21:01:41,page_view,desktop
3827,,s0001132,2026-06-19 21:02:13,page_view,desktop
3828,,s0001132,2026-06-19 21:03:28,page_view,desktop
3829,,s0001132,2026-06-19 21:05:06,page_view,desktop
3830,,s0001133,2026-06-19 07:23:39,page_view,tablet
3831,,s0001133,2026-06-19 07:25:32,page_view,tablet
3832,10462,s0001134,2026-06-19 06:01:50,page_view,desktop
3833,10462,s0001134,2026-06-19 06:03:11,page_view,desktop
3834,10462,s0001134,2026-06-19 06:05:07,page_view,desktop
3835,10462,s0001134,2026-06-19 06:05:49,page_view,desktop
3836,10316,s0001135,2026-06-19 04:51:16,page_view,mobile
3837,10316,s0001135,2026-06-19 04:51:23,page_view,mobile
3838,,s0001136,2026-06-19 14:05:15,page_view,mobile
3839,,s0001136,2026-06-19 14:06:47,page_view,mobile
3840,,s0001136,2026-06-19 14:08:46,page_view,mobile
3841,10514,s0001137,2026-06-19 19:05:06,page_view,mobile
3842,10549,s0001138,2026-06-19 15:57:15,page_view,mobile
3843,10549,s0001138,2026-06-19 15:57:39,page_view,mobile
3844,10549,s0001138,2026-06-19 15:59:11,page_view,mobile
3845,10549,s0001138,2026-06-19 15:59:54,add_to_cart,mobile
3846,10549,s0001138,2026-06-19 16:00:07,begin_checkout,mobile
3847,10135,s0001139,2026-06-19 02:34:45,page_view,mobile
3848,10135,s0001139,2026-06-19 02:34:59,page_view,mobile
3849,10135,s0001139,2026-06-19 02:35:24,page_view,mobile
3850,10135,s0001139,2026-06-19 02:36:02,page_view,mobile
3851,10606,s0001140,2026-06-19 05:37:50,page_view,desktop
3852,10606,s0001140,2026-06-19 05:39:22,page_view,desktop
3853,10606,s0001140,2026-06-19 05:40:54,page_view,desktop
3854,10560,s0001141,2026-06-19 11:55:35,page_view,desktop
3855,10560,s0001141,2026-06-19 11:57:16,page_view,desktop
3856,,s0001142,2026-06-19 04:31:39,page_view,desktop
3857,,s0001142,2026-06-19 04:33:29,page_view,desktop
3858,,s0001142,2026-06-19 04:35:27,page_view,desktop
3859,,s0001142,2026-06-19 04:36:32,page_view,desktop
3860,,s0001142,2026-06-19 04:38:18,add_to_cart,desktop
3861,,s0001142,2026-06-19 04:39:03,begin_checkout,desktop
3862,,s0001142,2026-06-19 04:39:39,purchase,desktop
3863,10462,s0001143,2026-06-19 00:14:01,page_view,desktop
3864,,s0001144,2026-06-19 21:04:31,page_view,desktop
3865,,s0001144,2026-06-19 21:04:52,page_view,desktop
3866,,s0001144,2026-06-19 21:05:04,add_to_cart,desktop
3867,,s0001144,2026-06-19 21:06:44,begin_checkout,desktop
3868,,s0001144,2026-06-19 21:07:15,purchase,desktop
3869,10358,s0001145,2026-06-19 01:31:50,page_view,desktop
3870,10358,s0001145,2026-06-19 01:32:45,page_view,desktop
3871,,s0001146,2026-06-19 07:04:36,page_view,tablet
3872,10125,s0001147,2026-06-19 20:54:08,page_view,mobile
3873,10125,s0001147,2026-06-19 20:55:07,page_view,mobile
3874,10125,s0001147,2026-06-19 20:56:36,page_view,mobile
3875,,s0001148,2026-06-19 12:09:22,page_view,mobile
3876,,s0001148,2026-06-19 12:09:55,page_view,mobile
3877,,s0001148,2026-06-19 12:10:13,page_view,mobile
3878,,s0001148,2026-06-19 12:11:04,page_view,mobile
3879,,s0001149,2026-06-19 17:13:36,page_view,Tablet
3880,,s0001149,2026-06-19 17:14:47,page_view,Tablet
3881,,s0001149,2026-06-19 17:15:46,page_view,Tablet
3882,,s0001149,2026-06-19 17:17:33,page_view,Tablet
3883,,s0001149,2026-06-19 17:18:29,add_to_cart,Tablet
3884,,s0001150,2026-06-20 03:28:58,page_view,mobile
3885,,s0001150,2026-06-20 03:29:53,page_view,mobile
3886,,s0001151,2026-06-20 05:46:19,page_view,mobile
3887,,s0001151,2026-06-20 05:47:59,add_to_cart,mobile
3888,,s0001152,2026-06-20 12:11:05,page_view,desktop
3889,,s0001152,2026-06-20 12:12:39,page_view,desktop
3890,,s0001152,2026-06-20 12:13:52,page_view,desktop
3891,,s0001152,2026-06-20 12:15:22,page_view,desktop
3892,10392,s0001153,2026-06-20 02:40:32,page_view,desktop
3893,10272,s0001154,2026-06-20 02:27:48,page_view,desktop
3894,10272,s0001154,2026-06-20 02:29:11,add_to_cart,desktop
3895,10470,s0001155,2026-06-20 14:35:24,page_view,mobile
3896,10470,s0001155,2026-06-20 14:36:04,page_view,mobile
3897,10470,s0001155,2026-06-20 14:36:52,page_view,mobile
3898,10296,s0001156,2026-06-20 18:52:42,page_view,desktop
3899,10296,s0001156,2026-06-20 18:54:30,page_view,desktop
3900,10296,s0001156,2026-06-20 18:55:53,page_view,desktop
3901,10422,s0001157,2026-06-20 11:09:31,page_view,mobile
3902,10422,s0001157,2026-06-20 11:10:34,page_view,mobile
3903,,s0001158,2026-06-20 21:04:27,page_view,mobile
3904,,s0001158,2026-06-20 21:05:39,page_view,mobile
3905,,s0001158,2026-06-20 21:07:32,page_view,mobile
3906,,s0001159,2026-06-20 14:24:19,page_view,mobile
3907,,s0001159,2026-06-20 14:25:35,add_to_cart,mobile
3908,,s0001159,2026-06-20 14:26:59,begin_checkout,mobile
3909,10365,s0001160,2026-06-20 03:51:02,page_view,desktop
3910,10365,s0001160,2026-06-20 03:52:08,add_to_cart,desktop
3911,10365,s0001160,2026-06-20 03:52:35,begin_checkout,desktop
3912,10198,s0001161,2026-06-20 12:00:47,page_view,desktop
3913,10198,s0001161,2026-06-20 12:01:16,page_view,desktop
3914,10198,s0001161,2026-06-20 12:01:44,add_to_cart,desktop
3915,10129,s0001162,2026-06-20 12:36:23,page_view,tablet
3916,10129,s0001162,2026-06-20 12:36:43,page_view,tablet
3917,10404,s0001163,2026-06-20 16:20:55,page_view,desktop
3918,10666,s0001164,2026-06-20 18:57:47,page_view,desktop
3919,10666,s0001164,2026-06-20 18:59:18,page_view,desktop
3920,10666,s0001164,2026-06-20 18:59:23,page_view,desktop
3921,10504,s0001165,2026-06-20 06:27:40,page_view,desktop
3922,10504,s0001165,2026-06-20 06:27:54,page_view,desktop
3923,10504,s0001165,2026-06-20 06:29:32,add_to_cart,desktop
3924,10573,s0001166,2026-06-20 11:18:56,page_view,mobile
3925,10573,s0001166,2026-06-20 11:19:51,page_view,mobile
3926,10573,s0001166,2026-06-20 11:21:23,page_view,mobile
3927,10573,s0001166,2026-06-20 11:21:35,add_to_cart,mobile
3928,10058,s0001167,2026-06-20 03:25:03,page_view,desktop
3929,10674,s0001168,2026-06-20 08:27:03,page_view,mobile
3930,,s0001169,2026-06-20 14:22:03,page_view,mobile
3931,10591,s0001170,2026-06-20 10:52:02,page_view,mobile
3932,10591,s0001170,2026-06-20 10:52:25,add_to_cart,mobile
3933,,s0001171,2026-06-20 07:30:08,page_view,desktop
3934,,s0001171,2026-06-20 07:30:15,page_view,desktop
3935,,s0001171,2026-06-20 07:30:28,page_view,desktop
3936,,s0001171,2026-06-20 07:30:51,add_to_cart,desktop
3937,,s0001171,2026-06-20 07:32:10,begin_checkout,desktop
3938,,s0001171,2026-06-20 07:32:15,purchase,desktop
3939,10655,s0001172,2026-06-20 19:32:12,page_view,desktop
3940,10655,s0001172,2026-06-20 19:32:59,page_view,desktop
3941,10655,s0001172,2026-06-20 19:33:51,page_view,desktop
3942,10655,s0001172,2026-06-20 19:34:31,page_view,desktop
3943,,s0001173,2026-06-20 18:15:51,page_view,desktop
3944,,s0001173,2026-06-20 18:17:06,page_view,desktop
3945,,s0001173,2026-06-20 18:17:45,add_to_cart,desktop
3946,,s0001173,2026-06-20 18:18:54,begin_checkout,desktop
3947,,s0001174,2026-06-20 06:58:19,page_view,mobile
3948,,s0001175,2026-06-20 17:12:31,page_view,mobile
3949,,s0001175,2026-06-20 17:13:34,add_to_cart,mobile
3950,,s0001175,2026-06-20 17:15:29,begin_checkout,mobile
3951,,s0001175,2026-06-20 17:15:39,purchase,mobile
3952,10560,s0001176,2026-06-20 22:38:05,page_view,mobile
3953,10560,s0001176,2026-06-20 22:38:19,page_view,mobile
3954,10560,s0001176,2026-06-20 22:39:01,add_to_cart,mobile
3955,10560,s0001176,2026-06-20 22:40:32,begin_checkout,mobile
3956,10560,s0001176,2026-06-20 22:42:15,purchase,mobile
3957,,s0001177,2026-06-20 18:31:29,page_view,desktop
3958,,s0001177,2026-06-20 18:31:57,page_view,desktop
3959,,s0001177,2026-06-20 18:33:19,add_to_cart,desktop
3960,,s0001178,2026-06-20 11:07:42,page_view,desktop
3961,,s0001178,2026-06-20 11:08:12,page_view,desktop
3962,,s0001178,2026-06-20 11:08:34,page_view,desktop
3963,,s0001178,2026-06-20 11:09:08,page_view,desktop
3964,,s0001179,2026-06-20 06:00:19,page_view,mobile
3965,,s0001179,2026-06-20 06:00:51,page_view,mobile
3966,,s0001180,2026-06-20 02:38:31,page_view,desktop
3967,,s0001180,2026-06-20 02:39:10,page_view,desktop
3968,,s0001180,2026-06-20 02:40:04,page_view,desktop
3969,,s0001180,2026-06-20 02:40:09,page_view,desktop
3970,,s0001181,2026-06-20 16:18:20,page_view,desktop
3971,,s0001181,2026-06-20 16:19:09,page_view,desktop
3972,,s0001181,2026-06-20 16:20:44,page_view,desktop
3973,,s0001182,2026-06-20 06:07:45,page_view,mobile
3974,,s0001182,2026-06-20 06:09:22,page_view,mobile
3975,,s0001182,2026-06-20 06:10:39,page_view,mobile
3976,,s0001182,2026-06-20 06:10:54,page_view,mobile
3977,,s0001182,2026-06-20 06:11:22,add_to_cart,mobile
3978,,s0001183,2026-06-20 02:35:29,page_view,desktop
3979,,s0001183,2026-06-20 02:35:38,page_view,desktop
3980,10127,s0001184,2026-06-20 16:06:41,page_view,desktop
3981,10127,s0001184,2026-06-20 16:07:22,page_view,desktop
3982,10127,s0001184,2026-06-20 16:08:58,page_view,desktop
3983,10440,s0001185,2026-06-20 05:20:50,page_view,desktop
3984,10440,s0001185,2026-06-20 05:21:00,page_view,desktop
3985,10440,s0001185,2026-06-20 05:21:35,page_view,desktop
3986,10440,s0001185,2026-06-20 05:22:29,page_view,desktop
3987,10440,s0001185,2026-06-20 05:23:10,add_to_cart,desktop
3988,10440,s0001185,2026-06-20 05:23:44,begin_checkout,desktop
3989,10440,s0001185,2026-06-20 05:23:50,purchase,desktop
3990,10698,s0001186,2026-06-20 14:19:27,page_view,Mobile
3991,10698,s0001186,2026-06-20 14:21:27,page_view,Mobile
3992,10698,s0001186,2026-06-20 14:22:15,page_view,Mobile
3993,10698,s0001186,2026-06-20 14:23:57,page_view,Mobile
3994,10343,s0001187,2026-06-20 19:16:31,page_view,mobile
3995,10343,s0001187,2026-06-20 19:17:22,page_view,mobile
3996,,s0001188,2026-06-20 17:58:52,page_view,desktop
3997,,s0001188,2026-06-20 18:00:35,page_view,desktop
3998,,s0001188,2026-06-20 18:01:01,page_view,desktop
3999,,s0001188,2026-06-20 18:01:43,page_view,desktop
4000,10532,s0001189,2026-06-20 18:34:12,page_view,mobile
4001,10532,s0001189,2026-06-20 18:34:37,page_view,mobile
4002,10532,s0001189,2026-06-20 18:36:28,page_view,mobile
4003,10355,s0001190,2026-06-20 04:52:10,page_view,mobile
4004,10355,s0001190,2026-06-20 04:52:33,page_view,mobile
4005,,s0001191,2026-06-20 20:10:50,page_view,desktop
4006,,s0001191,2026-06-20 20:12:09,page_view,desktop
4007,,s0001191,2026-06-20 20:14:00,page_view,desktop
4008,,s0001191,2026-06-20 20:14:39,page_view,desktop
4009,10612,s0001192,2026-06-20 11:21:59,page_view,mobile
4010,10198,s0001193,2026-06-20 00:24:34,page_view,desktop
4011,10198,s0001193,2026-06-20 00:25:31,page_view,desktop
4012,10198,s0001193,2026-06-20 00:26:34,page_view,desktop
4013,10558,s0001194,2026-06-20 14:18:05,page_view,mobile
4014,10558,s0001194,2026-06-20 14:18:56,page_view,mobile
4015,10558,s0001194,2026-06-20 14:20:47,page_view,mobile
4016,,s0001195,2026-06-20 14:07:09,page_view,desktop
4017,,s0001195,2026-06-20 14:07:36,page_view,desktop
4018,,s0001195,2026-06-20 14:08:59,page_view,desktop
4019,,s0001196,2026-06-20 15:16:23,page_view,mobile
4020,,s0001196,2026-06-20 15:17:11,page_view,mobile
4021,,s0001196,2026-06-20 15:18:55,page_view,mobile
4022,,s0001196,2026-06-20 15:19:14,add_to_cart,mobile
4023,,s0001196,2026-06-20 15:20:21,begin_checkout,mobile
4024,,s0001196,2026-06-20 15:20:27,purchase,mobile
4025,,s0001197,2026-06-20 10:54:03,page_view,mobile
4026,,s0001197,2026-06-20 10:54:20,page_view,mobile
4027,,s0001197,2026-06-20 10:55:16,page_view,mobile
4028,,s0001197,2026-06-20 10:56:33,page_view,mobile
4029,10029,s0001198,2026-06-20 08:43:48,page_view,desktop
4030,10029,s0001198,2026-06-20 08:45:29,page_view,desktop
4031,10029,s0001198,2026-06-20 08:46:03,add_to_cart,desktop
4032,10029,s0001198,2026-06-20 08:47:32,begin_checkout,desktop
4033,10029,s0001198,2026-06-20 08:48:46,purchase,desktop
4034,10054,s0001199,2026-06-20 14:06:24,page_view,desktop
4035,10054,s0001199,2026-06-20 14:07:04,page_view,desktop
4036,,s0001200,2026-06-20 05:56:19,page_view,mobile
4037,,s0001200,2026-06-20 05:56:50,add_to_cart,mobile
4038,,s0001200,2026-06-20 05:58:23,begin_checkout,mobile
4039,,s0001200,2026-06-20 05:59:36,purchase,mobile
4040,10618,s0001201,2026-06-20 01:45:04,page_view,desktop
4041,10618,s0001201,2026-06-20 01:45:42,page_view,desktop
4042,10618,s0001201,2026-06-20 01:47:30,page_view,desktop
4043,,s0001202,2026-06-20 00:49:33,page_view,desktop
4044,,s0001202,2026-06-20 00:50:28,page_view,desktop
4045,,s0001202,2026-06-20 00:50:32,page_view,desktop
4046,,s0001202,2026-06-20 00:51:22,page_view,desktop
4047,10678,s0001203,2026-06-20 09:31:40,page_view,Mobile
4048,10678,s0001203,2026-06-20 09:32:47,page_view,Mobile
4049,,s0001204,2026-06-20 08:58:09,page_view,desktop
4050,,s0001204,2026-06-20 08:58:26,page_view,desktop
4051,,s0001204,2026-06-20 08:58:42,add_to_cart,desktop
4052,,s0001204,2026-06-20 08:59:37,begin_checkout,desktop
4053,,s0001204,2026-06-20 09:00:49,purchase,desktop
4054,,s0001205,2026-06-20 01:35:59,page_view,mobile
4055,,s0001205,2026-06-20 01:37:27,page_view,mobile
4056,,s0001206,2026-06-20 03:26:03,page_view,tablet
4057,,s0001206,2026-06-20 03:26:56,page_view,tablet
4058,,s0001206,2026-06-20 03:28:55,page_view,tablet
4059,,s0001207,2026-06-20 03:28:05,page_view,desktop
4060,,s0001207,2026-06-20 03:30:03,page_view,desktop
4061,,s0001207,2026-06-20 03:32:03,page_view,desktop
4062,,s0001207,2026-06-20 03:32:52,page_view,desktop
4063,10201,s0001208,2026-06-20 13:58:52,page_view,tablet
4064,10451,s0001209,2026-06-20 14:09:36,page_view,desktop
4065,10451,s0001209,2026-06-20 14:10:08,page_view,desktop
4066,10451,s0001209,2026-06-20 14:10:17,page_view,desktop
4067,10451,s0001209,2026-06-20 14:10:49,add_to_cart,desktop
4068,10451,s0001209,2026-06-20 14:11:29,begin_checkout,desktop
4069,10451,s0001209,2026-06-20 14:12:54,purchase,desktop
4070,10392,s0001210,2026-06-20 12:27:10,page_view,desktop
4071,10392,s0001210,2026-06-20 12:27:21,page_view,desktop
4072,10392,s0001210,2026-06-20 12:27:37,page_view,desktop
4073,10392,s0001210,2026-06-20 12:29:18,page_view,desktop
4074,10489,s0001211,2026-06-20 14:54:28,page_view,desktop
4075,10207,s0001212,2026-06-20 15:34:45,page_view,desktop
4076,10207,s0001212,2026-06-20 15:35:48,page_view,desktop
4077,10207,s0001212,2026-06-20 15:37:00,page_view,desktop
4078,10207,s0001212,2026-06-20 15:37:23,page_view,desktop
4079,10207,s0001212,2026-06-20 15:38:52,add_to_cart,desktop
4080,10549,s0001213,2026-06-20 22:54:14,page_view,tablet
4081,10549,s0001213,2026-06-20 22:54:20,page_view,tablet
4082,10549,s0001213,2026-06-20 22:54:42,page_view,tablet
4083,10549,s0001213,2026-06-20 22:55:43,page_view,tablet
4084,10549,s0001213,2026-06-20 22:57:02,add_to_cart,tablet
4085,10549,s0001213,2026-06-20 22:58:08,begin_checkout,tablet
4086,,s0001214,2026-06-20 18:05:57,page_view,mobile
4087,,s0001214,2026-06-20 18:07:18,page_view,mobile
4088,,s0001214,2026-06-20 18:08:15,add_to_cart,mobile
4089,10368,s0001215,2026-06-20 05:35:02,page_view,mobile
4090,10229,s0001216,2026-06-20 19:31:16,page_view,desktop
4091,10229,s0001216,2026-06-20 19:31:56,page_view,desktop
4092,10229,s0001216,2026-06-20 19:33:44,page_view,desktop
4093,10229,s0001216,2026-06-20 19:34:25,add_to_cart,desktop
4094,10224,s0001217,2026-06-20 19:02:42,page_view,mobile
4095,10224,s0001217,2026-06-20 19:03:30,page_view,mobile
4096,10224,s0001217,2026-06-20 19:04:17,page_view,mobile
4097,10224,s0001217,2026-06-20 19:05:54,add_to_cart,mobile
4098,10224,s0001217,2026-06-20 19:07:40,begin_checkout,mobile
4099,10224,s0001217,2026-06-20 19:09:33,purchase,mobile
4100,10389,s0001218,2026-06-20 12:29:05,page_view,mobile
4101,10389,s0001218,2026-06-20 12:30:24,page_view,mobile
4102,10389,s0001218,2026-06-20 12:31:27,page_view,mobile
4103,10389,s0001218,2026-06-20 12:32:52,page_view,mobile
4104,10201,s0001219,2026-06-21 00:47:59,page_view,mobile
4105,10201,s0001219,2026-06-21 00:48:31,page_view,mobile
4106,,s0001220,2026-06-21 14:39:57,page_view,mobile
4107,,s0001220,2026-06-21 14:40:50,page_view,mobile
4108,10067,s0001221,2026-06-21 18:12:39,page_view,mobile
4109,10067,s0001221,2026-06-21 18:13:55,page_view,mobile
4110,,s0001222,2026-06-21 13:58:25,page_view,mobile
4111,,s0001222,2026-06-21 13:59:05,page_view,mobile
4112,,s0001222,2026-06-21 14:00:57,page_view,mobile
4113,,s0001223,2026-06-21 17:34:19,page_view,mobile
4114,,s0001223,2026-06-21 17:34:26,page_view,mobile
4115,,s0001223,2026-06-21 17:35:43,page_view,mobile
4116,10399,s0001224,2026-06-21 16:04:30,page_view,desktop
4117,10399,s0001224,2026-06-21 16:05:26,page_view,desktop
4118,10399,s0001224,2026-06-21 16:05:56,page_view,desktop
4119,10399,s0001224,2026-06-21 16:07:44,add_to_cart,desktop
4120,10422,s0001225,2026-06-21 05:34:33,page_view,mobile
4121,10422,s0001225,2026-06-21 05:36:26,add_to_cart,mobile
4122,10422,s0001225,2026-06-21 05:36:52,begin_checkout,mobile
4123,10422,s0001225,2026-06-21 05:37:50,purchase,mobile
4124,10087,s0001226,2026-06-21 05:56:13,page_view,mobile
4125,10087,s0001226,2026-06-21 05:57:45,page_view,mobile
4126,10087,s0001226,2026-06-21 05:59:34,page_view,mobile
4127,10087,s0001226,2026-06-21 06:01:23,page_view,mobile
4128,,s0001227,2026-06-21 06:29:21,page_view,tablet
4129,,s0001227,2026-06-21 06:29:49,page_view,tablet
4130,,s0001227,2026-06-21 06:30:00,page_view,tablet
4131,,s0001227,2026-06-21 06:31:15,page_view,tablet
4132,10187,s0001228,2026-06-21 21:12:25,page_view,desktop
4133,10416,s0001229,2026-06-21 16:20:35,page_view,desktop
4134,10416,s0001229,2026-06-21 16:21:25,page_view,desktop
4135,,s0001230,2026-06-21 17:05:03,page_view,tablet
4136,,s0001230,2026-06-21 17:05:33,add_to_cart,tablet
4137,,s0001231,2026-06-21 09:19:04,page_view,tablet
4138,,s0001231,2026-06-21 09:19:42,page_view,tablet
4139,,s0001231,2026-06-21 09:20:34,page_view,tablet
4140,,s0001231,2026-06-21 09:20:40,add_to_cart,tablet
4141,10044,s0001232,2026-06-21 14:20:26,page_view,mobile
4142,10044,s0001232,2026-06-21 14:21:11,page_view,mobile
4143,10044,s0001232,2026-06-21 14:23:09,page_view,mobile
4144,10165,s0001233,2026-06-21 18:34:07,page_view,Desktop
4145,10165,s0001233,2026-06-21 18:34:52,page_view,Desktop
4146,10165,s0001233,2026-06-21 18:36:14,page_view,Desktop
4147,10165,s0001233,2026-06-21 18:36:40,page_view,Desktop
4148,,s0001234,2026-06-21 01:55:52,page_view,desktop
4149,,s0001235,2026-06-21 16:27:36,page_view,desktop
4150,,s0001235,2026-06-21 16:28:13,page_view,desktop
4151,,s0001235,2026-06-21 16:28:33,page_view,desktop
4152,,s0001236,2026-06-21 00:05:49,page_view,mobile
4153,,s0001236,2026-06-21 00:05:52,page_view,mobile
4154,,s0001237,2026-06-21 17:02:14,page_view,mobile
4155,,s0001237,2026-06-21 17:03:11,page_view,mobile
4156,,s0001237,2026-06-21 17:04:07,add_to_cart,mobile
4157,,s0001237,2026-06-21 17:05:17,begin_checkout,mobile
4158,,s0001237,2026-06-21 17:06:20,purchase,mobile
4159,,s0001238,2026-06-21 20:20:23,page_view,Mobile
4160,,s0001239,2026-06-21 17:36:47,page_view,desktop
4161,,s0001239,2026-06-21 17:37:54,add_to_cart,desktop
4162,,s0001239,2026-06-21 17:38:25,begin_checkout,desktop
4163,,s0001239,2026-06-21 17:40:20,purchase,desktop
4164,,s0001240,2026-06-21 00:05:52,page_view,desktop
4165,10434,s0001241,2026-06-21 15:22:06,page_view,desktop
4166,10434,s0001241,2026-06-21 15:23:46,page_view,desktop
4167,10434,s0001241,2026-06-21 15:24:08,page_view,desktop
4168,10434,s0001241,2026-06-21 15:26:01,page_view,desktop
4169,,s0001242,2026-06-21 01:01:47,page_view,mobile
4170,,s0001242,2026-06-21 01:03:19,page_view,mobile
4171,,s0001242,2026-06-21 01:04:08,add_to_cart,mobile
4172,10660,s0001243,2026-06-21 21:56:09,page_view,desktop
4173,10660,s0001243,2026-06-21 21:58:06,page_view,desktop
4174,10660,s0001243,2026-06-21 21:58:46,page_view,desktop
4175,10467,s0001244,2026-06-21 20:21:43,page_view,mobile
4176,10467,s0001244,2026-06-21 20:22:45,page_view,mobile
4177,10467,s0001244,2026-06-21 20:24:00,add_to_cart,mobile
4178,10467,s0001244,2026-06-21 20:25:31,begin_checkout,mobile
4179,10467,s0001244,2026-06-21 20:27:23,purchase,mobile
4180,10130,s0001245,2026-06-21 17:00:37,page_view,desktop
4181,10130,s0001245,2026-06-21 17:02:26,page_view,desktop
4182,10130,s0001245,2026-06-21 17:03:45,page_view,desktop
4183,10130,s0001245,2026-06-21 17:04:38,add_to_cart,desktop
4184,,s0001246,2026-06-21 08:35:14,page_view,desktop
4185,,s0001246,2026-06-21 08:35:31,page_view,desktop
4186,10583,s0001247,2026-06-21 02:59:42,page_view,tablet
4187,,s0001248,2026-06-21 18:18:16,page_view,mobile
4188,,s0001249,2026-06-21 12:06:36,page_view,desktop
4189,10486,s0001250,2026-06-21 21:56:51,page_view,desktop
4190,10486,s0001250,2026-06-21 21:57:44,add_to_cart,desktop
4191,10491,s0001251,2026-06-21 21:52:34,page_view,mobile
4192,10491,s0001251,2026-06-21 21:53:48,page_view,mobile
4193,10491,s0001251,2026-06-21 21:54:37,add_to_cart,mobile
4194,10491,s0001251,2026-06-21 21:55:54,begin_checkout,mobile
4195,10632,s0001252,2026-06-21 02:51:37,page_view,desktop
4196,10632,s0001252,2026-06-21 02:53:31,page_view,desktop
4197,10632,s0001252,2026-06-21 02:54:26,page_view,desktop
4198,10632,s0001252,2026-06-21 02:55:31,page_view,desktop
4199,10263,s0001253,2026-06-21 14:12:34,page_view,tablet
4200,10263,s0001253,2026-06-21 14:13:08,page_view,tablet
4201,10263,s0001253,2026-06-21 14:14:59,page_view,tablet
4202,10643,s0001254,2026-06-21 12:55:06,page_view,mobile
4203,10643,s0001254,2026-06-21 12:55:43,page_view,mobile
4204,10643,s0001254,2026-06-21 12:56:18,add_to_cart,mobile
4205,10643,s0001254,2026-06-21 12:58:02,begin_checkout,mobile
4206,10643,s0001254,2026-06-21 12:59:54,purchase,mobile
4207,10324,s0001255,2026-06-21 12:35:18,page_view,desktop
4208,10324,s0001255,2026-06-21 12:35:27,page_view,desktop
4209,10295,s0001256,2026-06-21 19:40:53,page_view,mobile
4210,10295,s0001256,2026-06-21 19:41:40,page_view,mobile
4211,10295,s0001256,2026-06-21 19:43:25,page_view,mobile
4212,10295,s0001256,2026-06-21 19:45:20,page_view,mobile
4213,10295,s0001256,2026-06-21 19:46:06,add_to_cart,mobile
4214,10295,s0001256,2026-06-21 19:47:37,begin_checkout,mobile
4215,10153,s0001257,2026-06-21 04:11:32,page_view,mobile
4216,10153,s0001257,2026-06-21 04:12:19,page_view,mobile
4217,10153,s0001257,2026-06-21 04:12:31,page_view,mobile
4218,10153,s0001257,2026-06-21 04:13:39,page_view,mobile
4219,10153,s0001257,2026-06-21 04:14:04,add_to_cart,mobile
4220,10153,s0001257,2026-06-21 04:14:14,begin_checkout,mobile
4221,10598,s0001258,2026-06-21 18:43:21,page_view,Mobile
4222,,s0001259,2026-06-21 11:10:51,page_view,desktop
4223,,s0001259,2026-06-21 11:11:27,page_view,desktop
4224,,s0001259,2026-06-21 11:11:49,page_view,desktop
4225,,s0001259,2026-06-21 11:13:47,page_view,desktop
4226,,s0001260,2026-06-21 16:55:11,page_view,desktop
4227,10485,s0001261,2026-06-21 17:25:01,page_view,desktop
4228,,s0001262,2026-06-21 20:58:12,page_view,mobile
4229,,s0001262,2026-06-21 20:58:48,page_view,mobile
4230,,s0001263,2026-06-21 22:26:07,page_view,mobile
4231,10324,s0001264,2026-06-21 08:19:27,page_view,mobile
4232,10324,s0001264,2026-06-21 08:19:39,page_view,mobile
4233,10324,s0001264,2026-06-21 08:20:31,page_view,mobile
4234,10324,s0001264,2026-06-21 08:21:36,page_view,mobile
4235,10324,s0001264,2026-06-21 08:21:50,add_to_cart,mobile
4236,10494,s0001265,2026-06-21 01:57:14,page_view,desktop
4237,10494,s0001265,2026-06-21 01:58:10,page_view,desktop
4238,10494,s0001265,2026-06-21 01:58:33,add_to_cart,desktop
4239,10494,s0001265,2026-06-21 01:58:48,begin_checkout,desktop
4240,10494,s0001265,2026-06-21 01:58:53,purchase,desktop
4241,10003,s0001266,2026-06-21 00:42:06,page_view,Mobile
4242,10003,s0001266,2026-06-21 00:42:39,add_to_cart,Mobile
4243,10003,s0001266,2026-06-21 00:43:50,begin_checkout,Mobile
4244,10003,s0001266,2026-06-21 00:45:36,purchase,Mobile
4245,10250,s0001267,2026-06-21 09:03:07,page_view,mobile
4246,10026,s0001268,2026-06-22 02:54:23,page_view,mobile
4247,10026,s0001268,2026-06-22 02:55:38,page_view,mobile
4248,10408,s0001269,2026-06-22 16:49:23,page_view,mobile
4249,10408,s0001269,2026-06-22 16:49:31,add_to_cart,mobile
4250,10427,s0001270,2026-06-22 18:21:46,page_view,desktop
4251,,s0001271,2026-06-22 16:44:23,page_view,desktop
4252,,s0001271,2026-06-22 16:45:24,page_view,desktop
4253,,s0001271,2026-06-22 16:47:01,page_view,desktop
4254,,s0001271,2026-06-22 16:47:08,page_view,desktop
4255,,s0001271,2026-06-22 16:48:28,add_to_cart,desktop
4256,10577,s0001272,2026-06-22 08:57:16,page_view,mobile
4257,10577,s0001272,2026-06-22 08:57:47,add_to_cart,mobile
4258,10577,s0001272,2026-06-22 08:58:05,begin_checkout,mobile
4259,,s0001273,2026-06-22 09:07:00,page_view,mobile
4260,,s0001273,2026-06-22 09:08:44,page_view,mobile
4261,,s0001273,2026-06-22 09:10:01,page_view,mobile
4262,10052,s0001274,2026-06-22 07:29:39,page_view,desktop
4263,10052,s0001274,2026-06-22 07:30:46,page_view,desktop
4264,10052,s0001274,2026-06-22 07:31:35,page_view,desktop
4265,10052,s0001274,2026-06-22 07:33:19,add_to_cart,desktop
4266,10052,s0001274,2026-06-22 07:34:04,begin_checkout,desktop
4267,10070,s0001275,2026-06-22 03:46:56,page_view,Tablet
4268,10070,s0001275,2026-06-22 03:47:34,page_view,Tablet
4269,10070,s0001275,2026-06-22 03:48:45,page_view,Tablet
4270,10070,s0001275,2026-06-22 03:49:29,page_view,Tablet
4271,10070,s0001275,2026-06-22 03:50:03,add_to_cart,Tablet
4272,10070,s0001275,2026-06-22 03:50:16,begin_checkout,Tablet
4273,10070,s0001275,2026-06-22 03:51:02,purchase,Tablet
4274,,s0001276,2026-06-22 21:42:08,page_view,mobile
4275,,s0001276,2026-06-22 21:42:12,page_view,mobile
4276,,s0001276,2026-06-22 21:43:26,page_view,mobile
4277,,s0001276,2026-06-22 21:45:04,page_view,mobile
4278,,s0001276,2026-06-22 21:46:04,add_to_cart,mobile
4279,10225,s0001277,2026-06-22 18:04:59,page_view,mobile
4280,10225,s0001277,2026-06-22 18:06:12,page_view,mobile
4281,10225,s0001277,2026-06-22 18:06:30,page_view,mobile
4282,10225,s0001277,2026-06-22 18:08:08,page_view,mobile
4283,10225,s0001277,2026-06-22 18:09:08,add_to_cart,mobile
4284,10547,s0001278,2026-06-22 10:03:19,page_view,mobile
4285,10547,s0001278,2026-06-22 10:05:09,page_view,mobile
4286,10547,s0001278,2026-06-22 10:06:43,page_view,mobile
4287,10547,s0001278,2026-06-22 10:07:00,page_view,mobile
4288,,s0001279,2026-06-22 15:34:18,page_view,desktop
4289,,s0001279,2026-06-22 15:36:12,page_view,desktop
4290,,s0001279,2026-06-22 15:37:56,add_to_cart,desktop
4291,10640,s0001280,2026-06-22 07:21:46,page_view,mobile
4292,,s0001281,2026-06-22 12:35:08,page_view,desktop
4293,,s0001281,2026-06-22 12:36:29,add_to_cart,desktop
4294,10295,s0001282,2026-06-22 12:26:11,page_view,Desktop
4295,10459,s0001283,2026-06-22 13:52:20,page_view,desktop
4296,10459,s0001283,2026-06-22 13:52:24,page_view,desktop
4297,10459,s0001283,2026-06-22 13:52:41,page_view,desktop
4298,10459,s0001283,2026-06-22 13:53:45,page_view,desktop
4299,10459,s0001283,2026-06-22 13:55:11,add_to_cart,desktop
4300,,s0001284,2026-06-22 10:41:17,page_view,desktop
4301,,s0001284,2026-06-22 10:41:54,page_view,desktop
4302,,s0001285,2026-06-22 04:22:08,page_view,mobile
4303,,s0001285,2026-06-22 04:23:53,page_view,mobile
4304,,s0001285,2026-06-22 04:24:33,add_to_cart,mobile
4305,10626,s0001286,2026-06-22 00:54:41,page_view,mobile
4306,10626,s0001286,2026-06-22 00:55:10,page_view,mobile
4307,10626,s0001286,2026-06-22 00:55:33,page_view,mobile
4308,10626,s0001286,2026-06-22 00:57:08,page_view,mobile
4309,10626,s0001286,2026-06-22 00:57:45,add_to_cart,mobile
4310,10626,s0001286,2026-06-22 00:58:14,begin_checkout,mobile
4311,,s0001287,2026-06-22 13:10:13,page_view,desktop
4312,,s0001287,2026-06-22 13:11:51,add_to_cart,desktop
4313,,s0001287,2026-06-22 13:13:10,begin_checkout,desktop
4314,10014,s0001288,2026-06-22 10:03:24,page_view,desktop
4315,10014,s0001288,2026-06-22 10:04:12,page_view,desktop
4316,10014,s0001288,2026-06-22 10:04:30,page_view,desktop
4317,10014,s0001288,2026-06-22 10:05:26,page_view,desktop
4318,,s0001289,2026-06-22 18:05:37,page_view,mobile
4319,,s0001289,2026-06-22 18:07:17,page_view,mobile
4320,,s0001289,2026-06-22 18:07:26,page_view,mobile
4321,,s0001289,2026-06-22 18:08:08,page_view,mobile
4322,10109,s0001290,2026-06-22 18:18:20,page_view,desktop
4323,10109,s0001290,2026-06-22 18:19:11,page_view,desktop
4324,10109,s0001290,2026-06-22 18:20:46,page_view,desktop
4325,10109,s0001290,2026-06-22 18:22:08,add_to_cart,desktop
4326,,s0001291,2026-06-22 13:06:56,page_view,desktop
4327,,s0001291,2026-06-22 13:07:19,page_view,desktop
4328,10410,s0001292,2026-06-22 17:44:38,page_view,Mobile
4329,10410,s0001292,2026-06-22 17:45:19,page_view,Mobile
4330,10410,s0001292,2026-06-22 17:46:56,page_view,Mobile
4331,10410,s0001292,2026-06-22 17:47:46,page_view,Mobile
4332,10015,s0001293,2026-06-22 14:19:31,page_view,mobile
4333,10015,s0001293,2026-06-22 14:20:48,page_view,mobile
4334,10015,s0001293,2026-06-22 14:21:20,page_view,mobile
4335,10015,s0001293,2026-06-22 14:21:23,add_to_cart,mobile
4336,10015,s0001293,2026-06-22 14:23:17,begin_checkout,mobile
4337,10015,s0001293,2026-06-22 14:24:40,purchase,mobile
4338,10296,s0001294,2026-06-22 17:49:27,page_view,Tablet
4339,10296,s0001294,2026-06-22 17:51:03,page_view,Tablet
4340,10296,s0001294,2026-06-22 17:51:08,add_to_cart,Tablet
4341,10296,s0001294,2026-06-22 17:53:08,begin_checkout,Tablet
4342,10296,s0001294,2026-06-22 17:53:32,purchase,Tablet
4343,10292,s0001295,2026-06-22 22:51:46,page_view,Desktop
4344,10292,s0001295,2026-06-22 22:52:10,page_view,Desktop
4345,10292,s0001295,2026-06-22 22:53:38,page_view,Desktop
4346,10223,s0001296,2026-06-22 02:48:18,page_view,desktop
4347,10223,s0001296,2026-06-22 02:49:59,page_view,desktop
4348,10223,s0001296,2026-06-22 02:51:35,page_view,desktop
4349,10223,s0001296,2026-06-22 02:53:26,page_view,desktop
4350,10223,s0001296,2026-06-22 02:55:05,add_to_cart,desktop
4351,10223,s0001296,2026-06-22 02:56:56,begin_checkout,desktop
4352,10347,s0001297,2026-06-22 21:34:44,page_view,desktop
4353,10347,s0001297,2026-06-22 21:36:27,page_view,desktop
4354,10347,s0001297,2026-06-22 21:37:16,page_view,desktop
4355,,s0001298,2026-06-22 01:43:22,page_view,mobile
4356,,s0001298,2026-06-22 01:44:27,page_view,mobile
4357,,s0001298,2026-06-22 01:45:00,page_view,mobile
4358,10535,s0001299,2026-06-22 10:59:53,page_view,desktop
4359,10535,s0001299,2026-06-22 11:00:45,page_view,desktop
4360,10535,s0001299,2026-06-22 11:01:16,page_view,desktop
4361,10535,s0001299,2026-06-22 11:01:42,page_view,desktop
4362,10052,s0001300,2026-06-22 08:24:38,page_view,desktop
4363,10052,s0001300,2026-06-22 08:26:34,page_view,desktop
4364,10052,s0001300,2026-06-22 08:28:01,page_view,desktop
4365,10052,s0001300,2026-06-22 08:28:04,page_view,desktop
4366,10311,s0001301,2026-06-22 03:24:03,page_view,tablet
4367,10311,s0001301,2026-06-22 03:24:23,page_view,tablet
4368,10311,s0001301,2026-06-22 03:26:19,page_view,tablet
4369,10311,s0001301,2026-06-22 03:26:35,page_view,tablet
4370,,s0001302,2026-06-22 20:54:29,page_view,desktop
4371,,s0001302,2026-06-22 20:54:41,add_to_cart,desktop
4372,,s0001303,2026-06-22 12:49:31,page_view,desktop
4373,,s0001303,2026-06-22 12:50:47,add_to_cart,desktop
4374,10673,s0001304,2026-06-22 08:53:16,page_view,desktop
4375,10673,s0001304,2026-06-22 08:54:49,page_view,desktop
4376,10673,s0001304,2026-06-22 08:55:49,add_to_cart,desktop
4377,10673,s0001304,2026-06-22 08:56:43,begin_checkout,desktop
4378,10673,s0001304,2026-06-22 08:57:51,purchase,desktop
4379,10005,s0001305,2026-06-22 09:59:30,page_view,mobile
4380,10005,s0001305,2026-06-22 10:00:14,page_view,mobile
4381,10005,s0001305,2026-06-22 10:00:50,page_view,mobile
4382,,s0001306,2026-06-22 17:21:49,page_view,desktop
4383,,s0001306,2026-06-22 17:22:20,page_view,desktop
4384,,s0001306,2026-06-22 17:23:56,add_to_cart,desktop
4385,10134,s0001307,2026-06-22 05:31:56,page_view,desktop
4386,10134,s0001307,2026-06-22 05:32:30,page_view,desktop
4387,10134,s0001307,2026-06-22 05:34:08,add_to_cart,desktop
4388,10613,s0001308,2026-06-22 19:09:48,page_view,Mobile
4389,10336,s0001309,2026-06-22 04:54:45,page_view,mobile
4390,,s0001310,2026-06-22 10:39:25,page_view,mobile
4391,,s0001310,2026-06-22 10:39:58,add_to_cart,mobile
4392,,s0001310,2026-06-22 10:40:58,begin_checkout,mobile
4393,10660,s0001311,2026-06-22 17:18:18,page_view,Desktop
4394,10660,s0001311,2026-06-22 17:19:51,page_view,Desktop
4395,10101,s0001312,2026-06-22 11:42:33,page_view,desktop
4396,10101,s0001312,2026-06-22 11:44:10,page_view,desktop
4397,10101,s0001312,2026-06-22 11:44:34,page_view,desktop
4398,,s0001313,2026-06-22 10:57:24,page_view,desktop
4399,,s0001313,2026-06-22 10:58:16,page_view,desktop
4400,,s0001313,2026-06-22 10:58:23,page_view,desktop
4401,,s0001313,2026-06-22 10:58:33,page_view,desktop
4402,,s0001314,2026-06-22 21:02:49,page_view,mobile
4403,10091,s0001315,2026-06-22 08:15:29,page_view,tablet
4404,10091,s0001315,2026-06-22 08:15:44,page_view,tablet
4405,10091,s0001315,2026-06-22 08:16:25,page_view,tablet
4406,10208,s0001316,2026-06-22 02:04:48,page_view,desktop
4407,10208,s0001316,2026-06-22 02:05:33,add_to_cart,desktop
4408,10208,s0001316,2026-06-22 02:06:31,begin_checkout,desktop
4409,10208,s0001316,2026-06-22 02:06:34,purchase,desktop
4410,10573,s0001317,2026-06-22 21:46:57,page_view,mobile
4411,10573,s0001317,2026-06-22 21:48:29,page_view,mobile
4412,10573,s0001317,2026-06-22 21:50:27,page_view,mobile
4413,10553,s0001318,2026-06-22 15:36:06,page_view,mobile
4414,10553,s0001318,2026-06-22 15:37:45,add_to_cart,mobile
4415,10553,s0001318,2026-06-22 15:39:17,begin_checkout,mobile
4416,10553,s0001318,2026-06-22 15:40:01,purchase,mobile
4417,,s0001319,2026-06-22 00:56:57,page_view,desktop
4418,,s0001319,2026-06-22 00:58:43,add_to_cart,desktop
4419,,s0001319,2026-06-22 00:59:20,begin_checkout,desktop
4420,,s0001319,2026-06-22 00:59:44,purchase,desktop
4421,10192,s0001320,2026-06-22 06:45:39,page_view,desktop
4422,10213,s0001321,2026-06-22 10:50:16,page_view,desktop
4423,,s0001322,2026-06-22 17:17:24,page_view,mobile
4424,,s0001322,2026-06-22 17:18:24,page_view,mobile
4425,,s0001322,2026-06-22 17:18:46,add_to_cart,mobile
4426,10011,s0001323,2026-06-22 17:57:53,page_view,desktop
4427,10401,s0001324,2026-06-22 18:08:01,page_view,mobile
4428,10401,s0001324,2026-06-22 18:08:50,page_view,mobile
4429,10401,s0001324,2026-06-22 18:10:49,page_view,mobile
4430,10401,s0001324,2026-06-22 18:11:12,add_to_cart,mobile
4431,10473,s0001325,2026-06-22 11:47:31,page_view,desktop
4432,10473,s0001325,2026-06-22 11:48:27,page_view,desktop
4433,10473,s0001325,2026-06-22 11:48:36,page_view,desktop
4434,10473,s0001325,2026-06-22 11:49:15,add_to_cart,desktop
4435,10473,s0001325,2026-06-22 11:49:48,begin_checkout,desktop
4436,10476,s0001326,2026-06-22 19:41:47,page_view,mobile
4437,10476,s0001326,2026-06-22 19:43:23,page_view,mobile
4438,10476,s0001326,2026-06-22 19:43:30,page_view,mobile
4439,10265,s0001327,2026-06-22 10:57:25,page_view,desktop
4440,10265,s0001327,2026-06-22 10:57:34,page_view,desktop
4441,10265,s0001327,2026-06-22 10:58:49,add_to_cart,desktop
4442,10287,s0001328,2026-06-22 12:05:19,page_view,mobile
4443,10287,s0001328,2026-06-22 12:05:34,page_view,mobile
4444,10287,s0001328,2026-06-22 12:06:18,page_view,mobile
4445,10287,s0001328,2026-06-22 12:07:06,page_view,mobile
4446,10292,s0001329,2026-06-22 07:22:11,page_view,tablet
4447,10292,s0001329,2026-06-22 07:22:48,page_view,tablet
4448,10292,s0001329,2026-06-22 07:23:35,page_view,tablet
4449,,s0001330,2026-06-22 06:37:09,page_view,desktop
4450,,s0001330,2026-06-22 06:37:44,page_view,desktop
4451,,s0001330,2026-06-22 06:38:47,page_view,desktop
4452,,s0001330,2026-06-22 06:39:42,page_view,desktop
4453,,s0001330,2026-06-22 06:41:17,add_to_cart,desktop
4454,,s0001330,2026-06-22 06:42:24,begin_checkout,desktop
4455,10024,s0001331,2026-06-22 19:58:06,page_view,mobile
4456,10024,s0001331,2026-06-22 19:58:54,page_view,mobile
4457,10037,s0001332,2026-06-22 06:38:17,page_view,desktop
4458,10037,s0001332,2026-06-22 06:38:35,page_view,desktop
4459,10037,s0001332,2026-06-22 06:40:34,page_view,desktop
4460,10037,s0001332,2026-06-22 06:41:12,page_view,desktop
4461,10037,s0001332,2026-06-22 06:41:37,add_to_cart,desktop
4462,10037,s0001332,2026-06-22 06:43:33,begin_checkout,desktop
4463,10037,s0001332,2026-06-22 06:45:33,purchase,desktop
4464,,s0001333,2026-06-22 15:36:29,page_view,Mobile
4465,,s0001333,2026-06-22 15:36:45,page_view,Mobile
4466,,s0001333,2026-06-22 15:37:03,add_to_cart,Mobile
4467,,s0001333,2026-06-22 15:37:09,begin_checkout,Mobile
4468,,s0001333,2026-06-22 15:37:46,purchase,Mobile
4469,10364,s0001334,2026-06-22 22:49:54,page_view,desktop
4470,10364,s0001334,2026-06-22 22:51:18,page_view,desktop
4471,10364,s0001334,2026-06-22 22:52:35,page_view,desktop
4472,10364,s0001334,2026-06-22 22:53:05,add_to_cart,desktop
4473,10364,s0001334,2026-06-22 22:53:10,begin_checkout,desktop
4474,10364,s0001334,2026-06-22 22:54:32,purchase,desktop
4475,,s0001335,2026-06-22 07:12:02,page_view,desktop
4476,,s0001335,2026-06-22 07:12:53,page_view,desktop
4477,,s0001335,2026-06-22 07:14:46,page_view,desktop
4478,10530,s0001336,2026-06-22 20:57:01,page_view,desktop
4479,10530,s0001336,2026-06-22 20:57:27,add_to_cart,desktop
4480,10530,s0001336,2026-06-22 20:59:13,begin_checkout,desktop
4481,10530,s0001336,2026-06-22 20:59:44,purchase,desktop
4482,,s0001337,2026-06-22 07:43:46,page_view,desktop
4483,10475,s0001338,2026-06-22 07:55:25,page_view,Desktop
4484,10475,s0001338,2026-06-22 07:57:25,page_view,Desktop
4485,10475,s0001338,2026-06-22 07:58:38,page_view,Desktop
4486,10475,s0001338,2026-06-22 07:58:44,page_view,Desktop
4487,,s0001339,2026-06-22 20:22:44,page_view,mobile
4488,10376,s0001340,2026-06-22 15:10:34,page_view,desktop
4489,10376,s0001340,2026-06-22 15:12:01,page_view,desktop
4490,10376,s0001340,2026-06-22 15:13:08,page_view,desktop
4491,10376,s0001340,2026-06-22 15:13:49,page_view,desktop
4492,10074,s0001341,2026-06-23 01:12:02,page_view,desktop
4493,10074,s0001341,2026-06-23 01:12:22,page_view,desktop
4494,10074,s0001341,2026-06-23 01:14:05,add_to_cart,desktop
4495,10074,s0001341,2026-06-23 01:14:45,begin_checkout,desktop
4496,,s0001342,2026-06-23 09:49:14,page_view,Mobile
4497,,s0001342,2026-06-23 09:50:05,add_to_cart,Mobile
4498,,s0001342,2026-06-23 09:51:27,begin_checkout,Mobile
4499,,s0001342,2026-06-23 09:52:36,purchase,Mobile
4500,,s0001343,2026-06-23 18:46:40,page_view,mobile
4501,,s0001343,2026-06-23 18:47:05,page_view,mobile
4502,,s0001343,2026-06-23 18:47:55,page_view,mobile
4503,,s0001343,2026-06-23 18:49:30,add_to_cart,mobile
4504,,s0001343,2026-06-23 18:50:39,begin_checkout,mobile
4505,,s0001343,2026-06-23 18:50:43,purchase,mobile
4506,,s0001344,2026-06-23 13:25:50,page_view,desktop
4507,,s0001344,2026-06-23 13:27:43,page_view,desktop
4508,,s0001344,2026-06-23 13:27:48,page_view,desktop
4509,10279,s0001345,2026-06-23 00:25:10,page_view,desktop
4510,,s0001346,2026-06-23 14:31:56,page_view,desktop
4511,,s0001347,2026-06-23 13:15:48,page_view,desktop
4512,,s0001347,2026-06-23 13:17:21,page_view,desktop
4513,,s0001347,2026-06-23 13:19:19,page_view,desktop
4514,,s0001347,2026-06-23 13:20:21,add_to_cart,desktop
4515,,s0001347,2026-06-23 13:22:12,begin_checkout,desktop
4516,,s0001347,2026-06-23 13:23:41,purchase,desktop
4517,10253,s0001348,2026-06-23 14:04:43,page_view,tablet
4518,10253,s0001348,2026-06-23 14:06:23,page_view,tablet
4519,10253,s0001348,2026-06-23 14:07:56,page_view,tablet
4520,10253,s0001348,2026-06-23 14:07:59,page_view,tablet
4521,10253,s0001348,2026-06-23 14:09:47,add_to_cart,tablet
4522,10253,s0001348,2026-06-23 14:10:22,begin_checkout,tablet
4523,10253,s0001348,2026-06-23 14:11:45,purchase,tablet
4524,10475,s0001349,2026-06-23 01:57:26,page_view,mobile
4525,10475,s0001349,2026-06-23 01:59:23,page_view,mobile
4526,,s0001350,2026-06-23 21:27:54,page_view,desktop
4527,,s0001350,2026-06-23 21:29:12,page_view,desktop
4528,,s0001350,2026-06-23 21:30:00,page_view,desktop
4529,,s0001350,2026-06-23 21:30:54,page_view,desktop
4530,,s0001350,2026-06-23 21:31:31,add_to_cart,desktop
4531,10513,s0001351,2026-06-23 03:18:23,page_view,desktop
4532,10513,s0001351,2026-06-23 03:18:34,page_view,desktop
4533,10513,s0001351,2026-06-23 03:18:37,page_view,desktop
4534,10513,s0001351,2026-06-23 03:19:26,page_view,desktop
4535,,s0001352,2026-06-23 14:56:56,page_view,mobile
4536,,s0001352,2026-06-23 14:57:24,page_view,mobile
4537,,s0001352,2026-06-23 14:57:59,page_view,mobile
4538,,s0001352,2026-06-23 14:58:26,add_to_cart,mobile
4539,,s0001353,2026-06-23 22:30:55,page_view,mobile
4540,,s0001353,2026-06-23 22:31:01,add_to_cart,mobile
4541,10056,s0001354,2026-06-23 04:51:17,page_view,tablet
4542,10056,s0001354,2026-06-23 04:51:23,page_view,tablet
4543,10056,s0001354,2026-06-23 04:52:15,page_view,tablet
4544,10056,s0001354,2026-06-23 04:53:08,page_view,tablet
4545,,s0001355,2026-06-23 13:29:56,page_view,tablet
4546,,s0001355,2026-06-23 13:30:37,page_view,tablet
4547,,s0001355,2026-06-23 13:30:54,page_view,tablet
4548,,s0001355,2026-06-23 13:31:09,page_view,tablet
4549,10662,s0001356,2026-06-23 03:24:35,page_view,desktop
4550,10662,s0001356,2026-06-23 03:26:19,page_view,desktop
4551,10662,s0001356,2026-06-23 03:27:24,page_view,desktop
4552,10662,s0001356,2026-06-23 03:27:59,page_view,desktop
4553,10641,s0001357,2026-06-23 09:21:37,page_view,mobile
4554,10628,s0001358,2026-06-23 03:08:41,page_view,desktop
4555,10628,s0001358,2026-06-23 03:09:39,page_view,desktop
4556,,s0001359,2026-06-23 21:25:45,page_view,desktop
4557,,s0001360,2026-06-23 04:37:55,page_view,mobile
4558,,s0001360,2026-06-23 04:38:09,page_view,mobile
4559,,s0001360,2026-06-23 04:38:51,page_view,mobile
4560,,s0001360,2026-06-23 04:39:38,page_view,mobile
4561,10248,s0001361,2026-06-23 08:43:43,page_view,mobile
4562,10248,s0001361,2026-06-23 08:43:51,page_view,mobile
4563,10248,s0001361,2026-06-23 08:44:22,add_to_cart,mobile
4564,10248,s0001361,2026-06-23 08:46:14,begin_checkout,mobile
4565,10527,s0001362,2026-06-23 21:35:20,page_view,tablet
4566,10527,s0001362,2026-06-23 21:35:30,page_view,tablet
4567,10527,s0001362,2026-06-23 21:36:10,page_view,tablet
4568,10041,s0001363,2026-06-23 11:09:51,page_view,mobile
4569,10041,s0001363,2026-06-23 11:11:18,page_view,mobile
4570,10041,s0001363,2026-06-23 11:11:58,page_view,mobile
4571,10041,s0001363,2026-06-23 11:12:50,page_view,mobile
4572,10273,s0001364,2026-06-23 20:41:45,page_view,desktop
4573,10273,s0001364,2026-06-23 20:42:35,add_to_cart,desktop
4574,10273,s0001364,2026-06-23 20:42:54,begin_checkout,desktop
4575,10273,s0001364,2026-06-23 20:44:44,purchase,desktop
4576,,s0001365,2026-06-23 19:21:05,page_view,desktop
4577,,s0001365,2026-06-23 19:22:17,add_to_cart,desktop
4578,10084,s0001366,2026-06-23 19:11:11,page_view,mobile
4579,10084,s0001366,2026-06-23 19:11:43,page_view,mobile
4580,10084,s0001366,2026-06-23 19:12:04,page_view,mobile
4581,10084,s0001366,2026-06-23 19:12:37,page_view,mobile
4582,10084,s0001366,2026-06-23 19:13:27,add_to_cart,mobile
4583,10084,s0001366,2026-06-23 19:13:42,begin_checkout,mobile
4584,10084,s0001366,2026-06-23 19:13:54,purchase,mobile
4585,,s0001367,2026-06-23 06:18:26,page_view,desktop
4586,,s0001367,2026-06-23 06:19:56,page_view,desktop
4587,,s0001367,2026-06-23 06:21:40,page_view,desktop
4588,10165,s0001368,2026-06-23 14:38:41,page_view,desktop
4589,10165,s0001368,2026-06-23 14:40:20,add_to_cart,desktop
4590,10672,s0001369,2026-06-23 17:30:59,page_view,mobile
4591,10672,s0001369,2026-06-23 17:31:30,page_view,mobile
4592,10672,s0001369,2026-06-23 17:32:29,add_to_cart,mobile
4593,10672,s0001369,2026-06-23 17:33:17,begin_checkout,mobile
4594,10672,s0001369,2026-06-23 17:34:16,purchase,mobile
4595,,s0001370,2026-06-23 13:38:12,page_view,tablet
4596,,s0001371,2026-06-23 00:12:35,page_view,mobile
4597,10553,s0001372,2026-06-23 16:21:03,page_view,tablet
4598,10616,s0001373,2026-06-23 12:13:50,page_view,mobile
4599,10595,s0001374,2026-06-23 15:49:31,page_view,mobile
4600,10253,s0001375,2026-06-23 06:20:51,page_view,mobile
4601,10253,s0001375,2026-06-23 06:22:22,page_view,mobile
4602,,s0001376,2026-06-23 20:33:18,page_view,mobile
4603,,s0001376,2026-06-23 20:33:31,page_view,mobile
4604,,s0001376,2026-06-23 20:34:23,page_view,mobile
4605,,s0001376,2026-06-23 20:35:02,page_view,mobile
4606,10055,s0001377,2026-06-23 12:08:25,page_view,mobile
4607,10055,s0001377,2026-06-23 12:09:34,page_view,mobile
4608,10055,s0001377,2026-06-23 12:10:18,page_view,mobile
4609,,s0001378,2026-06-23 00:29:41,page_view,mobile
4610,,s0001378,2026-06-23 00:31:23,page_view,mobile
4611,,s0001378,2026-06-23 00:33:18,page_view,mobile
4612,,s0001379,2026-06-23 22:21:08,page_view,mobile
4613,10250,s0001380,2026-06-23 20:58:42,page_view,mobile
4614,10250,s0001380,2026-06-23 21:00:33,add_to_cart,mobile
4615,10250,s0001380,2026-06-23 21:02:00,begin_checkout,mobile
4616,,s0001381,2026-06-23 12:10:02,page_view,tablet
4617,,s0001381,2026-06-23 12:11:19,page_view,tablet
4618,,s0001381,2026-06-23 12:12:49,page_view,tablet
4619,,s0001381,2026-06-23 12:13:07,page_view,tablet
4620,10074,s0001382,2026-06-23 15:49:07,page_view,desktop
4621,10074,s0001382,2026-06-23 15:50:05,page_view,desktop
4622,10074,s0001382,2026-06-23 15:51:03,page_view,desktop
4623,10074,s0001382,2026-06-23 15:52:09,page_view,desktop
4624,10074,s0001382,2026-06-23 15:53:55,add_to_cart,desktop
4625,10092,s0001383,2026-06-23 20:04:13,page_view,mobile
4626,10092,s0001383,2026-06-23 20:05:03,page_view,mobile
4627,10092,s0001383,2026-06-23 20:05:24,add_to_cart,mobile
4628,,s0001384,2026-06-23 02:12:36,page_view,mobile
4629,,s0001385,2026-06-23 13:24:29,page_view,tablet
4630,,s0001385,2026-06-23 13:25:15,add_to_cart,tablet
4631,,s0001386,2026-06-23 02:57:29,page_view,desktop
4632,,s0001386,2026-06-23 02:59:20,page_view,desktop
4633,,s0001386,2026-06-23 03:00:25,page_view,desktop
4634,,s0001386,2026-06-23 03:02:16,page_view,desktop
4635,10200,s0001387,2026-06-23 20:24:07,page_view,mobile
4636,10200,s0001387,2026-06-23 20:25:02,page_view,mobile
4637,10200,s0001387,2026-06-23 20:26:02,page_view,mobile
4638,10200,s0001387,2026-06-23 20:26:52,add_to_cart,mobile
4639,10200,s0001387,2026-06-23 20:27:53,begin_checkout,mobile
4640,10195,s0001388,2026-06-23 10:34:54,page_view,mobile
4641,10195,s0001388,2026-06-23 10:36:34,add_to_cart,mobile
4642,10195,s0001388,2026-06-23 10:38:10,begin_checkout,mobile
4643,10237,s0001389,2026-06-23 22:19:58,page_view,desktop
4644,10237,s0001389,2026-06-23 22:21:00,page_view,desktop
4645,10237,s0001389,2026-06-23 22:21:15,page_view,desktop
4646,10237,s0001389,2026-06-23 22:21:46,page_view,desktop
4647,,s0001390,2026-06-23 12:52:14,page_view,mobile
4648,,s0001390,2026-06-23 12:53:01,page_view,mobile
4649,,s0001390,2026-06-23 12:53:12,page_view,mobile
4650,,s0001390,2026-06-23 12:54:35,page_view,mobile
4651,,s0001390,2026-06-23 12:54:56,add_to_cart,mobile
4652,,s0001390,2026-06-23 12:55:20,begin_checkout,mobile
4653,,s0001390,2026-06-23 12:56:56,purchase,mobile
4654,10020,s0001391,2026-06-23 18:55:19,page_view,desktop
4655,10020,s0001391,2026-06-23 18:56:40,page_view,desktop
4656,10020,s0001391,2026-06-23 18:58:09,page_view,desktop
4657,10020,s0001391,2026-06-23 18:58:36,page_view,desktop
4658,,s0001392,2026-06-23 16:56:51,page_view,desktop
4659,,s0001392,2026-06-23 16:57:29,page_view,desktop
4660,,s0001392,2026-06-23 16:57:32,page_view,desktop
4661,,s0001392,2026-06-23 16:58:48,page_view,desktop
4662,10038,s0001393,2026-06-23 05:16:17,page_view,desktop
4663,10038,s0001393,2026-06-23 05:18:00,page_view,desktop
4664,10038,s0001393,2026-06-23 05:19:34,add_to_cart,desktop
4665,10456,s0001394,2026-06-23 20:35:27,page_view,desktop
4666,10456,s0001394,2026-06-23 20:36:26,page_view,desktop
4667,10456,s0001394,2026-06-23 20:38:11,page_view,desktop
4668,10456,s0001394,2026-06-23 20:38:31,add_to_cart,desktop
4669,10553,s0001395,2026-06-23 09:59:28,page_view,Mobile
4670,10553,s0001395,2026-06-23 09:59:33,add_to_cart,Mobile
4671,10212,s0001396,2026-06-23 13:39:46,page_view,desktop
4672,,s0001397,2026-06-23 20:26:04,page_view,mobile
4673,,s0001397,2026-06-23 20:26:22,page_view,mobile
4674,10472,s0001398,2026-06-23 15:18:18,page_view,mobile
4675,10472,s0001398,2026-06-23 15:19:58,page_view,mobile
4676,10472,s0001398,2026-06-23 15:20:11,page_view,mobile
4677,10472,s0001398,2026-06-23 15:22:10,page_view,mobile
4678,10472,s0001398,2026-06-23 15:23:27,add_to_cart,mobile
4679,10472,s0001398,2026-06-23 15:23:38,begin_checkout,mobile
4680,10472,s0001398,2026-06-23 15:24:35,purchase,mobile
4681,10018,s0001399,2026-06-23 19:03:34,page_view,tablet
4682,10018,s0001399,2026-06-23 19:03:55,add_to_cart,tablet
4683,10516,s0001400,2026-06-23 20:17:22,page_view,desktop
4684,10516,s0001400,2026-06-23 20:18:21,page_view,desktop
4685,10084,s0001401,2026-06-23 16:03:52,page_view,mobile
4686,10084,s0001401,2026-06-23 16:05:30,page_view,mobile
4687,10084,s0001401,2026-06-23 16:06:11,page_view,mobile
4688,10084,s0001401,2026-06-23 16:07:41,page_view,mobile
4689,10084,s0001401,2026-06-23 16:08:06,add_to_cart,mobile
4690,10084,s0001401,2026-06-23 16:08:43,begin_checkout,mobile
4691,,s0001402,2026-06-23 04:36:13,page_view,desktop
4692,,s0001402,2026-06-23 04:36:18,page_view,desktop
4693,10316,s0001403,2026-06-23 01:18:32,page_view,mobile
4694,,s0001404,2026-06-23 05:21:38,page_view,desktop
4695,,s0001404,2026-06-23 05:21:54,page_view,desktop
4696,,s0001404,2026-06-23 05:23:25,page_view,desktop
4697,,s0001404,2026-06-23 05:25:18,page_view,desktop
4698,,s0001404,2026-06-23 05:26:26,add_to_cart,desktop
4699,10360,s0001405,2026-06-23 06:51:07,page_view,mobile
4700,10657,s0001406,2026-06-23 01:32:14,page_view,desktop
4701,10657,s0001406,2026-06-23 01:33:01,page_view,desktop
4702,10657,s0001406,2026-06-23 01:33:07,page_view,desktop
4703,10207,s0001407,2026-06-23 13:03:33,page_view,mobile
4704,10207,s0001407,2026-06-23 13:03:48,page_view,mobile
4705,10207,s0001407,2026-06-23 13:05:07,page_view,mobile
4706,10207,s0001407,2026-06-23 13:06:13,page_view,mobile
4707,,s0001408,2026-06-23 10:53:28,page_view,desktop
4708,,s0001408,2026-06-23 10:54:40,page_view,desktop
4709,,s0001408,2026-06-23 10:56:35,page_view,desktop
4710,,s0001408,2026-06-23 10:56:57,page_view,desktop
4711,10656,s0001409,2026-06-23 06:00:51,page_view,desktop
4712,10656,s0001409,2026-06-23 06:02:23,page_view,desktop
4713,10656,s0001409,2026-06-23 06:04:13,page_view,desktop
4714,10656,s0001409,2026-06-23 06:05:50,add_to_cart,desktop
4715,10656,s0001409,2026-06-23 06:07:22,begin_checkout,desktop
4716,10141,s0001410,2026-06-23 19:51:09,page_view,mobile
4717,10141,s0001410,2026-06-23 19:52:07,page_view,mobile
4718,10141,s0001410,2026-06-23 19:53:51,page_view,mobile
4719,10085,s0001411,2026-06-23 02:35:05,page_view,desktop
4720,10085,s0001411,2026-06-23 02:35:20,page_view,desktop
4721,10085,s0001411,2026-06-23 02:35:43,page_view,desktop
4722,10085,s0001411,2026-06-23 02:37:28,page_view,desktop
4723,,s0001412,2026-06-23 20:11:52,page_view,mobile
4724,,s0001412,2026-06-23 20:13:29,add_to_cart,mobile
4725,,s0001412,2026-06-23 20:13:44,begin_checkout,mobile
4726,,s0001412,2026-06-23 20:13:49,purchase,mobile
4727,,s0001413,2026-06-23 05:56:17,page_view,mobile
4728,,s0001413,2026-06-23 05:57:08,page_view,mobile
4729,,s0001413,2026-06-23 05:58:22,page_view,mobile
4730,,s0001413,2026-06-23 05:58:59,page_view,mobile
4731,10062,s0001414,2026-06-23 07:05:59,page_view,mobile
4732,10513,s0001415,2026-06-24 06:38:17,page_view,desktop
4733,10513,s0001415,2026-06-24 06:38:20,page_view,desktop
4734,10513,s0001415,2026-06-24 06:39:48,page_view,desktop
4735,10304,s0001416,2026-06-24 10:25:12,page_view,desktop
4736,10304,s0001416,2026-06-24 10:26:05,page_view,desktop
4737,10483,s0001417,2026-06-24 16:41:52,page_view,mobile
4738,10483,s0001417,2026-06-24 16:42:21,page_view,mobile
4739,10162,s0001418,2026-06-24 15:49:19,page_view,desktop
4740,10162,s0001418,2026-06-24 15:49:58,add_to_cart,desktop
4741,10162,s0001418,2026-06-24 15:50:37,begin_checkout,desktop
4742,10162,s0001418,2026-06-24 15:52:13,purchase,desktop
4743,,s0001419,2026-06-24 15:55:04,page_view,desktop
4744,,s0001419,2026-06-24 15:56:27,page_view,desktop
4745,,s0001419,2026-06-24 15:56:39,page_view,desktop
4746,,s0001419,2026-06-24 15:57:14,page_view,desktop
4747,,s0001419,2026-06-24 15:57:35,add_to_cart,desktop
4748,10206,s0001420,2026-06-24 02:51:00,page_view,tablet
4749,10206,s0001420,2026-06-24 02:51:51,page_view,tablet
4750,,s0001421,2026-06-24 00:23:05,page_view,mobile
4751,,s0001421,2026-06-24 00:23:45,page_view,mobile
4752,,s0001421,2026-06-24 00:24:10,page_view,mobile
4753,,s0001421,2026-06-24 00:25:12,page_view,mobile
4754,,s0001421,2026-06-24 00:25:29,add_to_cart,mobile
4755,,s0001421,2026-06-24 00:27:20,begin_checkout,mobile
4756,,s0001421,2026-06-24 00:28:58,purchase,mobile
4757,10531,s0001422,2026-06-24 15:10:12,page_view,desktop
4758,10531,s0001422,2026-06-24 15:10:32,page_view,desktop
4759,10531,s0001422,2026-06-24 15:10:51,page_view,desktop
4760,10356,s0001423,2026-06-24 15:22:00,page_view,mobile
4761,10356,s0001423,2026-06-24 15:23:33,page_view,mobile
4762,10356,s0001423,2026-06-24 15:24:49,page_view,mobile
4763,10356,s0001423,2026-06-24 15:25:38,add_to_cart,mobile
4764,10356,s0001423,2026-06-24 15:27:26,begin_checkout,mobile
4765,10076,s0001424,2026-06-24 13:15:06,page_view,desktop
4766,10076,s0001424,2026-06-24 13:16:26,page_view,desktop
4767,10076,s0001424,2026-06-24 13:17:30,page_view,desktop
4768,10076,s0001424,2026-06-24 13:17:43,page_view,desktop
4769,10076,s0001424,2026-06-24 13:19:30,add_to_cart,desktop
4770,10676,s0001425,2026-06-24 14:03:35,page_view,mobile
4771,10676,s0001425,2026-06-24 14:04:23,page_view,mobile
4772,10676,s0001425,2026-06-24 14:05:47,add_to_cart,mobile
4773,,s0001426,2026-06-24 21:46:08,page_view,mobile
4774,,s0001426,2026-06-24 21:46:59,page_view,mobile
4775,,s0001426,2026-06-24 21:48:26,page_view,mobile
4776,,s0001426,2026-06-24 21:49:23,page_view,mobile
4777,,s0001426,2026-06-24 21:50:29,add_to_cart,mobile
4778,,s0001426,2026-06-24 21:51:20,begin_checkout,mobile
4779,,s0001426,2026-06-24 21:52:13,purchase,mobile
4780,,s0001427,2026-06-24 03:23:57,page_view,tablet
4781,,s0001427,2026-06-24 03:25:37,page_view,tablet
4782,,s0001427,2026-06-24 03:27:20,add_to_cart,tablet
4783,,s0001427,2026-06-24 03:28:55,begin_checkout,tablet
4784,,s0001427,2026-06-24 03:29:33,purchase,tablet
4785,10313,s0001428,2026-06-24 05:54:07,page_view,tablet
4786,,s0001429,2026-06-24 10:20:04,page_view,desktop
4787,,s0001429,2026-06-24 10:20:22,page_view,desktop
4788,,s0001429,2026-06-24 10:21:04,page_view,desktop
4789,10692,s0001430,2026-06-24 06:58:47,page_view,Desktop
4790,10692,s0001430,2026-06-24 07:00:37,page_view,Desktop
4791,10692,s0001430,2026-06-24 07:00:46,page_view,Desktop
4792,,s0001431,2026-06-24 20:24:44,page_view,desktop
4793,,s0001431,2026-06-24 20:26:24,page_view,desktop
4794,10324,s0001432,2026-06-24 19:33:44,page_view,desktop
4795,10324,s0001432,2026-06-24 19:34:13,page_view,desktop
4796,10074,s0001433,2026-06-24 16:42:33,page_view,mobile
4797,10074,s0001433,2026-06-24 16:42:38,page_view,mobile
4798,10409,s0001434,2026-06-24 12:05:33,page_view,mobile
4799,,s0001435,2026-06-24 04:05:52,page_view,tablet
4800,,s0001435,2026-06-24 04:05:59,page_view,tablet
4801,,s0001436,2026-06-24 06:22:59,page_view,desktop
4802,,s0001436,2026-06-24 06:24:27,page_view,desktop
4803,10589,s0001437,2026-06-24 03:39:10,page_view,mobile
4804,10589,s0001437,2026-06-24 03:41:00,page_view,mobile
4805,10170,s0001438,2026-06-24 22:22:11,page_view,desktop
4806,10170,s0001438,2026-06-24 22:24:10,page_view,desktop
4807,10170,s0001438,2026-06-24 22:24:47,page_view,desktop
4808,10631,s0001439,2026-06-24 12:19:01,page_view,desktop
4809,10631,s0001439,2026-06-24 12:19:52,page_view,desktop
4810,10631,s0001439,2026-06-24 12:21:38,page_view,desktop
4811,10357,s0001440,2026-06-24 00:02:08,page_view,desktop
4812,10357,s0001440,2026-06-24 00:02:56,page_view,desktop
4813,10357,s0001440,2026-06-24 00:03:24,add_to_cart,desktop
4814,10357,s0001440,2026-06-24 00:04:35,begin_checkout,desktop
4815,10357,s0001440,2026-06-24 00:05:03,purchase,desktop
4816,10464,s0001441,2026-06-24 04:26:23,page_view,desktop
4817,10464,s0001441,2026-06-24 04:26:35,page_view,desktop
4818,10464,s0001441,2026-06-24 04:28:01,page_view,desktop
4819,10464,s0001441,2026-06-24 04:28:57,page_view,desktop
4820,,s0001442,2026-06-24 19:51:44,page_view,desktop
4821,,s0001443,2026-06-24 14:53:03,page_view,mobile
4822,,s0001443,2026-06-24 14:53:20,page_view,mobile
4823,,s0001443,2026-06-24 14:53:38,page_view,mobile
4824,,s0001443,2026-06-24 14:54:44,page_view,mobile
4825,10083,s0001444,2026-06-24 19:51:31,page_view,Desktop
4826,10083,s0001444,2026-06-24 19:52:15,page_view,Desktop
4827,10083,s0001444,2026-06-24 19:53:38,page_view,Desktop
4828,10083,s0001444,2026-06-24 19:54:55,add_to_cart,Desktop
4829,10191,s0001445,2026-06-24 03:56:04,page_view,mobile
4830,10191,s0001445,2026-06-24 03:57:46,page_view,mobile
4831,10191,s0001445,2026-06-24 03:57:58,add_to_cart,mobile
4832,10562,s0001446,2026-06-24 09:17:39,page_view,tablet
4833,10562,s0001446,2026-06-24 09:18:07,page_view,tablet
4834,10562,s0001446,2026-06-24 09:19:38,page_view,tablet
4835,10562,s0001446,2026-06-24 09:21:24,page_view,tablet
4836,10562,s0001446,2026-06-24 09:22:15,add_to_cart,tablet
4837,10562,s0001446,2026-06-24 09:22:40,begin_checkout,tablet
4838,10267,s0001447,2026-06-24 00:32:16,page_view,desktop
4839,10267,s0001447,2026-06-24 00:33:12,page_view,desktop
4840,10267,s0001447,2026-06-24 00:34:48,page_view,desktop
4841,10267,s0001447,2026-06-24 00:35:05,page_view,desktop
4842,10267,s0001447,2026-06-24 00:36:37,add_to_cart,desktop
4843,,s0001448,2026-06-24 10:01:42,page_view,desktop
4844,,s0001448,2026-06-24 10:02:39,page_view,desktop
4845,,s0001448,2026-06-24 10:04:38,page_view,desktop
4846,,s0001448,2026-06-24 10:04:48,add_to_cart,desktop
4847,,s0001448,2026-06-24 10:04:54,begin_checkout,desktop
4848,,s0001448,2026-06-24 10:05:58,purchase,desktop
4849,10293,s0001449,2026-06-24 13:28:04,page_view,desktop
4850,10293,s0001449,2026-06-24 13:30:03,page_view,desktop
4851,10293,s0001449,2026-06-24 13:31:25,add_to_cart,desktop
4852,10215,s0001450,2026-06-24 01:04:59,page_view,desktop
4853,10199,s0001451,2026-06-24 09:31:12,page_view,desktop
4854,10199,s0001451,2026-06-24 09:32:50,page_view,desktop
4855,,s0001452,2026-06-24 03:13:29,page_view,tablet
4856,,s0001452,2026-06-24 03:15:10,page_view,tablet
4857,,s0001452,2026-06-24 03:16:19,add_to_cart,tablet
4858,10512,s0001453,2026-06-24 07:30:44,page_view,Mobile
4859,10535,s0001454,2026-06-24 11:25:59,page_view,desktop
4860,10535,s0001454,2026-06-24 11:26:51,page_view,desktop
4861,10535,s0001454,2026-06-24 11:27:48,page_view,desktop
4862,10535,s0001454,2026-06-24 11:28:42,page_view,desktop
4863,,s0001455,2026-06-24 21:56:16,page_view,desktop
4864,,s0001455,2026-06-24 21:57:25,page_view,desktop
4865,,s0001455,2026-06-24 21:58:18,page_view,desktop
4866,,s0001455,2026-06-24 21:58:52,page_view,desktop
4867,10674,s0001456,2026-06-24 00:50:54,page_view,desktop
4868,,s0001457,2026-06-24 22:08:30,page_view,desktop
4869,,s0001457,2026-06-24 22:09:45,page_view,desktop
4870,,s0001458,2026-06-24 18:39:05,page_view,desktop
4871,,s0001458,2026-06-24 18:41:01,page_view,desktop
4872,,s0001459,2026-06-24 13:24:50,page_view,mobile
4873,,s0001459,2026-06-24 13:25:29,page_view,mobile
4874,,s0001459,2026-06-24 13:26:11,page_view,mobile
4875,,s0001459,2026-06-24 13:27:12,page_view,mobile
4876,,s0001459,2026-06-24 13:28:14,add_to_cart,mobile
4877,,s0001459,2026-06-24 13:30:14,begin_checkout,mobile
4878,,s0001459,2026-06-24 13:30:19,purchase,mobile
4879,10658,s0001460,2026-06-24 18:12:36,page_view,desktop
4880,10658,s0001460,2026-06-24 18:14:20,page_view,desktop
4881,10683,s0001461,2026-06-24 08:27:15,page_view,desktop
4882,10683,s0001461,2026-06-24 08:28:27,page_view,desktop
4883,10683,s0001461,2026-06-24 08:29:36,page_view,desktop
4884,10052,s0001462,2026-06-24 22:39:54,page_view,desktop
4885,10052,s0001462,2026-06-24 22:40:51,page_view,desktop
4886,10052,s0001462,2026-06-24 22:41:19,page_view,desktop
4887,10052,s0001462,2026-06-24 22:42:31,page_view,desktop
4888,10052,s0001462,2026-06-24 22:44:04,add_to_cart,desktop
4889,10335,s0001463,2026-06-24 10:47:32,page_view,desktop
4890,10335,s0001463,2026-06-24 10:48:39,page_view,desktop
4891,10335,s0001463,2026-06-24 10:50:09,page_view,desktop
4892,10335,s0001463,2026-06-24 10:51:36,page_view,desktop
4893,10461,s0001464,2026-06-24 15:18:08,page_view,mobile
4894,,s0001465,2026-06-24 15:00:00,page_view,desktop
4895,,s0001465,2026-06-24 15:01:55,page_view,desktop
4896,,s0001465,2026-06-24 15:02:37,page_view,desktop
4897,,s0001465,2026-06-24 15:03:46,page_view,desktop
4898,,s0001465,2026-06-24 15:04:03,add_to_cart,desktop
4899,,s0001465,2026-06-24 15:05:50,begin_checkout,desktop
4900,,s0001465,2026-06-24 15:07:13,purchase,desktop
4901,10549,s0001466,2026-06-24 18:55:34,page_view,desktop
4902,10549,s0001466,2026-06-24 18:56:49,page_view,desktop
4903,10601,s0001467,2026-06-24 04:26:38,page_view,mobile
4904,10601,s0001467,2026-06-24 04:27:19,page_view,mobile
4905,10601,s0001467,2026-06-24 04:28:01,page_view,mobile
4906,10601,s0001467,2026-06-24 04:29:30,add_to_cart,mobile
4907,10160,s0001468,2026-06-24 18:17:48,page_view,desktop
4908,10160,s0001468,2026-06-24 18:19:24,page_view,desktop
4909,10160,s0001468,2026-06-24 18:21:05,page_view,desktop
4910,,s0001469,2026-06-24 00:04:26,page_view,desktop
4911,,s0001469,2026-06-24 00:05:56,page_view,desktop
4912,10397,s0001470,2026-06-24 12:52:01,page_view,mobile
4913,10397,s0001470,2026-06-24 12:52:37,page_view,mobile
4914,10579,s0001471,2026-06-24 04:16:33,page_view,mobile
4915,10579,s0001471,2026-06-24 04:17:45,add_to_cart,mobile
4916,10579,s0001471,2026-06-24 04:19:38,begin_checkout,mobile
4917,10390,s0001472,2026-06-24 17:24:17,page_view,tablet
4918,10390,s0001472,2026-06-24 17:26:16,page_view,tablet
4919,10390,s0001472,2026-06-24 17:26:58,page_view,tablet
4920,,s0001473,2026-06-24 08:21:06,page_view,mobile
4921,,s0001473,2026-06-24 08:22:49,page_view,mobile
4922,,s0001473,2026-06-24 08:24:31,page_view,mobile
4923,,s0001473,2026-06-24 08:25:34,page_view,mobile
4924,,s0001473,2026-06-24 08:25:40,add_to_cart,mobile
4925,10034,s0001474,2026-06-24 04:29:15,page_view,Desktop
4926,10034,s0001474,2026-06-24 04:30:51,page_view,Desktop
4927,10034,s0001474,2026-06-24 04:31:11,add_to_cart,Desktop
4928,10034,s0001474,2026-06-24 04:31:14,begin_checkout,Desktop
4929,10034,s0001474,2026-06-24 04:31:45,purchase,Desktop
4930,10302,s0001475,2026-06-24 22:29:29,page_view,tablet
4931,10302,s0001475,2026-06-24 22:30:56,page_view,tablet
4932,10302,s0001475,2026-06-24 22:31:41,page_view,tablet
4933,10302,s0001475,2026-06-24 22:31:54,page_view,tablet
4934,,s0001476,2026-06-24 15:45:45,page_view,mobile
4935,,s0001476,2026-06-24 15:46:07,page_view,mobile
4936,10077,s0001477,2026-06-24 06:20:23,page_view,desktop
4937,10077,s0001477,2026-06-24 06:21:42,page_view,desktop
4938,,s0001478,2026-06-24 22:45:11,page_view,desktop
4939,,s0001478,2026-06-24 22:45:34,page_view,desktop
4940,,s0001478,2026-06-24 22:47:25,page_view,desktop
4941,10493,s0001479,2026-06-24 06:39:24,page_view,desktop
4942,10493,s0001479,2026-06-24 06:40:37,page_view,desktop
4943,10493,s0001479,2026-06-24 06:41:16,page_view,desktop
4944,,s0001480,2026-06-24 10:23:27,page_view,desktop
4945,,s0001480,2026-06-24 10:25:02,page_view,desktop
4946,,s0001480,2026-06-24 10:27:00,add_to_cart,desktop
4947,,s0001480,2026-06-24 10:28:00,begin_checkout,desktop
4948,,s0001480,2026-06-24 10:28:25,purchase,desktop
4949,10353,s0001481,2026-06-24 21:52:10,page_view,mobile
4950,10353,s0001481,2026-06-24 21:53:36,page_view,mobile
4951,10353,s0001481,2026-06-24 21:54:25,page_view,mobile
4952,10353,s0001481,2026-06-24 21:55:54,page_view,mobile
4953,10194,s0001482,2026-06-24 15:36:57,page_view,mobile
4954,10194,s0001482,2026-06-24 15:37:10,page_view,mobile
4955,10194,s0001482,2026-06-24 15:38:30,add_to_cart,mobile
4956,10194,s0001482,2026-06-24 15:40:23,begin_checkout,mobile
4957,10194,s0001482,2026-06-24 15:42:00,purchase,mobile
4958,,s0001483,2026-06-24 17:22:50,page_view,desktop
4959,,s0001483,2026-06-24 17:24:16,page_view,desktop
4960,,s0001483,2026-06-24 17:26:05,page_view,desktop
4961,,s0001483,2026-06-24 17:26:23,page_view,desktop
4962,,s0001483,2026-06-24 17:27:16,add_to_cart,desktop
4963,,s0001484,2026-06-24 15:25:14,page_view,mobile
4964,,s0001484,2026-06-24 15:25:43,page_view,mobile
4965,,s0001484,2026-06-24 15:26:49,page_view,mobile
4966,,s0001484,2026-06-24 15:27:28,page_view,mobile
4967,,s0001484,2026-06-24 15:29:15,add_to_cart,mobile
4968,10032,s0001485,2026-06-25 08:51:44,page_view,desktop
4969,10032,s0001485,2026-06-25 08:52:03,page_view,desktop
4970,10032,s0001485,2026-06-25 08:52:55,page_view,desktop
4971,10032,s0001485,2026-06-25 08:54:18,page_view,desktop
4972,,s0001486,2026-06-25 12:08:46,page_view,mobile
4973,,s0001486,2026-06-25 12:09:31,page_view,mobile
4974,,s0001486,2026-06-25 12:10:02,page_view,mobile
4975,,s0001487,2026-06-25 14:48:34,page_view,tablet
4976,,s0001487,2026-06-25 14:49:00,page_view,tablet
4977,,s0001487,2026-06-25 14:50:07,page_view,tablet
4978,,s0001488,2026-06-25 16:16:29,page_view,mobile
4979,,s0001488,2026-06-25 16:17:25,page_view,mobile
4980,10488,s0001489,2026-06-25 13:37:19,page_view,desktop
4981,10488,s0001489,2026-06-25 13:37:25,page_view,desktop
4982,10344,s0001490,2026-06-25 21:26:35,page_view,mobile
4983,10344,s0001490,2026-06-25 21:27:50,page_view,mobile
4984,10344,s0001490,2026-06-25 21:28:49,page_view,mobile
4985,,s0001491,2026-06-25 00:44:56,page_view,Desktop
4986,,s0001491,2026-06-25 00:45:05,page_view,Desktop
4987,,s0001491,2026-06-25 00:46:50,page_view,Desktop
4988,,s0001491,2026-06-25 00:48:21,page_view,Desktop
4989,,s0001491,2026-06-25 00:49:24,add_to_cart,Desktop
4990,,s0001491,2026-06-25 00:50:51,begin_checkout,Desktop
4991,,s0001492,2026-06-25 08:19:58,page_view,tablet
4992,,s0001492,2026-06-25 08:20:13,page_view,tablet
4993,,s0001492,2026-06-25 08:20:57,page_view,tablet
4994,10145,s0001493,2026-06-25 22:56:04,page_view,mobile
4995,10402,s0001494,2026-06-25 13:12:32,page_view,mobile
4996,10402,s0001494,2026-06-25 13:13:40,add_to_cart,mobile
4997,10589,s0001495,2026-06-25 04:04:25,page_view,tablet
4998,,s0001496,2026-06-25 04:29:53,page_view,mobile
4999,,s0001496,2026-06-25 04:31:49,page_view,mobile
5000,,s0001496,2026-06-25 04:33:28,page_view,mobile
5001,10200,s0001497,2026-06-25 20:03:40,page_view,tablet
5002,10200,s0001497,2026-06-25 20:05:23,page_view,tablet
5003,10200,s0001497,2026-06-25 20:05:35,page_view,tablet
5004,10200,s0001497,2026-06-25 20:07:33,page_view,tablet
5005,10200,s0001497,2026-06-25 20:09:10,add_to_cart,tablet
5006,,s0001498,2026-06-25 13:57:39,page_view,mobile
5007,,s0001498,2026-06-25 13:59:06,page_view,mobile
5008,,s0001498,2026-06-25 14:01:00,page_view,mobile
5009,,s0001498,2026-06-25 14:02:14,page_view,mobile
5010,10619,s0001499,2026-06-25 12:31:00,page_view,mobile
5011,10591,s0001500,2026-06-25 20:05:23,page_view,desktop
5012,10591,s0001500,2026-06-25 20:06:50,page_view,desktop
5013,10591,s0001500,2026-06-25 20:07:30,page_view,desktop
5014,10591,s0001500,2026-06-25 20:09:05,add_to_cart,desktop
5015,10423,s0001501,2026-06-25 18:47:54,page_view,desktop
5016,10423,s0001501,2026-06-25 18:49:47,page_view,desktop
5017,10423,s0001501,2026-06-25 18:50:27,add_to_cart,desktop
5018,10423,s0001501,2026-06-25 18:51:25,begin_checkout,desktop
5019,10423,s0001501,2026-06-25 18:51:41,purchase,desktop
5020,10618,s0001502,2026-06-25 02:56:31,page_view,desktop
5021,10618,s0001502,2026-06-25 02:58:19,add_to_cart,desktop
5022,10618,s0001502,2026-06-25 02:58:35,begin_checkout,desktop
5023,10618,s0001502,2026-06-25 02:58:55,purchase,desktop
5024,10583,s0001503,2026-06-25 13:29:08,page_view,desktop
5025,10583,s0001503,2026-06-25 13:29:41,page_view,desktop
5026,10583,s0001503,2026-06-25 13:30:52,add_to_cart,desktop
5027,,s0001504,2026-06-25 22:27:42,page_view,desktop
5028,,s0001504,2026-06-25 22:28:26,page_view,desktop
5029,,s0001504,2026-06-25 22:29:21,page_view,desktop
5030,,s0001504,2026-06-25 22:29:27,page_view,desktop
5031,,s0001505,2026-06-25 22:14:55,page_view,mobile
5032,,s0001505,2026-06-25 22:15:54,page_view,mobile
5033,,s0001505,2026-06-25 22:16:03,page_view,mobile
5034,,s0001505,2026-06-25 22:17:23,add_to_cart,mobile
5035,,s0001505,2026-06-25 22:19:15,begin_checkout,mobile
5036,,s0001505,2026-06-25 22:19:45,purchase,mobile
5037,10344,s0001506,2026-06-25 15:37:29,page_view,mobile
5038,10344,s0001506,2026-06-25 15:38:52,page_view,mobile
5039,10344,s0001506,2026-06-25 15:39:26,page_view,mobile
5040,10306,s0001507,2026-06-25 09:18:16,page_view,mobile
5041,10306,s0001507,2026-06-25 09:18:58,page_view,mobile
5042,10306,s0001507,2026-06-25 09:19:43,add_to_cart,mobile
5043,10166,s0001508,2026-06-25 02:15:52,page_view,mobile
5044,10166,s0001508,2026-06-25 02:16:02,page_view,mobile
5045,10384,s0001509,2026-06-25 14:03:43,page_view,mobile
5046,10384,s0001509,2026-06-25 14:05:09,page_view,mobile
5047,10384,s0001509,2026-06-25 14:06:38,page_view,mobile
5048,10153,s0001510,2026-06-25 02:48:24,page_view,tablet
5049,10153,s0001510,2026-06-25 02:49:45,page_view,tablet
5050,10229,s0001511,2026-06-25 21:53:26,page_view,Tablet
5051,10676,s0001512,2026-06-25 10:22:57,page_view,desktop
5052,10676,s0001512,2026-06-25 10:23:35,page_view,desktop
5053,10676,s0001512,2026-06-25 10:25:07,page_view,desktop
5054,10676,s0001512,2026-06-25 10:26:50,page_view,desktop
5055,10676,s0001512,2026-06-25 10:27:25,add_to_cart,desktop
5056,10042,s0001513,2026-06-25 12:42:53,page_view,desktop
5057,10042,s0001513,2026-06-25 12:44:41,page_view,desktop
5058,10042,s0001513,2026-06-25 12:46:40,page_view,desktop
5059,10042,s0001513,2026-06-25 12:48:11,page_view,desktop
5060,10330,s0001514,2026-06-25 00:18:15,page_view,desktop
5061,10330,s0001514,2026-06-25 00:18:34,page_view,desktop
5062,10330,s0001514,2026-06-25 00:19:28,page_view,desktop
5063,10330,s0001514,2026-06-25 00:20:16,add_to_cart,desktop
5064,,s0001515,2026-06-25 02:35:12,page_view,mobile
5065,,s0001515,2026-06-25 02:36:42,page_view,mobile
5066,,s0001515,2026-06-25 02:38:37,page_view,mobile
5067,,s0001515,2026-06-25 02:40:30,page_view,mobile
5068,,s0001515,2026-06-25 02:40:34,add_to_cart,mobile
5069,,s0001515,2026-06-25 02:42:25,begin_checkout,mobile
5070,10558,s0001516,2026-06-25 17:10:39,page_view,desktop
5071,10558,s0001516,2026-06-25 17:11:12,page_view,desktop
5072,10558,s0001516,2026-06-25 17:12:13,page_view,desktop
5073,10558,s0001516,2026-06-25 17:14:10,page_view,desktop
5074,10558,s0001516,2026-06-25 17:15:09,add_to_cart,desktop
5075,10374,s0001517,2026-06-25 21:07:05,page_view,desktop
5076,10374,s0001517,2026-06-25 21:07:37,page_view,desktop
5077,10374,s0001517,2026-06-25 21:08:25,add_to_cart,desktop
5078,,s0001518,2026-06-25 17:56:54,page_view,desktop
5079,,s0001518,2026-06-25 17:58:45,page_view,desktop
5080,,s0001518,2026-06-25 17:58:57,add_to_cart,desktop
5081,,s0001518,2026-06-25 18:00:15,begin_checkout,desktop
5082,10133,s0001519,2026-06-25 17:12:03,page_view,mobile
5083,10133,s0001519,2026-06-25 17:13:52,page_view,mobile
5084,10133,s0001519,2026-06-25 17:14:35,page_view,mobile
5085,10133,s0001519,2026-06-25 17:16:06,page_view,mobile
5086,10133,s0001519,2026-06-25 17:17:52,add_to_cart,mobile
5087,10133,s0001519,2026-06-25 17:18:19,begin_checkout,mobile
5088,10640,s0001520,2026-06-25 07:59:49,page_view,mobile
5089,10640,s0001520,2026-06-25 08:01:17,page_view,mobile
5090,10640,s0001520,2026-06-25 08:01:28,add_to_cart,mobile
5091,10640,s0001520,2026-06-25 08:02:51,begin_checkout,mobile
5092,10640,s0001520,2026-06-25 08:03:31,purchase,mobile
5093,10385,s0001521,2026-06-25 15:44:29,page_view,Mobile
5094,10385,s0001521,2026-06-25 15:45:51,page_view,Mobile
5095,10385,s0001521,2026-06-25 15:47:38,page_view,Mobile
5096,10385,s0001521,2026-06-25 15:49:27,page_view,Mobile
5097,10385,s0001521,2026-06-25 15:50:36,add_to_cart,Mobile
5098,10151,s0001522,2026-06-25 05:17:11,page_view,mobile
5099,,s0001523,2026-06-25 01:11:51,page_view,mobile
5100,,s0001523,2026-06-25 01:13:07,page_view,mobile
5101,,s0001523,2026-06-25 01:15:07,page_view,mobile
5102,,s0001524,2026-06-25 16:53:45,page_view,desktop
5103,,s0001524,2026-06-25 16:54:47,add_to_cart,desktop
5104,,s0001524,2026-06-25 16:55:42,begin_checkout,desktop
5105,10176,s0001525,2026-06-25 04:47:25,page_view,mobile
5106,10176,s0001525,2026-06-25 04:48:18,page_view,mobile
5107,10176,s0001525,2026-06-25 04:49:09,page_view,mobile
5108,10677,s0001526,2026-06-25 06:25:36,page_view,desktop
5109,10677,s0001526,2026-06-25 06:27:26,page_view,desktop
5110,10677,s0001526,2026-06-25 06:27:45,page_view,desktop
5111,10677,s0001526,2026-06-25 06:28:14,page_view,desktop
5112,10677,s0001526,2026-06-25 06:29:27,add_to_cart,desktop
5113,,s0001527,2026-06-25 04:14:44,page_view,desktop
5114,,s0001527,2026-06-25 04:16:31,page_view,desktop
5115,,s0001527,2026-06-25 04:18:29,page_view,desktop
5116,,s0001527,2026-06-25 04:20:16,page_view,desktop
5117,,s0001528,2026-06-25 14:03:59,page_view,desktop
5118,,s0001528,2026-06-25 14:04:23,page_view,desktop
5119,,s0001529,2026-06-25 09:40:45,page_view,mobile
5120,,s0001529,2026-06-25 09:41:38,page_view,mobile
5121,,s0001529,2026-06-25 09:43:26,add_to_cart,mobile
5122,,s0001529,2026-06-25 09:43:29,begin_checkout,mobile
5123,,s0001530,2026-06-25 14:42:10,page_view,mobile
5124,,s0001530,2026-06-25 14:43:30,page_view,mobile
5125,,s0001530,2026-06-25 14:45:13,page_view,mobile
5126,10489,s0001531,2026-06-25 08:23:13,page_view,mobile
5127,10489,s0001531,2026-06-25 08:23:51,page_view,mobile
5128,,s0001532,2026-06-25 07:40:24,page_view,desktop
5129,,s0001532,2026-06-25 07:42:06,page_view,desktop
5130,,s0001532,2026-06-25 07:42:53,page_view,desktop
5131,,s0001533,2026-06-25 10:19:17,page_view,desktop
5132,,s0001533,2026-06-25 10:19:23,page_view,desktop
5133,,s0001533,2026-06-25 10:21:15,page_view,desktop
5134,,s0001534,2026-06-25 10:36:36,page_view,mobile
5135,,s0001535,2026-06-25 14:05:35,page_view,desktop
5136,,s0001535,2026-06-25 14:05:45,page_view,desktop
5137,,s0001535,2026-06-25 14:05:54,page_view,desktop
5138,10095,s0001536,2026-06-25 16:02:57,page_view,desktop
5139,10095,s0001536,2026-06-25 16:03:16,page_view,desktop
5140,10095,s0001536,2026-06-25 16:04:54,page_view,desktop
5141,,s0001537,2026-06-25 14:23:15,page_view,tablet
5142,,s0001537,2026-06-25 14:23:21,add_to_cart,tablet
5143,10394,s0001538,2026-06-25 00:15:31,page_view,mobile
5144,10394,s0001538,2026-06-25 00:16:48,page_view,mobile
5145,10235,s0001539,2026-06-25 18:17:08,page_view,desktop
5146,10259,s0001540,2026-06-25 00:39:17,page_view,desktop
5147,10259,s0001540,2026-06-25 00:39:39,page_view,desktop
5148,10259,s0001540,2026-06-25 00:40:30,page_view,desktop
5149,10259,s0001540,2026-06-25 00:42:19,page_view,desktop
5150,,s0001541,2026-06-25 16:13:38,page_view,mobile
5151,,s0001541,2026-06-25 16:15:21,page_view,mobile
5152,,s0001541,2026-06-25 16:16:19,add_to_cart,mobile
5153,,s0001541,2026-06-25 16:16:29,begin_checkout,mobile
5154,10535,s0001542,2026-06-25 13:33:01,page_view,desktop
5155,10535,s0001542,2026-06-25 13:33:12,page_view,desktop
5156,10535,s0001542,2026-06-25 13:34:46,page_view,desktop
5157,10287,s0001543,2026-06-25 21:17:19,page_view,desktop
5158,10287,s0001543,2026-06-25 21:18:18,page_view,desktop
5159,,s0001544,2026-06-25 05:09:51,page_view,desktop
5160,,s0001544,2026-06-25 05:11:19,page_view,desktop
5161,,s0001544,2026-06-25 05:12:36,page_view,desktop
5162,,s0001544,2026-06-25 05:13:34,page_view,desktop
5163,,s0001544,2026-06-25 05:14:41,add_to_cart,desktop
5164,,s0001544,2026-06-25 05:15:14,begin_checkout,desktop
5165,,s0001544,2026-06-25 05:17:06,purchase,desktop
5166,10351,s0001545,2026-06-26 02:28:36,page_view,mobile
5167,10351,s0001545,2026-06-26 02:29:12,page_view,mobile
5168,10351,s0001545,2026-06-26 02:30:14,page_view,mobile
5169,10351,s0001545,2026-06-26 02:30:27,page_view,mobile
5170,10351,s0001545,2026-06-26 02:31:01,add_to_cart,mobile
5171,10335,s0001546,2026-06-26 14:51:55,page_view,desktop
5172,10335,s0001546,2026-06-26 14:52:00,page_view,desktop
5173,10335,s0001546,2026-06-26 14:53:50,add_to_cart,desktop
5174,,s0001547,2026-06-26 14:00:07,page_view,desktop
5175,,s0001547,2026-06-26 14:02:07,page_view,desktop
5176,10067,s0001548,2026-06-26 08:43:33,page_view,desktop
5177,10067,s0001548,2026-06-26 08:44:44,add_to_cart,desktop
5178,,s0001549,2026-06-26 00:08:04,page_view,mobile
5179,,s0001549,2026-06-26 00:08:18,page_view,mobile
5180,,s0001549,2026-06-26 00:08:24,page_view,mobile
5181,,s0001550,2026-06-26 02:24:02,page_view,Mobile
5182,,s0001550,2026-06-26 02:24:13,page_view,Mobile
5183,,s0001550,2026-06-26 02:25:57,page_view,Mobile
5184,10576,s0001551,2026-06-26 20:54:37,page_view,desktop
5185,10576,s0001551,2026-06-26 20:56:19,page_view,desktop
5186,10576,s0001551,2026-06-26 20:56:36,page_view,desktop
5187,10576,s0001551,2026-06-26 20:57:17,page_view,desktop
5188,10576,s0001551,2026-06-26 20:58:05,add_to_cart,desktop
5189,10087,s0001552,2026-06-26 20:21:52,page_view,desktop
5190,10087,s0001552,2026-06-26 20:23:39,page_view,desktop
5191,10087,s0001552,2026-06-26 20:24:41,page_view,desktop
5192,10153,s0001553,2026-06-26 06:28:01,page_view,desktop
5193,10153,s0001553,2026-06-26 06:29:35,page_view,desktop
5194,10153,s0001553,2026-06-26 06:30:27,page_view,desktop
5195,10153,s0001553,2026-06-26 06:32:22,add_to_cart,desktop
5196,10153,s0001553,2026-06-26 06:32:37,begin_checkout,desktop
5197,,s0001554,2026-06-26 02:53:56,page_view,tablet
5198,,s0001554,2026-06-26 02:54:18,page_view,tablet
5199,,s0001554,2026-06-26 02:54:31,add_to_cart,tablet
5200,,s0001554,2026-06-26 02:56:15,begin_checkout,tablet
5201,10679,s0001555,2026-06-26 19:55:10,page_view,mobile
5202,10679,s0001555,2026-06-26 19:55:43,page_view,mobile
5203,10679,s0001555,2026-06-26 19:57:09,page_view,mobile
5204,10679,s0001555,2026-06-26 19:57:32,page_view,mobile
5205,10679,s0001555,2026-06-26 19:59:19,add_to_cart,mobile
5206,10679,s0001555,2026-06-26 20:01:04,begin_checkout,mobile
5207,10679,s0001555,2026-06-26 20:02:11,purchase,mobile
5208,,s0001556,2026-06-26 13:04:34,page_view,mobile
5209,,s0001556,2026-06-26 13:05:24,page_view,mobile
5210,,s0001556,2026-06-26 13:06:22,page_view,mobile
5211,,s0001556,2026-06-26 13:07:59,page_view,mobile
5212,,s0001556,2026-06-26 13:09:37,add_to_cart,mobile
5213,10276,s0001557,2026-06-26 00:48:56,page_view,mobile
5214,10276,s0001557,2026-06-26 00:49:42,page_view,mobile
5215,10276,s0001557,2026-06-26 00:51:02,page_view,mobile
5216,10276,s0001557,2026-06-26 00:51:39,add_to_cart,mobile
5217,10276,s0001557,2026-06-26 00:53:17,begin_checkout,mobile
5218,10276,s0001557,2026-06-26 00:53:20,purchase,mobile
5219,10230,s0001558,2026-06-26 07:03:37,page_view,desktop
5220,10230,s0001558,2026-06-26 07:04:45,page_view,desktop
5221,,s0001559,2026-06-26 13:08:59,page_view,mobile
5222,,s0001559,2026-06-26 13:10:47,page_view,mobile
5223,,s0001560,2026-06-26 09:18:37,page_view,desktop
5224,,s0001560,2026-06-26 09:19:13,page_view,desktop
5225,,s0001560,2026-06-26 09:19:27,add_to_cart,desktop
5226,,s0001560,2026-06-26 09:21:24,begin_checkout,desktop
5227,10088,s0001561,2026-06-26 11:29:19,page_view,desktop
5228,10088,s0001561,2026-06-26 11:29:49,page_view,desktop
5229,10088,s0001561,2026-06-26 11:31:26,page_view,desktop
5230,10088,s0001561,2026-06-26 11:31:53,page_view,desktop
5231,10025,s0001562,2026-06-26 22:53:50,page_view,tablet
5232,10025,s0001562,2026-06-26 22:54:56,page_view,tablet
5233,10025,s0001562,2026-06-26 22:55:16,add_to_cart,tablet
5234,10025,s0001562,2026-06-26 22:55:45,begin_checkout,tablet
5235,10171,s0001563,2026-06-26 01:58:31,page_view,mobile
5236,10171,s0001563,2026-06-26 01:59:01,page_view,mobile
5237,,s0001564,2026-06-26 05:31:53,page_view,mobile
5238,,s0001565,2026-06-26 20:00:03,page_view,desktop
5239,,s0001565,2026-06-26 20:01:10,page_view,desktop
5240,,s0001566,2026-06-26 07:33:08,page_view,mobile
5241,,s0001567,2026-06-26 03:00:12,page_view,desktop
5242,,s0001567,2026-06-26 03:00:35,page_view,desktop
5243,,s0001567,2026-06-26 03:00:40,page_view,desktop
5244,,s0001567,2026-06-26 03:02:32,page_view,desktop
5245,10178,s0001568,2026-06-26 14:49:45,page_view,mobile
5246,,s0001569,2026-06-26 18:55:16,page_view,desktop
5247,,s0001569,2026-06-26 18:56:23,page_view,desktop
5248,,s0001569,2026-06-26 18:57:57,page_view,desktop
5249,,s0001569,2026-06-26 18:59:11,page_view,desktop
5250,,s0001569,2026-06-26 18:59:15,add_to_cart,desktop
5251,,s0001569,2026-06-26 19:00:04,begin_checkout,desktop
5252,,s0001570,2026-06-26 17:42:39,page_view,tablet
5253,,s0001570,2026-06-26 17:43:34,page_view,tablet
5254,,s0001570,2026-06-26 17:44:48,page_view,tablet
5255,,s0001570,2026-06-26 17:45:54,page_view,tablet
5256,10329,s0001571,2026-06-26 09:58:38,page_view,mobile
5257,10329,s0001571,2026-06-26 09:59:25,page_view,mobile
5258,,s0001572,2026-06-26 13:53:41,page_view,tablet
5259,,s0001572,2026-06-26 13:55:12,page_view,tablet
5260,,s0001572,2026-06-26 13:56:47,page_view,tablet
5261,,s0001573,2026-06-26 17:11:55,page_view,tablet
5262,10614,s0001574,2026-06-26 05:35:20,page_view,desktop
5263,10614,s0001574,2026-06-26 05:35:27,page_view,desktop
5264,10614,s0001574,2026-06-26 05:35:41,page_view,desktop
5265,10588,s0001575,2026-06-26 14:38:46,page_view,desktop
5266,10588,s0001575,2026-06-26 14:40:25,page_view,desktop
5267,10503,s0001576,2026-06-26 13:41:11,page_view,desktop
5268,10503,s0001576,2026-06-26 13:41:27,page_view,desktop
5269,10503,s0001576,2026-06-26 13:42:04,page_view,desktop
5270,10503,s0001576,2026-06-26 13:42:13,page_view,desktop
5271,10375,s0001577,2026-06-26 12:25:30,page_view,mobile
5272,10375,s0001577,2026-06-26 12:27:20,page_view,mobile
5273,10375,s0001577,2026-06-26 12:27:47,page_view,mobile
5274,10375,s0001577,2026-06-26 12:29:13,add_to_cart,mobile
5275,10375,s0001577,2026-06-26 12:30:52,begin_checkout,mobile
5276,10375,s0001577,2026-06-26 12:31:17,purchase,mobile
5277,10468,s0001578,2026-06-26 02:09:05,page_view,tablet
5278,10468,s0001578,2026-06-26 02:10:23,add_to_cart,tablet
5279,10468,s0001578,2026-06-26 02:11:14,begin_checkout,tablet
5280,,s0001579,2026-06-26 11:09:32,page_view,desktop
5281,,s0001579,2026-06-26 11:09:42,page_view,desktop
5282,,s0001579,2026-06-26 11:10:52,page_view,desktop
5283,,s0001579,2026-06-26 11:12:23,page_view,desktop
5284,,s0001579,2026-06-26 11:13:43,add_to_cart,desktop
5285,,s0001579,2026-06-26 11:15:28,begin_checkout,desktop
5286,,s0001579,2026-06-26 11:17:02,purchase,desktop
5287,10583,s0001580,2026-06-26 04:15:38,page_view,desktop
5288,10583,s0001580,2026-06-26 04:16:08,add_to_cart,desktop
5289,10583,s0001580,2026-06-26 04:17:56,begin_checkout,desktop
5290,10583,s0001580,2026-06-26 04:19:20,purchase,desktop
5291,10376,s0001581,2026-06-26 13:45:27,page_view,desktop
5292,10376,s0001581,2026-06-26 13:46:15,page_view,desktop
5293,10376,s0001581,2026-06-26 13:46:40,page_view,desktop
5294,,s0001582,2026-06-26 13:11:58,page_view,desktop
5295,,s0001583,2026-06-26 09:54:15,page_view,desktop
5296,,s0001583,2026-06-26 09:55:49,page_view,desktop
5297,,s0001583,2026-06-26 09:57:18,page_view,desktop
5298,10370,s0001584,2026-06-26 10:21:36,page_view,desktop
5299,10370,s0001584,2026-06-26 10:22:35,page_view,desktop
5300,10370,s0001584,2026-06-26 10:23:29,page_view,desktop
5301,,s0001585,2026-06-26 15:49:15,page_view,mobile
5302,,s0001586,2026-06-26 08:33:08,page_view,mobile
5303,,s0001586,2026-06-26 08:34:48,add_to_cart,mobile
5304,,s0001586,2026-06-26 08:34:55,begin_checkout,mobile
5305,,s0001586,2026-06-26 08:35:57,purchase,mobile
5306,,s0001587,2026-06-26 09:09:06,page_view,mobile
5307,,s0001587,2026-06-26 09:10:39,page_view,mobile
5308,,s0001587,2026-06-26 09:12:09,add_to_cart,mobile
5309,10037,s0001588,2026-06-26 04:02:26,page_view,mobile
5310,10037,s0001588,2026-06-26 04:03:06,page_view,mobile
5311,10037,s0001588,2026-06-26 04:04:59,add_to_cart,mobile
5312,10357,s0001589,2026-06-26 04:54:16,page_view,mobile
5313,10357,s0001589,2026-06-26 04:55:13,page_view,mobile
5314,10357,s0001589,2026-06-26 04:56:45,page_view,mobile
5315,10357,s0001589,2026-06-26 04:57:16,page_view,mobile
5316,10095,s0001590,2026-06-26 00:44:31,page_view,desktop
5317,10095,s0001590,2026-06-26 00:45:16,page_view,desktop
5318,10095,s0001590,2026-06-26 00:46:54,add_to_cart,desktop
5319,10095,s0001590,2026-06-26 00:48:03,begin_checkout,desktop
5320,10588,s0001591,2026-06-26 06:09:48,page_view,mobile
5321,10588,s0001591,2026-06-26 06:10:47,page_view,mobile
5322,,s0001592,2026-06-26 22:50:44,page_view,mobile
5323,,s0001592,2026-06-26 22:52:15,page_view,mobile
5324,,s0001592,2026-06-26 22:53:28,page_view,mobile
5325,10618,s0001593,2026-06-26 04:53:56,page_view,desktop
5326,,s0001594,2026-06-26 06:18:06,page_view,desktop
5327,,s0001594,2026-06-26 06:19:48,page_view,desktop
5328,,s0001594,2026-06-26 06:20:56,page_view,desktop
5329,,s0001594,2026-06-26 06:22:08,page_view,desktop
5330,,s0001594,2026-06-26 06:22:22,add_to_cart,desktop
5331,,s0001594,2026-06-26 06:23:01,begin_checkout,desktop
5332,,s0001594,2026-06-26 06:24:16,purchase,desktop
5333,,s0001595,2026-06-26 03:57:36,page_view,desktop
5334,,s0001596,2026-06-26 03:46:50,page_view,mobile
5335,,s0001596,2026-06-26 03:47:27,page_view,mobile
5336,10673,s0001597,2026-06-26 17:00:32,page_view,mobile
5337,10673,s0001597,2026-06-26 17:01:01,page_view,mobile
5338,10673,s0001597,2026-06-26 17:02:45,page_view,mobile
5339,10673,s0001597,2026-06-26 17:04:04,page_view,mobile
5340,10110,s0001598,2026-06-26 19:23:49,page_view,desktop
5341,10110,s0001598,2026-06-26 19:24:17,page_view,desktop
5342,10110,s0001598,2026-06-26 19:25:00,page_view,desktop
5343,10110,s0001598,2026-06-26 19:25:38,page_view,desktop
5344,10377,s0001599,2026-06-26 16:48:28,page_view,mobile
5345,10377,s0001599,2026-06-26 16:49:28,add_to_cart,mobile
5346,,s0001600,2026-06-26 16:36:25,page_view,desktop
5347,,s0001600,2026-06-26 16:37:44,page_view,desktop
5348,,s0001600,2026-06-26 16:38:56,add_to_cart,desktop
5349,10236,s0001601,2026-06-26 16:09:49,page_view,desktop
5350,,s0001602,2026-06-26 05:50:07,page_view,desktop
5351,,s0001602,2026-06-26 05:51:37,page_view,desktop
5352,,s0001603,2026-06-26 00:44:49,page_view,mobile
5353,,s0001603,2026-06-26 00:46:38,page_view,mobile
5354,,s0001603,2026-06-26 00:48:10,page_view,mobile
5355,10347,s0001604,2026-06-26 03:04:17,page_view,desktop
5356,10347,s0001604,2026-06-26 03:05:56,page_view,desktop
5357,10347,s0001604,2026-06-26 03:07:51,add_to_cart,desktop
5358,10347,s0001604,2026-06-26 03:09:51,begin_checkout,desktop
5359,10347,s0001604,2026-06-26 03:09:58,purchase,desktop
5360,10598,s0001605,2026-06-26 11:42:04,page_view,desktop
5361,10598,s0001605,2026-06-26 11:43:11,page_view,desktop
5362,10598,s0001605,2026-06-26 11:43:50,page_view,desktop
5363,10102,s0001606,2026-06-26 21:45:06,page_view,Desktop
5364,10102,s0001606,2026-06-26 21:46:15,page_view,Desktop
5365,10102,s0001606,2026-06-26 21:47:00,page_view,Desktop
5366,10102,s0001606,2026-06-26 21:48:01,page_view,Desktop
5367,,s0001607,2026-06-26 14:47:45,page_view,Desktop
5368,,s0001607,2026-06-26 14:49:15,page_view,Desktop
5369,,s0001607,2026-06-26 14:50:14,page_view,Desktop
5370,,s0001607,2026-06-26 14:51:30,page_view,Desktop
5371,,s0001608,2026-06-26 17:59:46,page_view,desktop
5372,,s0001608,2026-06-26 18:01:28,page_view,desktop
5373,,s0001608,2026-06-26 18:03:01,add_to_cart,desktop
5374,10013,s0001609,2026-06-26 20:39:50,page_view,mobile
5375,10013,s0001609,2026-06-26 20:41:09,page_view,mobile
5376,10013,s0001609,2026-06-26 20:42:32,page_view,mobile
5377,10013,s0001609,2026-06-26 20:42:58,page_view,mobile
5378,,s0001610,2026-06-26 21:00:48,page_view,mobile
5379,,s0001610,2026-06-26 21:01:22,page_view,mobile
5380,10293,s0001611,2026-06-26 14:43:29,page_view,mobile
5381,10293,s0001611,2026-06-26 14:44:14,page_view,mobile
5382,10293,s0001611,2026-06-26 14:45:58,add_to_cart,mobile
5383,10293,s0001611,2026-06-26 14:47:28,begin_checkout,mobile
5384,10293,s0001611,2026-06-26 14:47:50,purchase,mobile
5385,,s0001612,2026-06-27 17:33:14,page_view,tablet
5386,,s0001612,2026-06-27 17:34:09,page_view,tablet
5387,,s0001612,2026-06-27 17:35:40,page_view,tablet
5388,,s0001613,2026-06-27 05:17:23,page_view,mobile
5389,,s0001613,2026-06-27 05:18:32,page_view,mobile
5390,,s0001613,2026-06-27 05:20:25,page_view,mobile
5391,,s0001613,2026-06-27 05:21:34,add_to_cart,mobile
5392,,s0001613,2026-06-27 05:23:23,begin_checkout,mobile
5393,,s0001613,2026-06-27 05:24:50,purchase,mobile
5394,,s0001614,2026-06-27 00:25:44,page_view,desktop
5395,,s0001614,2026-06-27 00:26:48,page_view,desktop
5396,,s0001614,2026-06-27 00:27:27,page_view,desktop
5397,10386,s0001615,2026-06-27 05:27:24,page_view,Desktop
5398,10386,s0001615,2026-06-27 05:28:24,page_view,Desktop
5399,10386,s0001615,2026-06-27 05:30:17,add_to_cart,Desktop
5400,,s0001616,2026-06-27 10:22:27,page_view,tablet
5401,,s0001616,2026-06-27 10:23:35,page_view,tablet
5402,,s0001617,2026-06-27 16:48:59,page_view,desktop
5403,,s0001617,2026-06-27 16:49:22,page_view,desktop
5404,,s0001618,2026-06-27 20:49:57,page_view,mobile
5405,,s0001618,2026-06-27 20:50:40,page_view,mobile
5406,,s0001618,2026-06-27 20:51:45,page_view,mobile
5407,,s0001618,2026-06-27 20:52:16,page_view,mobile
5408,10248,s0001619,2026-06-27 11:27:59,page_view,mobile
5409,10248,s0001619,2026-06-27 11:29:47,add_to_cart,mobile
5410,10248,s0001619,2026-06-27 11:31:39,begin_checkout,mobile
5411,10248,s0001619,2026-06-27 11:32:22,purchase,mobile
5412,,s0001620,2026-06-27 01:44:47,page_view,mobile
5413,,s0001620,2026-06-27 01:45:53,page_view,mobile
5414,,s0001620,2026-06-27 01:47:19,page_view,mobile
5415,,s0001620,2026-06-27 01:47:26,add_to_cart,mobile
5416,,s0001620,2026-06-27 01:47:58,begin_checkout,mobile
5417,,s0001620,2026-06-27 01:48:22,purchase,mobile
5418,10589,s0001621,2026-06-27 16:55:01,page_view,mobile
5419,10589,s0001621,2026-06-27 16:55:56,add_to_cart,mobile
5420,10589,s0001621,2026-06-27 16:56:34,begin_checkout,mobile
5421,10589,s0001621,2026-06-27 16:56:55,purchase,mobile
5422,,s0001622,2026-06-27 13:11:22,page_view,mobile
5423,,s0001622,2026-06-27 13:13:04,page_view,mobile
5424,,s0001622,2026-06-27 13:14:57,page_view,mobile
5425,,s0001622,2026-06-27 13:16:37,add_to_cart,mobile
5426,,s0001622,2026-06-27 13:16:40,begin_checkout,mobile
5427,,s0001622,2026-06-27 13:16:47,purchase,mobile
5428,10415,s0001623,2026-06-27 10:56:29,page_view,mobile
5429,10415,s0001623,2026-06-27 10:57:47,page_view,mobile
5430,10415,s0001623,2026-06-27 10:58:05,page_view,mobile
5431,,s0001624,2026-06-27 00:00:29,page_view,desktop
5432,,s0001624,2026-06-27 00:01:07,page_view,desktop
5433,,s0001624,2026-06-27 00:01:25,page_view,desktop
5434,,s0001624,2026-06-27 00:02:42,add_to_cart,desktop
5435,,s0001625,2026-06-27 13:55:33,page_view,desktop
5436,,s0001625,2026-06-27 13:57:23,page_view,desktop
5437,,s0001625,2026-06-27 13:57:39,page_view,desktop
5438,10527,s0001626,2026-06-27 10:28:24,page_view,tablet
5439,10527,s0001626,2026-06-27 10:30:02,add_to_cart,tablet
5440,10126,s0001627,2026-06-27 08:56:09,page_view,mobile
5441,10126,s0001627,2026-06-27 08:57:48,page_view,mobile
5442,10126,s0001627,2026-06-27 08:59:34,add_to_cart,mobile
5443,,s0001628,2026-06-27 04:58:22,page_view,desktop
5444,,s0001628,2026-06-27 04:59:29,page_view,desktop
5445,,s0001628,2026-06-27 05:01:26,page_view,desktop
5446,10195,s0001629,2026-06-27 01:20:50,page_view,desktop
5447,10195,s0001629,2026-06-27 01:22:36,page_view,desktop
5448,10195,s0001629,2026-06-27 01:23:58,add_to_cart,desktop
5449,10238,s0001630,2026-06-27 21:50:50,page_view,desktop
5450,10238,s0001630,2026-06-27 21:52:11,page_view,desktop
5451,10238,s0001630,2026-06-27 21:53:15,page_view,desktop
5452,10238,s0001630,2026-06-27 21:54:22,add_to_cart,desktop
5453,10238,s0001630,2026-06-27 21:55:47,begin_checkout,desktop
5454,10238,s0001630,2026-06-27 21:56:28,purchase,desktop
5455,,s0001631,2026-06-27 19:41:32,page_view,tablet
5456,,s0001632,2026-06-27 22:32:35,page_view,mobile
5457,,s0001632,2026-06-27 22:33:57,page_view,mobile
5458,,s0001632,2026-06-27 22:35:49,page_view,mobile
5459,,s0001633,2026-06-27 03:09:27,page_view,mobile
5460,,s0001633,2026-06-27 03:10:55,page_view,mobile
5461,,s0001633,2026-06-27 03:11:11,page_view,mobile
5462,,s0001633,2026-06-27 03:12:30,page_view,mobile
5463,,s0001634,2026-06-27 03:44:29,page_view,mobile
5464,,s0001634,2026-06-27 03:46:05,add_to_cart,mobile
5465,10180,s0001635,2026-06-27 02:51:51,page_view,desktop
5466,10180,s0001635,2026-06-27 02:53:20,page_view,desktop
5467,10180,s0001635,2026-06-27 02:55:18,page_view,desktop
5468,10180,s0001635,2026-06-27 02:57:05,add_to_cart,desktop
5469,10418,s0001636,2026-06-27 12:41:29,page_view,mobile
5470,10418,s0001636,2026-06-27 12:42:52,page_view,mobile
5471,10418,s0001636,2026-06-27 12:42:58,page_view,mobile
5472,10418,s0001636,2026-06-27 12:44:21,page_view,mobile
5473,,s0001637,2026-06-27 18:01:42,page_view,desktop
5474,,s0001637,2026-06-27 18:02:03,page_view,desktop
5475,,s0001638,2026-06-27 22:13:56,page_view,mobile
5476,,s0001638,2026-06-27 22:15:28,page_view,mobile
5477,,s0001638,2026-06-27 22:15:47,page_view,mobile
5478,,s0001638,2026-06-27 22:15:56,page_view,mobile
5479,,s0001638,2026-06-27 22:17:34,add_to_cart,mobile
5480,10086,s0001639,2026-06-27 22:32:51,page_view,tablet
5481,,s0001640,2026-06-27 05:12:53,page_view,desktop
5482,,s0001640,2026-06-27 05:14:14,page_view,desktop
5483,,s0001640,2026-06-27 05:14:56,page_view,desktop
5484,,s0001640,2026-06-27 05:16:41,page_view,desktop
5485,10379,s0001641,2026-06-27 21:00:00,page_view,Desktop
5486,10379,s0001641,2026-06-27 21:01:26,page_view,Desktop
5487,10379,s0001641,2026-06-27 21:03:04,page_view,Desktop
5488,10379,s0001641,2026-06-27 21:03:28,page_view,Desktop
5489,10379,s0001641,2026-06-27 21:04:10,add_to_cart,Desktop
5490,,s0001642,2026-06-27 16:42:46,page_view,mobile
5491,,s0001642,2026-06-27 16:43:59,page_view,mobile
5492,,s0001642,2026-06-27 16:45:07,add_to_cart,mobile
5493,10100,s0001643,2026-06-27 20:56:30,page_view,mobile
5494,10100,s0001643,2026-06-27 20:56:40,page_view,mobile
5495,10270,s0001644,2026-06-27 19:48:06,page_view,mobile
5496,10270,s0001644,2026-06-27 19:48:20,page_view,mobile
5497,10270,s0001644,2026-06-27 19:49:17,page_view,mobile
5498,10270,s0001644,2026-06-27 19:51:10,add_to_cart,mobile
5499,10270,s0001644,2026-06-27 19:52:02,begin_checkout,mobile
5500,10270,s0001644,2026-06-27 19:53:45,purchase,mobile
5501,10129,s0001645,2026-06-27 03:40:41,page_view,tablet
5502,10129,s0001645,2026-06-27 03:42:07,page_view,tablet
5503,10129,s0001645,2026-06-27 03:42:26,page_view,tablet
5504,10064,s0001646,2026-06-27 22:41:26,page_view,desktop
5505,,s0001647,2026-06-27 06:46:36,page_view,desktop
5506,,s0001647,2026-06-27 06:48:34,page_view,desktop
5507,,s0001647,2026-06-27 06:49:37,page_view,desktop
5508,,s0001647,2026-06-27 06:49:44,page_view,desktop
5509,10163,s0001648,2026-06-27 03:31:02,page_view,desktop
5510,10163,s0001648,2026-06-27 03:31:17,page_view,desktop
5511,10163,s0001648,2026-06-27 03:32:00,page_view,desktop
5512,10163,s0001648,2026-06-27 03:33:48,page_view,desktop
5513,10163,s0001648,2026-06-27 03:34:22,add_to_cart,desktop
5514,10163,s0001648,2026-06-27 03:34:53,begin_checkout,desktop
5515,10163,s0001648,2026-06-27 03:35:30,purchase,desktop
5516,10208,s0001649,2026-06-27 07:35:33,page_view,tablet
5517,10237,s0001650,2026-06-27 07:39:20,page_view,desktop
5518,10237,s0001650,2026-06-27 07:41:01,add_to_cart,desktop
5519,,s0001651,2026-06-27 01:35:19,page_view,tablet
5520,,s0001651,2026-06-27 01:36:40,page_view,tablet
5521,,s0001651,2026-06-27 01:37:50,page_view,tablet
5522,10690,s0001652,2026-06-27 19:34:56,page_view,desktop
5523,10690,s0001652,2026-06-27 19:36:17,page_view,desktop
5524,10690,s0001652,2026-06-27 19:38:04,page_view,desktop
5525,10095,s0001653,2026-06-27 08:52:56,page_view,desktop
5526,10095,s0001653,2026-06-27 08:54:51,page_view,desktop
5527,10095,s0001653,2026-06-27 08:55:31,page_view,desktop
5528,,s0001654,2026-06-27 10:57:10,page_view,mobile
5529,,s0001654,2026-06-27 10:58:28,page_view,mobile
5530,10226,s0001655,2026-06-27 03:10:14,page_view,desktop
5531,10226,s0001655,2026-06-27 03:10:26,page_view,desktop
5532,,s0001656,2026-06-27 20:47:10,page_view,mobile
5533,,s0001656,2026-06-27 20:47:50,page_view,mobile
5534,,s0001656,2026-06-27 20:49:48,page_view,mobile
5535,,s0001657,2026-06-27 08:38:06,page_view,desktop
5536,,s0001657,2026-06-27 08:38:51,page_view,desktop
5537,,s0001658,2026-06-27 10:48:24,page_view,mobile
5538,,s0001658,2026-06-27 10:50:22,page_view,mobile
5539,10131,s0001659,2026-06-27 00:08:24,page_view,mobile
5540,10131,s0001659,2026-06-27 00:10:12,page_view,mobile
5541,10131,s0001659,2026-06-27 00:11:37,page_view,mobile
5542,,s0001660,2026-06-27 11:05:58,page_view,desktop
5543,,s0001660,2026-06-27 11:06:49,page_view,desktop
5544,,s0001660,2026-06-27 11:08:22,page_view,desktop
5545,,s0001660,2026-06-27 11:09:01,page_view,desktop
5546,10277,s0001661,2026-06-27 18:26:40,page_view,desktop
5547,10277,s0001661,2026-06-27 18:28:15,add_to_cart,desktop
5548,10089,s0001662,2026-06-27 03:49:50,page_view,mobile
5549,10196,s0001663,2026-06-27 03:51:57,page_view,mobile
5550,,s0001664,2026-06-27 14:13:20,page_view,desktop
5551,,s0001664,2026-06-27 14:15:14,page_view,desktop
5552,,s0001665,2026-06-27 07:02:31,page_view,Desktop
5553,,s0001665,2026-06-27 07:02:44,page_view,Desktop
5554,,s0001665,2026-06-27 07:03:31,add_to_cart,Desktop
5555,10400,s0001666,2026-06-27 13:18:56,page_view,desktop
5556,10400,s0001666,2026-06-27 13:19:35,page_view,desktop
5557,10400,s0001666,2026-06-27 13:21:26,page_view,desktop
5558,,s0001667,2026-06-27 16:08:10,page_view,desktop
5559,,s0001667,2026-06-27 16:09:41,page_view,desktop
5560,,s0001667,2026-06-27 16:10:48,add_to_cart,desktop
5561,,s0001668,2026-06-27 05:26:39,page_view,desktop
5562,,s0001668,2026-06-27 05:27:40,page_view,desktop
5563,,s0001668,2026-06-27 05:28:16,page_view,desktop
5564,10175,s0001669,2026-06-27 13:16:43,page_view,mobile
5565,10175,s0001669,2026-06-27 13:17:26,page_view,mobile
5566,10175,s0001669,2026-06-27 13:19:24,page_view,mobile
5567,10175,s0001669,2026-06-27 13:20:26,page_view,mobile
5568,10181,s0001670,2026-06-27 13:01:23,page_view,Desktop
5569,10181,s0001670,2026-06-27 13:02:23,page_view,Desktop
5570,10181,s0001670,2026-06-27 13:02:40,page_view,Desktop
5571,,s0001671,2026-06-27 16:45:19,page_view,desktop
5572,,s0001671,2026-06-27 16:47:15,page_view,desktop
5573,,s0001671,2026-06-27 16:47:41,page_view,desktop
5574,,s0001671,2026-06-27 16:48:19,page_view,desktop
5575,,s0001672,2026-06-27 08:16:07,page_view,mobile
5576,,s0001672,2026-06-27 08:18:06,page_view,mobile
5577,,s0001672,2026-06-27 08:18:49,page_view,mobile
5578,,s0001672,2026-06-27 08:19:02,add_to_cart,mobile
5579,,s0001672,2026-06-27 08:19:49,begin_checkout,mobile
5580,10287,s0001673,2026-06-27 21:48:48,page_view,desktop
5581,10287,s0001673,2026-06-27 21:49:28,page_view,desktop
5582,10287,s0001673,2026-06-27 21:49:39,page_view,desktop
5583,,s0001674,2026-06-27 15:07:07,page_view,mobile
5584,,s0001674,2026-06-27 15:08:04,add_to_cart,mobile
5585,10513,s0001675,2026-06-27 10:19:12,page_view,mobile
5586,10513,s0001675,2026-06-27 10:20:54,page_view,mobile
5587,10513,s0001675,2026-06-27 10:21:09,page_view,mobile
5588,10513,s0001675,2026-06-27 10:22:06,add_to_cart,mobile
5589,10513,s0001675,2026-06-27 10:23:35,begin_checkout,mobile
5590,10513,s0001675,2026-06-27 10:25:12,purchase,mobile
5591,,s0001676,2026-06-27 22:15:33,page_view,mobile
5592,10274,s0001677,2026-06-27 18:01:02,page_view,desktop
5593,10274,s0001677,2026-06-27 18:02:02,page_view,desktop
5594,10274,s0001677,2026-06-27 18:04:00,page_view,desktop
5595,10274,s0001677,2026-06-27 18:04:53,page_view,desktop
5596,10274,s0001677,2026-06-27 18:05:35,add_to_cart,desktop
5597,10274,s0001677,2026-06-27 18:06:32,begin_checkout,desktop
5598,,s0001678,2026-06-27 07:23:07,page_view,Mobile
5599,,s0001678,2026-06-27 07:24:18,page_view,Mobile
5600,10641,s0001679,2026-06-28 22:51:16,page_view,desktop
5601,10641,s0001679,2026-06-28 22:52:14,page_view,desktop
5602,10641,s0001679,2026-06-28 22:53:10,add_to_cart,desktop
5603,10641,s0001679,2026-06-28 22:54:11,begin_checkout,desktop
5604,10641,s0001679,2026-06-28 22:54:43,purchase,desktop
5605,,s0001680,2026-06-28 01:37:49,page_view,tablet
5606,,s0001680,2026-06-28 01:39:19,page_view,tablet
5607,,s0001680,2026-06-28 01:40:25,page_view,tablet
5608,,s0001680,2026-06-28 01:42:04,page_view,tablet
5609,10577,s0001681,2026-06-28 16:15:50,page_view,desktop
5610,10577,s0001681,2026-06-28 16:16:38,page_view,desktop
5611,10577,s0001681,2026-06-28 16:18:09,page_view,desktop
5612,10577,s0001681,2026-06-28 16:19:54,page_view,desktop
5613,10577,s0001681,2026-06-28 16:21:32,add_to_cart,desktop
5614,10577,s0001681,2026-06-28 16:22:35,begin_checkout,desktop
5615,10678,s0001682,2026-06-28 05:46:19,page_view,mobile
5616,10678,s0001682,2026-06-28 05:46:38,page_view,mobile
5617,10678,s0001682,2026-06-28 05:48:25,page_view,mobile
5618,10678,s0001682,2026-06-28 05:48:53,page_view,mobile
5619,10678,s0001682,2026-06-28 05:49:28,add_to_cart,mobile
5620,10435,s0001683,2026-06-28 16:20:57,page_view,mobile
5621,10435,s0001683,2026-06-28 16:21:55,page_view,mobile
5622,10435,s0001683,2026-06-28 16:22:32,add_to_cart,mobile
5623,10435,s0001683,2026-06-28 16:23:43,begin_checkout,mobile
5624,10256,s0001684,2026-06-28 02:41:38,page_view,mobile
5625,10104,s0001685,2026-06-28 20:27:38,page_view,tablet
5626,10104,s0001685,2026-06-28 20:28:43,page_view,tablet
5627,10104,s0001685,2026-06-28 20:28:47,add_to_cart,tablet
5628,10167,s0001686,2026-06-28 15:14:21,page_view,desktop
5629,10167,s0001686,2026-06-28 15:15:49,page_view,desktop
5630,10167,s0001686,2026-06-28 15:15:57,page_view,desktop
5631,10167,s0001686,2026-06-28 15:17:08,page_view,desktop
5632,10167,s0001686,2026-06-28 15:18:50,add_to_cart,desktop
5633,10167,s0001686,2026-06-28 15:19:35,begin_checkout,desktop
5634,10167,s0001686,2026-06-28 15:19:49,purchase,desktop
5635,,s0001687,2026-06-28 02:07:08,page_view,mobile
5636,,s0001687,2026-06-28 02:07:34,page_view,mobile
5637,,s0001687,2026-06-28 02:08:16,page_view,mobile
5638,,s0001687,2026-06-28 02:09:38,page_view,mobile
5639,10217,s0001688,2026-06-28 03:10:41,page_view,mobile
5640,10217,s0001688,2026-06-28 03:12:40,add_to_cart,mobile
5641,10217,s0001688,2026-06-28 03:13:58,begin_checkout,mobile
5642,10281,s0001689,2026-06-28 01:02:36,page_view,desktop
5643,10281,s0001689,2026-06-28 01:02:48,page_view,desktop
5644,10281,s0001689,2026-06-28 01:03:41,page_view,desktop
5645,10281,s0001689,2026-06-28 01:04:35,add_to_cart,desktop
5646,10281,s0001689,2026-06-28 01:05:59,begin_checkout,desktop
5647,10281,s0001689,2026-06-28 01:07:24,purchase,desktop
5648,,s0001690,2026-06-28 14:29:00,page_view,tablet
5649,,s0001690,2026-06-28 14:29:14,page_view,tablet
5650,,s0001690,2026-06-28 14:30:37,add_to_cart,tablet
5651,,s0001690,2026-06-28 14:32:23,begin_checkout,tablet
5652,,s0001690,2026-06-28 14:34:02,purchase,tablet
5653,10332,s0001691,2026-06-28 00:45:20,page_view,mobile
5654,10332,s0001691,2026-06-28 00:45:56,add_to_cart,mobile
5655,10378,s0001692,2026-06-28 13:08:45,page_view,tablet
5656,10378,s0001692,2026-06-28 13:08:54,page_view,tablet
5657,10378,s0001692,2026-06-28 13:09:18,page_view,tablet
5658,10544,s0001693,2026-06-28 07:52:17,page_view,desktop
5659,10544,s0001693,2026-06-28 07:52:49,page_view,desktop
5660,,s0001694,2026-06-28 09:36:48,page_view,desktop
5661,,s0001694,2026-06-28 09:38:26,page_view,desktop
5662,,s0001694,2026-06-28 09:40:21,page_view,desktop
5663,,s0001694,2026-06-28 09:42:03,add_to_cart,desktop
5664,,s0001695,2026-06-28 07:23:06,page_view,mobile
5665,10483,s0001696,2026-06-28 12:50:35,page_view,mobile
5666,10483,s0001696,2026-06-28 12:52:24,page_view,mobile
5667,10483,s0001696,2026-06-28 12:53:04,page_view,mobile
5668,10483,s0001696,2026-06-28 12:53:54,page_view,mobile
5669,10513,s0001697,2026-06-28 01:43:08,page_view,mobile
5670,10513,s0001697,2026-06-28 01:44:57,page_view,mobile
5671,10513,s0001697,2026-06-28 01:45:56,page_view,mobile
5672,10513,s0001697,2026-06-28 01:47:18,add_to_cart,mobile
5673,10513,s0001697,2026-06-28 01:48:35,begin_checkout,mobile
5674,10513,s0001697,2026-06-28 01:49:33,purchase,mobile
5675,10237,s0001698,2026-06-28 07:14:51,page_view,desktop
5676,10237,s0001698,2026-06-28 07:16:07,page_view,desktop
5677,10237,s0001698,2026-06-28 07:17:47,page_view,desktop
5678,10237,s0001698,2026-06-28 07:19:11,add_to_cart,desktop
5679,,s0001699,2026-06-28 02:11:35,page_view,Desktop
5680,,s0001699,2026-06-28 02:12:04,add_to_cart,Desktop
5681,,s0001699,2026-06-28 02:12:22,begin_checkout,Desktop
5682,,s0001700,2026-06-28 07:19:44,page_view,tablet
5683,,s0001700,2026-06-28 07:21:36,page_view,tablet
5684,,s0001700,2026-06-28 07:22:09,page_view,tablet
5685,10234,s0001701,2026-06-28 03:14:16,page_view,desktop
5686,10234,s0001701,2026-06-28 03:14:58,page_view,desktop
5687,10234,s0001701,2026-06-28 03:16:19,add_to_cart,desktop
5688,,s0001702,2026-06-28 15:29:42,page_view,desktop
5689,,s0001702,2026-06-28 15:30:02,add_to_cart,desktop
5690,,s0001702,2026-06-28 15:31:45,begin_checkout,desktop
5691,,s0001702,2026-06-28 15:33:13,purchase,desktop
5692,10375,s0001703,2026-06-28 13:30:17,page_view,mobile
5693,10375,s0001703,2026-06-28 13:31:57,page_view,mobile
5694,10375,s0001703,2026-06-28 13:32:29,page_view,mobile
5695,10375,s0001703,2026-06-28 13:34:26,page_view,mobile
5696,10375,s0001703,2026-06-28 13:34:44,add_to_cart,mobile
5697,10482,s0001704,2026-06-28 02:03:03,page_view,mobile
5698,10482,s0001704,2026-06-28 02:04:19,page_view,mobile
5699,10482,s0001704,2026-06-28 02:05:11,page_view,mobile
5700,10482,s0001704,2026-06-28 02:05:19,page_view,mobile
5701,10482,s0001704,2026-06-28 02:06:32,add_to_cart,mobile
5702,10639,s0001705,2026-06-28 21:21:28,page_view,mobile
5703,10639,s0001705,2026-06-28 21:23:28,page_view,mobile
5704,10639,s0001705,2026-06-28 21:23:40,add_to_cart,mobile
5705,,s0001706,2026-06-28 13:12:30,page_view,desktop
5706,,s0001706,2026-06-28 13:12:35,page_view,desktop
5707,,s0001706,2026-06-28 13:14:14,page_view,desktop
5708,,s0001706,2026-06-28 13:15:46,page_view,desktop
5709,,s0001706,2026-06-28 13:17:15,add_to_cart,desktop
5710,,s0001706,2026-06-28 13:17:28,begin_checkout,desktop
5711,,s0001706,2026-06-28 13:19:19,purchase,desktop
5712,10530,s0001707,2026-06-28 00:48:08,page_view,desktop
5713,10530,s0001707,2026-06-28 00:48:31,page_view,desktop
5714,10096,s0001708,2026-06-28 19:45:12,page_view,desktop
5715,,s0001709,2026-06-28 09:54:35,page_view,Desktop
5716,,s0001709,2026-06-28 09:56:11,page_view,Desktop
5717,,s0001709,2026-06-28 09:57:21,add_to_cart,Desktop
5718,,s0001709,2026-06-28 09:58:59,begin_checkout,Desktop
5719,,s0001710,2026-06-28 20:13:15,page_view,desktop
5720,,s0001710,2026-06-28 20:13:30,page_view,desktop
5721,,s0001710,2026-06-28 20:14:53,page_view,desktop
5722,,s0001711,2026-06-28 08:07:16,page_view,desktop
5723,,s0001711,2026-06-28 08:08:40,page_view,desktop
5724,,s0001711,2026-06-28 08:09:31,add_to_cart,desktop
5725,,s0001711,2026-06-28 08:10:37,begin_checkout,desktop
5726,,s0001711,2026-06-28 08:11:50,purchase,desktop
5727,10316,s0001712,2026-06-28 14:05:51,page_view,desktop
5728,10316,s0001712,2026-06-28 14:06:48,page_view,desktop
5729,10316,s0001712,2026-06-28 14:08:25,page_view,desktop
5730,10316,s0001712,2026-06-28 14:09:19,page_view,desktop
5731,10471,s0001713,2026-06-28 17:47:09,page_view,mobile
5732,10471,s0001713,2026-06-28 17:49:07,page_view,mobile
5733,10310,s0001714,2026-06-28 09:47:52,page_view,mobile
5734,10310,s0001714,2026-06-28 09:47:57,page_view,mobile
5735,10408,s0001715,2026-06-28 01:07:39,page_view,mobile
5736,10408,s0001715,2026-06-28 01:09:21,page_view,mobile
5737,10408,s0001715,2026-06-28 01:10:08,page_view,mobile
5738,10408,s0001715,2026-06-28 01:10:43,add_to_cart,mobile
5739,,s0001716,2026-06-28 19:38:37,page_view,desktop
5740,,s0001716,2026-06-28 19:38:52,page_view,desktop
5741,,s0001716,2026-06-28 19:39:01,page_view,desktop
5742,,s0001716,2026-06-28 19:40:18,page_view,desktop
5743,10668,s0001717,2026-06-28 16:35:47,page_view,desktop
5744,10668,s0001717,2026-06-28 16:36:55,page_view,desktop
5745,10668,s0001717,2026-06-28 16:37:27,page_view,desktop
5746,,s0001718,2026-06-28 15:29:46,page_view,desktop
5747,,s0001719,2026-06-28 08:02:24,page_view,mobile
5748,,s0001719,2026-06-28 08:03:42,page_view,mobile
5749,10175,s0001720,2026-06-28 00:21:04,page_view,mobile
5750,10101,s0001721,2026-06-28 21:56:27,page_view,desktop
5751,10101,s0001721,2026-06-28 21:57:07,page_view,desktop
5752,10101,s0001721,2026-06-28 21:58:44,page_view,desktop
5753,10101,s0001721,2026-06-28 22:00:32,page_view,desktop
5754,10424,s0001722,2026-06-28 07:11:39,page_view,mobile
5755,10424,s0001722,2026-06-28 07:13:04,page_view,mobile
5756,10266,s0001723,2026-06-28 08:27:17,page_view,tablet
5757,10266,s0001723,2026-06-28 08:28:40,page_view,tablet
5758,10266,s0001723,2026-06-28 08:28:53,page_view,tablet
5759,10475,s0001724,2026-06-28 09:24:39,page_view,tablet
5760,10475,s0001724,2026-06-28 09:25:52,page_view,tablet
5761,10475,s0001724,2026-06-28 09:26:02,page_view,tablet
5762,10475,s0001724,2026-06-28 09:26:49,page_view,tablet
5763,10379,s0001725,2026-06-28 04:46:44,page_view,mobile
5764,10379,s0001725,2026-06-28 04:47:23,page_view,mobile
5765,10379,s0001725,2026-06-28 04:48:35,add_to_cart,mobile
5766,10379,s0001725,2026-06-28 04:48:38,begin_checkout,mobile
5767,10379,s0001725,2026-06-28 04:49:52,purchase,mobile
5768,10432,s0001726,2026-06-28 20:52:42,page_view,desktop
5769,10432,s0001726,2026-06-28 20:53:51,page_view,desktop
5770,10432,s0001726,2026-06-28 20:55:47,add_to_cart,desktop
5771,10303,s0001727,2026-06-28 09:23:14,page_view,mobile
5772,10303,s0001727,2026-06-28 09:23:27,page_view,mobile
5773,10303,s0001727,2026-06-28 09:24:19,page_view,mobile
5774,10303,s0001727,2026-06-28 09:25:03,page_view,mobile
5775,10303,s0001727,2026-06-28 09:26:39,add_to_cart,mobile
5776,,s0001728,2026-06-28 20:06:48,page_view,mobile
5777,,s0001728,2026-06-28 20:08:16,page_view,mobile
5778,,s0001728,2026-06-28 20:09:50,page_view,mobile
5779,,s0001728,2026-06-28 20:10:08,page_view,mobile
5780,10547,s0001729,2026-06-28 15:00:01,page_view,desktop
5781,10547,s0001729,2026-06-28 15:00:31,page_view,desktop
5782,,s0001730,2026-06-28 12:23:56,page_view,Tablet
5783,,s0001730,2026-06-28 12:24:42,page_view,Tablet
5784,,s0001730,2026-06-28 12:26:33,page_view,Tablet
5785,,s0001730,2026-06-28 12:27:05,page_view,Tablet
5786,10218,s0001731,2026-06-28 07:46:22,page_view,desktop
5787,10218,s0001731,2026-06-28 07:46:53,page_view,desktop
5788,10218,s0001731,2026-06-28 07:48:53,page_view,desktop
5789,10218,s0001731,2026-06-28 07:49:14,page_view,desktop
5790,,s0001732,2026-06-28 06:04:07,page_view,mobile
5791,,s0001732,2026-06-28 06:05:11,page_view,mobile
5792,,s0001732,2026-06-28 06:06:32,page_view,mobile
5793,,s0001732,2026-06-28 06:07:48,add_to_cart,mobile
5794,,s0001732,2026-06-28 06:08:55,begin_checkout,mobile
5795,,s0001732,2026-06-28 06:10:47,purchase,mobile
5796,,s0001733,2026-06-28 03:42:24,page_view,mobile
5797,,s0001733,2026-06-28 03:42:53,page_view,mobile
5798,,s0001733,2026-06-28 03:44:24,page_view,mobile
5799,,s0001733,2026-06-28 03:44:47,add_to_cart,mobile
5800,10661,s0001734,2026-06-28 21:27:44,page_view,mobile
5801,10696,s0001735,2026-06-28 00:25:43,page_view,desktop
5802,10696,s0001735,2026-06-28 00:25:48,page_view,desktop
5803,10696,s0001735,2026-06-28 00:26:26,add_to_cart,desktop
5804,10068,s0001736,2026-06-28 06:42:26,page_view,desktop
5805,10068,s0001736,2026-06-28 06:43:31,page_view,desktop
5806,10068,s0001736,2026-06-28 06:44:14,add_to_cart,desktop
5807,,s0001737,2026-06-28 03:46:10,page_view,tablet
5808,,s0001737,2026-06-28 03:47:48,page_view,tablet
5809,,s0001737,2026-06-28 03:49:09,page_view,tablet
5810,,s0001737,2026-06-28 03:50:59,page_view,tablet
5811,,s0001737,2026-06-28 03:52:37,add_to_cart,tablet
5812,10553,s0001738,2026-06-28 02:35:00,page_view,mobile
5813,10553,s0001738,2026-06-28 02:35:59,add_to_cart,mobile
5814,10485,s0001739,2026-06-28 22:25:48,page_view,mobile
5815,10485,s0001739,2026-06-28 22:27:32,page_view,mobile
5816,,s0001740,2026-06-28 18:37:33,page_view,desktop
5817,,s0001740,2026-06-28 18:37:47,page_view,desktop
5818,,s0001740,2026-06-28 18:38:56,page_view,desktop
5819,,s0001740,2026-06-28 18:40:34,page_view,desktop
5820,10076,s0001741,2026-06-28 09:47:29,page_view,mobile
5821,,s0001742,2026-06-28 08:12:48,page_view,mobile
5822,,s0001742,2026-06-28 08:14:24,page_view,mobile
5823,,s0001742,2026-06-28 08:15:36,page_view,mobile
5824,,s0001743,2026-06-28 07:43:59,page_view,mobile
5825,,s0001743,2026-06-28 07:45:50,page_view,mobile
5826,,s0001743,2026-06-28 07:47:31,page_view,mobile
5827,,s0001744,2026-06-28 10:34:35,page_view,mobile
5828,,s0001744,2026-06-28 10:35:56,page_view,mobile
5829,,s0001745,2026-06-28 06:32:26,page_view,mobile
5830,,s0001745,2026-06-28 06:33:09,page_view,mobile
5831,,s0001745,2026-06-28 06:33:41,page_view,mobile
5832,,s0001745,2026-06-28 06:35:20,page_view,mobile
5833,,s0001745,2026-06-28 06:36:29,add_to_cart,mobile
5834,,s0001745,2026-06-28 06:37:24,begin_checkout,mobile
5835,,s0001745,2026-06-28 06:38:19,purchase,mobile
5836,,s0001746,2026-06-28 07:46:04,page_view,mobile
5837,,s0001746,2026-06-28 07:46:18,page_view,mobile
5838,10675,s0001747,2026-06-28 17:47:39,page_view,tablet
5839,10675,s0001747,2026-06-28 17:49:29,page_view,tablet
5840,10675,s0001747,2026-06-28 17:49:38,add_to_cart,tablet
5841,10675,s0001747,2026-06-28 17:50:47,begin_checkout,tablet
5842,10675,s0001747,2026-06-28 17:51:02,purchase,tablet
5843,10309,s0001748,2026-06-29 05:18:55,page_view,mobile
5844,,s0001749,2026-06-29 03:59:23,page_view,mobile
5845,,s0001749,2026-06-29 04:01:10,page_view,mobile
5846,,s0001749,2026-06-29 04:01:45,add_to_cart,mobile
5847,,s0001749,2026-06-29 04:03:18,begin_checkout,mobile
5848,,s0001750,2026-06-29 20:31:55,page_view,desktop
5849,,s0001750,2026-06-29 20:32:16,page_view,desktop
5850,,s0001750,2026-06-29 20:33:45,page_view,desktop
5851,,s0001750,2026-06-29 20:35:41,page_view,desktop
5852,,s0001750,2026-06-29 20:36:49,add_to_cart,desktop
5853,,s0001750,2026-06-29 20:37:49,begin_checkout,desktop
5854,10179,s0001751,2026-06-29 10:25:32,page_view,desktop
5855,10179,s0001751,2026-06-29 10:25:54,page_view,desktop
5856,10179,s0001751,2026-06-29 10:27:52,page_view,desktop
5857,10179,s0001751,2026-06-29 10:28:03,page_view,desktop
5858,,s0001752,2026-06-29 12:52:20,page_view,mobile
5859,,s0001752,2026-06-29 12:52:42,page_view,mobile
5860,,s0001752,2026-06-29 12:54:32,page_view,mobile
5861,,s0001752,2026-06-29 12:55:53,page_view,mobile
5862,,s0001752,2026-06-29 12:56:15,add_to_cart,mobile
5863,,s0001752,2026-06-29 12:57:50,begin_checkout,mobile
5864,,s0001752,2026-06-29 12:59:50,purchase,mobile
5865,10189,s0001753,2026-06-29 15:05:45,page_view,desktop
5866,10189,s0001753,2026-06-29 15:06:12,page_view,desktop
5867,10189,s0001753,2026-06-29 15:07:11,page_view,desktop
5868,10189,s0001753,2026-06-29 15:07:20,page_view,desktop
5869,10665,s0001754,2026-06-29 13:18:18,page_view,desktop
5870,10665,s0001754,2026-06-29 13:18:50,page_view,desktop
5871,10665,s0001754,2026-06-29 13:20:49,page_view,desktop
5872,10665,s0001754,2026-06-29 13:21:56,page_view,desktop
5873,10185,s0001755,2026-06-29 16:30:50,page_view,mobile
5874,10185,s0001755,2026-06-29 16:31:04,page_view,mobile
5875,10185,s0001755,2026-06-29 16:31:20,page_view,mobile
5876,,s0001756,2026-06-29 20:16:49,page_view,mobile
5877,,s0001756,2026-06-29 20:18:14,page_view,mobile
5878,,s0001756,2026-06-29 20:19:08,page_view,mobile
5879,,s0001757,2026-06-29 17:13:07,page_view,mobile
5880,10122,s0001758,2026-06-29 13:07:08,page_view,mobile
5881,10521,s0001759,2026-06-29 09:45:00,page_view,desktop
5882,10254,s0001760,2026-06-29 06:28:14,page_view,desktop
5883,10254,s0001760,2026-06-29 06:29:19,add_to_cart,desktop
5884,10254,s0001760,2026-06-29 06:30:52,begin_checkout,desktop
5885,10254,s0001760,2026-06-29 06:32:35,purchase,desktop
5886,10555,s0001761,2026-06-29 11:59:24,page_view,desktop
5887,10555,s0001761,2026-06-29 12:00:42,page_view,desktop
5888,10555,s0001761,2026-06-29 12:00:49,page_view,desktop
5889,10555,s0001761,2026-06-29 12:02:35,page_view,desktop
5890,,s0001762,2026-06-29 19:45:46,page_view,desktop
5891,,s0001762,2026-06-29 19:45:57,page_view,desktop
5892,,s0001762,2026-06-29 19:46:38,page_view,desktop
5893,,s0001762,2026-06-29 19:47:35,page_view,desktop
5894,10016,s0001763,2026-06-29 10:42:05,page_view,mobile
5895,10016,s0001763,2026-06-29 10:42:32,page_view,mobile
5896,10016,s0001763,2026-06-29 10:43:32,add_to_cart,mobile
5897,,s0001764,2026-06-29 04:01:58,page_view,tablet
5898,,s0001764,2026-06-29 04:02:19,page_view,tablet
5899,,s0001764,2026-06-29 04:03:12,page_view,tablet
5900,,s0001765,2026-06-29 05:44:03,page_view,mobile
5901,,s0001765,2026-06-29 05:44:26,page_view,mobile
5902,10243,s0001766,2026-06-29 08:28:49,page_view,mobile
5903,10243,s0001766,2026-06-29 08:29:55,page_view,mobile
5904,10243,s0001766,2026-06-29 08:30:53,page_view,mobile
5905,10243,s0001766,2026-06-29 08:31:25,add_to_cart,mobile
5906,10243,s0001766,2026-06-29 08:31:31,begin_checkout,mobile
5907,10268,s0001767,2026-06-29 18:18:05,page_view,desktop
5908,10268,s0001767,2026-06-29 18:19:36,add_to_cart,desktop
5909,10268,s0001767,2026-06-29 18:20:45,begin_checkout,desktop
5910,10268,s0001767,2026-06-29 18:21:57,purchase,desktop
5911,10441,s0001768,2026-06-29 18:22:49,page_view,desktop
5912,10441,s0001768,2026-06-29 18:23:55,page_view,desktop
5913,10045,s0001769,2026-06-29 19:18:35,page_view,tablet
5914,10045,s0001769,2026-06-29 19:18:53,page_view,tablet
5915,10045,s0001769,2026-06-29 19:20:13,add_to_cart,tablet
5916,,s0001770,2026-06-29 07:46:26,page_view,mobile
5917,10434,s0001771,2026-06-29 22:33:33,page_view,desktop
5918,10434,s0001771,2026-06-29 22:34:34,page_view,desktop
5919,10258,s0001772,2026-06-29 17:11:47,page_view,desktop
5920,10258,s0001772,2026-06-29 17:13:32,add_to_cart,desktop
5921,10258,s0001772,2026-06-29 17:14:17,begin_checkout,desktop
5922,10014,s0001773,2026-06-29 10:45:16,page_view,mobile
5923,,s0001774,2026-06-29 01:15:25,page_view,tablet
5924,,s0001774,2026-06-29 01:16:42,page_view,tablet
5925,,s0001775,2026-06-29 00:28:34,page_view,mobile
5926,,s0001775,2026-06-29 00:30:21,page_view,mobile
5927,,s0001775,2026-06-29 00:31:34,page_view,mobile
5928,,s0001775,2026-06-29 00:32:35,page_view,mobile
5929,,s0001776,2026-06-29 07:25:05,page_view,mobile
5930,,s0001776,2026-06-29 07:25:43,page_view,mobile
5931,,s0001776,2026-06-29 07:27:32,page_view,mobile
5932,,s0001776,2026-06-29 07:29:14,page_view,mobile
5933,10581,s0001777,2026-06-29 22:05:41,page_view,tablet
5934,10581,s0001777,2026-06-29 22:06:43,page_view,tablet
5935,10581,s0001777,2026-06-29 22:07:13,page_view,tablet
5936,10581,s0001777,2026-06-29 22:08:14,add_to_cart,tablet
5937,,s0001778,2026-06-29 20:58:26,page_view,desktop
5938,,s0001778,2026-06-29 20:59:29,page_view,desktop
5939,,s0001778,2026-06-29 21:01:04,page_view,desktop
5940,,s0001778,2026-06-29 21:01:22,add_to_cart,desktop
5941,,s0001778,2026-06-29 21:01:45,begin_checkout,desktop
5942,,s0001778,2026-06-29 21:03:45,purchase,desktop
5943,10308,s0001779,2026-06-29 10:34:07,page_view,desktop
5944,10308,s0001779,2026-06-29 10:36:02,page_view,desktop
5945,,s0001780,2026-06-29 12:36:00,page_view,desktop
5946,,s0001780,2026-06-29 12:37:19,page_view,desktop
5947,,s0001780,2026-06-29 12:38:24,page_view,desktop
5948,,s0001780,2026-06-29 12:40:23,add_to_cart,desktop
5949,,s0001780,2026-06-29 12:40:28,begin_checkout,desktop
5950,10030,s0001781,2026-06-29 17:12:54,page_view,mobile
5951,,s0001782,2026-06-29 18:00:12,page_view,desktop
5952,,s0001782,2026-06-29 18:02:01,page_view,desktop
5953,,s0001782,2026-06-29 18:03:07,page_view,desktop
5954,,s0001783,2026-06-29 17:51:36,page_view,mobile
5955,,s0001783,2026-06-29 17:52:29,page_view,mobile
5956,,s0001783,2026-06-29 17:52:40,page_view,mobile
5957,,s0001783,2026-06-29 17:52:43,page_view,mobile
5958,,s0001784,2026-06-29 08:52:21,page_view,desktop
5959,10549,s0001785,2026-06-29 00:57:33,page_view,desktop
5960,10549,s0001785,2026-06-29 00:58:17,page_view,desktop
5961,10549,s0001785,2026-06-29 01:00:00,page_view,desktop
5962,10549,s0001785,2026-06-29 01:00:16,add_to_cart,desktop
5963,10129,s0001786,2026-06-29 08:51:31,page_view,desktop
5964,10129,s0001786,2026-06-29 08:51:54,page_view,desktop
5965,10129,s0001786,2026-06-29 08:52:56,page_view,desktop
5966,10286,s0001787,2026-06-29 01:27:48,page_view,tablet
5967,,s0001788,2026-06-29 22:35:39,page_view,desktop
5968,,s0001788,2026-06-29 22:36:43,page_view,desktop
5969,,s0001788,2026-06-29 22:38:21,page_view,desktop
5970,,s0001788,2026-06-29 22:38:57,add_to_cart,desktop
5971,,s0001788,2026-06-29 22:39:00,begin_checkout,desktop
5972,10401,s0001789,2026-06-29 16:04:29,page_view,mobile
5973,10401,s0001789,2026-06-29 16:06:12,page_view,mobile
5974,10401,s0001789,2026-06-29 16:07:42,page_view,mobile
5975,,s0001790,2026-06-29 11:44:43,page_view,mobile
5976,10683,s0001791,2026-06-29 18:55:59,page_view,mobile
5977,10683,s0001791,2026-06-29 18:56:02,page_view,mobile
5978,10683,s0001791,2026-06-29 18:56:10,add_to_cart,mobile
5979,10406,s0001792,2026-06-29 19:57:52,page_view,mobile
5980,10406,s0001792,2026-06-29 19:59:33,page_view,mobile
5981,10406,s0001792,2026-06-29 20:00:46,page_view,mobile
5982,10406,s0001792,2026-06-29 20:02:16,page_view,mobile
5983,10616,s0001793,2026-06-29 17:50:37,page_view,mobile
5984,,s0001794,2026-06-29 07:03:12,page_view,mobile
5985,10001,s0001795,2026-06-29 14:49:21,page_view,mobile
5986,10001,s0001795,2026-06-29 14:49:36,add_to_cart,mobile
5987,10470,s0001796,2026-06-29 07:26:27,page_view,mobile
5988,10470,s0001796,2026-06-29 07:27:23,page_view,mobile
5989,10470,s0001796,2026-06-29 07:28:49,add_to_cart,mobile
5990,10470,s0001796,2026-06-29 07:29:46,begin_checkout,mobile
5991,10470,s0001796,2026-06-29 07:30:51,purchase,mobile
5992,10238,s0001797,2026-06-29 21:35:16,page_view,desktop
5993,10238,s0001797,2026-06-29 21:37:09,page_view,desktop
5994,10238,s0001797,2026-06-29 21:37:15,page_view,desktop
5995,,s0001798,2026-06-29 06:29:22,page_view,desktop
5996,,s0001798,2026-06-29 06:29:25,page_view,desktop
5997,,s0001798,2026-06-29 06:29:50,page_view,desktop
5998,,s0001798,2026-06-29 06:30:48,page_view,desktop
5999,,s0001798,2026-06-29 06:31:30,add_to_cart,desktop
6000,,s0001799,2026-06-29 20:21:54,page_view,mobile
6001,,s0001799,2026-06-29 20:22:18,add_to_cart,mobile
6002,,s0001799,2026-06-29 20:23:56,begin_checkout,mobile
6003,,s0001799,2026-06-29 20:24:54,purchase,mobile
6004,10579,s0001800,2026-06-29 16:52:17,page_view,desktop
6005,10579,s0001800,2026-06-29 16:53:42,page_view,desktop
6006,10563,s0001801,2026-06-29 15:07:48,page_view,desktop
6007,10563,s0001801,2026-06-29 15:09:38,add_to_cart,desktop
6008,10563,s0001801,2026-06-29 15:10:22,begin_checkout,desktop
6009,10122,s0001802,2026-06-29 19:40:25,page_view,Desktop
6010,10256,s0001803,2026-06-29 19:09:53,page_view,tablet
6011,10105,s0001804,2026-06-29 07:14:29,page_view,mobile
6012,10105,s0001804,2026-06-29 07:14:41,page_view,mobile
6013,10105,s0001804,2026-06-29 07:14:48,page_view,mobile
6014,10105,s0001804,2026-06-29 07:15:47,page_view,mobile
6015,10105,s0001804,2026-06-29 07:17:32,add_to_cart,mobile
6016,10105,s0001804,2026-06-29 07:18:56,begin_checkout,mobile
6017,,s0001805,2026-06-29 12:40:28,page_view,desktop
6018,,s0001805,2026-06-29 12:40:39,add_to_cart,desktop
6019,10151,s0001806,2026-06-29 01:01:39,page_view,mobile
6020,10151,s0001806,2026-06-29 01:03:10,page_view,mobile
6021,10151,s0001806,2026-06-29 01:03:21,page_view,mobile
6022,,s0001807,2026-06-29 00:52:22,page_view,mobile
6023,,s0001807,2026-06-29 00:54:14,page_view,mobile
6024,,s0001807,2026-06-29 00:55:00,page_view,mobile
6025,,s0001807,2026-06-29 00:55:10,add_to_cart,mobile
6026,10637,s0001808,2026-06-29 16:37:03,page_view,mobile
6027,10637,s0001808,2026-06-29 16:37:11,page_view,mobile
6028,10637,s0001808,2026-06-29 16:37:38,page_view,mobile
6029,10637,s0001808,2026-06-29 16:38:53,add_to_cart,mobile
6030,10637,s0001808,2026-06-29 16:39:03,begin_checkout,mobile
6031,10637,s0001808,2026-06-29 16:40:21,purchase,mobile
6032,10344,s0001809,2026-06-29 03:27:25,page_view,mobile
6033,10344,s0001809,2026-06-29 03:28:31,page_view,mobile
6034,10344,s0001809,2026-06-29 03:30:30,page_view,mobile
6035,10121,s0001810,2026-06-29 13:29:07,page_view,mobile
6036,10121,s0001810,2026-06-29 13:30:51,add_to_cart,mobile
6037,10121,s0001810,2026-06-29 13:31:09,begin_checkout,mobile
6038,10570,s0001811,2026-06-29 20:38:13,page_view,mobile
6039,10570,s0001811,2026-06-29 20:38:53,page_view,mobile
6040,10570,s0001811,2026-06-29 20:40:05,page_view,mobile
6041,10253,s0001812,2026-06-30 17:02:21,page_view,desktop
6042,10253,s0001812,2026-06-30 17:03:59,page_view,desktop
6043,10253,s0001812,2026-06-30 17:04:25,page_view,desktop
6044,,s0001813,2026-06-30 22:30:48,page_view,desktop
6045,,s0001813,2026-06-30 22:31:15,add_to_cart,desktop
6046,10658,s0001814,2026-06-30 00:30:43,page_view,tablet
6047,10451,s0001815,2026-06-30 09:51:30,page_view,desktop
6048,10406,s0001816,2026-06-30 02:40:23,page_view,mobile
6049,,s0001817,2026-06-30 16:08:39,page_view,mobile
6050,,s0001817,2026-06-30 16:08:58,page_view,mobile
6051,,s0001817,2026-06-30 16:10:57,page_view,mobile
6052,,s0001817,2026-06-30 16:11:59,page_view,mobile
6053,,s0001817,2026-06-30 16:12:11,add_to_cart,mobile
6054,,s0001817,2026-06-30 16:12:21,begin_checkout,mobile
6055,10493,s0001818,2026-06-30 10:22:50,page_view,mobile
6056,10493,s0001818,2026-06-30 10:23:24,page_view,mobile
6057,,s0001819,2026-06-30 12:43:22,page_view,desktop
6058,,s0001819,2026-06-30 12:43:43,page_view,desktop
6059,,s0001820,2026-06-30 17:01:50,page_view,mobile
6060,,s0001820,2026-06-30 17:03:04,add_to_cart,mobile
6061,,s0001820,2026-06-30 17:03:56,begin_checkout,mobile
6062,10488,s0001821,2026-06-30 02:16:23,page_view,mobile
6063,10488,s0001821,2026-06-30 02:17:06,page_view,mobile
6064,10488,s0001821,2026-06-30 02:17:16,page_view,mobile
6065,10488,s0001821,2026-06-30 02:18:54,add_to_cart,mobile
6066,10411,s0001822,2026-06-30 11:08:20,page_view,desktop
6067,10411,s0001822,2026-06-30 11:08:58,page_view,desktop
6068,10662,s0001823,2026-06-30 15:05:19,page_view,desktop
6069,10662,s0001823,2026-06-30 15:05:34,page_view,desktop
6070,10560,s0001824,2026-06-30 19:29:00,page_view,mobile
6071,10560,s0001824,2026-06-30 19:30:21,page_view,mobile
6072,10560,s0001824,2026-06-30 19:31:46,add_to_cart,mobile
6073,,s0001825,2026-06-30 06:34:52,page_view,desktop
6074,,s0001825,2026-06-30 06:36:21,page_view,desktop
6075,10593,s0001826,2026-06-30 15:00:01,page_view,mobile
6076,10285,s0001827,2026-06-30 22:46:52,page_view,desktop
6077,10285,s0001827,2026-06-30 22:48:37,page_view,desktop
6078,10285,s0001827,2026-06-30 22:49:49,page_view,desktop
6079,10285,s0001827,2026-06-30 22:50:52,page_view,desktop
6080,,s0001828,2026-06-30 19:06:17,page_view,mobile
6081,,s0001828,2026-06-30 19:06:27,page_view,mobile
6082,10585,s0001829,2026-06-30 05:07:40,page_view,mobile
6083,10585,s0001829,2026-06-30 05:09:27,page_view,mobile
6084,10585,s0001829,2026-06-30 05:11:11,page_view,mobile
6085,,s0001830,2026-06-30 06:49:04,page_view,desktop
6086,,s0001830,2026-06-30 06:49:59,page_view,desktop
6087,,s0001830,2026-06-30 06:51:32,page_view,desktop
6088,,s0001830,2026-06-30 06:52:24,add_to_cart,desktop
6089,,s0001831,2026-06-30 00:04:10,page_view,Mobile
6090,,s0001831,2026-06-30 00:05:55,page_view,Mobile
6091,,s0001831,2026-06-30 00:07:52,page_view,Mobile
6092,,s0001831,2026-06-30 00:08:18,page_view,Mobile
6093,,s0001832,2026-06-30 18:24:58,page_view,mobile
6094,,s0001832,2026-06-30 18:25:04,page_view,mobile
6095,,s0001832,2026-06-30 18:26:03,page_view,mobile
6096,,s0001832,2026-06-30 18:27:30,page_view,mobile
6097,,s0001832,2026-06-30 18:27:34,add_to_cart,mobile
6098,10392,s0001833,2026-06-30 04:25:16,page_view,desktop
6099,10392,s0001833,2026-06-30 04:25:32,page_view,desktop
6100,10392,s0001833,2026-06-30 04:26:38,page_view,desktop
6101,10392,s0001833,2026-06-30 04:27:38,page_view,desktop
6102,10334,s0001834,2026-06-30 16:02:51,page_view,tablet
6103,10334,s0001834,2026-06-30 16:04:49,page_view,tablet
6104,10334,s0001834,2026-06-30 16:05:20,add_to_cart,tablet
6105,10280,s0001835,2026-06-30 05:50:54,page_view,mobile
6106,10280,s0001835,2026-06-30 05:51:33,page_view,mobile
6107,10280,s0001835,2026-06-30 05:52:33,page_view,mobile
6108,10280,s0001835,2026-06-30 05:52:38,add_to_cart,mobile
6109,,s0001836,2026-06-30 01:41:58,page_view,desktop
6110,,s0001836,2026-06-30 01:43:37,page_view,desktop
6111,,s0001836,2026-06-30 01:45:18,add_to_cart,desktop
6112,,s0001836,2026-06-30 01:46:54,begin_checkout,desktop
6113,,s0001836,2026-06-30 01:47:34,purchase,desktop
6114,10336,s0001837,2026-06-30 13:46:44,page_view,mobile
6115,10336,s0001837,2026-06-30 13:47:28,page_view,mobile
6116,10336,s0001837,2026-06-30 13:49:05,page_view,mobile
6117,10336,s0001837,2026-06-30 13:50:38,add_to_cart,mobile
6118,10332,s0001838,2026-06-30 08:04:26,page_view,Tablet
6119,10332,s0001838,2026-06-30 08:06:14,page_view,Tablet
6120,10600,s0001839,2026-06-30 11:38:05,page_view,desktop
6121,10600,s0001839,2026-06-30 11:38:30,page_view,desktop
6122,,s0001840,2026-06-30 15:31:10,page_view,desktop
6123,,s0001840,2026-06-30 15:32:56,page_view,desktop
6124,,s0001840,2026-06-30 15:34:02,page_view,desktop
6125,,s0001840,2026-06-30 15:34:45,page_view,desktop
6126,,s0001841,2026-06-30 15:48:20,page_view,mobile
6127,,s0001841,2026-06-30 15:49:39,page_view,mobile
6128,,s0001841,2026-06-30 15:50:41,page_view,mobile
6129,,s0001841,2026-06-30 15:51:15,page_view,mobile
6130,,s0001841,2026-06-30 15:52:12,add_to_cart,mobile
6131,,s0001841,2026-06-30 15:52:58,begin_checkout,mobile
6132,,s0001841,2026-06-30 15:54:41,purchase,mobile
6133,,s0001842,2026-06-30 21:13:29,page_view,mobile
6134,,s0001842,2026-06-30 21:15:21,page_view,mobile
6135,,s0001842,2026-06-30 21:17:17,page_view,mobile
6136,10561,s0001843,2026-06-30 00:18:35,page_view,mobile
6137,10510,s0001844,2026-06-30 02:35:25,page_view,desktop
6138,,s0001845,2026-06-30 17:37:25,page_view,mobile
6139,,s0001845,2026-06-30 17:38:35,page_view,mobile
6140,,s0001845,2026-06-30 17:40:18,page_view,mobile
6141,,s0001845,2026-06-30 17:41:26,page_view,mobile
6142,,s0001845,2026-06-30 17:43:22,add_to_cart,mobile
6143,10451,s0001846,2026-06-30 00:47:08,page_view,mobile
6144,10451,s0001846,2026-06-30 00:47:27,page_view,mobile
6145,10451,s0001846,2026-06-30 00:48:15,page_view,mobile
6146,10451,s0001846,2026-06-30 00:49:01,page_view,mobile
6147,10451,s0001846,2026-06-30 00:50:32,add_to_cart,mobile
6148,10517,s0001847,2026-06-30 07:08:37,page_view,desktop
6149,,s0001848,2026-06-30 15:17:03,page_view,tablet
6150,,s0001848,2026-06-30 15:18:16,page_view,tablet
6151,,s0001848,2026-06-30 15:18:44,page_view,tablet
6152,10504,s0001849,2026-06-30 02:15:20,page_view,desktop
6153,10504,s0001849,2026-06-30 02:16:05,page_view,desktop
6154,10238,s0001850,2026-06-30 02:04:26,page_view,mobile
6155,10238,s0001850,2026-06-30 02:05:09,page_view,mobile
6156,10238,s0001850,2026-06-30 02:06:58,page_view,mobile
6157,10238,s0001850,2026-06-30 02:07:56,page_view,mobile
6158,10177,s0001851,2026-06-30 00:03:18,page_view,desktop
6159,10177,s0001851,2026-06-30 00:03:29,page_view,desktop
6160,10129,s0001852,2026-06-30 00:21:19,page_view,mobile
6161,10129,s0001852,2026-06-30 00:22:32,page_view,mobile
6162,10129,s0001852,2026-06-30 00:24:08,page_view,mobile
6163,10129,s0001852,2026-06-30 00:25:38,page_view,mobile
6164,10102,s0001853,2026-06-30 03:50:59,page_view,desktop
6165,10102,s0001853,2026-06-30 03:52:09,add_to_cart,desktop
6166,10102,s0001853,2026-06-30 03:53:29,begin_checkout,desktop
6167,10102,s0001853,2026-06-30 03:54:30,purchase,desktop
6168,10468,s0001854,2026-06-30 14:51:51,page_view,mobile
6169,10446,s0001855,2026-06-30 13:54:44,page_view,mobile
6170,10446,s0001855,2026-06-30 13:55:41,add_to_cart,mobile
6171,10446,s0001855,2026-06-30 13:56:00,begin_checkout,mobile
6172,,s0001856,2026-06-30 11:27:41,page_view,desktop
6173,,s0001856,2026-06-30 11:28:33,page_view,desktop
6174,,s0001856,2026-06-30 11:29:18,page_view,desktop
6175,,s0001856,2026-06-30 11:29:38,page_view,desktop
6176,,s0001856,2026-06-30 11:30:04,add_to_cart,desktop
6177,10258,s0001857,2026-06-30 09:29:37,page_view,mobile
6178,10258,s0001857,2026-06-30 09:31:33,page_view,mobile
6179,10258,s0001857,2026-06-30 09:32:31,page_view,mobile
6180,10258,s0001857,2026-06-30 09:33:19,page_view,mobile
6181,10413,s0001858,2026-06-30 06:41:37,page_view,mobile
6182,,s0001859,2026-06-30 07:03:14,page_view,mobile
6183,,s0001859,2026-06-30 07:05:02,page_view,mobile
6184,,s0001859,2026-06-30 07:05:15,page_view,mobile
6185,,s0001859,2026-06-30 07:06:47,page_view,mobile
6186,,s0001859,2026-06-30 07:07:10,add_to_cart,mobile
6187,,s0001859,2026-06-30 07:07:51,begin_checkout,mobile
6188,10650,s0001860,2026-06-30 10:58:47,page_view,mobile
6189,10650,s0001860,2026-06-30 11:00:34,add_to_cart,mobile
6190,10650,s0001860,2026-06-30 11:02:02,begin_checkout,mobile
6191,,s0001861,2026-06-30 02:23:56,page_view,desktop
6192,,s0001861,2026-06-30 02:25:56,add_to_cart,desktop
6193,,s0001862,2026-06-30 01:45:38,page_view,desktop
6194,,s0001862,2026-06-30 01:46:01,page_view,desktop
6195,,s0001863,2026-06-30 06:30:36,page_view,mobile
6196,10082,s0001864,2026-06-30 01:01:50,page_view,mobile
6197,10082,s0001864,2026-06-30 01:02:29,page_view,mobile
6198,10082,s0001864,2026-06-30 01:04:16,add_to_cart,mobile
6199,10082,s0001864,2026-06-30 01:05:36,begin_checkout,mobile
6200,10115,s0001865,2026-06-30 17:19:41,page_view,desktop
6201,10115,s0001865,2026-06-30 17:20:26,page_view,desktop
6202,10115,s0001865,2026-06-30 17:21:26,page_view,desktop
6203,10115,s0001865,2026-06-30 17:21:43,page_view,desktop
6204,10115,s0001865,2026-06-30 17:22:59,add_to_cart,desktop
6205,10115,s0001865,2026-06-30 17:24:58,begin_checkout,desktop
6206,10115,s0001865,2026-06-30 17:25:43,purchase,desktop
6207,10655,s0001866,2026-06-30 19:40:47,page_view,tablet
6208,10655,s0001866,2026-06-30 19:42:17,page_view,tablet
6209,10655,s0001866,2026-06-30 19:43:11,page_view,tablet
6210,,s0001867,2026-06-30 19:47:28,page_view,desktop
6211,10255,s0001868,2026-06-30 09:53:57,page_view,mobile
6212,10255,s0001868,2026-06-30 09:55:14,page_view,mobile
6213,10255,s0001868,2026-06-30 09:56:05,page_view,mobile
6214,10255,s0001868,2026-06-30 09:56:35,add_to_cart,mobile
6215,10376,s0001869,2026-06-30 11:19:15,page_view,tablet
6216,10376,s0001869,2026-06-30 11:20:05,page_view,tablet
6217,,s0001870,2026-06-30 09:52:41,page_view,tablet
6218,,s0001870,2026-06-30 09:52:50,page_view,tablet
6219,,s0001870,2026-06-30 09:52:57,page_view,tablet
6220,,s0001870,2026-06-30 09:53:56,page_view,tablet
6221,10570,s0001871,2026-06-30 19:33:13,page_view,desktop
6222,10570,s0001871,2026-06-30 19:33:34,add_to_cart,desktop
6223,10327,s0001872,2026-06-30 14:16:15,page_view,desktop
6224,10327,s0001872,2026-06-30 14:16:34,page_view,desktop
6225,10327,s0001872,2026-06-30 14:17:56,page_view,desktop
6226,10327,s0001872,2026-06-30 14:19:11,page_view,desktop
6227,10087,s0001873,2026-06-30 12:25:13,page_view,mobile
6228,10087,s0001873,2026-06-30 12:26:53,add_to_cart,mobile
6229,10087,s0001873,2026-06-30 12:28:18,begin_checkout,mobile
6230,10015,s0001874,2026-06-30 10:46:09,page_view,mobile
6231,10015,s0001874,2026-06-30 10:47:44,add_to_cart,mobile
6232,10015,s0001874,2026-06-30 10:48:21,begin_checkout,mobile
6233,10015,s0001874,2026-06-30 10:49:15,purchase,mobile
6234,10038,s0001875,2026-06-30 21:55:35,page_view,mobile
6235,10038,s0001875,2026-06-30 21:56:40,page_view,mobile
6236,,s0001876,2026-06-30 14:25:49,page_view,desktop
6237,,s0001876,2026-06-30 14:27:19,page_view,desktop
6238,10084,s0001877,2026-06-30 04:39:45,page_view,desktop
6239,10084,s0001877,2026-06-30 04:40:24,page_view,desktop
6240,10084,s0001877,2026-06-30 04:41:16,add_to_cart,desktop
6241,10084,s0001877,2026-06-30 04:41:55,begin_checkout,desktop
6242,10084,s0001877,2026-06-30 04:43:16,purchase,desktop
6243,,s0001878,2026-06-30 00:44:42,page_view,mobile
6244,,s0001879,2026-06-30 02:38:12,page_view,mobile
6245,,s0001879,2026-06-30 02:38:56,page_view,mobile
6246,,s0001879,2026-06-30 02:39:56,page_view,mobile
6247,,s0001879,2026-06-30 02:41:09,page_view,mobile
6248,,s0001879,2026-06-30 02:41:26,add_to_cart,mobile
6249,,s0001879,2026-06-30 02:42:05,begin_checkout,mobile
6250,,s0001879,2026-06-30 02:42:19,purchase,mobile
6251,10323,s0001880,2026-07-01 08:44:51,page_view,tablet
6252,10323,s0001880,2026-07-01 08:45:57,page_view,tablet
6253,10138,s0001881,2026-07-01 06:09:43,page_view,mobile
6254,,s0001882,2026-07-01 02:55:37,page_view,desktop
6255,,s0001882,2026-07-01 02:55:47,page_view,desktop
6256,,s0001882,2026-07-01 02:57:30,page_view,desktop
6257,,s0001882,2026-07-01 02:58:36,page_view,desktop
6258,,s0001882,2026-07-01 02:59:11,add_to_cart,desktop
6259,10053,s0001883,2026-07-01 09:11:41,page_view,desktop
6260,10053,s0001883,2026-07-01 09:13:17,page_view,desktop
6261,10053,s0001883,2026-07-01 09:14:40,add_to_cart,desktop
6262,10053,s0001883,2026-07-01 09:16:31,begin_checkout,desktop
6263,10053,s0001883,2026-07-01 09:17:01,purchase,desktop
6264,10360,s0001884,2026-07-01 09:57:43,page_view,desktop
6265,10360,s0001884,2026-07-01 09:59:41,page_view,desktop
6266,10360,s0001884,2026-07-01 10:00:38,add_to_cart,desktop
6267,10360,s0001884,2026-07-01 10:01:17,begin_checkout,desktop
6268,,s0001885,2026-07-01 08:55:16,page_view,tablet
6269,,s0001885,2026-07-01 08:56:57,page_view,tablet
6270,,s0001885,2026-07-01 08:58:53,add_to_cart,tablet
6271,,s0001885,2026-07-01 09:00:23,begin_checkout,tablet
6272,,s0001885,2026-07-01 09:01:52,purchase,tablet
6273,,s0001886,2026-07-01 12:02:23,page_view,desktop
6274,,s0001886,2026-07-01 12:03:33,page_view,desktop
6275,,s0001886,2026-07-01 12:04:03,page_view,desktop
6276,,s0001886,2026-07-01 12:04:45,page_view,desktop
6277,,s0001886,2026-07-01 12:06:15,add_to_cart,desktop
6278,,s0001887,2026-07-01 08:00:06,page_view,desktop
6279,10332,s0001888,2026-07-01 03:03:39,page_view,mobile
6280,10332,s0001888,2026-07-01 03:04:00,page_view,mobile
6281,10332,s0001888,2026-07-01 03:04:38,add_to_cart,mobile
6282,10027,s0001889,2026-07-01 12:58:40,page_view,desktop
6283,10027,s0001889,2026-07-01 12:59:02,page_view,desktop
6284,10027,s0001889,2026-07-01 12:59:08,page_view,desktop
6285,10027,s0001889,2026-07-01 13:00:48,page_view,desktop
6286,10027,s0001889,2026-07-01 13:02:10,add_to_cart,desktop
6287,10027,s0001889,2026-07-01 13:02:41,begin_checkout,desktop
6288,,s0001890,2026-07-01 01:20:09,page_view,mobile
6289,10058,s0001891,2026-07-01 13:24:58,page_view,desktop
6290,10058,s0001891,2026-07-01 13:26:17,add_to_cart,desktop
6291,10058,s0001891,2026-07-01 13:26:59,begin_checkout,desktop
6292,10058,s0001891,2026-07-01 13:27:38,purchase,desktop
6293,,s0001892,2026-07-01 21:52:48,page_view,desktop
6294,,s0001892,2026-07-01 21:53:09,page_view,desktop
6295,,s0001892,2026-07-01 21:54:06,page_view,desktop
6296,,s0001892,2026-07-01 21:55:20,page_view,desktop
6297,10526,s0001893,2026-07-01 19:25:09,page_view,desktop
6298,10526,s0001893,2026-07-01 19:26:40,page_view,desktop
6299,10526,s0001893,2026-07-01 19:27:40,add_to_cart,desktop
6300,,s0001894,2026-07-01 17:56:31,page_view,mobile
6301,,s0001894,2026-07-01 17:58:29,page_view,mobile
6302,,s0001894,2026-07-01 17:58:41,page_view,mobile
6303,,s0001894,2026-07-01 17:58:57,add_to_cart,mobile
6304,10402,s0001895,2026-07-01 05:18:27,page_view,mobile
6305,10402,s0001895,2026-07-01 05:20:05,page_view,mobile
6306,10402,s0001895,2026-07-01 05:21:26,page_view,mobile
6307,10402,s0001895,2026-07-01 05:22:17,page_view,mobile
6308,10402,s0001895,2026-07-01 05:23:16,add_to_cart,mobile
6309,10634,s0001896,2026-07-01 03:54:08,page_view,tablet
6310,10634,s0001896,2026-07-01 03:55:34,page_view,tablet
6311,10634,s0001896,2026-07-01 03:56:46,page_view,tablet
6312,10634,s0001896,2026-07-01 03:57:17,page_view,tablet
6313,10634,s0001896,2026-07-01 03:59:16,add_to_cart,tablet
6314,10381,s0001897,2026-07-01 06:05:48,page_view,desktop
6315,10381,s0001897,2026-07-01 06:06:30,page_view,desktop
6316,10381,s0001897,2026-07-01 06:06:47,page_view,desktop
6317,10381,s0001897,2026-07-01 06:08:27,add_to_cart,desktop
6318,10381,s0001897,2026-07-01 06:10:09,begin_checkout,desktop
6319,10381,s0001897,2026-07-01 06:10:19,purchase,desktop
6320,10444,s0001898,2026-07-01 08:29:07,page_view,mobile
6321,10444,s0001898,2026-07-01 08:30:34,page_view,mobile
6322,10444,s0001898,2026-07-01 08:31:58,page_view,mobile
6323,10444,s0001898,2026-07-01 08:33:24,page_view,mobile
6324,10444,s0001898,2026-07-01 08:33:43,add_to_cart,mobile
6325,,s0001899,2026-07-01 08:20:34,page_view,desktop
6326,,s0001899,2026-07-01 08:21:32,page_view,desktop
6327,,s0001900,2026-07-01 19:39:14,page_view,Mobile
6328,,s0001900,2026-07-01 19:40:28,page_view,Mobile
6329,,s0001900,2026-07-01 19:42:00,page_view,Mobile
6330,,s0001900,2026-07-01 19:43:38,page_view,Mobile
6331,10343,s0001901,2026-07-01 00:37:13,page_view,mobile
6332,10343,s0001901,2026-07-01 00:38:25,page_view,mobile
6333,10343,s0001901,2026-07-01 00:39:20,page_view,mobile
6334,10343,s0001901,2026-07-01 00:41:05,page_view,mobile
6335,,s0001902,2026-07-01 16:30:50,page_view,desktop
6336,,s0001902,2026-07-01 16:31:05,page_view,desktop
6337,,s0001902,2026-07-01 16:32:21,page_view,desktop
6338,10305,s0001903,2026-07-01 03:09:28,page_view,desktop
6339,10305,s0001903,2026-07-01 03:10:45,add_to_cart,desktop
6340,10556,s0001904,2026-07-01 20:43:27,page_view,mobile
6341,10556,s0001904,2026-07-01 20:45:02,page_view,mobile
6342,10556,s0001904,2026-07-01 20:45:54,add_to_cart,mobile
6343,10556,s0001904,2026-07-01 20:47:14,begin_checkout,mobile
6344,10556,s0001904,2026-07-01 20:47:54,purchase,mobile
6345,10613,s0001905,2026-07-01 02:02:07,page_view,mobile
6346,10639,s0001906,2026-07-01 07:11:38,page_view,Tablet
6347,10639,s0001906,2026-07-01 07:13:37,page_view,Tablet
6348,10639,s0001906,2026-07-01 07:15:27,add_to_cart,Tablet
6349,10206,s0001907,2026-07-01 13:44:25,page_view,tablet
6350,10206,s0001907,2026-07-01 13:44:37,page_view,tablet
6351,10206,s0001907,2026-07-01 13:45:23,page_view,tablet
6352,10206,s0001907,2026-07-01 13:45:37,page_view,tablet
6353,10206,s0001907,2026-07-01 13:47:15,add_to_cart,tablet
6354,,s0001908,2026-07-01 09:12:05,page_view,desktop
6355,,s0001908,2026-07-01 09:13:59,page_view,desktop
6356,,s0001908,2026-07-01 09:14:20,page_view,desktop
6357,,s0001908,2026-07-01 09:14:47,page_view,desktop
6358,,s0001909,2026-07-01 21:40:35,page_view,mobile
6359,,s0001909,2026-07-01 21:41:52,page_view,mobile
6360,,s0001909,2026-07-01 21:41:57,page_view,mobile
6361,,s0001909,2026-07-01 21:42:06,page_view,mobile
6362,10191,s0001910,2026-07-01 06:50:51,page_view,Mobile
6363,10191,s0001910,2026-07-01 06:50:55,page_view,Mobile
6364,,s0001911,2026-07-01 11:08:47,page_view,mobile
6365,,s0001911,2026-07-01 11:09:15,page_view,mobile
6366,10289,s0001912,2026-07-01 00:48:11,page_view,mobile
6367,10289,s0001912,2026-07-01 00:48:42,page_view,mobile
6368,10289,s0001912,2026-07-01 00:48:57,page_view,mobile
6369,10289,s0001912,2026-07-01 00:50:37,add_to_cart,mobile
6370,10289,s0001912,2026-07-01 00:51:00,begin_checkout,mobile
6371,10289,s0001912,2026-07-01 00:52:22,purchase,mobile
6372,,s0001913,2026-07-01 09:56:51,page_view,mobile
6373,,s0001913,2026-07-01 09:58:38,page_view,mobile
6374,10493,s0001914,2026-07-01 03:08:01,page_view,desktop
6375,,s0001915,2026-07-01 20:20:52,page_view,tablet
6376,,s0001915,2026-07-01 20:21:03,page_view,tablet
6377,,s0001916,2026-07-01 01:27:19,page_view,desktop
6378,,s0001917,2026-07-01 21:50:19,page_view,desktop
6379,,s0001917,2026-07-01 21:51:34,page_view,desktop
6380,,s0001917,2026-07-01 21:52:38,page_view,desktop
6381,,s0001917,2026-07-01 21:54:07,page_view,desktop
6382,,s0001918,2026-07-01 01:14:22,page_view,desktop
6383,,s0001918,2026-07-01 01:16:11,page_view,desktop
6384,,s0001918,2026-07-01 01:17:40,page_view,desktop
6385,,s0001918,2026-07-01 01:18:34,page_view,desktop
6386,,s0001919,2026-07-01 03:44:47,page_view,mobile
6387,,s0001919,2026-07-01 03:45:15,add_to_cart,mobile
6388,,s0001920,2026-07-01 10:10:03,page_view,desktop
6389,,s0001920,2026-07-01 10:10:36,page_view,desktop
6390,,s0001920,2026-07-01 10:11:00,add_to_cart,desktop
6391,,s0001920,2026-07-01 10:12:03,begin_checkout,desktop
6392,,s0001920,2026-07-01 10:12:16,purchase,desktop
6393,,s0001921,2026-07-01 06:32:01,page_view,desktop
6394,,s0001921,2026-07-01 06:32:23,page_view,desktop
6395,,s0001921,2026-07-01 06:32:51,page_view,desktop
6396,,s0001921,2026-07-01 06:33:23,add_to_cart,desktop
6397,10368,s0001922,2026-07-01 01:28:08,page_view,mobile
6398,10368,s0001922,2026-07-01 01:30:03,page_view,mobile
6399,10368,s0001922,2026-07-01 01:32:03,page_view,mobile
6400,10255,s0001923,2026-07-01 21:09:29,page_view,desktop
6401,10255,s0001923,2026-07-01 21:11:14,page_view,desktop
6402,10500,s0001924,2026-07-01 17:17:25,page_view,tablet
6403,10500,s0001924,2026-07-01 17:17:48,page_view,tablet
6404,10500,s0001924,2026-07-01 17:18:10,page_view,tablet
6405,10500,s0001924,2026-07-01 17:20:00,page_view,tablet
6406,10500,s0001924,2026-07-01 17:21:56,add_to_cart,tablet
6407,10500,s0001924,2026-07-01 17:23:23,begin_checkout,tablet
6408,10500,s0001924,2026-07-01 17:24:06,purchase,tablet
6409,10455,s0001925,2026-07-01 07:35:40,page_view,mobile
6410,10006,s0001926,2026-07-01 19:52:52,page_view,desktop
6411,10006,s0001926,2026-07-01 19:53:51,add_to_cart,desktop
6412,,s0001927,2026-07-01 07:37:43,page_view,mobile
6413,,s0001927,2026-07-01 07:39:37,page_view,mobile
6414,10192,s0001928,2026-07-01 07:48:34,page_view,mobile
6415,10192,s0001928,2026-07-01 07:50:01,page_view,mobile
6416,10192,s0001928,2026-07-01 07:50:20,page_view,mobile
6417,10015,s0001929,2026-07-02 11:01:42,page_view,mobile
6418,10015,s0001929,2026-07-02 11:02:03,add_to_cart,mobile
6419,10015,s0001929,2026-07-02 11:02:30,begin_checkout,mobile
6420,10015,s0001929,2026-07-02 11:04:27,purchase,mobile
6421,10658,s0001930,2026-07-02 15:58:19,page_view,desktop
6422,10658,s0001930,2026-07-02 15:59:59,page_view,desktop
6423,10658,s0001930,2026-07-02 16:00:53,page_view,desktop
6424,10658,s0001930,2026-07-02 16:01:09,page_view,desktop
6425,,s0001931,2026-07-02 17:42:19,page_view,mobile
6426,,s0001931,2026-07-02 17:42:52,page_view,mobile
6427,,s0001931,2026-07-02 17:44:13,page_view,mobile
6428,,s0001931,2026-07-02 17:45:24,add_to_cart,mobile
6429,,s0001931,2026-07-02 17:47:13,begin_checkout,mobile
6430,,s0001931,2026-07-02 17:48:21,purchase,mobile
6431,,s0001932,2026-07-02 20:39:27,page_view,tablet
6432,,s0001932,2026-07-02 20:40:19,add_to_cart,tablet
6433,,s0001932,2026-07-02 20:41:17,begin_checkout,tablet
6434,,s0001932,2026-07-02 20:42:26,purchase,tablet
6435,,s0001933,2026-07-02 14:17:31,page_view,desktop
6436,,s0001933,2026-07-02 14:18:54,page_view,desktop
6437,,s0001933,2026-07-02 14:20:17,page_view,desktop
6438,,s0001933,2026-07-02 14:20:33,page_view,desktop
6439,,s0001933,2026-07-02 14:21:33,add_to_cart,desktop
6440,,s0001934,2026-07-02 15:34:21,page_view,mobile
6441,,s0001934,2026-07-02 15:35:12,add_to_cart,mobile
6442,,s0001934,2026-07-02 15:37:12,begin_checkout,mobile
6443,,s0001935,2026-07-02 21:19:55,page_view,mobile
6444,,s0001935,2026-07-02 21:21:55,page_view,mobile
6445,,s0001935,2026-07-02 21:22:53,page_view,mobile
6446,,s0001935,2026-07-02 21:23:43,page_view,mobile
6447,,s0001935,2026-07-02 21:25:02,add_to_cart,mobile
6448,,s0001935,2026-07-02 21:26:31,begin_checkout,mobile
6449,,s0001935,2026-07-02 21:28:28,purchase,mobile
6450,10253,s0001936,2026-07-02 17:14:29,page_view,Mobile
6451,10253,s0001936,2026-07-02 17:15:50,page_view,Mobile
6452,10253,s0001936,2026-07-02 17:17:29,page_view,Mobile
6453,10253,s0001936,2026-07-02 17:18:07,page_view,Mobile
6454,10618,s0001937,2026-07-02 11:26:10,page_view,tablet
6455,10618,s0001937,2026-07-02 11:27:24,page_view,tablet
6456,10618,s0001937,2026-07-02 11:27:48,page_view,tablet
6457,10618,s0001937,2026-07-02 11:27:56,page_view,tablet
6458,10618,s0001937,2026-07-02 11:28:05,add_to_cart,tablet
6459,10618,s0001937,2026-07-02 11:28:21,begin_checkout,tablet
6460,10286,s0001938,2026-07-02 05:49:45,page_view,desktop
6461,10286,s0001938,2026-07-02 05:51:24,add_to_cart,desktop
6462,10286,s0001938,2026-07-02 05:51:32,begin_checkout,desktop
6463,10286,s0001938,2026-07-02 05:52:11,purchase,desktop
6464,,s0001939,2026-07-02 11:24:40,page_view,desktop
6465,,s0001939,2026-07-02 11:26:26,page_view,desktop
6466,,s0001939,2026-07-02 11:28:17,add_to_cart,desktop
6467,,s0001939,2026-07-02 11:30:05,begin_checkout,desktop
6468,,s0001939,2026-07-02 11:31:08,purchase,desktop
6469,10211,s0001940,2026-07-02 07:01:32,page_view,desktop
6470,10392,s0001941,2026-07-02 06:57:59,page_view,desktop
6471,10392,s0001941,2026-07-02 06:59:14,page_view,desktop
6472,10392,s0001941,2026-07-02 07:01:04,add_to_cart,desktop
6473,10466,s0001942,2026-07-02 13:09:07,page_view,Desktop
6474,10466,s0001942,2026-07-02 13:10:22,page_view,Desktop
6475,10466,s0001942,2026-07-02 13:11:43,add_to_cart,Desktop
6476,10466,s0001942,2026-07-02 13:12:29,begin_checkout,Desktop
6477,10466,s0001942,2026-07-02 13:13:19,purchase,Desktop
6478,10155,s0001943,2026-07-02 17:40:48,page_view,desktop
6479,10549,s0001944,2026-07-02 10:03:16,page_view,desktop
6480,,s0001945,2026-07-02 15:47:27,page_view,mobile
6481,,s0001945,2026-07-02 15:48:57,page_view,mobile
6482,,s0001946,2026-07-02 15:22:25,page_view,tablet
6483,,s0001946,2026-07-02 15:23:08,page_view,tablet
6484,,s0001946,2026-07-02 15:25:02,page_view,tablet
6485,,s0001946,2026-07-02 15:26:56,add_to_cart,tablet
6486,,s0001946,2026-07-02 15:27:31,begin_checkout,tablet
6487,,s0001946,2026-07-02 15:29:31,purchase,tablet
6488,10089,s0001947,2026-07-02 02:22:11,page_view,mobile
6489,10089,s0001947,2026-07-02 02:23:56,page_view,mobile
6490,10089,s0001947,2026-07-02 02:25:35,page_view,mobile
6491,10089,s0001947,2026-07-02 02:26:45,add_to_cart,mobile
6492,10089,s0001947,2026-07-02 02:27:51,begin_checkout,mobile
6493,10089,s0001947,2026-07-02 02:29:36,purchase,mobile
6494,10098,s0001948,2026-07-02 09:52:41,page_view,Desktop
6495,10098,s0001948,2026-07-02 09:54:27,page_view,Desktop
6496,10098,s0001948,2026-07-02 09:55:13,page_view,Desktop
6497,10098,s0001948,2026-07-02 09:56:36,add_to_cart,Desktop
6498,10116,s0001949,2026-07-02 06:48:33,page_view,mobile
6499,10116,s0001949,2026-07-02 06:49:14,page_view,mobile
6500,,s0001950,2026-07-02 07:48:57,page_view,tablet
6501,,s0001950,2026-07-02 07:49:52,page_view,tablet
6502,,s0001950,2026-07-02 07:50:02,page_view,tablet
6503,,s0001950,2026-07-02 07:50:21,page_view,tablet
6504,,s0001950,2026-07-02 07:51:45,add_to_cart,tablet
6505,,s0001950,2026-07-02 07:53:30,begin_checkout,tablet
6506,,s0001950,2026-07-02 07:53:37,purchase,tablet
6507,10232,s0001951,2026-07-02 14:24:20,page_view,Mobile
6508,10232,s0001951,2026-07-02 14:24:53,page_view,Mobile
6509,10232,s0001951,2026-07-02 14:25:07,page_view,Mobile
6510,10232,s0001951,2026-07-02 14:26:05,page_view,Mobile
6511,10391,s0001952,2026-07-02 22:04:29,page_view,mobile
6512,10391,s0001952,2026-07-02 22:05:15,add_to_cart,mobile
6513,10391,s0001952,2026-07-02 22:06:00,begin_checkout,mobile
6514,10391,s0001952,2026-07-02 22:07:18,purchase,mobile
6515,10360,s0001953,2026-07-02 20:53:50,page_view,mobile
6516,10360,s0001953,2026-07-02 20:55:11,page_view,mobile
6517,,s0001954,2026-07-02 03:07:02,page_view,mobile
6518,,s0001954,2026-07-02 03:08:46,page_view,mobile
6519,,s0001954,2026-07-02 03:10:00,page_view,mobile
6520,,s0001955,2026-07-02 15:10:52,page_view,desktop
6521,,s0001955,2026-07-02 15:12:48,page_view,desktop
6522,,s0001955,2026-07-02 15:13:29,add_to_cart,desktop
6523,,s0001955,2026-07-02 15:15:24,begin_checkout,desktop
6524,10458,s0001956,2026-07-02 01:35:03,page_view,mobile
6525,10122,s0001957,2026-07-02 13:52:52,page_view,desktop
6526,,s0001958,2026-07-02 07:12:13,page_view,desktop
6527,,s0001958,2026-07-02 07:13:24,page_view,desktop
6528,,s0001958,2026-07-02 07:13:30,add_to_cart,desktop
6529,,s0001958,2026-07-02 07:14:07,begin_checkout,desktop
6530,,s0001959,2026-07-02 14:05:28,page_view,mobile
6531,,s0001959,2026-07-02 14:06:36,page_view,mobile
6532,,s0001959,2026-07-02 14:06:51,page_view,mobile
6533,,s0001959,2026-07-02 14:07:45,add_to_cart,mobile
6534,10146,s0001960,2026-07-02 11:58:06,page_view,desktop
6535,10146,s0001960,2026-07-02 11:59:19,page_view,desktop
6536,,s0001961,2026-07-02 13:11:27,page_view,desktop
6537,,s0001961,2026-07-02 13:13:06,page_view,desktop
6538,,s0001961,2026-07-02 13:13:11,page_view,desktop
6539,,s0001961,2026-07-02 13:14:34,page_view,desktop
6540,10697,s0001962,2026-07-02 16:00:11,page_view,mobile
6541,,s0001963,2026-07-02 05:04:11,page_view,mobile
6542,,s0001963,2026-07-02 05:05:04,page_view,mobile
6543,,s0001963,2026-07-02 05:05:10,page_view,mobile
6544,,s0001964,2026-07-02 05:24:21,page_view,desktop
6545,,s0001964,2026-07-02 05:26:18,page_view,desktop
6546,,s0001964,2026-07-02 05:27:50,page_view,desktop
6547,10078,s0001965,2026-07-02 17:48:15,page_view,desktop
6548,10078,s0001965,2026-07-02 17:49:00,page_view,desktop
6549,10078,s0001965,2026-07-02 17:49:07,page_view,desktop
6550,,s0001966,2026-07-02 00:42:44,page_view,tablet
6551,,s0001966,2026-07-02 00:43:59,page_view,tablet
6552,,s0001967,2026-07-02 15:21:36,page_view,mobile
6553,,s0001967,2026-07-02 15:21:39,page_view,mobile
6554,,s0001967,2026-07-02 15:23:05,page_view,mobile
6555,,s0001968,2026-07-02 03:00:11,page_view,desktop
6556,,s0001968,2026-07-02 03:00:31,page_view,desktop
6557,,s0001968,2026-07-02 03:01:16,page_view,desktop
6558,,s0001968,2026-07-02 03:02:11,page_view,desktop
6559,,s0001968,2026-07-02 03:03:28,add_to_cart,desktop
6560,,s0001968,2026-07-02 03:04:15,begin_checkout,desktop
6561,,s0001968,2026-07-02 03:04:26,purchase,desktop
6562,10568,s0001969,2026-07-02 18:18:08,page_view,desktop
6563,10568,s0001969,2026-07-02 18:19:53,add_to_cart,desktop
6564,,s0001970,2026-07-02 19:09:38,page_view,mobile
6565,,s0001970,2026-07-02 19:10:56,page_view,mobile
6566,,s0001970,2026-07-02 19:12:01,page_view,mobile
6567,10405,s0001971,2026-07-02 02:42:08,page_view,mobile
6568,10405,s0001971,2026-07-02 02:42:13,page_view,mobile
6569,10405,s0001971,2026-07-02 02:43:38,page_view,mobile
6570,10031,s0001972,2026-07-02 20:03:34,page_view,desktop
6571,,s0001973,2026-07-02 05:00:00,page_view,mobile
6572,,s0001974,2026-07-02 22:13:31,page_view,desktop
6573,10202,s0001975,2026-07-02 21:16:02,page_view,mobile
6574,10202,s0001975,2026-07-02 21:17:25,page_view,mobile
6575,,s0001976,2026-07-02 07:41:09,page_view,mobile
6576,10500,s0001977,2026-07-02 02:32:35,page_view,desktop
6577,10500,s0001977,2026-07-02 02:32:54,page_view,desktop
6578,10185,s0001978,2026-07-02 05:57:56,page_view,desktop
6579,10185,s0001978,2026-07-02 05:58:07,page_view,desktop
6580,10185,s0001978,2026-07-02 05:58:49,add_to_cart,desktop
6581,10220,s0001979,2026-07-02 11:20:14,page_view,tablet
6582,10220,s0001979,2026-07-02 11:21:45,page_view,tablet
6583,10220,s0001979,2026-07-02 11:22:45,page_view,tablet
6584,10220,s0001979,2026-07-02 11:24:08,page_view,tablet
6585,10501,s0001980,2026-07-02 22:48:03,page_view,mobile
6586,10501,s0001980,2026-07-02 22:48:08,page_view,mobile
6587,10501,s0001980,2026-07-02 22:48:59,add_to_cart,mobile
6588,10384,s0001981,2026-07-03 08:54:44,page_view,desktop
6589,10384,s0001981,2026-07-03 08:55:31,page_view,desktop
6590,10066,s0001982,2026-07-03 20:32:56,page_view,mobile
6591,10066,s0001982,2026-07-03 20:34:05,page_view,mobile
6592,10327,s0001983,2026-07-03 10:40:12,page_view,tablet
6593,10327,s0001983,2026-07-03 10:41:08,add_to_cart,tablet
6594,10467,s0001984,2026-07-03 21:19:02,page_view,mobile
6595,10467,s0001984,2026-07-03 21:20:16,page_view,mobile
6596,10467,s0001984,2026-07-03 21:22:11,add_to_cart,mobile
6597,10340,s0001985,2026-07-03 22:50:36,page_view,mobile
6598,10340,s0001985,2026-07-03 22:51:13,page_view,mobile
6599,10340,s0001985,2026-07-03 22:51:23,add_to_cart,mobile
6600,,s0001986,2026-07-03 00:45:44,page_view,desktop
6601,10361,s0001987,2026-07-03 18:53:50,page_view,mobile
6602,,s0001988,2026-07-03 01:10:06,page_view,mobile
6603,,s0001988,2026-07-03 01:11:13,page_view,mobile
6604,,s0001988,2026-07-03 01:13:02,page_view,mobile
6605,,s0001988,2026-07-03 01:14:16,page_view,mobile
6606,10487,s0001989,2026-07-03 02:04:03,page_view,Mobile
6607,10487,s0001989,2026-07-03 02:04:53,page_view,Mobile
6608,10487,s0001989,2026-07-03 02:05:25,page_view,Mobile
6609,10325,s0001990,2026-07-03 15:52:16,page_view,desktop
6610,10325,s0001990,2026-07-03 15:53:15,page_view,desktop
6611,10325,s0001990,2026-07-03 15:53:58,page_view,desktop
6612,10325,s0001990,2026-07-03 15:54:30,page_view,desktop
6613,10325,s0001990,2026-07-03 15:55:59,add_to_cart,desktop
6614,10325,s0001990,2026-07-03 15:57:20,begin_checkout,desktop
6615,10325,s0001990,2026-07-03 15:59:12,purchase,desktop
6616,,s0001991,2026-07-03 03:25:37,page_view,mobile
6617,,s0001991,2026-07-03 03:25:54,page_view,mobile
6618,,s0001991,2026-07-03 03:27:50,page_view,mobile
6619,,s0001991,2026-07-03 03:28:28,page_view,mobile
6620,,s0001991,2026-07-03 03:30:10,add_to_cart,mobile
6621,,s0001991,2026-07-03 03:31:44,begin_checkout,mobile
6622,,s0001991,2026-07-03 03:33:42,purchase,mobile
6623,10469,s0001992,2026-07-03 06:34:24,page_view,desktop
6624,10469,s0001992,2026-07-03 06:35:44,page_view,desktop
6625,10469,s0001992,2026-07-03 06:36:05,add_to_cart,desktop
6626,10469,s0001992,2026-07-03 06:36:28,begin_checkout,desktop
6627,10469,s0001992,2026-07-03 06:38:26,purchase,desktop
6628,,s0001993,2026-07-03 22:45:27,page_view,mobile
6629,,s0001993,2026-07-03 22:46:22,page_view,mobile
6630,,s0001993,2026-07-03 22:48:10,page_view,mobile
6631,,s0001993,2026-07-03 22:49:05,page_view,mobile
6632,10162,s0001994,2026-07-03 01:49:52,page_view,mobile
6633,,s0001995,2026-07-03 17:20:06,page_view,mobile
6634,,s0001995,2026-07-03 17:21:38,page_view,mobile
6635,,s0001996,2026-07-03 17:14:47,page_view,desktop
6636,10407,s0001997,2026-07-03 08:21:55,page_view,mobile
6637,10407,s0001997,2026-07-03 08:22:57,page_view,mobile
6638,10407,s0001997,2026-07-03 08:23:49,page_view,mobile
6639,10407,s0001997,2026-07-03 08:24:55,page_view,mobile
6640,,s0001998,2026-07-03 08:23:52,page_view,tablet
6641,,s0001998,2026-07-03 08:25:37,page_view,tablet
6642,,s0001998,2026-07-03 08:27:11,page_view,tablet
6643,,s0001998,2026-07-03 08:27:17,page_view,tablet
6644,,s0001998,2026-07-03 08:28:10,add_to_cart,tablet
6645,,s0001998,2026-07-03 08:28:37,begin_checkout,tablet
6646,,s0001998,2026-07-03 08:29:24,purchase,tablet
6647,10289,s0001999,2026-07-03 13:06:13,page_view,mobile
6648,,s0002000,2026-07-03 06:23:20,page_view,desktop
6649,,s0002000,2026-07-03 06:23:57,page_view,desktop
6650,10085,s0002001,2026-07-03 03:32:45,page_view,mobile
6651,10085,s0002001,2026-07-03 03:33:47,add_to_cart,mobile
6652,10085,s0002001,2026-07-03 03:35:41,begin_checkout,mobile
6653,10085,s0002001,2026-07-03 03:37:12,purchase,mobile
6654,10633,s0002002,2026-07-03 09:15:37,page_view,desktop
6655,10633,s0002002,2026-07-03 09:16:09,page_view,desktop
6656,10633,s0002002,2026-07-03 09:17:17,page_view,desktop
6657,,s0002003,2026-07-03 13:43:24,page_view,mobile
6658,,s0002003,2026-07-03 13:44:08,page_view,mobile
6659,,s0002004,2026-07-03 19:55:27,page_view,desktop
6660,,s0002005,2026-07-03 01:44:17,page_view,desktop
6661,,s0002005,2026-07-03 01:45:59,add_to_cart,desktop
6662,,s0002005,2026-07-03 01:47:53,begin_checkout,desktop
6663,,s0002005,2026-07-03 01:49:23,purchase,desktop
6664,,s0002006,2026-07-03 01:20:03,page_view,tablet
6665,,s0002006,2026-07-03 01:21:36,add_to_cart,tablet
6666,10296,s0002007,2026-07-03 08:15:37,page_view,desktop
6667,10296,s0002007,2026-07-03 08:16:03,page_view,desktop
6668,,s0002008,2026-07-03 11:02:23,page_view,desktop
6669,,s0002008,2026-07-03 11:03:12,page_view,desktop
6670,,s0002008,2026-07-03 11:04:12,page_view,desktop
6671,,s0002008,2026-07-03 11:04:59,page_view,desktop
6672,,s0002008,2026-07-03 11:06:56,add_to_cart,desktop
6673,10192,s0002009,2026-07-03 14:57:27,page_view,desktop
6674,10192,s0002009,2026-07-03 14:59:00,page_view,desktop
6675,10192,s0002009,2026-07-03 14:59:59,page_view,desktop
6676,10192,s0002009,2026-07-03 15:00:41,page_view,desktop
6677,10104,s0002010,2026-07-03 09:57:32,page_view,mobile
6678,10104,s0002010,2026-07-03 09:59:01,add_to_cart,mobile
6679,10104,s0002010,2026-07-03 09:59:55,begin_checkout,mobile
6680,10104,s0002010,2026-07-03 10:00:42,purchase,mobile
6681,10299,s0002011,2026-07-03 10:03:57,page_view,desktop
6682,10299,s0002011,2026-07-03 10:04:42,page_view,desktop
6683,10299,s0002011,2026-07-03 10:05:55,page_view,desktop
6684,10299,s0002011,2026-07-03 10:07:20,page_view,desktop
6685,10299,s0002011,2026-07-03 10:08:15,add_to_cart,desktop
6686,10299,s0002011,2026-07-03 10:10:02,begin_checkout,desktop
6687,,s0002012,2026-07-03 21:02:15,page_view,tablet
6688,,s0002012,2026-07-03 21:03:04,page_view,tablet
6689,10258,s0002013,2026-07-03 06:53:50,page_view,desktop
6690,10258,s0002013,2026-07-03 06:54:17,page_view,desktop
6691,10258,s0002013,2026-07-03 06:54:24,add_to_cart,desktop
6692,,s0002014,2026-07-03 02:40:45,page_view,tablet
6693,,s0002014,2026-07-03 02:41:24,page_view,tablet
6694,,s0002014,2026-07-03 02:41:51,add_to_cart,tablet
6695,,s0002015,2026-07-03 11:24:14,page_view,mobile
6696,,s0002015,2026-07-03 11:25:30,add_to_cart,mobile
6697,,s0002015,2026-07-03 11:26:11,begin_checkout,mobile
6698,,s0002016,2026-07-03 21:27:37,page_view,desktop
6699,,s0002016,2026-07-03 21:27:55,add_to_cart,desktop
6700,,s0002017,2026-07-03 22:44:00,page_view,desktop
6701,10356,s0002018,2026-07-03 04:05:13,page_view,desktop
6702,10505,s0002019,2026-07-03 10:47:23,page_view,mobile
6703,10505,s0002019,2026-07-03 10:49:07,add_to_cart,mobile
6704,10505,s0002019,2026-07-03 10:49:48,begin_checkout,mobile
6705,,s0002020,2026-07-03 16:52:39,page_view,mobile
6706,,s0002020,2026-07-03 16:54:17,page_view,mobile
6707,,s0002020,2026-07-03 16:56:17,page_view,mobile
6708,,s0002020,2026-07-03 16:57:09,page_view,mobile
6709,,s0002020,2026-07-03 16:58:08,add_to_cart,mobile
6710,,s0002021,2026-07-03 16:50:47,page_view,mobile
6711,,s0002021,2026-07-03 16:51:52,page_view,mobile
6712,,s0002021,2026-07-03 16:53:42,add_to_cart,mobile
6713,10192,s0002022,2026-07-03 17:36:57,page_view,mobile
6714,10032,s0002023,2026-07-03 10:35:21,page_view,desktop
6715,10032,s0002023,2026-07-03 10:36:02,page_view,desktop
6716,10082,s0002024,2026-07-03 18:41:18,page_view,desktop
6717,10082,s0002024,2026-07-03 18:41:57,page_view,desktop
6718,10082,s0002024,2026-07-03 18:43:33,page_view,desktop
6719,10082,s0002024,2026-07-03 18:44:54,page_view,desktop
6720,10082,s0002024,2026-07-03 18:45:20,add_to_cart,desktop
6721,10082,s0002024,2026-07-03 18:46:03,begin_checkout,desktop
6722,10618,s0002025,2026-07-03 11:24:07,page_view,mobile
6723,10618,s0002025,2026-07-03 11:25:45,page_view,mobile
6724,10618,s0002025,2026-07-03 11:26:35,add_to_cart,mobile
6725,10618,s0002025,2026-07-03 11:27:27,begin_checkout,mobile
6726,10618,s0002025,2026-07-03 11:27:39,purchase,mobile
6727,10660,s0002026,2026-07-03 05:18:20,page_view,desktop
6728,10579,s0002027,2026-07-03 10:50:19,page_view,desktop
6729,,s0002028,2026-07-03 01:41:33,page_view,mobile
6730,,s0002029,2026-07-03 17:46:55,page_view,mobile
6731,,s0002030,2026-07-03 05:49:11,page_view,mobile
6732,,s0002030,2026-07-03 05:49:23,page_view,mobile
6733,,s0002030,2026-07-03 05:50:11,page_view,mobile
6734,,s0002030,2026-07-03 05:51:48,page_view,mobile
6735,,s0002031,2026-07-03 16:58:27,page_view,tablet
6736,,s0002031,2026-07-03 16:58:40,page_view,tablet
6737,10507,s0002032,2026-07-03 02:05:29,page_view,mobile
6738,10507,s0002032,2026-07-03 02:05:52,page_view,mobile
6739,10507,s0002032,2026-07-03 02:07:42,page_view,mobile
6740,10507,s0002032,2026-07-03 02:08:06,page_view,mobile
6741,10697,s0002033,2026-07-03 21:12:04,page_view,desktop
6742,10697,s0002033,2026-07-03 21:12:17,page_view,desktop
6743,10697,s0002033,2026-07-03 21:14:02,page_view,desktop
6744,10697,s0002033,2026-07-03 21:14:18,page_view,desktop
6745,10187,s0002034,2026-07-03 14:08:17,page_view,mobile
6746,,s0002035,2026-07-03 21:04:28,page_view,mobile
6747,,s0002035,2026-07-03 21:06:11,page_view,mobile
6748,,s0002035,2026-07-03 21:07:30,page_view,mobile
6749,,s0002035,2026-07-03 21:08:29,page_view,mobile
6750,10674,s0002036,2026-07-03 03:27:02,page_view,mobile
6751,10674,s0002036,2026-07-03 03:27:57,page_view,mobile
6752,10674,s0002036,2026-07-03 03:29:24,page_view,mobile
6753,10674,s0002036,2026-07-03 03:30:55,add_to_cart,mobile
6754,10578,s0002037,2026-07-03 05:53:20,page_view,desktop
6755,,s0002038,2026-07-03 03:07:05,page_view,mobile
6756,,s0002038,2026-07-03 03:09:01,page_view,mobile
6757,,s0002038,2026-07-03 03:10:27,page_view,mobile
6758,,s0002038,2026-07-03 03:10:32,add_to_cart,mobile
6759,10131,s0002039,2026-07-03 04:00:29,page_view,mobile
6760,10131,s0002039,2026-07-03 04:01:04,page_view,mobile
6761,10131,s0002039,2026-07-03 04:02:19,page_view,mobile
6762,10131,s0002039,2026-07-03 04:03:41,page_view,mobile
6763,10247,s0002040,2026-07-03 18:56:51,page_view,desktop
6764,10247,s0002040,2026-07-03 18:57:51,page_view,desktop
6765,10247,s0002040,2026-07-03 18:58:58,page_view,desktop
6766,10247,s0002040,2026-07-03 19:00:49,page_view,desktop
6767,10130,s0002041,2026-07-03 04:40:02,page_view,desktop
6768,10700,s0002042,2026-07-03 17:08:21,page_view,mobile
6769,10700,s0002042,2026-07-03 17:09:28,add_to_cart,mobile
6770,10700,s0002042,2026-07-03 17:10:29,begin_checkout,mobile
6771,,s0002043,2026-07-03 19:11:50,page_view,mobile
6772,,s0002043,2026-07-03 19:12:56,page_view,mobile
6773,,s0002044,2026-07-03 13:02:20,page_view,mobile
6774,,s0002044,2026-07-03 13:03:35,page_view,mobile
6775,,s0002044,2026-07-03 13:03:47,add_to_cart,mobile
6776,,s0002045,2026-07-03 07:49:17,page_view,mobile
6777,,s0002045,2026-07-03 07:51:04,page_view,mobile
6778,,s0002045,2026-07-03 07:51:41,page_view,mobile
6779,,s0002045,2026-07-03 07:52:04,page_view,mobile
6780,,s0002046,2026-07-03 04:53:29,page_view,desktop
6781,,s0002046,2026-07-03 04:53:49,page_view,desktop
6782,,s0002046,2026-07-03 04:54:59,page_view,desktop
6783,,s0002046,2026-07-03 04:56:33,page_view,desktop
6784,,s0002046,2026-07-03 04:56:55,add_to_cart,desktop
6785,,s0002046,2026-07-03 04:57:59,begin_checkout,desktop
6786,10091,s0002047,2026-07-04 20:39:09,page_view,desktop
6787,10091,s0002047,2026-07-04 20:40:43,page_view,desktop
6788,,s0002048,2026-07-04 05:44:19,page_view,mobile
6789,,s0002048,2026-07-04 05:45:01,page_view,mobile
6790,,s0002048,2026-07-04 05:45:24,page_view,mobile
6791,,s0002048,2026-07-04 05:46:22,page_view,mobile
6792,10342,s0002049,2026-07-04 03:11:47,page_view,mobile
6793,10342,s0002049,2026-07-04 03:12:15,page_view,mobile
6794,10342,s0002049,2026-07-04 03:13:01,page_view,mobile
6795,,s0002050,2026-07-04 09:45:50,page_view,mobile
6796,,s0002050,2026-07-04 09:46:02,page_view,mobile
6797,,s0002050,2026-07-04 09:47:34,add_to_cart,mobile
6798,10378,s0002051,2026-07-04 14:36:23,page_view,mobile
6799,10378,s0002051,2026-07-04 14:37:32,page_view,mobile
6800,10378,s0002051,2026-07-04 14:38:30,page_view,mobile
6801,10378,s0002051,2026-07-04 14:38:36,page_view,mobile
6802,10378,s0002051,2026-07-04 14:40:01,add_to_cart,mobile
6803,10378,s0002051,2026-07-04 14:40:44,begin_checkout,mobile
6804,10230,s0002052,2026-07-04 00:52:56,page_view,desktop
6805,10230,s0002052,2026-07-04 00:54:38,page_view,desktop
6806,10230,s0002052,2026-07-04 00:54:46,page_view,desktop
6807,10230,s0002052,2026-07-04 00:56:21,page_view,desktop
6808,10018,s0002053,2026-07-04 11:04:14,page_view,desktop
6809,10018,s0002053,2026-07-04 11:06:08,page_view,desktop
6810,10018,s0002053,2026-07-04 11:07:03,page_view,desktop
6811,10018,s0002053,2026-07-04 11:07:06,add_to_cart,desktop
6812,,s0002054,2026-07-04 18:56:52,page_view,mobile
6813,10394,s0002055,2026-07-04 13:17:35,page_view,desktop
6814,,s0002056,2026-07-04 15:40:19,page_view,desktop
6815,,s0002056,2026-07-04 15:41:03,page_view,desktop
6816,,s0002057,2026-07-04 10:42:26,page_view,desktop
6817,,s0002057,2026-07-04 10:43:30,page_view,desktop
6818,,s0002057,2026-07-04 10:44:44,add_to_cart,desktop
6819,,s0002057,2026-07-04 10:45:22,begin_checkout,desktop
6820,,s0002057,2026-07-04 10:47:19,purchase,desktop
6821,10200,s0002058,2026-07-04 13:42:09,page_view,desktop
6822,10200,s0002058,2026-07-04 13:42:54,page_view,desktop
6823,,s0002059,2026-07-04 19:07:44,page_view,mobile
6824,,s0002059,2026-07-04 19:09:29,page_view,mobile
6825,,s0002059,2026-07-04 19:09:50,page_view,mobile
6826,,s0002059,2026-07-04 19:10:20,page_view,mobile
6827,,s0002060,2026-07-04 01:35:06,page_view,mobile
6828,,s0002060,2026-07-04 01:35:48,page_view,mobile
6829,,s0002060,2026-07-04 01:36:04,page_view,mobile
6830,,s0002060,2026-07-04 01:36:54,add_to_cart,mobile
6831,,s0002060,2026-07-04 01:38:04,begin_checkout,mobile
6832,,s0002060,2026-07-04 01:38:56,purchase,mobile
6833,10566,s0002061,2026-07-04 19:34:36,page_view,mobile
6834,10566,s0002061,2026-07-04 19:34:51,page_view,mobile
6835,10566,s0002061,2026-07-04 19:35:34,page_view,mobile
6836,10566,s0002061,2026-07-04 19:37:13,page_view,mobile
6837,,s0002062,2026-07-04 00:37:38,page_view,mobile
6838,,s0002062,2026-07-04 00:38:20,page_view,mobile
6839,,s0002062,2026-07-04 00:39:36,page_view,mobile
6840,,s0002062,2026-07-04 00:40:27,page_view,mobile
6841,,s0002062,2026-07-04 00:41:50,add_to_cart,mobile
6842,10507,s0002063,2026-07-04 20:12:57,page_view,desktop
6843,,s0002064,2026-07-04 10:18:11,page_view,desktop
6844,,s0002064,2026-07-04 10:19:49,page_view,desktop
6845,10115,s0002065,2026-07-04 01:51:26,page_view,desktop
6846,,s0002066,2026-07-04 12:04:12,page_view,desktop
6847,,s0002066,2026-07-04 12:05:34,page_view,desktop
6848,,s0002066,2026-07-04 12:05:57,page_view,desktop
6849,,s0002066,2026-07-04 12:06:53,page_view,desktop
6850,,s0002067,2026-07-04 03:33:52,page_view,desktop
6851,,s0002067,2026-07-04 03:34:03,page_view,desktop
6852,,s0002067,2026-07-04 03:35:54,page_view,desktop
6853,,s0002067,2026-07-04 03:36:35,page_view,desktop
6854,10569,s0002068,2026-07-04 13:09:28,page_view,mobile
6855,10569,s0002068,2026-07-04 13:11:28,page_view,mobile
6856,10569,s0002068,2026-07-04 13:11:45,page_view,mobile
6857,10569,s0002068,2026-07-04 13:13:16,page_view,mobile
6858,10569,s0002068,2026-07-04 13:13:28,add_to_cart,mobile
6859,10569,s0002068,2026-07-04 13:15:19,begin_checkout,mobile
6860,10569,s0002068,2026-07-04 13:16:36,purchase,mobile
6861,10220,s0002069,2026-07-04 17:26:35,page_view,desktop
6862,10220,s0002069,2026-07-04 17:28:34,page_view,desktop
6863,10220,s0002069,2026-07-04 17:28:59,page_view,desktop
6864,10299,s0002070,2026-07-04 09:45:04,page_view,mobile
6865,10299,s0002070,2026-07-04 09:45:16,page_view,mobile
6866,10299,s0002070,2026-07-04 09:46:27,page_view,mobile
6867,10226,s0002071,2026-07-04 01:53:32,page_view,desktop
6868,10226,s0002071,2026-07-04 01:55:06,page_view,desktop
6869,10226,s0002071,2026-07-04 01:56:42,page_view,desktop
6870,10226,s0002071,2026-07-04 01:57:51,add_to_cart,desktop
6871,10226,s0002071,2026-07-04 01:59:31,begin_checkout,desktop
6872,,s0002072,2026-07-04 11:56:06,page_view,mobile
6873,,s0002072,2026-07-04 11:56:19,page_view,mobile
6874,,s0002072,2026-07-04 11:57:38,page_view,mobile
6875,,s0002072,2026-07-04 11:57:51,page_view,mobile
6876,,s0002072,2026-07-04 11:59:27,add_to_cart,mobile
6877,,s0002072,2026-07-04 11:59:53,begin_checkout,mobile
6878,,s0002072,2026-07-04 12:01:26,purchase,mobile
6879,,s0002073,2026-07-04 12:12:17,page_view,desktop
6880,,s0002073,2026-07-04 12:13:40,page_view,desktop
6881,10236,s0002074,2026-07-04 15:06:55,page_view,desktop
6882,10236,s0002074,2026-07-04 15:07:03,page_view,desktop
6883,10236,s0002074,2026-07-04 15:08:00,page_view,desktop
6884,10236,s0002074,2026-07-04 15:09:14,page_view,desktop
6885,,s0002075,2026-07-04 01:36:03,page_view,mobile
6886,10489,s0002076,2026-07-04 04:20:50,page_view,mobile
6887,10489,s0002076,2026-07-04 04:22:45,page_view,mobile
6888,10489,s0002076,2026-07-04 04:22:59,add_to_cart,mobile
6889,10489,s0002076,2026-07-04 04:24:52,begin_checkout,mobile
6890,10489,s0002076,2026-07-04 04:26:44,purchase,mobile
6891,10029,s0002077,2026-07-04 16:53:12,page_view,desktop
6892,10029,s0002077,2026-07-04 16:54:37,page_view,desktop
6893,10029,s0002077,2026-07-04 16:55:14,page_view,desktop
6894,10029,s0002077,2026-07-04 16:55:25,page_view,desktop
6895,10558,s0002078,2026-07-04 19:32:46,page_view,mobile
6896,10558,s0002078,2026-07-04 19:33:44,page_view,mobile
6897,10558,s0002078,2026-07-04 19:34:51,page_view,mobile
6898,10558,s0002078,2026-07-04 19:35:59,page_view,mobile
6899,,s0002079,2026-07-04 09:11:16,page_view,desktop
6900,,s0002079,2026-07-04 09:12:53,page_view,desktop
6901,,s0002079,2026-07-04 09:14:30,page_view,desktop
6902,,s0002079,2026-07-04 09:15:37,add_to_cart,desktop
6903,,s0002079,2026-07-04 09:16:27,begin_checkout,desktop
6904,10243,s0002080,2026-07-04 07:21:24,page_view,mobile
6905,10243,s0002080,2026-07-04 07:21:40,page_view,mobile
6906,10243,s0002080,2026-07-04 07:21:59,page_view,mobile
6907,10243,s0002080,2026-07-04 07:22:23,page_view,mobile
6908,10243,s0002080,2026-07-04 07:22:52,add_to_cart,mobile
6909,10021,s0002081,2026-07-04 15:07:42,page_view,desktop
6910,10021,s0002081,2026-07-04 15:09:02,page_view,desktop
6911,10021,s0002081,2026-07-04 15:09:45,page_view,desktop
6912,10021,s0002081,2026-07-04 15:10:35,page_view,desktop
6913,,s0002082,2026-07-04 20:31:40,page_view,desktop
6914,,s0002082,2026-07-04 20:33:32,page_view,desktop
6915,,s0002082,2026-07-04 20:34:27,page_view,desktop
6916,,s0002082,2026-07-04 20:35:14,page_view,desktop
6917,,s0002082,2026-07-04 20:37:08,add_to_cart,desktop
6918,,s0002083,2026-07-04 12:37:15,page_view,mobile
6919,,s0002083,2026-07-04 12:39:08,page_view,mobile
6920,,s0002083,2026-07-04 12:39:35,page_view,mobile
6921,,s0002083,2026-07-04 12:41:30,page_view,mobile
6922,,s0002083,2026-07-04 12:43:13,add_to_cart,mobile
6923,10684,s0002084,2026-07-04 03:13:58,page_view,mobile
6924,10681,s0002085,2026-07-04 20:37:02,page_view,mobile
6925,10681,s0002085,2026-07-04 20:38:40,page_view,mobile
6926,10681,s0002085,2026-07-04 20:40:04,page_view,mobile
6927,10136,s0002086,2026-07-04 00:19:41,page_view,desktop
6928,10136,s0002086,2026-07-04 00:21:11,add_to_cart,desktop
6929,10136,s0002086,2026-07-04 00:21:32,begin_checkout,desktop
6930,10136,s0002086,2026-07-04 00:21:50,purchase,desktop
6931,,s0002087,2026-07-04 22:24:19,page_view,mobile
6932,,s0002087,2026-07-04 22:25:21,page_view,mobile
6933,,s0002087,2026-07-04 22:27:12,page_view,mobile
6934,,s0002087,2026-07-04 22:28:42,page_view,mobile
6935,,s0002087,2026-07-04 22:29:26,add_to_cart,mobile
6936,10054,s0002088,2026-07-04 14:03:06,page_view,desktop
6937,10054,s0002088,2026-07-04 14:04:22,page_view,desktop
6938,10623,s0002089,2026-07-04 22:28:57,page_view,mobile
6939,10677,s0002090,2026-07-04 21:07:53,page_view,desktop
6940,10677,s0002090,2026-07-04 21:07:59,page_view,desktop
6941,10677,s0002090,2026-07-04 21:09:17,page_view,desktop
6942,10677,s0002090,2026-07-04 21:10:00,add_to_cart,desktop
6943,10644,s0002091,2026-07-04 00:39:30,page_view,mobile
6944,10644,s0002091,2026-07-04 00:41:20,page_view,mobile
6945,,s0002092,2026-07-04 12:23:02,page_view,mobile
6946,,s0002092,2026-07-04 12:24:10,add_to_cart,mobile
6947,,s0002092,2026-07-04 12:25:12,begin_checkout,mobile
6948,10279,s0002093,2026-07-04 10:04:45,page_view,mobile
6949,10279,s0002093,2026-07-04 10:05:41,page_view,mobile
6950,10279,s0002093,2026-07-04 10:07:09,page_view,mobile
6951,10279,s0002093,2026-07-04 10:08:31,page_view,mobile
6952,10282,s0002094,2026-07-04 00:11:48,page_view,mobile
6953,10282,s0002094,2026-07-04 00:11:58,page_view,mobile
6954,10282,s0002094,2026-07-04 00:13:06,page_view,mobile
6955,10282,s0002094,2026-07-04 00:13:15,page_view,mobile
6956,,s0002095,2026-07-04 00:18:43,page_view,tablet
6957,,s0002095,2026-07-04 00:19:58,page_view,tablet
6958,,s0002095,2026-07-04 00:21:19,page_view,tablet
6959,,s0002095,2026-07-04 00:22:55,page_view,tablet
6960,10249,s0002096,2026-07-04 12:20:59,page_view,desktop
6961,10249,s0002096,2026-07-04 12:21:06,page_view,desktop
6962,10249,s0002096,2026-07-04 12:21:34,page_view,desktop
6963,10249,s0002096,2026-07-04 12:22:10,add_to_cart,desktop
6964,10497,s0002097,2026-07-04 02:48:20,page_view,desktop
6965,10497,s0002097,2026-07-04 02:50:07,add_to_cart,desktop
6966,10058,s0002098,2026-07-04 08:17:11,page_view,mobile
6967,10058,s0002098,2026-07-04 08:18:55,page_view,mobile
6968,10105,s0002099,2026-07-04 17:45:42,page_view,desktop
6969,10105,s0002099,2026-07-04 17:46:39,page_view,desktop
6970,10105,s0002099,2026-07-04 17:47:08,page_view,desktop
6971,10178,s0002100,2026-07-04 22:43:42,page_view,desktop
6972,10178,s0002100,2026-07-04 22:44:11,page_view,desktop
6973,,s0002101,2026-07-04 08:28:01,page_view,desktop
6974,,s0002101,2026-07-04 08:28:12,page_view,desktop
6975,,s0002101,2026-07-04 08:29:58,page_view,desktop
6976,10132,s0002102,2026-07-04 14:33:14,page_view,desktop
6977,10132,s0002102,2026-07-04 14:35:04,page_view,desktop
6978,10132,s0002102,2026-07-04 14:35:44,page_view,desktop
6979,,s0002103,2026-07-04 12:35:29,page_view,desktop
6980,,s0002103,2026-07-04 12:36:26,page_view,desktop
6981,,s0002103,2026-07-04 12:37:16,page_view,desktop
6982,,s0002103,2026-07-04 12:37:31,add_to_cart,desktop
6983,,s0002104,2026-07-04 20:19:47,page_view,desktop
6984,,s0002104,2026-07-04 20:20:42,page_view,desktop
6985,10173,s0002105,2026-07-04 09:01:29,page_view,mobile
6986,10173,s0002105,2026-07-04 09:03:26,add_to_cart,mobile
6987,,s0002106,2026-07-04 03:20:24,page_view,mobile
6988,,s0002106,2026-07-04 03:21:12,page_view,mobile
6989,,s0002106,2026-07-04 03:22:45,page_view,mobile
6990,,s0002106,2026-07-04 03:23:12,page_view,mobile
6991,,s0002107,2026-07-05 10:35:58,page_view,tablet
6992,,s0002107,2026-07-05 10:36:44,page_view,tablet
6993,,s0002108,2026-07-05 21:09:14,page_view,desktop
6994,,s0002108,2026-07-05 21:10:33,page_view,desktop
6995,10370,s0002109,2026-07-05 01:26:59,page_view,mobile
6996,10370,s0002109,2026-07-05 01:27:48,page_view,mobile
6997,10370,s0002109,2026-07-05 01:28:03,page_view,mobile
6998,10370,s0002109,2026-07-05 01:28:35,page_view,mobile
6999,10370,s0002109,2026-07-05 01:28:49,add_to_cart,mobile
7000,,s0002110,2026-07-05 19:37:37,page_view,desktop
7001,,s0002110,2026-07-05 19:39:18,page_view,desktop
7002,,s0002110,2026-07-05 19:40:15,page_view,desktop
7003,,s0002110,2026-07-05 19:40:42,page_view,desktop
7004,10239,s0002111,2026-07-05 17:12:54,page_view,desktop
7005,10239,s0002111,2026-07-05 17:14:29,page_view,desktop
7006,10239,s0002111,2026-07-05 17:15:34,page_view,desktop
7007,10239,s0002111,2026-07-05 17:15:41,add_to_cart,desktop
7008,10239,s0002111,2026-07-05 17:17:01,begin_checkout,desktop
7009,10239,s0002111,2026-07-05 17:17:54,purchase,desktop
7010,10083,s0002112,2026-07-05 18:30:41,page_view,desktop
7011,10083,s0002112,2026-07-05 18:30:52,page_view,desktop
7012,10083,s0002112,2026-07-05 18:32:34,page_view,desktop
7013,10083,s0002112,2026-07-05 18:33:56,add_to_cart,desktop
7014,10083,s0002112,2026-07-05 18:34:09,begin_checkout,desktop
7015,10083,s0002112,2026-07-05 18:34:50,purchase,desktop
7016,10636,s0002113,2026-07-05 11:20:59,page_view,desktop
7017,10636,s0002113,2026-07-05 11:21:33,page_view,desktop
7018,10636,s0002113,2026-07-05 11:21:53,page_view,desktop
7019,10219,s0002114,2026-07-05 09:09:04,page_view,mobile
7020,10219,s0002114,2026-07-05 09:10:10,page_view,mobile
7021,10219,s0002114,2026-07-05 09:10:22,add_to_cart,mobile
7022,10219,s0002114,2026-07-05 09:12:20,begin_checkout,mobile
7023,10219,s0002114,2026-07-05 09:13:42,purchase,mobile
7024,10504,s0002115,2026-07-05 02:52:38,page_view,desktop
7025,10504,s0002115,2026-07-05 02:54:06,add_to_cart,desktop
7026,10504,s0002115,2026-07-05 02:55:40,begin_checkout,desktop
7027,10504,s0002115,2026-07-05 02:56:45,purchase,desktop
7028,10151,s0002116,2026-07-05 10:25:22,page_view,mobile
7029,10151,s0002116,2026-07-05 10:26:59,page_view,mobile
7030,10151,s0002116,2026-07-05 10:27:17,page_view,mobile
7031,10151,s0002116,2026-07-05 10:29:15,add_to_cart,mobile
7032,10151,s0002116,2026-07-05 10:30:38,begin_checkout,mobile
7033,10151,s0002116,2026-07-05 10:31:36,purchase,mobile
7034,10412,s0002117,2026-07-05 01:01:01,page_view,desktop
7035,10412,s0002117,2026-07-05 01:02:37,page_view,desktop
7036,10425,s0002118,2026-07-05 03:11:34,page_view,desktop
7037,10425,s0002118,2026-07-05 03:13:32,page_view,desktop
7038,10425,s0002118,2026-07-05 03:14:34,page_view,desktop
7039,,s0002119,2026-07-05 02:16:12,page_view,tablet
7040,,s0002119,2026-07-05 02:17:37,add_to_cart,tablet
7041,10520,s0002120,2026-07-05 15:12:24,page_view,desktop
7042,10520,s0002120,2026-07-05 15:12:55,page_view,desktop
7043,10520,s0002120,2026-07-05 15:13:17,page_view,desktop
7044,10334,s0002121,2026-07-05 13:04:45,page_view,desktop
7045,10236,s0002122,2026-07-05 10:12:03,page_view,mobile
7046,10236,s0002122,2026-07-05 10:13:54,page_view,mobile
7047,10236,s0002122,2026-07-05 10:14:37,page_view,mobile
7048,10236,s0002122,2026-07-05 10:15:05,add_to_cart,mobile
7049,10436,s0002123,2026-07-05 05:44:36,page_view,mobile
7050,10436,s0002123,2026-07-05 05:45:27,page_view,mobile
7051,10436,s0002123,2026-07-05 05:46:06,page_view,mobile
7052,10436,s0002123,2026-07-05 05:47:19,page_view,mobile
7053,10426,s0002124,2026-07-05 10:27:06,page_view,desktop
7054,10426,s0002124,2026-07-05 10:27:55,page_view,desktop
7055,10426,s0002124,2026-07-05 10:29:52,page_view,desktop
7056,10426,s0002124,2026-07-05 10:30:40,page_view,desktop
7057,10426,s0002124,2026-07-05 10:31:27,add_to_cart,desktop
7058,10426,s0002124,2026-07-05 10:32:39,begin_checkout,desktop
7059,10426,s0002124,2026-07-05 10:33:46,purchase,desktop
7060,10137,s0002125,2026-07-05 19:17:05,page_view,desktop
7061,10137,s0002125,2026-07-05 19:17:43,add_to_cart,desktop
7062,10137,s0002125,2026-07-05 19:19:21,begin_checkout,desktop
7063,10137,s0002125,2026-07-05 19:20:42,purchase,desktop
7064,,s0002126,2026-07-05 12:12:06,page_view,mobile
7065,,s0002126,2026-07-05 12:13:47,page_view,mobile
7066,,s0002127,2026-07-05 02:35:17,page_view,mobile
7067,,s0002127,2026-07-05 02:36:28,page_view,mobile
7068,,s0002128,2026-07-05 03:00:02,page_view,mobile
7069,,s0002128,2026-07-05 03:00:17,page_view,mobile
7070,,s0002128,2026-07-05 03:02:14,add_to_cart,mobile
7071,,s0002129,2026-07-05 16:30:02,page_view,tablet
7072,,s0002129,2026-07-05 16:31:46,page_view,tablet
7073,,s0002129,2026-07-05 16:33:02,page_view,tablet
7074,,s0002129,2026-07-05 16:34:03,page_view,tablet
7075,,s0002129,2026-07-05 16:34:32,add_to_cart,tablet
7076,10245,s0002130,2026-07-05 21:54:54,page_view,mobile
7077,10245,s0002130,2026-07-05 21:55:15,page_view,mobile
7078,10245,s0002130,2026-07-05 21:56:41,add_to_cart,mobile
7079,10245,s0002130,2026-07-05 21:57:48,begin_checkout,mobile
7080,10245,s0002130,2026-07-05 21:58:03,purchase,mobile
7081,10538,s0002131,2026-07-05 19:54:30,page_view,desktop
7082,10538,s0002131,2026-07-05 19:54:37,page_view,desktop
7083,10538,s0002131,2026-07-05 19:55:15,page_view,desktop
7084,10538,s0002131,2026-07-05 19:56:58,page_view,desktop
7085,10538,s0002131,2026-07-05 19:57:32,add_to_cart,desktop
7086,10538,s0002131,2026-07-05 19:59:26,begin_checkout,desktop
7087,10538,s0002131,2026-07-05 20:01:12,purchase,desktop
7088,10320,s0002132,2026-07-05 14:53:53,page_view,mobile
7089,10320,s0002132,2026-07-05 14:54:36,page_view,mobile
7090,10320,s0002132,2026-07-05 14:56:27,page_view,mobile
7091,10320,s0002132,2026-07-05 14:56:56,page_view,mobile
7092,10320,s0002132,2026-07-05 14:58:18,add_to_cart,mobile
7093,10269,s0002133,2026-07-05 08:47:31,page_view,desktop
7094,10269,s0002133,2026-07-05 08:48:18,page_view,desktop
7095,10269,s0002133,2026-07-05 08:48:55,add_to_cart,desktop
7096,,s0002134,2026-07-05 20:30:54,page_view,mobile
7097,,s0002134,2026-07-05 20:31:03,page_view,mobile
7098,,s0002134,2026-07-05 20:32:05,add_to_cart,mobile
7099,,s0002134,2026-07-05 20:34:03,begin_checkout,mobile
7100,,s0002134,2026-07-05 20:34:33,purchase,mobile
7101,10552,s0002135,2026-07-05 22:34:58,page_view,desktop
7102,10353,s0002136,2026-07-05 07:39:40,page_view,mobile
7103,10353,s0002136,2026-07-05 07:40:36,page_view,mobile
7104,10353,s0002136,2026-07-05 07:40:57,add_to_cart,mobile
7105,10493,s0002137,2026-07-05 17:43:41,page_view,mobile
7106,10493,s0002137,2026-07-05 17:45:33,add_to_cart,mobile
7107,10575,s0002138,2026-07-05 18:39:08,page_view,Mobile
7108,10575,s0002138,2026-07-05 18:39:52,page_view,Mobile
7109,10575,s0002138,2026-07-05 18:41:10,add_to_cart,Mobile
7110,10575,s0002138,2026-07-05 18:42:31,begin_checkout,Mobile
7111,10049,s0002139,2026-07-05 18:24:46,page_view,desktop
7112,10049,s0002139,2026-07-05 18:25:50,page_view,desktop
7113,10049,s0002139,2026-07-05 18:26:19,page_view,desktop
7114,10049,s0002139,2026-07-05 18:26:56,page_view,desktop
7115,10512,s0002140,2026-07-05 14:43:11,page_view,desktop
7116,10512,s0002140,2026-07-05 14:44:40,page_view,desktop
7117,10512,s0002140,2026-07-05 14:45:07,page_view,desktop
7118,10512,s0002140,2026-07-05 14:47:01,page_view,desktop
7119,10622,s0002141,2026-07-05 14:45:43,page_view,mobile
7120,10622,s0002141,2026-07-05 14:47:32,page_view,mobile
7121,10622,s0002141,2026-07-05 14:47:40,page_view,mobile
7122,10622,s0002141,2026-07-05 14:48:08,page_view,mobile
7123,,s0002142,2026-07-05 20:57:48,page_view,desktop
7124,,s0002142,2026-07-05 20:58:38,page_view,desktop
7125,,s0002142,2026-07-05 21:00:26,page_view,desktop
7126,,s0002143,2026-07-05 17:35:52,page_view,desktop
7127,,s0002143,2026-07-05 17:37:16,page_view,desktop
7128,,s0002144,2026-07-05 16:47:30,page_view,mobile
7129,10173,s0002145,2026-07-05 13:27:03,page_view,desktop
7130,10173,s0002145,2026-07-05 13:28:06,page_view,desktop
7131,10173,s0002145,2026-07-05 13:29:50,add_to_cart,desktop
7132,10173,s0002145,2026-07-05 13:30:55,begin_checkout,desktop
7133,10173,s0002145,2026-07-05 13:31:54,purchase,desktop
7134,10622,s0002146,2026-07-05 10:02:34,page_view,tablet
7135,10640,s0002147,2026-07-05 19:09:11,page_view,desktop
7136,10333,s0002148,2026-07-05 19:11:34,page_view,desktop
7137,10481,s0002149,2026-07-05 08:24:25,page_view,tablet
7138,10074,s0002150,2026-07-05 01:02:00,page_view,tablet
7139,,s0002151,2026-07-05 07:17:56,page_view,desktop
7140,,s0002151,2026-07-05 07:19:23,page_view,desktop
7141,,s0002151,2026-07-05 07:19:48,page_view,desktop
7142,,s0002151,2026-07-05 07:20:51,page_view,desktop
7143,,s0002152,2026-07-05 09:06:12,page_view,tablet
7144,,s0002152,2026-07-05 09:08:02,page_view,tablet
7145,10261,s0002153,2026-07-05 22:55:14,page_view,mobile
7146,10261,s0002153,2026-07-05 22:56:22,page_view,mobile
7147,10261,s0002153,2026-07-05 22:58:10,page_view,mobile
7148,10261,s0002153,2026-07-05 22:58:57,page_view,mobile
7149,10261,s0002153,2026-07-05 23:00:07,add_to_cart,mobile
7150,10261,s0002153,2026-07-05 23:01:44,begin_checkout,mobile
7151,10400,s0002154,2026-07-05 14:01:18,page_view,mobile
7152,10400,s0002154,2026-07-05 14:02:27,add_to_cart,mobile
7153,,s0002155,2026-07-05 04:10:06,page_view,desktop
7154,,s0002155,2026-07-05 04:10:09,page_view,desktop
7155,,s0002155,2026-07-05 04:11:07,page_view,desktop
7156,,s0002155,2026-07-05 04:12:59,page_view,desktop
7157,,s0002156,2026-07-05 16:56:20,page_view,desktop
7158,10173,s0002157,2026-07-05 12:35:02,page_view,mobile
7159,,s0002158,2026-07-05 05:57:20,page_view,desktop
7160,,s0002158,2026-07-05 05:59:02,page_view,desktop
7161,,s0002158,2026-07-05 05:59:06,page_view,desktop
7162,,s0002158,2026-07-05 06:00:06,page_view,desktop
7163,10569,s0002159,2026-07-05 07:26:30,page_view,desktop
7164,10569,s0002159,2026-07-05 07:28:27,page_view,desktop
7165,10569,s0002159,2026-07-05 07:30:05,page_view,desktop
7166,10569,s0002159,2026-07-05 07:31:06,page_view,desktop
7167,10569,s0002159,2026-07-05 07:32:19,add_to_cart,desktop
7168,10303,s0002160,2026-07-05 09:22:15,page_view,mobile
7169,10538,s0002161,2026-07-05 20:08:11,page_view,mobile
7170,10538,s0002161,2026-07-05 20:09:45,page_view,mobile
7171,10538,s0002161,2026-07-05 20:10:06,add_to_cart,mobile
7172,10080,s0002162,2026-07-05 04:20:11,page_view,mobile
7173,10080,s0002162,2026-07-05 04:20:44,page_view,mobile
7174,10080,s0002162,2026-07-05 04:21:17,page_view,mobile
7175,,s0002163,2026-07-05 08:37:22,page_view,tablet
7176,10479,s0002164,2026-07-05 17:54:36,page_view,Mobile
7177,,s0002165,2026-07-06 03:09:54,page_view,desktop
7178,,s0002165,2026-07-06 03:10:01,page_view,desktop
7179,,s0002165,2026-07-06 03:11:25,add_to_cart,desktop
7180,,s0002165,2026-07-06 03:11:29,begin_checkout,desktop
7181,,s0002165,2026-07-06 03:11:57,purchase,desktop
7182,,s0002166,2026-07-06 13:22:43,page_view,desktop
7183,,s0002166,2026-07-06 13:22:50,page_view,desktop
7184,,s0002166,2026-07-06 13:24:42,page_view,desktop
7185,,s0002166,2026-07-06 13:25:55,page_view,desktop
7186,,s0002167,2026-07-06 05:39:38,page_view,desktop
7187,,s0002167,2026-07-06 05:39:47,page_view,desktop
7188,,s0002167,2026-07-06 05:40:53,page_view,desktop
7189,,s0002167,2026-07-06 05:42:00,page_view,desktop
7190,,s0002167,2026-07-06 05:43:52,add_to_cart,desktop
7191,10174,s0002168,2026-07-06 14:56:10,page_view,mobile
7192,10174,s0002168,2026-07-06 14:57:46,page_view,mobile
7193,10174,s0002168,2026-07-06 14:58:40,page_view,mobile
7194,10174,s0002168,2026-07-06 14:58:55,add_to_cart,mobile
7195,,s0002169,2026-07-06 17:47:27,page_view,desktop
7196,10348,s0002170,2026-07-06 01:04:41,page_view,desktop
7197,10348,s0002170,2026-07-06 01:05:07,page_view,desktop
7198,10348,s0002170,2026-07-06 01:06:36,add_to_cart,desktop
7199,10230,s0002171,2026-07-06 03:12:45,page_view,mobile
7200,10230,s0002171,2026-07-06 03:13:09,page_view,mobile
7201,10230,s0002171,2026-07-06 03:14:45,page_view,mobile
7202,10503,s0002172,2026-07-06 00:33:14,page_view,desktop
7203,10503,s0002172,2026-07-06 00:35:11,page_view,desktop
7204,10503,s0002172,2026-07-06 00:36:16,page_view,desktop
7205,10503,s0002172,2026-07-06 00:37:28,add_to_cart,desktop
7206,10503,s0002172,2026-07-06 00:37:43,begin_checkout,desktop
7207,10503,s0002172,2026-07-06 00:38:07,purchase,desktop
7208,10603,s0002173,2026-07-06 04:48:52,page_view,mobile
7209,10603,s0002173,2026-07-06 04:50:32,page_view,mobile
7210,10603,s0002173,2026-07-06 04:52:08,add_to_cart,mobile
7211,10603,s0002173,2026-07-06 04:52:37,begin_checkout,mobile
7212,10603,s0002173,2026-07-06 04:54:05,purchase,mobile
7213,,s0002174,2026-07-06 18:49:34,page_view,mobile
7214,,s0002175,2026-07-06 17:18:00,page_view,mobile
7215,,s0002175,2026-07-06 17:19:04,page_view,mobile
7216,,s0002175,2026-07-06 17:20:01,page_view,mobile
7217,,s0002175,2026-07-06 17:20:23,page_view,mobile
7218,,s0002175,2026-07-06 17:20:34,add_to_cart,mobile
7219,,s0002175,2026-07-06 17:22:05,begin_checkout,mobile
7220,,s0002175,2026-07-06 17:22:40,purchase,mobile
7221,,s0002176,2026-07-06 02:01:02,page_view,mobile
7222,,s0002176,2026-07-06 02:02:28,page_view,mobile
7223,,s0002176,2026-07-06 02:02:46,add_to_cart,mobile
7224,,s0002176,2026-07-06 02:03:04,begin_checkout,mobile
7225,,s0002177,2026-07-06 14:11:48,page_view,mobile
7226,,s0002177,2026-07-06 14:11:51,page_view,mobile
7227,,s0002177,2026-07-06 14:11:57,page_view,mobile
7228,,s0002177,2026-07-06 14:13:27,add_to_cart,mobile
7229,,s0002178,2026-07-06 09:51:29,page_view,mobile
7230,,s0002178,2026-07-06 09:53:16,page_view,mobile
7231,,s0002178,2026-07-06 09:54:11,page_view,mobile
7232,,s0002178,2026-07-06 09:54:56,add_to_cart,mobile
7233,,s0002178,2026-07-06 09:55:30,begin_checkout,mobile
7234,10362,s0002179,2026-07-06 17:09:15,page_view,Mobile
7235,10362,s0002179,2026-07-06 17:10:38,page_view,Mobile
7236,,s0002180,2026-07-06 13:51:25,page_view,desktop
7237,,s0002180,2026-07-06 13:52:44,page_view,desktop
7238,,s0002180,2026-07-06 13:53:57,page_view,desktop
7239,,s0002180,2026-07-06 13:55:12,page_view,desktop
7240,10311,s0002181,2026-07-06 12:53:47,page_view,mobile
7241,10307,s0002182,2026-07-06 05:43:54,page_view,desktop
7242,10307,s0002182,2026-07-06 05:44:14,add_to_cart,desktop
7243,10630,s0002183,2026-07-06 18:23:40,page_view,desktop
7244,10630,s0002183,2026-07-06 18:25:34,page_view,desktop
7245,10630,s0002183,2026-07-06 18:26:48,page_view,desktop
7246,10630,s0002183,2026-07-06 18:27:57,page_view,desktop
7247,10630,s0002183,2026-07-06 18:28:03,add_to_cart,desktop
7248,10630,s0002183,2026-07-06 18:28:45,begin_checkout,desktop
7249,10630,s0002183,2026-07-06 18:30:26,purchase,desktop
7250,10534,s0002184,2026-07-06 02:24:28,page_view,tablet
7251,10534,s0002184,2026-07-06 02:24:31,page_view,tablet
7252,10534,s0002184,2026-07-06 02:25:28,add_to_cart,tablet
7253,10534,s0002184,2026-07-06 02:26:59,begin_checkout,tablet
7254,10217,s0002185,2026-07-06 14:12:45,page_view,desktop
7255,10217,s0002185,2026-07-06 14:13:44,page_view,desktop
7256,10217,s0002185,2026-07-06 14:14:52,page_view,desktop
7257,10217,s0002185,2026-07-06 14:14:58,page_view,desktop
7258,10217,s0002185,2026-07-06 14:15:25,add_to_cart,desktop
7259,10217,s0002185,2026-07-06 14:16:04,begin_checkout,desktop
7260,10429,s0002186,2026-07-06 21:38:13,page_view,mobile
7261,10429,s0002186,2026-07-06 21:39:25,page_view,mobile
7262,10037,s0002187,2026-07-06 19:45:34,page_view,desktop
7263,10037,s0002187,2026-07-06 19:46:39,page_view,desktop
7264,10037,s0002187,2026-07-06 19:46:52,page_view,desktop
7265,10047,s0002188,2026-07-06 19:01:17,page_view,mobile
7266,10047,s0002188,2026-07-06 19:02:10,page_view,mobile
7267,10047,s0002188,2026-07-06 19:03:28,page_view,mobile
7268,10047,s0002188,2026-07-06 19:04:20,page_view,mobile
7269,10047,s0002188,2026-07-06 19:04:52,add_to_cart,mobile
7270,10047,s0002188,2026-07-06 19:05:08,begin_checkout,mobile
7271,10661,s0002189,2026-07-06 21:42:00,page_view,mobile
7272,10661,s0002189,2026-07-06 21:43:25,page_view,mobile
7273,10661,s0002189,2026-07-06 21:44:48,page_view,mobile
7274,10661,s0002189,2026-07-06 21:45:11,page_view,mobile
7275,10661,s0002189,2026-07-06 21:46:03,add_to_cart,mobile
7276,10044,s0002190,2026-07-06 05:45:08,page_view,desktop
7277,,s0002191,2026-07-06 12:39:56,page_view,Desktop
7278,,s0002191,2026-07-06 12:40:13,page_view,Desktop
7279,,s0002191,2026-07-06 12:40:22,add_to_cart,Desktop
7280,,s0002192,2026-07-06 16:12:57,page_view,desktop
7281,,s0002192,2026-07-06 16:14:20,page_view,desktop
7282,10279,s0002193,2026-07-06 12:28:09,page_view,desktop
7283,10279,s0002193,2026-07-06 12:29:57,page_view,desktop
7284,10279,s0002193,2026-07-06 12:30:29,page_view,desktop
7285,10279,s0002193,2026-07-06 12:31:50,page_view,desktop
7286,10282,s0002194,2026-07-06 06:26:49,page_view,desktop
7287,,s0002195,2026-07-06 09:08:42,page_view,mobile
7288,10001,s0002196,2026-07-06 12:55:19,page_view,mobile
7289,10001,s0002196,2026-07-06 12:56:12,page_view,mobile
7290,10001,s0002196,2026-07-06 12:57:34,page_view,mobile
7291,10001,s0002196,2026-07-06 12:59:13,page_view,mobile
7292,,s0002197,2026-07-06 16:49:27,page_view,tablet
7293,,s0002197,2026-07-06 16:50:46,page_view,tablet
7294,,s0002197,2026-07-06 16:51:49,page_view,tablet
7295,,s0002198,2026-07-06 10:26:52,page_view,desktop
7296,,s0002198,2026-07-06 10:28:19,page_view,desktop
7297,,s0002199,2026-07-06 13:25:17,page_view,Mobile
7298,,s0002199,2026-07-06 13:26:43,page_view,Mobile
7299,,s0002199,2026-07-06 13:28:29,page_view,Mobile
7300,,s0002200,2026-07-06 01:43:25,page_view,Mobile
7301,,s0002200,2026-07-06 01:45:07,page_view,Mobile
7302,,s0002200,2026-07-06 01:46:20,page_view,Mobile
7303,10274,s0002201,2026-07-06 20:59:25,page_view,mobile
7304,10274,s0002201,2026-07-06 21:01:15,page_view,mobile
7305,10274,s0002201,2026-07-06 21:02:27,page_view,mobile
7306,10274,s0002201,2026-07-06 21:02:52,page_view,mobile
7307,10274,s0002201,2026-07-06 21:02:59,add_to_cart,mobile
7308,10274,s0002201,2026-07-06 21:03:15,begin_checkout,mobile
7309,10230,s0002202,2026-07-06 05:58:12,page_view,mobile
7310,10230,s0002202,2026-07-06 05:59:48,page_view,mobile
7311,10230,s0002202,2026-07-06 06:00:00,page_view,mobile
7312,,s0002203,2026-07-06 22:25:51,page_view,mobile
7313,,s0002203,2026-07-06 22:26:18,add_to_cart,mobile
7314,,s0002203,2026-07-06 22:28:15,begin_checkout,mobile
7315,,s0002203,2026-07-06 22:29:07,purchase,mobile
7316,,s0002204,2026-07-06 05:31:15,page_view,desktop
7317,,s0002204,2026-07-06 05:32:16,page_view,desktop
7318,,s0002204,2026-07-06 05:32:20,page_view,desktop
7319,,s0002204,2026-07-06 05:34:08,page_view,desktop
7320,,s0002204,2026-07-06 05:35:23,add_to_cart,desktop
7321,10145,s0002205,2026-07-06 13:17:35,page_view,mobile
7322,,s0002206,2026-07-06 12:59:50,page_view,desktop
7323,,s0002206,2026-07-06 13:01:19,page_view,desktop
7324,,s0002207,2026-07-06 12:21:41,page_view,mobile
7325,,s0002207,2026-07-06 12:22:49,page_view,mobile
7326,,s0002207,2026-07-06 12:23:07,page_view,mobile
7327,,s0002207,2026-07-06 12:23:24,page_view,mobile
7328,10666,s0002208,2026-07-06 15:16:55,page_view,desktop
7329,10666,s0002208,2026-07-06 15:17:29,page_view,desktop
7330,10666,s0002208,2026-07-06 15:17:38,page_view,desktop
7331,10295,s0002209,2026-07-06 07:15:33,page_view,mobile
7332,10295,s0002209,2026-07-06 07:17:29,page_view,mobile
7333,10286,s0002210,2026-07-06 22:05:36,page_view,mobile
7334,10286,s0002210,2026-07-06 22:06:01,page_view,mobile
7335,10286,s0002210,2026-07-06 22:06:40,add_to_cart,mobile
7336,10547,s0002211,2026-07-06 08:59:26,page_view,desktop
7337,10547,s0002211,2026-07-06 08:59:41,page_view,desktop
7338,10550,s0002212,2026-07-06 19:07:23,page_view,mobile
7339,10285,s0002213,2026-07-06 19:48:58,page_view,mobile
7340,10285,s0002213,2026-07-06 19:50:48,page_view,mobile
7341,10483,s0002214,2026-07-06 22:51:46,page_view,tablet
7342,10483,s0002214,2026-07-06 22:53:17,page_view,tablet
7343,10483,s0002214,2026-07-06 22:54:48,page_view,tablet
7344,10525,s0002215,2026-07-06 18:30:01,page_view,desktop
7345,10525,s0002215,2026-07-06 18:30:51,page_view,desktop
7346,10525,s0002215,2026-07-06 18:32:04,page_view,desktop
7347,10073,s0002216,2026-07-06 03:23:33,page_view,mobile
7348,10073,s0002216,2026-07-06 03:24:59,page_view,mobile
7349,,s0002217,2026-07-06 11:54:21,page_view,mobile
7350,10681,s0002218,2026-07-06 11:07:13,page_view,desktop
7351,10681,s0002218,2026-07-06 11:08:28,page_view,desktop
7352,10681,s0002218,2026-07-06 11:10:08,page_view,desktop
7353,10681,s0002218,2026-07-06 11:11:46,add_to_cart,desktop
7354,10681,s0002218,2026-07-06 11:13:24,begin_checkout,desktop
7355,,s0002219,2026-07-06 22:25:43,page_view,mobile
7356,,s0002219,2026-07-06 22:26:48,page_view,mobile
7357,,s0002219,2026-07-06 22:27:17,add_to_cart,mobile
7358,,s0002219,2026-07-06 22:28:45,begin_checkout,mobile
7359,,s0002219,2026-07-06 22:30:12,purchase,mobile
7360,10001,s0002220,2026-07-06 05:54:07,page_view,desktop
7361,10001,s0002220,2026-07-06 05:54:18,page_view,desktop
7362,10001,s0002220,2026-07-06 05:54:57,page_view,desktop
7363,10416,s0002221,2026-07-06 12:10:56,page_view,tablet
7364,10416,s0002221,2026-07-06 12:11:16,add_to_cart,tablet
7365,10416,s0002221,2026-07-06 12:13:07,begin_checkout,tablet
7366,10416,s0002221,2026-07-06 12:15:02,purchase,tablet
7367,10101,s0002222,2026-07-06 14:15:49,page_view,desktop
7368,10101,s0002222,2026-07-06 14:17:35,page_view,desktop
7369,10101,s0002222,2026-07-06 14:18:45,page_view,desktop
7370,10465,s0002223,2026-07-06 01:39:10,page_view,mobile
7371,10465,s0002223,2026-07-06 01:41:07,page_view,mobile
7372,10465,s0002223,2026-07-06 01:42:28,page_view,mobile
7373,10400,s0002224,2026-07-06 09:50:31,page_view,desktop
7374,10400,s0002224,2026-07-06 09:51:55,page_view,desktop
7375,10400,s0002224,2026-07-06 09:53:22,page_view,desktop
7376,10400,s0002224,2026-07-06 09:54:23,page_view,desktop
7377,,s0002225,2026-07-06 18:36:29,page_view,mobile
7378,10239,s0002226,2026-07-06 07:15:15,page_view,Desktop
7379,10239,s0002226,2026-07-06 07:17:15,page_view,Desktop
7380,10239,s0002226,2026-07-06 07:17:52,page_view,Desktop
7381,10239,s0002226,2026-07-06 07:19:10,page_view,Desktop
7382,,s0002227,2026-07-06 21:41:12,page_view,desktop
7383,,s0002227,2026-07-06 21:42:41,page_view,desktop
7384,,s0002227,2026-07-06 21:43:41,page_view,desktop
7385,,s0002227,2026-07-06 21:44:11,page_view,desktop
7386,,s0002227,2026-07-06 21:44:26,add_to_cart,desktop
7387,,s0002227,2026-07-06 21:44:31,begin_checkout,desktop
7388,,s0002227,2026-07-06 21:45:38,purchase,desktop
7389,,s0002228,2026-07-06 08:20:12,page_view,desktop
7390,,s0002228,2026-07-06 08:20:55,page_view,desktop
7391,,s0002228,2026-07-06 08:21:45,page_view,desktop
7392,,s0002228,2026-07-06 08:22:50,page_view,desktop
7393,,s0002228,2026-07-06 08:23:59,add_to_cart,desktop
7394,10576,s0002229,2026-07-06 04:41:33,page_view,desktop
7395,10576,s0002229,2026-07-06 04:42:30,page_view,desktop
7396,10576,s0002229,2026-07-06 04:43:51,add_to_cart,desktop
7397,10576,s0002229,2026-07-06 04:45:16,begin_checkout,desktop
7398,10037,s0002230,2026-07-06 17:12:22,page_view,tablet
7399,,s0002231,2026-07-07 18:03:35,page_view,mobile
7400,,s0002231,2026-07-07 18:04:30,page_view,mobile
7401,,s0002232,2026-07-07 09:19:28,page_view,mobile
7402,,s0002232,2026-07-07 09:21:03,page_view,mobile
7403,,s0002232,2026-07-07 09:21:55,page_view,mobile
7404,,s0002233,2026-07-07 22:48:03,page_view,mobile
7405,10496,s0002234,2026-07-07 10:43:17,page_view,desktop
7406,10496,s0002234,2026-07-07 10:43:43,page_view,desktop
7407,10496,s0002234,2026-07-07 10:45:40,page_view,desktop
7408,10496,s0002234,2026-07-07 10:47:28,page_view,desktop
7409,10414,s0002235,2026-07-07 02:25:33,page_view,mobile
7410,10081,s0002236,2026-07-07 14:49:03,page_view,mobile
7411,10081,s0002236,2026-07-07 14:50:06,page_view,mobile
7412,10081,s0002236,2026-07-07 14:51:34,page_view,mobile
7413,10081,s0002236,2026-07-07 14:51:58,add_to_cart,mobile
7414,10081,s0002236,2026-07-07 14:52:50,begin_checkout,mobile
7415,,s0002237,2026-07-07 11:45:32,page_view,mobile
7416,,s0002237,2026-07-07 11:46:23,page_view,mobile
7417,10636,s0002238,2026-07-07 16:04:43,page_view,desktop
7418,10275,s0002239,2026-07-07 16:30:31,page_view,desktop
7419,10275,s0002239,2026-07-07 16:32:03,page_view,desktop
7420,10405,s0002240,2026-07-07 15:23:17,page_view,desktop
7421,10584,s0002241,2026-07-07 06:55:38,page_view,desktop
7422,10584,s0002241,2026-07-07 06:56:44,page_view,desktop
7423,10584,s0002241,2026-07-07 06:57:51,page_view,desktop
7424,10609,s0002242,2026-07-07 11:41:02,page_view,desktop
7425,10609,s0002242,2026-07-07 11:41:51,add_to_cart,desktop
7426,10609,s0002242,2026-07-07 11:42:33,begin_checkout,desktop
7427,10609,s0002242,2026-07-07 11:42:58,purchase,desktop
7428,,s0002243,2026-07-07 07:18:51,page_view,desktop
7429,,s0002243,2026-07-07 07:19:44,page_view,desktop
7430,,s0002243,2026-07-07 07:19:58,page_view,desktop
7431,10523,s0002244,2026-07-07 16:40:36,page_view,desktop
7432,10523,s0002244,2026-07-07 16:41:07,page_view,desktop
7433,10523,s0002244,2026-07-07 16:41:20,page_view,desktop
7434,10523,s0002244,2026-07-07 16:43:15,page_view,desktop
7435,,s0002245,2026-07-07 22:39:15,page_view,desktop
7436,,s0002245,2026-07-07 22:40:13,add_to_cart,desktop
7437,10430,s0002246,2026-07-07 00:23:04,page_view,desktop
7438,10430,s0002246,2026-07-07 00:23:07,page_view,desktop
7439,10604,s0002247,2026-07-07 05:56:50,page_view,desktop
7440,10604,s0002247,2026-07-07 05:57:29,page_view,desktop
7441,10604,s0002247,2026-07-07 05:57:52,add_to_cart,desktop
7442,10604,s0002247,2026-07-07 05:58:13,begin_checkout,desktop
7443,,s0002248,2026-07-07 09:32:09,page_view,mobile
7444,,s0002248,2026-07-07 09:33:16,page_view,mobile
7445,10111,s0002249,2026-07-07 17:34:32,page_view,Tablet
7446,10111,s0002249,2026-07-07 17:36:07,page_view,Tablet
7447,10111,s0002249,2026-07-07 17:36:16,add_to_cart,Tablet
7448,10111,s0002249,2026-07-07 17:38:07,begin_checkout,Tablet
7449,10111,s0002249,2026-07-07 17:38:12,purchase,Tablet
7450,,s0002250,2026-07-07 16:07:37,page_view,mobile
7451,,s0002250,2026-07-07 16:08:00,page_view,mobile
7452,,s0002250,2026-07-07 16:08:52,page_view,mobile
7453,,s0002250,2026-07-07 16:10:12,add_to_cart,mobile
7454,10025,s0002251,2026-07-07 00:44:28,page_view,desktop
7455,10025,s0002251,2026-07-07 00:46:23,page_view,desktop
7456,10098,s0002252,2026-07-07 18:56:15,page_view,Tablet
7457,10098,s0002252,2026-07-07 18:56:32,page_view,Tablet
7458,,s0002253,2026-07-07 18:59:10,page_view,mobile
7459,,s0002253,2026-07-07 19:00:27,page_view,mobile
7460,,s0002253,2026-07-07 19:01:43,page_view,mobile
7461,,s0002253,2026-07-07 19:02:49,page_view,mobile
7462,,s0002253,2026-07-07 19:04:10,add_to_cart,mobile
7463,,s0002253,2026-07-07 19:04:37,begin_checkout,mobile
7464,,s0002253,2026-07-07 19:05:12,purchase,mobile
7465,10528,s0002254,2026-07-07 17:56:37,page_view,mobile
7466,10528,s0002254,2026-07-07 17:57:25,page_view,mobile
7467,10528,s0002254,2026-07-07 17:57:35,page_view,mobile
7468,10528,s0002254,2026-07-07 17:57:50,add_to_cart,mobile
7469,10528,s0002254,2026-07-07 17:58:52,begin_checkout,mobile
7470,10528,s0002254,2026-07-07 17:59:56,purchase,mobile
7471,10221,s0002255,2026-07-07 02:48:09,page_view,desktop
7472,10221,s0002255,2026-07-07 02:49:40,page_view,desktop
7473,10221,s0002255,2026-07-07 02:51:31,page_view,desktop
7474,10221,s0002255,2026-07-07 02:53:10,page_view,desktop
7475,10292,s0002256,2026-07-07 11:20:48,page_view,mobile
7476,10471,s0002257,2026-07-07 00:43:11,page_view,mobile
7477,10471,s0002257,2026-07-07 00:44:21,page_view,mobile
7478,10531,s0002258,2026-07-07 11:12:19,page_view,mobile
7479,10531,s0002258,2026-07-07 11:13:04,page_view,mobile
7480,10531,s0002258,2026-07-07 11:13:44,page_view,mobile
7481,10531,s0002258,2026-07-07 11:15:38,page_view,mobile
7482,10388,s0002259,2026-07-07 18:14:09,page_view,tablet
7483,10388,s0002259,2026-07-07 18:15:54,page_view,tablet
7484,10388,s0002259,2026-07-07 18:16:59,page_view,tablet
7485,10351,s0002260,2026-07-07 11:10:50,page_view,desktop
7486,10454,s0002261,2026-07-07 00:37:35,page_view,mobile
7487,10454,s0002261,2026-07-07 00:39:21,page_view,mobile
7488,10454,s0002261,2026-07-07 00:41:04,page_view,mobile
7489,10221,s0002262,2026-07-07 05:03:49,page_view,mobile
7490,10221,s0002262,2026-07-07 05:05:33,page_view,mobile
7491,10221,s0002262,2026-07-07 05:06:13,add_to_cart,mobile
7492,,s0002263,2026-07-07 17:42:26,page_view,mobile
7493,,s0002263,2026-07-07 17:43:49,page_view,mobile
7494,,s0002263,2026-07-07 17:44:36,page_view,mobile
7495,,s0002263,2026-07-07 17:44:55,page_view,mobile
7496,10668,s0002264,2026-07-07 17:15:28,page_view,mobile
7497,10668,s0002264,2026-07-07 17:15:52,page_view,mobile
7498,10668,s0002264,2026-07-07 17:17:36,page_view,mobile
7499,,s0002265,2026-07-07 16:19:10,page_view,mobile
7500,,s0002265,2026-07-07 16:19:42,page_view,mobile
7501,,s0002265,2026-07-07 16:20:31,page_view,mobile
7502,,s0002265,2026-07-07 16:20:37,add_to_cart,mobile
7503,,s0002266,2026-07-07 02:38:53,page_view,desktop
7504,,s0002266,2026-07-07 02:38:59,page_view,desktop
7505,,s0002267,2026-07-07 09:10:37,page_view,tablet
7506,,s0002267,2026-07-07 09:10:40,page_view,tablet
7507,,s0002267,2026-07-07 09:11:06,add_to_cart,tablet
7508,,s0002267,2026-07-07 09:13:03,begin_checkout,tablet
7509,,s0002267,2026-07-07 09:14:42,purchase,tablet
7510,10404,s0002268,2026-07-07 08:33:18,page_view,tablet
7511,10404,s0002268,2026-07-07 08:34:45,page_view,tablet
7512,10404,s0002268,2026-07-07 08:35:17,page_view,tablet
7513,10404,s0002268,2026-07-07 08:35:39,page_view,tablet
7514,10215,s0002269,2026-07-07 19:27:24,page_view,mobile
7515,10215,s0002269,2026-07-07 19:27:50,page_view,mobile
7516,10215,s0002269,2026-07-07 19:29:19,page_view,mobile
7517,10215,s0002269,2026-07-07 19:30:56,page_view,mobile
7518,10129,s0002270,2026-07-07 15:25:43,page_view,desktop
7519,10129,s0002270,2026-07-07 15:25:59,add_to_cart,desktop
7520,10463,s0002271,2026-07-07 18:03:51,page_view,mobile
7521,10463,s0002271,2026-07-07 18:04:37,page_view,mobile
7522,10463,s0002271,2026-07-07 18:05:04,page_view,mobile
7523,10463,s0002271,2026-07-07 18:07:01,page_view,mobile
7524,10650,s0002272,2026-07-07 17:38:21,page_view,desktop
7525,10650,s0002272,2026-07-07 17:39:20,page_view,desktop
7526,10650,s0002272,2026-07-07 17:40:32,page_view,desktop
7527,10650,s0002272,2026-07-07 17:41:17,page_view,desktop
7528,10650,s0002272,2026-07-07 17:42:51,add_to_cart,desktop
7529,10650,s0002272,2026-07-07 17:44:45,begin_checkout,desktop
7530,10650,s0002272,2026-07-07 17:46:37,purchase,desktop
7531,10222,s0002273,2026-07-07 09:43:44,page_view,mobile
7532,10222,s0002273,2026-07-07 09:45:33,page_view,mobile
7533,10222,s0002273,2026-07-07 09:45:59,add_to_cart,mobile
7534,10222,s0002273,2026-07-07 09:47:36,begin_checkout,mobile
7535,,s0002274,2026-07-07 19:29:22,page_view,desktop
7536,,s0002274,2026-07-07 19:30:39,page_view,desktop
7537,,s0002274,2026-07-07 19:30:52,page_view,desktop
7538,,s0002274,2026-07-07 19:32:01,page_view,desktop
7539,10446,s0002275,2026-07-07 10:54:47,page_view,desktop
7540,10446,s0002275,2026-07-07 10:56:11,page_view,desktop
7541,10446,s0002275,2026-07-07 10:56:39,page_view,desktop
7542,10446,s0002275,2026-07-07 10:57:45,add_to_cart,desktop
7543,10446,s0002275,2026-07-07 10:59:38,begin_checkout,desktop
7544,10446,s0002275,2026-07-07 10:59:42,purchase,desktop
7545,10493,s0002276,2026-07-07 06:19:23,page_view,mobile
7546,10493,s0002276,2026-07-07 06:20:02,page_view,mobile
7547,10493,s0002276,2026-07-07 06:20:15,add_to_cart,mobile
7548,10493,s0002276,2026-07-07 06:20:26,begin_checkout,mobile
7549,10493,s0002276,2026-07-07 06:21:19,purchase,mobile
7550,10157,s0002277,2026-07-07 08:53:08,page_view,mobile
7551,10157,s0002277,2026-07-07 08:54:36,page_view,mobile
7552,,s0002278,2026-07-08 09:24:57,page_view,tablet
7553,10575,s0002279,2026-07-08 21:44:53,page_view,mobile
7554,10575,s0002279,2026-07-08 21:46:12,page_view,mobile
7555,10575,s0002279,2026-07-08 21:46:18,page_view,mobile
7556,10575,s0002279,2026-07-08 21:46:30,page_view,mobile
7557,10575,s0002279,2026-07-08 21:46:37,add_to_cart,mobile
7558,,s0002280,2026-07-08 09:54:21,page_view,tablet
7559,,s0002280,2026-07-08 09:55:26,add_to_cart,tablet
7560,,s0002280,2026-07-08 09:57:20,begin_checkout,tablet
7561,,s0002280,2026-07-08 09:57:25,purchase,tablet
7562,10287,s0002281,2026-07-08 03:34:04,page_view,mobile
7563,10287,s0002281,2026-07-08 03:34:44,page_view,mobile
7564,10287,s0002281,2026-07-08 03:36:03,page_view,mobile
7565,10287,s0002281,2026-07-08 03:37:58,page_view,mobile
7566,,s0002282,2026-07-08 22:19:56,page_view,tablet
7567,,s0002282,2026-07-08 22:21:00,page_view,tablet
7568,,s0002282,2026-07-08 22:21:34,add_to_cart,tablet
7569,,s0002282,2026-07-08 22:22:27,begin_checkout,tablet
7570,,s0002282,2026-07-08 22:22:48,purchase,tablet
7571,,s0002283,2026-07-08 14:38:23,page_view,desktop
7572,,s0002283,2026-07-08 14:39:54,page_view,desktop
7573,10033,s0002284,2026-07-08 21:59:09,page_view,desktop
7574,10033,s0002284,2026-07-08 22:00:51,page_view,desktop
7575,10033,s0002284,2026-07-08 22:01:37,add_to_cart,desktop
7576,10033,s0002284,2026-07-08 22:02:02,begin_checkout,desktop
7577,10033,s0002284,2026-07-08 22:03:35,purchase,desktop
7578,10149,s0002285,2026-07-08 08:04:49,page_view,mobile
7579,10149,s0002285,2026-07-08 08:06:06,page_view,mobile
7580,10149,s0002285,2026-07-08 08:06:42,page_view,mobile
7581,10028,s0002286,2026-07-08 09:16:48,page_view,tablet
7582,10028,s0002286,2026-07-08 09:16:58,page_view,tablet
7583,10656,s0002287,2026-07-08 05:12:41,page_view,mobile
7584,10656,s0002287,2026-07-08 05:14:23,page_view,mobile
7585,10656,s0002287,2026-07-08 05:14:46,page_view,mobile
7586,10656,s0002287,2026-07-08 05:15:41,page_view,mobile
7587,10084,s0002288,2026-07-08 07:41:14,page_view,desktop
7588,10084,s0002288,2026-07-08 07:42:04,add_to_cart,desktop
7589,,s0002289,2026-07-08 19:18:44,page_view,tablet
7590,,s0002289,2026-07-08 19:19:45,page_view,tablet
7591,,s0002289,2026-07-08 19:20:50,page_view,tablet
7592,,s0002289,2026-07-08 19:22:33,page_view,tablet
7593,,s0002289,2026-07-08 19:24:28,add_to_cart,tablet
7594,10174,s0002290,2026-07-08 15:48:10,page_view,desktop
7595,10174,s0002290,2026-07-08 15:49:54,page_view,desktop
7596,10174,s0002290,2026-07-08 15:50:59,page_view,desktop
7597,10174,s0002290,2026-07-08 15:51:26,page_view,desktop
7598,,s0002291,2026-07-08 16:44:10,page_view,desktop
7599,,s0002291,2026-07-08 16:44:58,add_to_cart,desktop
7600,,s0002291,2026-07-08 16:45:42,begin_checkout,desktop
7601,,s0002291,2026-07-08 16:47:33,purchase,desktop
7602,10028,s0002292,2026-07-08 07:20:56,page_view,desktop
7603,10028,s0002292,2026-07-08 07:21:04,add_to_cart,desktop
7604,10028,s0002292,2026-07-08 07:21:26,begin_checkout,desktop
7605,10028,s0002292,2026-07-08 07:21:30,purchase,desktop
7606,,s0002293,2026-07-08 20:54:43,page_view,tablet
7607,,s0002293,2026-07-08 20:55:44,page_view,tablet
7608,,s0002293,2026-07-08 20:56:31,page_view,tablet
7609,,s0002293,2026-07-08 20:57:40,page_view,tablet
7610,10057,s0002294,2026-07-08 09:53:00,page_view,desktop
7611,10057,s0002294,2026-07-08 09:54:49,page_view,desktop
7612,10057,s0002294,2026-07-08 09:56:26,page_view,desktop
7613,10057,s0002294,2026-07-08 09:57:17,page_view,desktop
7614,,s0002295,2026-07-08 20:43:17,page_view,mobile
7615,,s0002295,2026-07-08 20:44:17,page_view,mobile
7616,,s0002295,2026-07-08 20:45:30,page_view,mobile
7617,,s0002295,2026-07-08 20:47:28,page_view,mobile
7618,,s0002296,2026-07-08 00:12:47,page_view,tablet
7619,,s0002296,2026-07-08 00:13:53,page_view,tablet
7620,,s0002296,2026-07-08 00:14:59,page_view,tablet
7621,,s0002297,2026-07-08 09:12:39,page_view,mobile
7622,,s0002297,2026-07-08 09:14:22,add_to_cart,mobile
7623,,s0002297,2026-07-08 09:15:47,begin_checkout,mobile
7624,10069,s0002298,2026-07-08 04:33:14,page_view,mobile
7625,10069,s0002298,2026-07-08 04:34:59,add_to_cart,mobile
7626,10069,s0002298,2026-07-08 04:35:24,begin_checkout,mobile
7627,10069,s0002298,2026-07-08 04:36:45,purchase,mobile
7628,10053,s0002299,2026-07-08 06:54:11,page_view,mobile
7629,10053,s0002299,2026-07-08 06:55:52,page_view,mobile
7630,10053,s0002299,2026-07-08 06:57:25,page_view,mobile
7631,10053,s0002299,2026-07-08 06:58:02,page_view,mobile
7632,10053,s0002299,2026-07-08 06:59:00,add_to_cart,mobile
7633,10191,s0002300,2026-07-08 20:16:38,page_view,mobile
7634,10191,s0002300,2026-07-08 20:18:14,page_view,mobile
7635,10610,s0002301,2026-07-08 05:42:54,page_view,desktop
7636,10610,s0002301,2026-07-08 05:43:30,page_view,desktop
7637,10610,s0002301,2026-07-08 05:45:29,page_view,desktop
7638,10610,s0002301,2026-07-08 05:45:43,page_view,desktop
7639,10610,s0002301,2026-07-08 05:46:15,add_to_cart,desktop
7640,10587,s0002302,2026-07-08 16:25:03,page_view,desktop
7641,10587,s0002302,2026-07-08 16:25:08,page_view,desktop
7642,10587,s0002302,2026-07-08 16:26:58,page_view,desktop
7643,10587,s0002302,2026-07-08 16:28:56,add_to_cart,desktop
7644,10207,s0002303,2026-07-08 17:43:52,page_view,desktop
7645,10207,s0002303,2026-07-08 17:44:35,page_view,desktop
7646,,s0002304,2026-07-08 11:17:38,page_view,desktop
7647,,s0002304,2026-07-08 11:18:23,page_view,desktop
7648,,s0002304,2026-07-08 11:19:09,page_view,desktop
7649,,s0002304,2026-07-08 11:20:20,page_view,desktop
7650,,s0002305,2026-07-08 17:24:14,page_view,mobile
7651,,s0002305,2026-07-08 17:24:18,page_view,mobile
7652,,s0002306,2026-07-08 12:59:47,page_view,desktop
7653,,s0002306,2026-07-08 13:00:44,page_view,desktop
7654,,s0002306,2026-07-08 13:02:19,add_to_cart,desktop
7655,,s0002306,2026-07-08 13:03:14,begin_checkout,desktop
7656,,s0002307,2026-07-08 22:21:55,page_view,mobile
7657,,s0002307,2026-07-08 22:22:35,page_view,mobile
7658,,s0002307,2026-07-08 22:23:23,page_view,mobile
7659,,s0002307,2026-07-08 22:23:51,page_view,mobile
7660,10554,s0002308,2026-07-08 01:41:38,page_view,desktop
7661,10554,s0002308,2026-07-08 01:42:19,page_view,desktop
7662,10554,s0002308,2026-07-08 01:43:18,page_view,desktop
7663,10554,s0002308,2026-07-08 01:44:12,page_view,desktop
7664,10233,s0002309,2026-07-08 16:40:42,page_view,desktop
7665,10233,s0002309,2026-07-08 16:41:15,page_view,desktop
7666,10646,s0002310,2026-07-08 03:19:21,page_view,mobile
7667,10646,s0002310,2026-07-08 03:20:11,page_view,mobile
7668,10556,s0002311,2026-07-08 06:23:19,page_view,mobile
7669,10556,s0002311,2026-07-08 06:24:40,page_view,mobile
7670,10556,s0002311,2026-07-08 06:26:00,page_view,mobile
7671,10556,s0002311,2026-07-08 06:27:51,page_view,mobile
7672,,s0002312,2026-07-08 02:37:56,page_view,mobile
7673,,s0002312,2026-07-08 02:39:45,page_view,mobile
7674,,s0002312,2026-07-08 02:40:33,add_to_cart,mobile
7675,10484,s0002313,2026-07-08 00:24:24,page_view,desktop
7676,10484,s0002313,2026-07-08 00:25:37,page_view,desktop
7677,10484,s0002313,2026-07-08 00:26:38,page_view,desktop
7678,,s0002314,2026-07-08 18:54:23,page_view,desktop
7679,,s0002315,2026-07-08 04:23:05,page_view,desktop
7680,,s0002315,2026-07-08 04:24:15,page_view,desktop
7681,,s0002315,2026-07-08 04:24:43,page_view,desktop
7682,,s0002315,2026-07-08 04:24:52,page_view,desktop
7683,,s0002315,2026-07-08 04:25:08,add_to_cart,desktop
7684,,s0002315,2026-07-08 04:25:58,begin_checkout,desktop
7685,,s0002315,2026-07-08 04:26:25,purchase,desktop
7686,,s0002316,2026-07-08 16:21:38,page_view,desktop
7687,,s0002316,2026-07-08 16:23:35,add_to_cart,desktop
7688,10206,s0002317,2026-07-08 10:31:05,page_view,desktop
7689,,s0002318,2026-07-08 21:49:45,page_view,desktop
7690,,s0002318,2026-07-08 21:50:34,page_view,desktop
7691,,s0002318,2026-07-08 21:51:40,page_view,desktop
7692,,s0002318,2026-07-08 21:52:57,add_to_cart,desktop
7693,,s0002318,2026-07-08 21:53:21,begin_checkout,desktop
7694,,s0002318,2026-07-08 21:53:55,purchase,desktop
7695,,s0002319,2026-07-08 07:13:34,page_view,desktop
7696,,s0002319,2026-07-08 07:14:46,page_view,desktop
7697,,s0002319,2026-07-08 07:16:42,page_view,desktop
7698,,s0002320,2026-07-08 06:54:32,page_view,mobile
7699,,s0002320,2026-07-08 06:55:52,page_view,mobile
7700,,s0002320,2026-07-08 06:56:39,page_view,mobile
7701,,s0002320,2026-07-08 06:56:52,add_to_cart,mobile
7702,10025,s0002321,2026-07-08 19:49:01,page_view,mobile
7703,10025,s0002321,2026-07-08 19:50:23,page_view,mobile
7704,10165,s0002322,2026-07-08 20:43:39,page_view,mobile
7705,10165,s0002322,2026-07-08 20:45:11,page_view,mobile
7706,10165,s0002322,2026-07-08 20:45:39,page_view,mobile
7707,10165,s0002322,2026-07-08 20:46:41,page_view,mobile
7708,,s0002323,2026-07-08 13:57:51,page_view,mobile
7709,,s0002324,2026-07-08 14:53:22,page_view,desktop
7710,,s0002324,2026-07-08 14:53:52,page_view,desktop
7711,,s0002324,2026-07-08 14:55:23,page_view,desktop
7712,,s0002324,2026-07-08 14:56:47,page_view,desktop
7713,,s0002324,2026-07-08 14:58:10,add_to_cart,desktop
7714,,s0002324,2026-07-08 14:58:51,begin_checkout,desktop
7715,,s0002324,2026-07-08 15:00:01,purchase,desktop
7716,10490,s0002325,2026-07-08 18:59:08,page_view,mobile
7717,10490,s0002325,2026-07-08 19:00:15,add_to_cart,mobile
7718,10490,s0002325,2026-07-08 19:00:54,begin_checkout,mobile
7719,10490,s0002325,2026-07-08 19:02:39,purchase,mobile
7720,,s0002326,2026-07-08 11:05:22,page_view,tablet
7721,10101,s0002327,2026-07-08 11:45:16,page_view,desktop
7722,10101,s0002327,2026-07-08 11:46:29,page_view,desktop
7723,10101,s0002327,2026-07-08 11:47:38,page_view,desktop
7724,10644,s0002328,2026-07-08 06:20:02,page_view,desktop
7725,10644,s0002328,2026-07-08 06:21:13,page_view,desktop
7726,10644,s0002328,2026-07-08 06:21:39,page_view,desktop
7727,10644,s0002328,2026-07-08 06:22:38,page_view,desktop
7728,10644,s0002328,2026-07-08 06:23:31,add_to_cart,desktop
7729,,s0002329,2026-07-08 16:37:14,page_view,Tablet
7730,,s0002329,2026-07-08 16:37:27,add_to_cart,Tablet
7731,,s0002329,2026-07-08 16:39:21,begin_checkout,Tablet
7732,,s0002329,2026-07-08 16:40:49,purchase,Tablet
7733,,s0002330,2026-07-09 03:36:31,page_view,mobile
7734,,s0002331,2026-07-09 11:53:40,page_view,mobile
7735,,s0002331,2026-07-09 11:54:31,page_view,mobile
7736,,s0002331,2026-07-09 11:55:56,page_view,mobile
7737,,s0002331,2026-07-09 11:57:12,page_view,mobile
7738,10462,s0002332,2026-07-09 15:42:37,page_view,mobile
7739,10462,s0002332,2026-07-09 15:43:31,page_view,mobile
7740,10462,s0002332,2026-07-09 15:45:03,page_view,mobile
7741,10462,s0002332,2026-07-09 15:45:49,page_view,mobile
7742,,s0002333,2026-07-09 02:59:07,page_view,mobile
7743,,s0002333,2026-07-09 03:00:58,page_view,mobile
7744,,s0002333,2026-07-09 03:02:34,page_view,mobile
7745,,s0002333,2026-07-09 03:02:55,page_view,mobile
7746,,s0002333,2026-07-09 03:04:49,add_to_cart,mobile
7747,,s0002333,2026-07-09 03:05:51,begin_checkout,mobile
7748,10544,s0002334,2026-07-09 17:48:33,page_view,desktop
7749,10544,s0002334,2026-07-09 17:48:48,page_view,desktop
7750,10544,s0002334,2026-07-09 17:50:10,page_view,desktop
7751,10415,s0002335,2026-07-09 16:24:51,page_view,mobile
7752,10415,s0002335,2026-07-09 16:26:25,page_view,mobile
7753,10415,s0002335,2026-07-09 16:27:10,add_to_cart,mobile
7754,10415,s0002335,2026-07-09 16:28:21,begin_checkout,mobile
7755,10552,s0002336,2026-07-09 09:06:12,page_view,desktop
7756,10552,s0002336,2026-07-09 09:06:32,page_view,desktop
7757,10552,s0002336,2026-07-09 09:07:07,add_to_cart,desktop
7758,,s0002337,2026-07-09 15:29:01,page_view,desktop
7759,,s0002337,2026-07-09 15:29:06,page_view,desktop
7760,,s0002337,2026-07-09 15:31:00,page_view,desktop
7761,,s0002337,2026-07-09 15:32:51,page_view,desktop
7762,10023,s0002338,2026-07-09 07:40:41,page_view,desktop
7763,10023,s0002338,2026-07-09 07:41:07,add_to_cart,desktop
7764,10023,s0002338,2026-07-09 07:42:55,begin_checkout,desktop
7765,,s0002339,2026-07-09 14:57:46,page_view,desktop
7766,10510,s0002340,2026-07-09 08:56:16,page_view,mobile
7767,10510,s0002340,2026-07-09 08:57:29,page_view,mobile
7768,10510,s0002340,2026-07-09 08:57:43,add_to_cart,mobile
7769,10510,s0002340,2026-07-09 08:58:56,begin_checkout,mobile
7770,10510,s0002340,2026-07-09 09:00:14,purchase,mobile
7771,10463,s0002341,2026-07-09 16:06:28,page_view,desktop
7772,10463,s0002341,2026-07-09 16:08:11,page_view,desktop
7773,10463,s0002341,2026-07-09 16:09:41,page_view,desktop
7774,,s0002342,2026-07-09 12:27:34,page_view,mobile
7775,,s0002342,2026-07-09 12:28:25,page_view,mobile
7776,,s0002342,2026-07-09 12:29:26,page_view,mobile
7777,,s0002342,2026-07-09 12:31:00,page_view,mobile
7778,,s0002342,2026-07-09 12:31:12,add_to_cart,mobile
7779,,s0002342,2026-07-09 12:31:43,begin_checkout,mobile
7780,,s0002343,2026-07-09 16:25:58,page_view,desktop
7781,,s0002344,2026-07-09 11:23:34,page_view,desktop
7782,,s0002344,2026-07-09 11:23:38,page_view,desktop
7783,,s0002344,2026-07-09 11:25:10,page_view,desktop
7784,10401,s0002345,2026-07-09 12:13:13,page_view,desktop
7785,10401,s0002345,2026-07-09 12:14:44,page_view,desktop
7786,10073,s0002346,2026-07-09 00:29:56,page_view,desktop
7787,10073,s0002346,2026-07-09 00:31:39,add_to_cart,desktop
7788,10073,s0002346,2026-07-09 00:32:50,begin_checkout,desktop
7789,10073,s0002346,2026-07-09 00:34:11,purchase,desktop
7790,10486,s0002347,2026-07-09 09:00:10,page_view,desktop
7791,,s0002348,2026-07-09 21:36:25,page_view,mobile
7792,,s0002349,2026-07-09 13:55:14,page_view,desktop
7793,,s0002349,2026-07-09 13:57:13,add_to_cart,desktop
7794,,s0002349,2026-07-09 13:58:19,begin_checkout,desktop
7795,,s0002349,2026-07-09 14:00:09,purchase,desktop
7796,10436,s0002350,2026-07-09 07:43:39,page_view,desktop
7797,10436,s0002350,2026-07-09 07:44:51,page_view,desktop
7798,10436,s0002350,2026-07-09 07:46:03,page_view,desktop
7799,10273,s0002351,2026-07-09 07:14:36,page_view,tablet
7800,10273,s0002351,2026-07-09 07:16:09,page_view,tablet
7801,10273,s0002351,2026-07-09 07:16:19,page_view,tablet
7802,10273,s0002351,2026-07-09 07:17:18,page_view,tablet
7803,10273,s0002351,2026-07-09 07:17:47,add_to_cart,tablet
7804,,s0002352,2026-07-09 03:44:25,page_view,mobile
7805,10593,s0002353,2026-07-09 18:25:14,page_view,mobile
7806,10593,s0002353,2026-07-09 18:26:57,page_view,mobile
7807,,s0002354,2026-07-09 21:34:24,page_view,desktop
7808,,s0002354,2026-07-09 21:35:54,page_view,desktop
7809,,s0002354,2026-07-09 21:37:18,page_view,desktop
7810,,s0002354,2026-07-09 21:39:18,add_to_cart,desktop
7811,10387,s0002355,2026-07-09 08:10:11,page_view,desktop
7812,10387,s0002355,2026-07-09 08:11:04,page_view,desktop
7813,10387,s0002355,2026-07-09 08:12:04,page_view,desktop
7814,,s0002356,2026-07-09 22:37:19,page_view,desktop
7815,,s0002356,2026-07-09 22:39:04,add_to_cart,desktop
7816,,s0002357,2026-07-09 09:47:09,page_view,desktop
7817,,s0002357,2026-07-09 09:48:57,page_view,desktop
7818,,s0002357,2026-07-09 09:50:33,page_view,desktop
7819,,s0002357,2026-07-09 09:51:18,page_view,desktop
7820,10178,s0002358,2026-07-09 22:40:52,page_view,desktop
7821,10178,s0002358,2026-07-09 22:42:06,page_view,desktop
7822,10178,s0002358,2026-07-09 22:43:44,page_view,desktop
7823,10178,s0002358,2026-07-09 22:44:47,add_to_cart,desktop
7824,10227,s0002359,2026-07-09 03:43:08,page_view,desktop
7825,10227,s0002359,2026-07-09 03:44:53,page_view,desktop
7826,10227,s0002359,2026-07-09 03:45:12,page_view,desktop
7827,10227,s0002359,2026-07-09 03:47:03,page_view,desktop
7828,,s0002360,2026-07-09 12:09:47,page_view,desktop
7829,,s0002360,2026-07-09 12:10:10,page_view,desktop
7830,,s0002360,2026-07-09 12:10:43,page_view,desktop
7831,,s0002360,2026-07-09 12:12:00,add_to_cart,desktop
7832,,s0002361,2026-07-09 10:19:35,page_view,mobile
7833,,s0002361,2026-07-09 10:20:53,page_view,mobile
7834,,s0002362,2026-07-09 22:23:26,page_view,desktop
7835,,s0002362,2026-07-09 22:24:10,page_view,desktop
7836,,s0002362,2026-07-09 22:24:24,page_view,desktop
7837,,s0002362,2026-07-09 22:25:40,page_view,desktop
7838,,s0002363,2026-07-09 13:47:29,page_view,mobile
7839,,s0002363,2026-07-09 13:49:12,page_view,mobile
7840,10084,s0002364,2026-07-09 20:11:13,page_view,desktop
7841,10084,s0002364,2026-07-09 20:12:17,page_view,desktop
7842,10084,s0002364,2026-07-09 20:13:31,page_view,desktop
7843,10207,s0002365,2026-07-09 04:37:37,page_view,mobile
7844,10207,s0002365,2026-07-09 04:39:10,page_view,mobile
7845,10207,s0002365,2026-07-09 04:39:58,page_view,mobile
7846,10207,s0002365,2026-07-09 04:40:18,page_view,mobile
7847,,s0002366,2026-07-09 00:22:59,page_view,mobile
7848,,s0002366,2026-07-09 00:23:41,page_view,mobile
7849,,s0002367,2026-07-09 05:33:30,page_view,desktop
7850,,s0002367,2026-07-09 05:35:09,page_view,desktop
7851,,s0002367,2026-07-09 05:36:40,page_view,desktop
7852,,s0002367,2026-07-09 05:38:31,add_to_cart,desktop
7853,,s0002367,2026-07-09 05:39:40,begin_checkout,desktop
7854,,s0002367,2026-07-09 05:41:02,purchase,desktop
7855,10638,s0002368,2026-07-09 01:41:04,page_view,desktop
7856,10638,s0002368,2026-07-09 01:41:47,page_view,desktop
7857,10638,s0002368,2026-07-09 01:42:20,page_view,desktop
7858,10638,s0002368,2026-07-09 01:42:56,page_view,desktop
7859,10233,s0002369,2026-07-09 18:23:24,page_view,desktop
7860,10233,s0002369,2026-07-09 18:24:22,page_view,desktop
7861,10233,s0002369,2026-07-09 18:24:34,page_view,desktop
7862,,s0002370,2026-07-09 04:25:45,page_view,desktop
7863,,s0002370,2026-07-09 04:27:12,page_view,desktop
7864,,s0002370,2026-07-09 04:28:47,page_view,desktop
7865,,s0002370,2026-07-09 04:30:35,page_view,desktop
7866,,s0002371,2026-07-09 03:09:35,page_view,mobile
7867,,s0002371,2026-07-09 03:10:32,page_view,mobile
7868,,s0002371,2026-07-09 03:11:26,page_view,mobile
7869,,s0002371,2026-07-09 03:12:47,page_view,mobile
7870,,s0002372,2026-07-09 05:51:50,page_view,mobile
7871,,s0002372,2026-07-09 05:52:22,page_view,mobile
7872,,s0002373,2026-07-09 10:28:31,page_view,tablet
7873,,s0002373,2026-07-09 10:28:42,page_view,tablet
7874,,s0002373,2026-07-09 10:28:56,page_view,tablet
7875,,s0002374,2026-07-09 11:00:30,page_view,mobile
7876,,s0002374,2026-07-09 11:02:17,page_view,mobile
7877,,s0002374,2026-07-09 11:02:28,page_view,mobile
7878,10244,s0002375,2026-07-09 10:44:09,page_view,mobile
7879,10244,s0002375,2026-07-09 10:45:35,page_view,mobile
7880,10244,s0002375,2026-07-09 10:46:59,page_view,mobile
7881,10322,s0002376,2026-07-09 09:24:23,page_view,desktop
7882,10322,s0002376,2026-07-09 09:25:51,page_view,desktop
7883,10322,s0002376,2026-07-09 09:27:16,page_view,desktop
7884,,s0002377,2026-07-09 07:57:42,page_view,mobile
7885,10451,s0002378,2026-07-09 17:15:48,page_view,desktop
7886,10451,s0002378,2026-07-09 17:16:37,add_to_cart,desktop
7887,,s0002379,2026-07-09 17:43:59,page_view,desktop
7888,,s0002379,2026-07-09 17:44:50,page_view,desktop
7889,10047,s0002380,2026-07-09 02:03:58,page_view,mobile
7890,10047,s0002380,2026-07-09 02:04:44,page_view,mobile
7891,10047,s0002380,2026-07-09 02:05:57,page_view,mobile
7892,10047,s0002380,2026-07-09 02:07:37,page_view,mobile
7893,10047,s0002380,2026-07-09 02:09:37,add_to_cart,mobile
7894,,s0002381,2026-07-09 12:38:29,page_view,mobile
7895,10673,s0002382,2026-07-09 22:40:52,page_view,mobile
7896,10673,s0002382,2026-07-09 22:42:03,page_view,mobile
7897,10673,s0002382,2026-07-09 22:43:25,page_view,mobile
7898,10310,s0002383,2026-07-09 10:21:31,page_view,mobile
7899,10310,s0002383,2026-07-09 10:21:53,page_view,mobile
7900,10310,s0002383,2026-07-09 10:22:36,page_view,mobile
7901,10310,s0002383,2026-07-09 10:24:20,page_view,mobile
7902,10310,s0002383,2026-07-09 10:25:39,add_to_cart,mobile
7903,10310,s0002383,2026-07-09 10:26:23,begin_checkout,mobile
7904,10390,s0002384,2026-07-09 07:59:02,page_view,mobile
7905,10390,s0002384,2026-07-09 08:00:19,page_view,mobile
7906,10406,s0002385,2026-07-09 06:48:48,page_view,mobile
7907,10406,s0002385,2026-07-09 06:49:55,page_view,mobile
7908,10497,s0002386,2026-07-09 12:34:19,page_view,mobile
7909,10497,s0002386,2026-07-09 12:35:40,page_view,mobile
7910,10497,s0002386,2026-07-09 12:37:08,page_view,mobile
7911,10497,s0002386,2026-07-09 12:38:47,page_view,mobile
7912,,s0002387,2026-07-09 11:17:12,page_view,desktop
7913,,s0002387,2026-07-09 11:18:15,page_view,desktop
7914,,s0002387,2026-07-09 11:18:35,page_view,desktop
7915,,s0002387,2026-07-09 11:19:20,page_view,desktop
7916,10194,s0002388,2026-07-09 02:39:56,page_view,mobile
7917,10194,s0002388,2026-07-09 02:40:23,page_view,mobile
7918,10194,s0002388,2026-07-09 02:41:20,add_to_cart,mobile
7919,10657,s0002389,2026-07-09 15:49:07,page_view,mobile
7920,,s0002390,2026-07-10 16:56:20,page_view,mobile
7921,,s0002390,2026-07-10 16:57:02,page_view,mobile
7922,10366,s0002391,2026-07-10 21:17:37,page_view,desktop
7923,10366,s0002391,2026-07-10 21:19:29,page_view,desktop
7924,10366,s0002391,2026-07-10 21:20:03,page_view,desktop
7925,10366,s0002391,2026-07-10 21:21:32,page_view,desktop
7926,10366,s0002391,2026-07-10 21:22:00,add_to_cart,desktop
7927,10366,s0002391,2026-07-10 21:23:34,begin_checkout,desktop
7928,10366,s0002391,2026-07-10 21:24:05,purchase,desktop
7929,10622,s0002392,2026-07-10 15:43:34,page_view,desktop
7930,10401,s0002393,2026-07-10 20:54:41,page_view,tablet
7931,10401,s0002393,2026-07-10 20:54:53,page_view,tablet
7932,10401,s0002393,2026-07-10 20:56:09,page_view,tablet
7933,10401,s0002393,2026-07-10 20:56:45,page_view,tablet
7934,,s0002394,2026-07-10 22:29:55,page_view,tablet
7935,,s0002394,2026-07-10 22:30:56,page_view,tablet
7936,,s0002394,2026-07-10 22:31:57,page_view,tablet
7937,,s0002394,2026-07-10 22:33:44,page_view,tablet
7938,,s0002394,2026-07-10 22:34:26,add_to_cart,tablet
7939,,s0002394,2026-07-10 22:34:39,begin_checkout,tablet
7940,,s0002394,2026-07-10 22:36:39,purchase,tablet
7941,,s0002395,2026-07-10 13:51:48,page_view,mobile
7942,,s0002395,2026-07-10 13:53:39,page_view,mobile
7943,,s0002395,2026-07-10 13:55:36,page_view,mobile
7944,,s0002396,2026-07-10 08:03:56,page_view,desktop
7945,,s0002396,2026-07-10 08:04:23,page_view,desktop
7946,,s0002396,2026-07-10 08:05:55,add_to_cart,desktop
7947,,s0002396,2026-07-10 08:07:22,begin_checkout,desktop
7948,,s0002396,2026-07-10 08:07:32,purchase,desktop
7949,10044,s0002397,2026-07-10 10:11:26,page_view,desktop
7950,10044,s0002397,2026-07-10 10:12:55,page_view,desktop
7951,10044,s0002397,2026-07-10 10:13:26,page_view,desktop
7952,,s0002398,2026-07-10 22:31:50,page_view,desktop
7953,,s0002399,2026-07-10 22:13:40,page_view,desktop
7954,,s0002399,2026-07-10 22:15:24,page_view,desktop
7955,,s0002399,2026-07-10 22:15:39,page_view,desktop
7956,,s0002399,2026-07-10 22:16:48,add_to_cart,desktop
7957,,s0002399,2026-07-10 22:18:33,begin_checkout,desktop
7958,,s0002399,2026-07-10 22:18:37,purchase,desktop
7959,,s0002400,2026-07-10 01:51:57,page_view,desktop
7960,10378,s0002401,2026-07-10 08:38:34,page_view,tablet
7961,10458,s0002402,2026-07-10 14:54:02,page_view,mobile
7962,10458,s0002402,2026-07-10 14:55:19,page_view,mobile
7963,10458,s0002402,2026-07-10 14:56:19,add_to_cart,mobile
7964,10458,s0002402,2026-07-10 14:57:14,begin_checkout,mobile
7965,10458,s0002402,2026-07-10 14:57:35,purchase,mobile
7966,10253,s0002403,2026-07-10 20:20:15,page_view,mobile
7967,10253,s0002403,2026-07-10 20:21:57,page_view,mobile
7968,,s0002404,2026-07-10 14:47:36,page_view,desktop
7969,,s0002404,2026-07-10 14:48:17,page_view,desktop
7970,,s0002404,2026-07-10 14:48:25,page_view,desktop
7971,,s0002404,2026-07-10 14:49:24,page_view,desktop
7972,10258,s0002405,2026-07-10 02:40:45,page_view,mobile
7973,10258,s0002405,2026-07-10 02:40:49,page_view,mobile
7974,10258,s0002405,2026-07-10 02:41:27,page_view,mobile
7975,10258,s0002405,2026-07-10 02:41:57,page_view,mobile
7976,10163,s0002406,2026-07-10 17:41:43,page_view,desktop
7977,10163,s0002406,2026-07-10 17:43:38,page_view,desktop
7978,10163,s0002406,2026-07-10 17:45:25,add_to_cart,desktop
7979,10163,s0002406,2026-07-10 17:47:11,begin_checkout,desktop
7980,10163,s0002406,2026-07-10 17:49:05,purchase,desktop
7981,,s0002407,2026-07-10 09:40:06,page_view,desktop
7982,,s0002407,2026-07-10 09:41:20,page_view,desktop
7983,10215,s0002408,2026-07-10 02:58:14,page_view,mobile
7984,10215,s0002408,2026-07-10 02:58:59,page_view,mobile
7985,10215,s0002408,2026-07-10 03:00:11,page_view,mobile
7986,10215,s0002408,2026-07-10 03:00:15,add_to_cart,mobile
7987,10215,s0002408,2026-07-10 03:02:03,begin_checkout,mobile
7988,10600,s0002409,2026-07-10 15:34:59,page_view,mobile
7989,10600,s0002409,2026-07-10 15:36:20,page_view,mobile
7990,10600,s0002409,2026-07-10 15:38:17,page_view,mobile
7991,10077,s0002410,2026-07-10 12:19:18,page_view,mobile
7992,10077,s0002410,2026-07-10 12:20:22,page_view,mobile
7993,10516,s0002411,2026-07-10 10:47:38,page_view,mobile
7994,10516,s0002411,2026-07-10 10:47:59,page_view,mobile
7995,10516,s0002411,2026-07-10 10:48:19,page_view,mobile
7996,10516,s0002411,2026-07-10 10:50:09,add_to_cart,mobile
7997,10516,s0002411,2026-07-10 10:51:19,begin_checkout,mobile
7998,10572,s0002412,2026-07-10 19:59:42,page_view,desktop
7999,10572,s0002412,2026-07-10 20:00:00,page_view,desktop
8000,10572,s0002412,2026-07-10 20:01:15,add_to_cart,desktop
8001,10087,s0002413,2026-07-10 16:40:44,page_view,desktop
8002,10087,s0002413,2026-07-10 16:42:05,page_view,desktop
8003,10087,s0002413,2026-07-10 16:43:49,page_view,desktop
8004,10160,s0002414,2026-07-10 08:27:36,page_view,mobile
8005,10160,s0002414,2026-07-10 08:28:15,page_view,mobile
8006,10160,s0002414,2026-07-10 08:29:01,page_view,mobile
8007,10247,s0002415,2026-07-10 19:08:42,page_view,Desktop
8008,10247,s0002415,2026-07-10 19:09:03,add_to_cart,Desktop
8009,10025,s0002416,2026-07-10 22:18:16,page_view,mobile
8010,10025,s0002416,2026-07-10 22:19:58,page_view,mobile
8011,10025,s0002416,2026-07-10 22:21:32,page_view,mobile
8012,10025,s0002416,2026-07-10 22:22:25,page_view,mobile
8013,,s0002417,2026-07-10 09:06:12,page_view,mobile
8014,,s0002417,2026-07-10 09:08:10,page_view,mobile
8015,,s0002417,2026-07-10 09:10:05,add_to_cart,mobile
8016,,s0002417,2026-07-10 09:11:45,begin_checkout,mobile
8017,,s0002417,2026-07-10 09:12:09,purchase,mobile
8018,10427,s0002418,2026-07-10 22:59:27,page_view,tablet
8019,10427,s0002418,2026-07-10 23:00:00,page_view,tablet
8020,10427,s0002418,2026-07-10 23:00:07,page_view,tablet
8021,10427,s0002418,2026-07-10 23:01:18,page_view,tablet
8022,10315,s0002419,2026-07-10 11:25:09,page_view,mobile
8023,10466,s0002420,2026-07-10 01:58:28,page_view,desktop
8024,10466,s0002420,2026-07-10 01:59:00,page_view,desktop
8025,10466,s0002420,2026-07-10 01:59:52,page_view,desktop
8026,10336,s0002421,2026-07-10 10:55:27,page_view,mobile
8027,10336,s0002421,2026-07-10 10:57:19,page_view,mobile
8028,10336,s0002421,2026-07-10 10:59:12,page_view,mobile
8029,10336,s0002421,2026-07-10 10:59:26,page_view,mobile
8030,10336,s0002421,2026-07-10 11:01:02,add_to_cart,mobile
8031,10336,s0002421,2026-07-10 11:01:27,begin_checkout,mobile
8032,,s0002422,2026-07-10 15:06:35,page_view,mobile
8033,,s0002422,2026-07-10 15:08:11,page_view,mobile
8034,,s0002422,2026-07-10 15:08:29,page_view,mobile
8035,,s0002422,2026-07-10 15:10:19,page_view,mobile
8036,,s0002422,2026-07-10 15:11:43,add_to_cart,mobile
8037,,s0002423,2026-07-10 05:27:06,page_view,mobile
8038,,s0002423,2026-07-10 05:27:49,page_view,mobile
8039,,s0002423,2026-07-10 05:29:18,page_view,mobile
8040,,s0002423,2026-07-10 05:29:34,page_view,mobile
8041,,s0002424,2026-07-10 18:20:54,page_view,desktop
8042,10075,s0002425,2026-07-10 06:05:07,page_view,desktop
8043,,s0002426,2026-07-10 02:32:44,page_view,Mobile
8044,,s0002426,2026-07-10 02:33:01,page_view,Mobile
8045,,s0002426,2026-07-10 02:34:14,add_to_cart,Mobile
8046,,s0002427,2026-07-10 11:49:03,page_view,mobile
8047,,s0002427,2026-07-10 11:50:44,page_view,mobile
8048,,s0002427,2026-07-10 11:52:06,page_view,mobile
8049,,s0002427,2026-07-10 11:53:15,page_view,mobile
8050,10293,s0002428,2026-07-10 18:56:30,page_view,desktop
8051,10293,s0002428,2026-07-10 18:57:12,add_to_cart,desktop
8052,10299,s0002429,2026-07-10 12:37:35,page_view,mobile
8053,10299,s0002429,2026-07-10 12:38:24,page_view,mobile
8054,10299,s0002429,2026-07-10 12:38:55,page_view,mobile
8055,10117,s0002430,2026-07-10 11:42:48,page_view,desktop
8056,10117,s0002430,2026-07-10 11:44:07,page_view,desktop
8057,10117,s0002430,2026-07-10 11:45:16,page_view,desktop
8058,10408,s0002431,2026-07-10 17:13:20,page_view,tablet
8059,10408,s0002431,2026-07-10 17:14:18,page_view,tablet
8060,10337,s0002432,2026-07-10 15:01:43,page_view,desktop
8061,10337,s0002432,2026-07-10 15:02:42,page_view,desktop
8062,10337,s0002432,2026-07-10 15:03:09,page_view,desktop
8063,10337,s0002432,2026-07-10 15:03:29,page_view,desktop
8064,10337,s0002432,2026-07-10 15:04:29,add_to_cart,desktop
8065,10337,s0002432,2026-07-10 15:05:10,begin_checkout,desktop
8066,10337,s0002432,2026-07-10 15:05:44,purchase,desktop
8067,,s0002433,2026-07-10 22:58:15,page_view,desktop
8068,,s0002433,2026-07-10 22:58:50,page_view,desktop
8069,,s0002433,2026-07-10 23:00:13,page_view,desktop
8070,,s0002433,2026-07-10 23:00:16,page_view,desktop
8071,10424,s0002434,2026-07-10 16:55:22,page_view,tablet
8072,10424,s0002434,2026-07-10 16:56:41,page_view,tablet
8073,10424,s0002434,2026-07-10 16:58:29,page_view,tablet
8074,10424,s0002434,2026-07-10 17:00:07,page_view,tablet
8075,10233,s0002435,2026-07-10 03:12:56,page_view,desktop
8076,10233,s0002435,2026-07-10 03:13:05,page_view,desktop
8077,10233,s0002435,2026-07-10 03:14:18,add_to_cart,desktop
8078,10421,s0002436,2026-07-10 01:04:15,page_view,tablet
8079,10421,s0002436,2026-07-10 01:04:33,page_view,tablet
8080,10421,s0002436,2026-07-10 01:05:44,page_view,tablet
8081,10421,s0002436,2026-07-10 01:05:54,add_to_cart,tablet
8082,10421,s0002436,2026-07-10 01:06:21,begin_checkout,tablet
8083,10421,s0002436,2026-07-10 01:07:45,purchase,tablet
8084,,s0002437,2026-07-10 22:54:16,page_view,tablet
8085,,s0002437,2026-07-10 22:55:17,page_view,tablet
8086,,s0002437,2026-07-10 22:55:33,page_view,tablet
8087,,s0002438,2026-07-10 19:04:16,page_view,desktop
8088,,s0002438,2026-07-10 19:04:23,page_view,desktop
8089,,s0002438,2026-07-10 19:06:18,add_to_cart,desktop
8090,10016,s0002439,2026-07-10 21:02:52,page_view,tablet
8091,10016,s0002439,2026-07-10 21:03:15,page_view,tablet
8092,10016,s0002439,2026-07-10 21:05:02,page_view,tablet
8093,10016,s0002439,2026-07-10 21:05:14,page_view,tablet
8094,10016,s0002439,2026-07-10 21:06:15,add_to_cart,tablet
8095,10507,s0002440,2026-07-10 18:14:40,page_view,mobile
8096,10044,s0002441,2026-07-10 18:18:15,page_view,desktop
8097,10044,s0002441,2026-07-10 18:20:10,page_view,desktop
8098,10044,s0002441,2026-07-10 18:22:09,page_view,desktop
8099,10044,s0002441,2026-07-10 18:22:42,add_to_cart,desktop
8100,10138,s0002442,2026-07-10 03:28:44,page_view,tablet
8101,10138,s0002442,2026-07-10 03:30:23,page_view,tablet
8102,10138,s0002442,2026-07-10 03:31:58,add_to_cart,tablet
8103,10211,s0002443,2026-07-10 17:56:52,page_view,desktop
8104,,s0002444,2026-07-11 16:54:05,page_view,tablet
8105,,s0002444,2026-07-11 16:55:13,page_view,tablet
8106,,s0002444,2026-07-11 16:55:20,page_view,tablet
8107,,s0002444,2026-07-11 16:55:43,page_view,tablet
8108,,s0002444,2026-07-11 16:56:36,add_to_cart,tablet
8109,,s0002445,2026-07-11 21:39:23,page_view,mobile
8110,,s0002445,2026-07-11 21:40:20,page_view,mobile
8111,,s0002445,2026-07-11 21:41:22,page_view,mobile
8112,,s0002446,2026-07-11 10:08:53,page_view,mobile
8113,,s0002447,2026-07-11 20:58:54,page_view,tablet
8114,,s0002447,2026-07-11 20:59:51,add_to_cart,tablet
8115,10037,s0002448,2026-07-11 06:06:38,page_view,mobile
8116,10037,s0002448,2026-07-11 06:06:41,page_view,mobile
8117,10037,s0002448,2026-07-11 06:08:24,page_view,mobile
8118,10037,s0002448,2026-07-11 06:10:13,page_view,mobile
8119,10570,s0002449,2026-07-11 20:34:21,page_view,desktop
8120,10570,s0002449,2026-07-11 20:35:32,page_view,desktop
8121,10570,s0002449,2026-07-11 20:37:07,page_view,desktop
8122,10570,s0002449,2026-07-11 20:38:04,page_view,desktop
8123,,s0002450,2026-07-11 13:38:41,page_view,desktop
8124,,s0002450,2026-07-11 13:39:42,page_view,desktop
8125,,s0002451,2026-07-11 06:18:19,page_view,tablet
8126,,s0002451,2026-07-11 06:19:00,page_view,tablet
8127,,s0002451,2026-07-11 06:19:32,page_view,tablet
8128,,s0002451,2026-07-11 06:20:44,page_view,tablet
8129,,s0002451,2026-07-11 06:21:17,add_to_cart,tablet
8130,10488,s0002452,2026-07-11 12:29:16,page_view,mobile
8131,10488,s0002452,2026-07-11 12:29:46,page_view,mobile
8132,10488,s0002452,2026-07-11 12:31:34,add_to_cart,mobile
8133,,s0002453,2026-07-11 03:46:33,page_view,desktop
8134,,s0002453,2026-07-11 03:48:22,page_view,desktop
8135,,s0002453,2026-07-11 03:49:27,page_view,desktop
8136,10137,s0002454,2026-07-11 19:39:28,page_view,tablet
8137,10137,s0002454,2026-07-11 19:40:01,page_view,tablet
8138,10315,s0002455,2026-07-11 22:18:08,page_view,desktop
8139,10315,s0002455,2026-07-11 22:18:45,add_to_cart,desktop
8140,10315,s0002455,2026-07-11 22:19:32,begin_checkout,desktop
8141,10565,s0002456,2026-07-11 20:45:38,page_view,desktop
8142,10565,s0002456,2026-07-11 20:46:23,page_view,desktop
8143,10565,s0002456,2026-07-11 20:47:30,page_view,desktop
8144,10565,s0002456,2026-07-11 20:49:13,add_to_cart,desktop
8145,10565,s0002456,2026-07-11 20:51:04,begin_checkout,desktop
8146,10383,s0002457,2026-07-11 13:26:51,page_view,desktop
8147,10383,s0002457,2026-07-11 13:28:11,page_view,desktop
8148,10383,s0002457,2026-07-11 13:28:37,page_view,desktop
8149,,s0002458,2026-07-11 01:54:21,page_view,mobile
8150,10011,s0002459,2026-07-11 17:39:02,page_view,desktop
8151,10011,s0002459,2026-07-11 17:39:14,page_view,desktop
8152,10011,s0002459,2026-07-11 17:40:33,page_view,desktop
8153,10011,s0002459,2026-07-11 17:41:01,page_view,desktop
8154,10011,s0002459,2026-07-11 17:41:44,add_to_cart,desktop
8155,10011,s0002459,2026-07-11 17:42:02,begin_checkout,desktop
8156,10632,s0002460,2026-07-11 15:09:43,page_view,Mobile
8157,10632,s0002460,2026-07-11 15:10:45,page_view,Mobile
8158,10632,s0002460,2026-07-11 15:10:54,page_view,Mobile
8159,10632,s0002460,2026-07-11 15:11:23,add_to_cart,Mobile
8160,10657,s0002461,2026-07-11 11:54:56,page_view,mobile
8161,10657,s0002461,2026-07-11 11:55:53,page_view,mobile
8162,10657,s0002461,2026-07-11 11:57:10,add_to_cart,mobile
8163,,s0002462,2026-07-11 19:49:50,page_view,mobile
8164,,s0002462,2026-07-11 19:51:15,page_view,mobile
8165,,s0002462,2026-07-11 19:52:17,page_view,mobile
8166,,s0002462,2026-07-11 19:52:37,add_to_cart,mobile
8167,,s0002462,2026-07-11 19:53:15,begin_checkout,mobile
8168,,s0002462,2026-07-11 19:53:52,purchase,mobile
8169,,s0002463,2026-07-11 22:35:22,page_view,mobile
8170,,s0002463,2026-07-11 22:36:53,page_view,mobile
8171,,s0002463,2026-07-11 22:38:31,page_view,mobile
8172,,s0002463,2026-07-11 22:38:51,page_view,mobile
8173,,s0002464,2026-07-11 18:52:51,page_view,mobile
8174,,s0002464,2026-07-11 18:53:15,page_view,mobile
8175,,s0002465,2026-07-11 06:34:49,page_view,desktop
8176,,s0002465,2026-07-11 06:36:44,page_view,desktop
8177,,s0002465,2026-07-11 06:38:13,page_view,desktop
8178,,s0002466,2026-07-11 11:42:58,page_view,mobile
8179,,s0002466,2026-07-11 11:43:52,add_to_cart,mobile
8180,,s0002466,2026-07-11 11:44:39,begin_checkout,mobile
8181,10243,s0002467,2026-07-11 02:58:17,page_view,desktop
8182,10243,s0002467,2026-07-11 02:58:50,page_view,desktop
8183,10243,s0002467,2026-07-11 02:59:34,page_view,desktop
8184,,s0002468,2026-07-11 19:49:31,page_view,desktop
8185,10037,s0002469,2026-07-11 12:58:15,page_view,mobile
8186,10037,s0002469,2026-07-11 12:59:19,page_view,mobile
8187,10037,s0002469,2026-07-11 13:00:23,page_view,mobile
8188,10037,s0002469,2026-07-11 13:01:50,page_view,mobile
8189,10548,s0002470,2026-07-11 00:39:18,page_view,mobile
8190,10148,s0002471,2026-07-11 15:29:52,page_view,mobile
8191,10148,s0002471,2026-07-11 15:31:49,page_view,mobile
8192,,s0002472,2026-07-11 08:52:54,page_view,desktop
8193,,s0002472,2026-07-11 08:52:58,page_view,desktop
8194,,s0002472,2026-07-11 08:54:18,page_view,desktop
8195,,s0002472,2026-07-11 08:55:47,page_view,desktop
8196,,s0002473,2026-07-11 16:29:34,page_view,mobile
8197,,s0002473,2026-07-11 16:30:50,page_view,mobile
8198,,s0002474,2026-07-11 22:20:36,page_view,desktop
8199,10367,s0002475,2026-07-11 06:42:15,page_view,Desktop
8200,10367,s0002475,2026-07-11 06:42:20,add_to_cart,Desktop
8201,10367,s0002475,2026-07-11 06:43:41,begin_checkout,Desktop
8202,,s0002476,2026-07-11 17:39:08,page_view,desktop
8203,,s0002477,2026-07-11 13:17:13,page_view,desktop
8204,10412,s0002478,2026-07-11 02:05:44,page_view,mobile
8205,10412,s0002478,2026-07-11 02:07:04,page_view,mobile
8206,10412,s0002478,2026-07-11 02:08:45,page_view,mobile
8207,10385,s0002479,2026-07-11 07:21:39,page_view,desktop
8208,10385,s0002479,2026-07-11 07:23:04,page_view,desktop
8209,10385,s0002479,2026-07-11 07:24:47,add_to_cart,desktop
8210,10385,s0002479,2026-07-11 07:25:00,begin_checkout,desktop
8211,10677,s0002480,2026-07-11 05:09:31,page_view,tablet
8212,10677,s0002480,2026-07-11 05:11:30,page_view,tablet
8213,10677,s0002480,2026-07-11 05:11:58,page_view,tablet
8214,10308,s0002481,2026-07-11 08:43:08,page_view,Desktop
8215,10308,s0002481,2026-07-11 08:43:12,page_view,Desktop
8216,10308,s0002481,2026-07-11 08:45:09,add_to_cart,Desktop
8217,10308,s0002481,2026-07-11 08:45:44,begin_checkout,Desktop
8218,10308,s0002481,2026-07-11 08:47:32,purchase,Desktop
8219,,s0002482,2026-07-11 09:37:22,page_view,mobile
8220,,s0002482,2026-07-11 09:39:16,page_view,mobile
8221,,s0002482,2026-07-11 09:39:48,page_view,mobile
8222,10109,s0002483,2026-07-11 01:08:34,page_view,desktop
8223,10109,s0002483,2026-07-11 01:09:48,page_view,desktop
8224,10109,s0002483,2026-07-11 01:09:52,page_view,desktop
8225,10109,s0002483,2026-07-11 01:11:38,page_view,desktop
8226,10320,s0002484,2026-07-11 17:30:06,page_view,mobile
8227,10320,s0002484,2026-07-11 17:30:46,page_view,mobile
8228,10320,s0002484,2026-07-11 17:32:10,page_view,mobile
8229,10320,s0002484,2026-07-11 17:33:36,add_to_cart,mobile
8230,,s0002485,2026-07-11 16:45:02,page_view,desktop
8231,,s0002485,2026-07-11 16:46:09,page_view,desktop
8232,,s0002485,2026-07-11 16:47:49,page_view,desktop
8233,,s0002485,2026-07-11 16:49:19,add_to_cart,desktop
8234,,s0002485,2026-07-11 16:49:27,begin_checkout,desktop
8235,,s0002485,2026-07-11 16:49:55,purchase,desktop
8236,,s0002486,2026-07-11 07:27:42,page_view,desktop
8237,,s0002486,2026-07-11 07:27:48,page_view,desktop
8238,,s0002486,2026-07-11 07:28:44,page_view,desktop
8239,,s0002486,2026-07-11 07:28:49,page_view,desktop
8240,,s0002486,2026-07-11 07:29:32,add_to_cart,desktop
8241,,s0002487,2026-07-11 13:38:48,page_view,desktop
8242,,s0002488,2026-07-11 17:26:16,page_view,mobile
8243,,s0002488,2026-07-11 17:27:46,page_view,mobile
8244,,s0002488,2026-07-11 17:29:46,page_view,mobile
8245,10277,s0002489,2026-07-11 12:48:57,page_view,mobile
8246,10277,s0002489,2026-07-11 12:49:55,page_view,mobile
8247,10277,s0002489,2026-07-11 12:51:38,add_to_cart,mobile
8248,10277,s0002489,2026-07-11 12:53:31,begin_checkout,mobile
8249,10415,s0002490,2026-07-11 14:37:59,page_view,desktop
8250,10415,s0002490,2026-07-11 14:38:19,page_view,desktop
8251,10069,s0002491,2026-07-11 11:01:24,page_view,mobile
8252,10069,s0002491,2026-07-11 11:01:37,add_to_cart,mobile
8253,,s0002492,2026-07-11 20:43:52,page_view,mobile
8254,,s0002492,2026-07-11 20:45:24,page_view,mobile
8255,,s0002493,2026-07-11 20:58:04,page_view,Desktop
8256,,s0002493,2026-07-11 21:00:04,page_view,Desktop
8257,,s0002493,2026-07-11 21:00:52,page_view,Desktop
8258,,s0002493,2026-07-11 21:02:15,page_view,Desktop
8259,,s0002493,2026-07-11 21:03:06,add_to_cart,Desktop
8260,,s0002493,2026-07-11 21:03:44,begin_checkout,Desktop
8261,,s0002494,2026-07-11 19:05:32,page_view,mobile
8262,10298,s0002495,2026-07-11 21:36:31,page_view,desktop
8263,10298,s0002495,2026-07-11 21:37:12,page_view,desktop
8264,10333,s0002496,2026-07-11 07:27:19,page_view,desktop
8265,10333,s0002496,2026-07-11 07:29:08,page_view,desktop
8266,10333,s0002496,2026-07-11 07:29:40,add_to_cart,desktop
8267,,s0002497,2026-07-11 10:32:52,page_view,mobile
8268,,s0002497,2026-07-11 10:32:55,page_view,mobile
8269,10630,s0002498,2026-07-11 21:11:02,page_view,desktop
8270,10630,s0002498,2026-07-11 21:12:27,page_view,desktop
8271,10630,s0002498,2026-07-11 21:12:53,page_view,desktop
8272,10300,s0002499,2026-07-11 01:50:06,page_view,Desktop
8273,10362,s0002500,2026-07-11 15:44:44,page_view,desktop
8274,10269,s0002501,2026-07-11 19:10:50,page_view,desktop
8275,10269,s0002501,2026-07-11 19:11:37,page_view,desktop
8276,10269,s0002501,2026-07-11 19:12:09,page_view,desktop
8277,10269,s0002501,2026-07-11 19:12:57,page_view,desktop
8278,10269,s0002501,2026-07-11 19:14:18,add_to_cart,desktop
8279,10269,s0002501,2026-07-11 19:15:14,begin_checkout,desktop
8280,10048,s0002502,2026-07-11 21:22:05,page_view,desktop
8281,10048,s0002502,2026-07-11 21:22:49,page_view,desktop
8282,10048,s0002502,2026-07-11 21:23:09,page_view,desktop
8283,10048,s0002502,2026-07-11 21:24:10,page_view,desktop
8284,10048,s0002502,2026-07-11 21:25:37,add_to_cart,desktop
8285,10048,s0002502,2026-07-11 21:26:11,begin_checkout,desktop
8286,10267,s0002503,2026-07-11 20:00:41,page_view,mobile
8287,10267,s0002503,2026-07-11 20:01:02,add_to_cart,mobile
8288,10032,s0002504,2026-07-11 22:26:15,page_view,mobile
8289,10032,s0002504,2026-07-11 22:26:21,page_view,mobile
8290,10032,s0002504,2026-07-11 22:26:37,page_view,mobile
8291,10032,s0002504,2026-07-11 22:27:10,add_to_cart,mobile
8292,10032,s0002504,2026-07-11 22:28:28,begin_checkout,mobile
8293,10032,s0002504,2026-07-11 22:29:38,purchase,mobile
8294,10022,s0002505,2026-07-11 13:24:13,page_view,mobile
8295,10022,s0002505,2026-07-11 13:25:48,page_view,mobile
8296,,s0002506,2026-07-11 09:18:59,page_view,tablet
8297,,s0002506,2026-07-11 09:19:03,page_view,tablet
8298,10432,s0002507,2026-07-11 13:22:27,page_view,mobile
8299,10432,s0002507,2026-07-11 13:22:31,page_view,mobile
8300,10432,s0002507,2026-07-11 13:22:57,page_view,mobile
8301,10432,s0002507,2026-07-11 13:24:24,page_view,mobile
8302,10542,s0002508,2026-07-11 01:47:36,page_view,mobile
8303,10542,s0002508,2026-07-11 01:48:13,page_view,mobile
8304,10542,s0002508,2026-07-11 01:49:26,page_view,mobile
8305,,s0002509,2026-07-11 13:24:34,page_view,mobile
8306,,s0002509,2026-07-11 13:25:10,page_view,mobile
8307,,s0002509,2026-07-11 13:26:22,page_view,mobile
8308,10568,s0002510,2026-07-11 04:26:04,page_view,tablet
8309,10568,s0002510,2026-07-11 04:26:12,page_view,tablet
8310,10568,s0002510,2026-07-11 04:27:47,page_view,tablet
8311,10568,s0002510,2026-07-11 04:29:15,page_view,tablet
8312,10568,s0002510,2026-07-11 04:30:28,add_to_cart,tablet
8313,10089,s0002511,2026-07-11 08:26:17,page_view,mobile
8314,10089,s0002511,2026-07-11 08:26:37,page_view,mobile
8315,10089,s0002511,2026-07-11 08:28:13,page_view,mobile
8316,10321,s0002512,2026-07-11 15:30:09,page_view,mobile
8317,10321,s0002512,2026-07-11 15:31:39,add_to_cart,mobile
8318,10664,s0002513,2026-07-11 10:28:13,page_view,mobile
8319,10664,s0002513,2026-07-11 10:28:58,page_view,mobile
8320,10664,s0002513,2026-07-11 10:29:47,page_view,mobile
8321,10664,s0002513,2026-07-11 10:30:42,page_view,mobile
8322,10021,s0002514,2026-07-12 12:19:27,page_view,desktop
8323,10021,s0002514,2026-07-12 12:19:46,page_view,desktop
8324,10021,s0002514,2026-07-12 12:20:48,page_view,desktop
8325,10050,s0002515,2026-07-12 06:47:31,page_view,desktop
8326,10050,s0002515,2026-07-12 06:49:31,page_view,desktop
8327,10050,s0002515,2026-07-12 06:50:09,page_view,desktop
8328,10050,s0002515,2026-07-12 06:51:00,page_view,desktop
8329,10050,s0002515,2026-07-12 06:51:15,add_to_cart,desktop
8330,10050,s0002515,2026-07-12 06:52:15,begin_checkout,desktop
8331,10050,s0002515,2026-07-12 06:52:46,purchase,desktop
8332,10607,s0002516,2026-07-12 10:28:23,page_view,desktop
8333,10607,s0002516,2026-07-12 10:28:26,page_view,desktop
8334,10607,s0002516,2026-07-12 10:29:23,page_view,desktop
8335,10002,s0002517,2026-07-12 05:43:43,page_view,mobile
8336,10002,s0002517,2026-07-12 05:45:43,page_view,mobile
8337,10002,s0002517,2026-07-12 05:47:07,page_view,mobile
8338,10002,s0002517,2026-07-12 05:47:16,page_view,mobile
8339,10002,s0002517,2026-07-12 05:47:21,add_to_cart,mobile
8340,,s0002518,2026-07-12 03:55:45,page_view,mobile
8341,10278,s0002519,2026-07-12 05:17:45,page_view,mobile
8342,10278,s0002519,2026-07-12 05:18:38,page_view,mobile
8343,10278,s0002519,2026-07-12 05:19:53,page_view,mobile
8344,10528,s0002520,2026-07-12 02:16:03,page_view,mobile
8345,10528,s0002520,2026-07-12 02:16:55,add_to_cart,mobile
8346,10528,s0002520,2026-07-12 02:18:25,begin_checkout,mobile
8347,10528,s0002520,2026-07-12 02:20:14,purchase,mobile
8348,10483,s0002521,2026-07-12 06:21:22,page_view,desktop
8349,10483,s0002521,2026-07-12 06:22:19,page_view,desktop
8350,,s0002522,2026-07-12 06:36:13,page_view,mobile
8351,,s0002523,2026-07-12 02:50:20,page_view,mobile
8352,,s0002523,2026-07-12 02:52:11,page_view,mobile
8353,,s0002523,2026-07-12 02:52:32,page_view,mobile
8354,,s0002523,2026-07-12 02:53:02,page_view,mobile
8355,10639,s0002524,2026-07-12 15:40:08,page_view,mobile
8356,10639,s0002524,2026-07-12 15:41:25,page_view,mobile
8357,10639,s0002524,2026-07-12 15:42:05,page_view,mobile
8358,10639,s0002524,2026-07-12 15:43:35,page_view,mobile
8359,10585,s0002525,2026-07-12 19:16:45,page_view,mobile
8360,10585,s0002525,2026-07-12 19:18:42,page_view,mobile
8361,10585,s0002525,2026-07-12 19:20:29,page_view,mobile
8362,10585,s0002525,2026-07-12 19:22:28,add_to_cart,mobile
8363,,s0002526,2026-07-12 04:47:59,page_view,desktop
8364,,s0002526,2026-07-12 04:48:16,page_view,desktop
8365,,s0002526,2026-07-12 04:49:26,page_view,desktop
8366,10657,s0002527,2026-07-12 17:26:33,page_view,Mobile
8367,10657,s0002527,2026-07-12 17:28:15,page_view,Mobile
8368,10657,s0002527,2026-07-12 17:29:14,page_view,Mobile
8369,10657,s0002527,2026-07-12 17:30:49,page_view,Mobile
8370,10657,s0002527,2026-07-12 17:31:19,add_to_cart,Mobile
8371,10657,s0002527,2026-07-12 17:31:43,begin_checkout,Mobile
8372,10608,s0002528,2026-07-12 02:24:58,page_view,mobile
8373,10608,s0002528,2026-07-12 02:26:19,page_view,mobile
8374,10608,s0002528,2026-07-12 02:26:50,page_view,mobile
8375,,s0002529,2026-07-12 04:52:47,page_view,Desktop
8376,10319,s0002530,2026-07-12 17:33:23,page_view,mobile
8377,10319,s0002530,2026-07-12 17:35:19,page_view,mobile
8378,10319,s0002530,2026-07-12 17:36:03,page_view,mobile
8379,,s0002531,2026-07-12 10:10:44,page_view,mobile
8380,10390,s0002532,2026-07-12 04:42:00,page_view,mobile
8381,10390,s0002532,2026-07-12 04:42:39,page_view,mobile
8382,10088,s0002533,2026-07-12 18:58:59,page_view,mobile
8383,10088,s0002533,2026-07-12 18:59:45,page_view,mobile
8384,10088,s0002533,2026-07-12 19:01:22,add_to_cart,mobile
8385,10041,s0002534,2026-07-12 07:56:37,page_view,mobile
8386,10041,s0002534,2026-07-12 07:58:06,page_view,mobile
8387,10041,s0002534,2026-07-12 07:59:26,add_to_cart,mobile
8388,10041,s0002534,2026-07-12 08:01:24,begin_checkout,mobile
8389,10407,s0002535,2026-07-12 02:11:47,page_view,mobile
8390,10407,s0002535,2026-07-12 02:13:05,page_view,mobile
8391,10407,s0002535,2026-07-12 02:13:46,add_to_cart,mobile
8392,,s0002536,2026-07-12 04:59:59,page_view,mobile
8393,,s0002536,2026-07-12 05:01:48,page_view,mobile
8394,,s0002536,2026-07-12 05:03:41,add_to_cart,mobile
8395,,s0002536,2026-07-12 05:05:37,begin_checkout,mobile
8396,,s0002536,2026-07-12 05:05:57,purchase,mobile
8397,10509,s0002537,2026-07-12 02:43:24,page_view,desktop
8398,10509,s0002537,2026-07-12 02:44:17,page_view,desktop
8399,10509,s0002537,2026-07-12 02:44:57,page_view,desktop
8400,,s0002538,2026-07-12 17:56:59,page_view,desktop
8401,,s0002538,2026-07-12 17:57:24,add_to_cart,desktop
8402,,s0002539,2026-07-12 16:40:09,page_view,desktop
8403,,s0002539,2026-07-12 16:40:22,page_view,desktop
8404,10393,s0002540,2026-07-12 05:55:16,page_view,tablet
8405,10393,s0002540,2026-07-12 05:56:38,page_view,tablet
8406,10393,s0002540,2026-07-12 05:56:44,page_view,tablet
8407,10393,s0002540,2026-07-12 05:56:59,add_to_cart,tablet
8408,10527,s0002541,2026-07-12 01:23:25,page_view,desktop
8409,10527,s0002541,2026-07-12 01:24:24,page_view,desktop
8410,10527,s0002541,2026-07-12 01:26:06,page_view,desktop
8411,10307,s0002542,2026-07-12 12:48:52,page_view,desktop
8412,10307,s0002542,2026-07-12 12:50:39,page_view,desktop
8413,10307,s0002542,2026-07-12 12:52:18,add_to_cart,desktop
8414,10045,s0002543,2026-07-12 15:10:47,page_view,mobile
8415,10045,s0002543,2026-07-12 15:12:18,page_view,mobile
8416,10045,s0002543,2026-07-12 15:14:09,add_to_cart,mobile
8417,10160,s0002544,2026-07-12 14:31:37,page_view,desktop
8418,10160,s0002544,2026-07-12 14:33:01,page_view,desktop
8419,10160,s0002544,2026-07-12 14:34:29,page_view,desktop
8420,,s0002545,2026-07-12 13:41:02,page_view,Desktop
8421,,s0002545,2026-07-12 13:42:11,page_view,Desktop
8422,,s0002545,2026-07-12 13:42:58,page_view,Desktop
8423,,s0002545,2026-07-12 13:43:30,page_view,Desktop
8424,,s0002545,2026-07-12 13:44:22,add_to_cart,Desktop
8425,,s0002546,2026-07-12 17:46:52,page_view,tablet
8426,,s0002546,2026-07-12 17:48:15,page_view,tablet
8427,,s0002546,2026-07-12 17:50:00,page_view,tablet
8428,,s0002547,2026-07-12 02:47:14,page_view,desktop
8429,10440,s0002548,2026-07-12 06:57:44,page_view,tablet
8430,10440,s0002548,2026-07-12 06:59:15,add_to_cart,tablet
8431,,s0002549,2026-07-12 15:55:55,page_view,desktop
8432,,s0002549,2026-07-12 15:56:24,page_view,desktop
8433,,s0002549,2026-07-12 15:58:21,page_view,desktop
8434,,s0002549,2026-07-12 16:00:06,add_to_cart,desktop
8435,,s0002549,2026-07-12 16:01:22,begin_checkout,desktop
8436,10472,s0002550,2026-07-12 17:17:03,page_view,mobile
8437,10472,s0002550,2026-07-12 17:18:06,add_to_cart,mobile
8438,10472,s0002550,2026-07-12 17:19:24,begin_checkout,mobile
8439,10472,s0002550,2026-07-12 17:20:44,purchase,mobile
8440,10630,s0002551,2026-07-12 05:51:58,page_view,desktop
8441,10630,s0002551,2026-07-12 05:53:49,page_view,desktop
8442,10630,s0002551,2026-07-12 05:53:52,page_view,desktop
8443,10630,s0002551,2026-07-12 05:55:11,page_view,desktop
8444,10630,s0002551,2026-07-12 05:55:40,add_to_cart,desktop
8445,10630,s0002551,2026-07-12 05:57:20,begin_checkout,desktop
8446,10630,s0002551,2026-07-12 05:57:26,purchase,desktop
8447,10039,s0002552,2026-07-12 03:10:28,page_view,mobile
8448,10039,s0002552,2026-07-12 03:11:45,page_view,mobile
8449,10039,s0002552,2026-07-12 03:13:22,page_view,mobile
8450,10421,s0002553,2026-07-12 20:19:29,page_view,Desktop
8451,10421,s0002553,2026-07-12 20:19:36,page_view,Desktop
8452,10421,s0002553,2026-07-12 20:21:23,page_view,Desktop
8453,10421,s0002553,2026-07-12 20:22:37,page_view,Desktop
8454,10421,s0002553,2026-07-12 20:23:44,add_to_cart,Desktop
8455,10385,s0002554,2026-07-12 10:49:09,page_view,mobile
8456,10385,s0002554,2026-07-12 10:50:49,page_view,mobile
8457,10385,s0002554,2026-07-12 10:51:59,page_view,mobile
8458,10039,s0002555,2026-07-12 06:36:10,page_view,tablet
8459,10039,s0002555,2026-07-12 06:36:56,page_view,tablet
8460,10433,s0002556,2026-07-12 02:10:06,page_view,desktop
8461,10433,s0002556,2026-07-12 02:11:10,page_view,desktop
8462,10433,s0002556,2026-07-12 02:12:32,page_view,desktop
8463,10433,s0002556,2026-07-12 02:13:51,page_view,desktop
8464,,s0002557,2026-07-12 07:36:18,page_view,Mobile
8465,10166,s0002558,2026-07-12 12:49:35,page_view,desktop
8466,10374,s0002559,2026-07-12 18:26:47,page_view,Desktop
8467,10374,s0002559,2026-07-12 18:26:57,page_view,Desktop
8468,10374,s0002559,2026-07-12 18:28:01,page_view,Desktop
8469,10374,s0002559,2026-07-12 18:29:44,page_view,Desktop
8470,10374,s0002559,2026-07-12 18:30:17,add_to_cart,Desktop
8471,10596,s0002560,2026-07-12 02:04:33,page_view,tablet
8472,10596,s0002560,2026-07-12 02:05:11,page_view,tablet
8473,10596,s0002560,2026-07-12 02:06:31,add_to_cart,tablet
8474,10210,s0002561,2026-07-12 20:13:11,page_view,mobile
8475,10210,s0002561,2026-07-12 20:15:09,page_view,mobile
8476,10210,s0002561,2026-07-12 20:16:17,page_view,mobile
8477,10558,s0002562,2026-07-13 08:00:39,page_view,mobile
8478,10558,s0002562,2026-07-13 08:02:37,page_view,mobile
8479,10558,s0002562,2026-07-13 08:03:30,page_view,mobile
8480,10558,s0002562,2026-07-13 08:04:50,page_view,mobile
8481,,s0002563,2026-07-13 00:31:40,page_view,desktop
8482,,s0002563,2026-07-13 00:33:16,page_view,desktop
8483,,s0002563,2026-07-13 00:33:38,page_view,desktop
8484,,s0002563,2026-07-13 00:35:38,page_view,desktop
8485,,s0002563,2026-07-13 00:37:20,add_to_cart,desktop
8486,10611,s0002564,2026-07-13 06:03:42,page_view,mobile
8487,10611,s0002564,2026-07-13 06:04:48,page_view,mobile
8488,10611,s0002564,2026-07-13 06:05:08,add_to_cart,mobile
8489,10611,s0002564,2026-07-13 06:06:10,begin_checkout,mobile
8490,10611,s0002564,2026-07-13 06:07:41,purchase,mobile
8491,,s0002565,2026-07-13 11:33:39,page_view,desktop
8492,10070,s0002566,2026-07-13 01:41:57,page_view,mobile
8493,10070,s0002566,2026-07-13 01:43:50,page_view,mobile
8494,10070,s0002566,2026-07-13 01:45:31,page_view,mobile
8495,10070,s0002566,2026-07-13 01:47:19,page_view,mobile
8496,10248,s0002567,2026-07-13 19:55:34,page_view,mobile
8497,10248,s0002567,2026-07-13 19:56:57,page_view,mobile
8498,10248,s0002567,2026-07-13 19:57:32,page_view,mobile
8499,10248,s0002567,2026-07-13 19:59:19,page_view,mobile
8500,10248,s0002567,2026-07-13 20:00:26,add_to_cart,mobile
8501,10096,s0002568,2026-07-13 14:16:53,page_view,desktop
8502,10096,s0002568,2026-07-13 14:18:01,page_view,desktop
8503,10096,s0002568,2026-07-13 14:19:16,page_view,desktop
8504,10096,s0002568,2026-07-13 14:20:28,page_view,desktop
8505,10096,s0002568,2026-07-13 14:21:19,add_to_cart,desktop
8506,,s0002569,2026-07-13 21:22:09,page_view,desktop
8507,,s0002569,2026-07-13 21:23:56,page_view,desktop
8508,10695,s0002570,2026-07-13 13:04:02,page_view,mobile
8509,10695,s0002570,2026-07-13 13:04:43,add_to_cart,mobile
8510,10695,s0002570,2026-07-13 13:06:08,begin_checkout,mobile
8511,10476,s0002571,2026-07-13 03:13:06,page_view,desktop
8512,10476,s0002571,2026-07-13 03:13:54,page_view,desktop
8513,10476,s0002571,2026-07-13 03:15:54,page_view,desktop
8514,,s0002572,2026-07-13 07:39:25,page_view,desktop
8515,,s0002572,2026-07-13 07:40:56,page_view,desktop
8516,,s0002572,2026-07-13 07:42:08,page_view,desktop
8517,10079,s0002573,2026-07-13 12:01:59,page_view,desktop
8518,10079,s0002573,2026-07-13 12:03:36,page_view,desktop
8519,10079,s0002573,2026-07-13 12:04:35,page_view,desktop
8520,10079,s0002573,2026-07-13 12:05:44,add_to_cart,desktop
8521,10079,s0002573,2026-07-13 12:06:25,begin_checkout,desktop
8522,,s0002574,2026-07-13 14:12:22,page_view,desktop
8523,,s0002574,2026-07-13 14:14:04,add_to_cart,desktop
8524,,s0002574,2026-07-13 14:14:52,begin_checkout,desktop
8525,,s0002575,2026-07-13 14:01:23,page_view,mobile
8526,,s0002575,2026-07-13 14:01:55,page_view,mobile
8527,,s0002575,2026-07-13 14:03:20,page_view,mobile
8528,,s0002576,2026-07-13 14:50:06,page_view,mobile
8529,,s0002576,2026-07-13 14:50:15,page_view,mobile
8530,10177,s0002577,2026-07-13 00:48:05,page_view,desktop
8531,10177,s0002577,2026-07-13 00:49:34,page_view,desktop
8532,10177,s0002577,2026-07-13 00:51:07,page_view,desktop
8533,10517,s0002578,2026-07-13 11:24:20,page_view,desktop
8534,10479,s0002579,2026-07-13 13:12:43,page_view,mobile
8535,10479,s0002579,2026-07-13 13:13:15,page_view,mobile
8536,10479,s0002579,2026-07-13 13:13:57,page_view,mobile
8537,10479,s0002579,2026-07-13 13:15:23,page_view,mobile
8538,,s0002580,2026-07-13 05:46:07,page_view,desktop
8539,,s0002580,2026-07-13 05:47:24,page_view,desktop
8540,,s0002581,2026-07-13 22:57:04,page_view,desktop
8541,,s0002581,2026-07-13 22:58:17,page_view,desktop
8542,,s0002581,2026-07-13 23:00:01,add_to_cart,desktop
8543,,s0002581,2026-07-13 23:00:48,begin_checkout,desktop
8544,,s0002581,2026-07-13 23:01:08,purchase,desktop
8545,,s0002582,2026-07-13 08:09:39,page_view,Desktop
8546,,s0002582,2026-07-13 08:10:07,page_view,Desktop
8547,,s0002582,2026-07-13 08:10:33,page_view,Desktop
8548,,s0002583,2026-07-13 16:48:55,page_view,mobile
8549,,s0002584,2026-07-13 18:35:19,page_view,desktop
8550,,s0002584,2026-07-13 18:35:24,page_view,desktop
8551,,s0002584,2026-07-13 18:35:50,add_to_cart,desktop
8552,10206,s0002585,2026-07-13 13:16:36,page_view,mobile
8553,10206,s0002585,2026-07-13 13:17:55,page_view,mobile
8554,10206,s0002585,2026-07-13 13:19:46,page_view,mobile
8555,10427,s0002586,2026-07-13 00:16:44,page_view,desktop
8556,10427,s0002586,2026-07-13 00:18:24,page_view,desktop
8557,10427,s0002586,2026-07-13 00:20:13,page_view,desktop
8558,10427,s0002586,2026-07-13 00:21:03,add_to_cart,desktop
8559,10427,s0002586,2026-07-13 00:22:47,begin_checkout,desktop
8560,10232,s0002587,2026-07-13 11:34:02,page_view,mobile
8561,10232,s0002587,2026-07-13 11:34:51,page_view,mobile
8562,10322,s0002588,2026-07-13 16:56:40,page_view,tablet
8563,10322,s0002588,2026-07-13 16:56:50,page_view,tablet
8564,,s0002589,2026-07-13 18:21:00,page_view,desktop
8565,,s0002589,2026-07-13 18:21:31,page_view,desktop
8566,10097,s0002590,2026-07-13 06:40:41,page_view,Mobile
8567,10097,s0002590,2026-07-13 06:41:43,page_view,Mobile
8568,10097,s0002590,2026-07-13 06:42:22,page_view,Mobile
8569,10097,s0002590,2026-07-13 06:43:56,page_view,Mobile
8570,10533,s0002591,2026-07-13 10:02:39,page_view,mobile
8571,10533,s0002591,2026-07-13 10:02:44,page_view,mobile
8572,10533,s0002591,2026-07-13 10:03:32,page_view,mobile
8573,10533,s0002591,2026-07-13 10:03:54,page_view,mobile
8574,10422,s0002592,2026-07-13 20:44:13,page_view,mobile
8575,10422,s0002592,2026-07-13 20:45:59,add_to_cart,mobile
8576,10046,s0002593,2026-07-13 16:53:03,page_view,desktop
8577,10046,s0002593,2026-07-13 16:53:08,page_view,desktop
8578,10040,s0002594,2026-07-13 16:29:47,page_view,desktop
8579,10040,s0002594,2026-07-13 16:30:28,page_view,desktop
8580,,s0002595,2026-07-13 07:19:07,page_view,desktop
8581,,s0002595,2026-07-13 07:20:52,page_view,desktop
8582,,s0002595,2026-07-13 07:21:07,page_view,desktop
8583,,s0002596,2026-07-13 16:47:00,page_view,desktop
8584,,s0002596,2026-07-13 16:48:33,page_view,desktop
8585,,s0002596,2026-07-13 16:49:29,page_view,desktop
8586,,s0002597,2026-07-13 07:14:30,page_view,tablet
8587,,s0002597,2026-07-13 07:15:13,page_view,tablet
8588,,s0002597,2026-07-13 07:15:25,page_view,tablet
8589,,s0002597,2026-07-13 07:15:30,page_view,tablet
8590,,s0002597,2026-07-13 07:15:49,add_to_cart,tablet
8591,,s0002597,2026-07-13 07:17:22,begin_checkout,tablet
8592,,s0002597,2026-07-13 07:19:18,purchase,tablet
8593,10440,s0002598,2026-07-13 14:36:35,page_view,mobile
8594,10440,s0002598,2026-07-13 14:38:21,page_view,mobile
8595,10440,s0002598,2026-07-13 14:40:02,page_view,mobile
8596,10440,s0002598,2026-07-13 14:41:30,add_to_cart,mobile
8597,10669,s0002599,2026-07-13 14:16:56,page_view,desktop
8598,10669,s0002599,2026-07-13 14:17:02,add_to_cart,desktop
8599,10067,s0002600,2026-07-13 18:34:38,page_view,desktop
8600,10067,s0002600,2026-07-13 18:36:29,page_view,desktop
8601,10067,s0002600,2026-07-13 18:37:10,page_view,desktop
8602,10067,s0002600,2026-07-13 18:38:12,page_view,desktop
8603,,s0002601,2026-07-13 14:36:39,page_view,Mobile
8604,,s0002601,2026-07-13 14:36:47,page_view,Mobile
8605,,s0002601,2026-07-13 14:36:59,add_to_cart,Mobile
8606,10444,s0002602,2026-07-13 16:56:55,page_view,tablet
8607,10444,s0002602,2026-07-13 16:58:13,page_view,tablet
8608,10444,s0002602,2026-07-13 16:58:20,page_view,tablet
8609,10628,s0002603,2026-07-13 08:04:25,page_view,tablet
8610,10628,s0002603,2026-07-13 08:05:07,page_view,tablet
8611,10628,s0002603,2026-07-13 08:06:32,page_view,tablet
8612,10628,s0002603,2026-07-13 08:07:10,page_view,tablet
8613,,s0002604,2026-07-13 22:56:20,page_view,mobile
8614,10074,s0002605,2026-07-13 04:41:20,page_view,mobile
8615,10074,s0002605,2026-07-13 04:43:13,page_view,mobile
8616,10074,s0002605,2026-07-13 04:45:06,page_view,mobile
8617,10074,s0002605,2026-07-13 04:46:20,page_view,mobile
8618,10074,s0002605,2026-07-13 04:46:54,add_to_cart,mobile
8619,10567,s0002606,2026-07-13 21:35:42,page_view,tablet
8620,10567,s0002606,2026-07-13 21:37:15,page_view,tablet
8621,10567,s0002606,2026-07-13 21:38:34,add_to_cart,tablet
8622,10144,s0002607,2026-07-13 10:36:54,page_view,mobile
8623,10144,s0002607,2026-07-13 10:37:07,page_view,mobile
8624,10144,s0002607,2026-07-13 10:37:37,page_view,mobile
8625,10144,s0002607,2026-07-13 10:38:42,add_to_cart,mobile
8626,10144,s0002607,2026-07-13 10:38:46,begin_checkout,mobile
8627,10144,s0002607,2026-07-13 10:39:20,purchase,mobile
8628,,s0002608,2026-07-13 22:03:37,page_view,desktop
8629,,s0002608,2026-07-13 22:03:55,page_view,desktop
8630,,s0002608,2026-07-13 22:04:38,page_view,desktop
8631,,s0002608,2026-07-13 22:06:12,page_view,desktop
8632,,s0002609,2026-07-13 22:46:49,page_view,desktop
8633,,s0002609,2026-07-13 22:48:04,page_view,desktop
8634,,s0002609,2026-07-13 22:48:38,page_view,desktop
8635,,s0002609,2026-07-13 22:49:58,page_view,desktop
8636,10320,s0002610,2026-07-13 12:50:44,page_view,mobile
8637,10320,s0002610,2026-07-13 12:51:04,page_view,mobile
8638,10320,s0002610,2026-07-13 12:51:14,page_view,mobile
8639,10320,s0002610,2026-07-13 12:52:30,add_to_cart,mobile
8640,10320,s0002610,2026-07-13 12:53:58,begin_checkout,mobile
8641,10320,s0002610,2026-07-13 12:54:41,purchase,mobile
8642,10049,s0002611,2026-07-13 18:15:09,page_view,mobile
8643,10049,s0002611,2026-07-13 18:17:06,page_view,mobile
8644,10049,s0002611,2026-07-13 18:18:25,page_view,mobile
8645,10049,s0002611,2026-07-13 18:18:52,page_view,mobile
8646,10049,s0002611,2026-07-13 18:19:19,add_to_cart,mobile
8647,10049,s0002611,2026-07-13 18:20:43,begin_checkout,mobile
8648,10049,s0002611,2026-07-13 18:22:11,purchase,mobile
8649,10422,s0002612,2026-07-13 15:12:08,page_view,mobile
8650,10422,s0002612,2026-07-13 15:12:52,page_view,mobile
8651,10031,s0002613,2026-07-13 05:54:25,page_view,desktop
8652,10031,s0002613,2026-07-13 05:55:08,add_to_cart,desktop
8653,10325,s0002614,2026-07-13 08:09:18,page_view,mobile
8654,10325,s0002614,2026-07-13 08:09:40,page_view,mobile
8655,10325,s0002614,2026-07-13 08:09:57,add_to_cart,mobile
8656,10325,s0002614,2026-07-13 08:10:15,begin_checkout,mobile
8657,10325,s0002614,2026-07-13 08:11:25,purchase,mobile
8658,10065,s0002615,2026-07-13 04:40:46,page_view,Desktop
8659,10065,s0002615,2026-07-13 04:40:57,page_view,Desktop
8660,10065,s0002615,2026-07-13 04:41:31,page_view,Desktop
8661,,s0002616,2026-07-13 22:37:37,page_view,desktop
8662,,s0002616,2026-07-13 22:38:18,page_view,desktop
8663,,s0002616,2026-07-13 22:38:44,page_view,desktop
8664,,s0002616,2026-07-13 22:40:27,page_view,desktop
8665,10152,s0002617,2026-07-13 18:09:11,page_view,mobile
8666,10152,s0002617,2026-07-13 18:09:36,page_view,mobile
8667,10152,s0002617,2026-07-13 18:09:48,page_view,mobile
8668,10152,s0002617,2026-07-13 18:10:36,page_view,mobile
8669,10152,s0002617,2026-07-13 18:11:24,add_to_cart,mobile
8670,10152,s0002617,2026-07-13 18:12:09,begin_checkout,mobile
8671,10152,s0002617,2026-07-13 18:12:29,purchase,mobile
8672,,s0002618,2026-07-13 04:00:40,page_view,mobile
8673,,s0002618,2026-07-13 04:01:57,page_view,mobile
8674,,s0002618,2026-07-13 04:03:52,page_view,mobile
8675,,s0002618,2026-07-13 04:04:40,page_view,mobile
8676,10507,s0002619,2026-07-13 04:11:24,page_view,mobile
8677,10507,s0002619,2026-07-13 04:12:08,add_to_cart,mobile
8678,10507,s0002619,2026-07-13 04:12:49,begin_checkout,mobile
8679,10507,s0002619,2026-07-13 04:14:24,purchase,mobile
8680,,s0002620,2026-07-13 22:11:20,page_view,mobile
8681,,s0002620,2026-07-13 22:12:29,page_view,mobile
8682,,s0002620,2026-07-13 22:13:21,add_to_cart,mobile
8683,,s0002621,2026-07-13 03:57:47,page_view,mobile
8684,,s0002621,2026-07-13 03:57:51,page_view,mobile
8685,,s0002621,2026-07-13 03:58:50,page_view,mobile
8686,,s0002621,2026-07-13 03:59:27,page_view,mobile
8687,,s0002622,2026-07-13 00:28:55,page_view,mobile
8688,,s0002623,2026-07-13 04:11:58,page_view,desktop
8689,,s0002623,2026-07-13 04:13:51,page_view,desktop
8690,,s0002623,2026-07-13 04:15:36,page_view,desktop
8691,,s0002623,2026-07-13 04:16:19,add_to_cart,desktop
8692,10425,s0002624,2026-07-13 22:34:42,page_view,desktop
8693,10425,s0002624,2026-07-13 22:35:20,page_view,desktop
8694,,s0002625,2026-07-13 01:03:40,page_view,desktop
8695,,s0002625,2026-07-13 01:04:22,page_view,desktop
8696,,s0002625,2026-07-13 01:05:23,page_view,desktop
8697,,s0002625,2026-07-13 01:06:33,page_view,desktop
8698,10195,s0002626,2026-07-13 13:32:39,page_view,tablet
8699,10195,s0002626,2026-07-13 13:33:41,page_view,tablet
8700,,s0002627,2026-07-13 04:17:52,page_view,mobile
8701,,s0002627,2026-07-13 04:17:57,page_view,mobile
8702,,s0002627,2026-07-13 04:19:03,page_view,mobile
8703,,s0002627,2026-07-13 04:20:41,add_to_cart,mobile
8704,10419,s0002628,2026-07-13 17:04:39,page_view,desktop
8705,10419,s0002628,2026-07-13 17:04:43,page_view,desktop
8706,,s0002629,2026-07-13 06:28:03,page_view,desktop
8707,,s0002629,2026-07-13 06:28:42,page_view,desktop
8708,,s0002629,2026-07-13 06:29:02,add_to_cart,desktop
8709,,s0002630,2026-07-13 17:45:39,page_view,Mobile
8710,,s0002630,2026-07-13 17:46:10,page_view,Mobile
8711,,s0002631,2026-07-13 02:34:40,page_view,mobile
8712,,s0002631,2026-07-13 02:36:00,page_view,mobile
8713,,s0002631,2026-07-13 02:36:06,page_view,mobile
8714,,s0002632,2026-07-13 21:45:27,page_view,desktop
8715,10156,s0002633,2026-07-14 01:18:10,page_view,desktop
8716,10156,s0002633,2026-07-14 01:19:46,page_view,desktop
8717,10156,s0002633,2026-07-14 01:21:26,page_view,desktop
8718,10323,s0002634,2026-07-14 15:02:42,page_view,desktop
8719,10323,s0002634,2026-07-14 15:04:12,page_view,desktop
8720,10323,s0002634,2026-07-14 15:04:37,page_view,desktop
8721,10323,s0002634,2026-07-14 15:05:10,page_view,desktop
8722,10134,s0002635,2026-07-14 08:33:20,page_view,mobile
8723,10048,s0002636,2026-07-14 07:51:45,page_view,desktop
8724,10048,s0002636,2026-07-14 07:53:25,page_view,desktop
8725,10048,s0002636,2026-07-14 07:54:03,page_view,desktop
8726,10048,s0002636,2026-07-14 07:54:26,page_view,desktop
8727,10081,s0002637,2026-07-14 10:45:34,page_view,desktop
8728,10081,s0002637,2026-07-14 10:46:28,page_view,desktop
8729,10081,s0002637,2026-07-14 10:47:50,page_view,desktop
8730,10081,s0002637,2026-07-14 10:48:59,page_view,desktop
8731,10081,s0002637,2026-07-14 10:49:30,add_to_cart,desktop
8732,10081,s0002637,2026-07-14 10:49:53,begin_checkout,desktop
8733,10638,s0002638,2026-07-14 02:27:39,page_view,desktop
8734,10638,s0002638,2026-07-14 02:27:42,page_view,desktop
8735,,s0002639,2026-07-14 03:04:38,page_view,mobile
8736,,s0002639,2026-07-14 03:04:51,page_view,mobile
8737,,s0002639,2026-07-14 03:06:07,page_view,mobile
8738,,s0002639,2026-07-14 03:07:57,page_view,mobile
8739,10075,s0002640,2026-07-14 04:13:32,page_view,mobile
8740,10075,s0002640,2026-07-14 04:14:38,page_view,mobile
8741,10075,s0002640,2026-07-14 04:15:47,page_view,mobile
8742,10075,s0002640,2026-07-14 04:16:32,page_view,mobile
8743,,s0002641,2026-07-14 15:55:23,page_view,tablet
8744,,s0002641,2026-07-14 15:56:57,add_to_cart,tablet
8745,,s0002642,2026-07-14 11:19:00,page_view,mobile
8746,,s0002642,2026-07-14 11:20:56,add_to_cart,mobile
8747,,s0002642,2026-07-14 11:22:47,begin_checkout,mobile
8748,,s0002642,2026-07-14 11:24:32,purchase,mobile
8749,10318,s0002643,2026-07-14 19:14:26,page_view,mobile
8750,10318,s0002643,2026-07-14 19:16:09,page_view,mobile
8751,10318,s0002643,2026-07-14 19:16:26,add_to_cart,mobile
8752,10318,s0002643,2026-07-14 19:17:33,begin_checkout,mobile
8753,10318,s0002643,2026-07-14 19:17:37,purchase,mobile
8754,,s0002644,2026-07-14 13:21:09,page_view,mobile
8755,,s0002644,2026-07-14 13:21:47,page_view,mobile
8756,,s0002644,2026-07-14 13:22:30,page_view,mobile
8757,10551,s0002645,2026-07-14 01:16:56,page_view,desktop
8758,10551,s0002645,2026-07-14 01:18:47,page_view,desktop
8759,10551,s0002645,2026-07-14 01:20:10,page_view,desktop
8760,10551,s0002645,2026-07-14 01:21:26,page_view,desktop
8761,10551,s0002645,2026-07-14 01:21:39,add_to_cart,desktop
8762,10571,s0002646,2026-07-14 05:13:12,page_view,Desktop
8763,10571,s0002646,2026-07-14 05:14:00,page_view,Desktop
8764,10571,s0002646,2026-07-14 05:14:58,page_view,Desktop
8765,10571,s0002646,2026-07-14 05:15:33,page_view,Desktop
8766,10571,s0002646,2026-07-14 05:16:17,add_to_cart,Desktop
8767,,s0002647,2026-07-14 20:57:01,page_view,desktop
8768,,s0002647,2026-07-14 20:57:44,add_to_cart,desktop
8769,10552,s0002648,2026-07-14 20:52:05,page_view,desktop
8770,10552,s0002648,2026-07-14 20:52:32,page_view,desktop
8771,,s0002649,2026-07-14 01:15:03,page_view,desktop
8772,,s0002649,2026-07-14 01:16:50,page_view,desktop
8773,,s0002649,2026-07-14 01:18:50,page_view,desktop
8774,,s0002649,2026-07-14 01:20:38,add_to_cart,desktop
8775,,s0002649,2026-07-14 01:20:51,begin_checkout,desktop
8776,10103,s0002650,2026-07-14 15:47:45,page_view,mobile
8777,10103,s0002650,2026-07-14 15:47:58,add_to_cart,mobile
8778,10103,s0002650,2026-07-14 15:48:12,begin_checkout,mobile
8779,10103,s0002650,2026-07-14 15:50:11,purchase,mobile
8780,10057,s0002651,2026-07-14 06:37:01,page_view,tablet
8781,10057,s0002651,2026-07-14 06:37:31,page_view,tablet
8782,10057,s0002651,2026-07-14 06:37:45,add_to_cart,tablet
8783,10532,s0002652,2026-07-14 12:47:23,page_view,tablet
8784,10532,s0002652,2026-07-14 12:48:22,page_view,tablet
8785,10532,s0002652,2026-07-14 12:50:14,page_view,tablet
8786,10532,s0002652,2026-07-14 12:50:32,page_view,tablet
8787,10532,s0002652,2026-07-14 12:52:08,add_to_cart,tablet
8788,10532,s0002652,2026-07-14 12:54:01,begin_checkout,tablet
8789,10508,s0002653,2026-07-14 08:21:25,page_view,mobile
8790,10508,s0002653,2026-07-14 08:22:02,page_view,mobile
8791,10508,s0002653,2026-07-14 08:23:11,page_view,mobile
8792,10508,s0002653,2026-07-14 08:25:02,page_view,mobile
8793,10508,s0002653,2026-07-14 08:26:38,add_to_cart,mobile
8794,10518,s0002654,2026-07-14 11:27:34,page_view,desktop
8795,10518,s0002654,2026-07-14 11:28:14,page_view,desktop
8796,10304,s0002655,2026-07-14 20:02:53,page_view,desktop
8797,10304,s0002655,2026-07-14 20:04:21,page_view,desktop
8798,10304,s0002655,2026-07-14 20:06:02,page_view,desktop
8799,10304,s0002655,2026-07-14 20:06:50,add_to_cart,desktop
8800,10304,s0002655,2026-07-14 20:08:20,begin_checkout,desktop
8801,10304,s0002655,2026-07-14 20:09:32,purchase,desktop
8802,,s0002656,2026-07-14 16:25:59,page_view,mobile
8803,,s0002656,2026-07-14 16:27:24,page_view,mobile
8804,,s0002656,2026-07-14 16:27:33,page_view,mobile
8805,,s0002656,2026-07-14 16:28:04,add_to_cart,mobile
8806,10125,s0002657,2026-07-14 18:38:20,page_view,mobile
8807,10125,s0002657,2026-07-14 18:39:01,add_to_cart,mobile
8808,10125,s0002657,2026-07-14 18:39:06,begin_checkout,mobile
8809,10125,s0002657,2026-07-14 18:39:46,purchase,mobile
8810,,s0002658,2026-07-14 17:06:42,page_view,mobile
8811,,s0002658,2026-07-14 17:06:51,page_view,mobile
8812,,s0002659,2026-07-14 00:09:25,page_view,desktop
8813,,s0002659,2026-07-14 00:11:16,page_view,desktop
8814,,s0002659,2026-07-14 00:12:20,add_to_cart,desktop
8815,10257,s0002660,2026-07-14 04:34:15,page_view,mobile
8816,10257,s0002660,2026-07-14 04:34:24,page_view,mobile
8817,10257,s0002660,2026-07-14 04:36:13,page_view,mobile
8818,10257,s0002660,2026-07-14 04:38:11,page_view,mobile
8819,10257,s0002660,2026-07-14 04:39:11,add_to_cart,mobile
8820,10257,s0002660,2026-07-14 04:40:15,begin_checkout,mobile
8821,,s0002661,2026-07-14 15:49:15,page_view,desktop
8822,,s0002661,2026-07-14 15:49:26,page_view,desktop
8823,,s0002661,2026-07-14 15:50:56,page_view,desktop
8824,,s0002661,2026-07-14 15:51:50,page_view,desktop
8825,10584,s0002662,2026-07-14 12:20:44,page_view,desktop
8826,10584,s0002662,2026-07-14 12:21:26,page_view,desktop
8827,10584,s0002662,2026-07-14 12:22:03,page_view,desktop
8828,10017,s0002663,2026-07-14 22:28:14,page_view,mobile
8829,10017,s0002663,2026-07-14 22:29:52,page_view,mobile
8830,10017,s0002663,2026-07-14 22:30:32,page_view,mobile
8831,10017,s0002663,2026-07-14 22:31:15,page_view,mobile
8832,10017,s0002663,2026-07-14 22:31:31,add_to_cart,mobile
8833,10017,s0002663,2026-07-14 22:31:56,begin_checkout,mobile
8834,10017,s0002663,2026-07-14 22:32:52,purchase,mobile
8835,,s0002664,2026-07-14 15:21:31,page_view,desktop
8836,,s0002664,2026-07-14 15:21:47,page_view,desktop
8837,,s0002664,2026-07-14 15:22:33,page_view,desktop
8838,,s0002664,2026-07-14 15:23:23,page_view,desktop
8839,10077,s0002665,2026-07-14 19:37:51,page_view,desktop
8840,10077,s0002665,2026-07-14 19:38:04,page_view,desktop
8841,,s0002666,2026-07-14 20:07:41,page_view,desktop
8842,,s0002666,2026-07-14 20:09:32,page_view,desktop
8843,,s0002666,2026-07-14 20:10:25,page_view,desktop
8844,,s0002666,2026-07-14 20:10:55,page_view,desktop
8845,10098,s0002667,2026-07-14 15:10:31,page_view,desktop
8846,10098,s0002667,2026-07-14 15:10:34,page_view,desktop
8847,10098,s0002667,2026-07-14 15:11:13,page_view,desktop
8848,10098,s0002667,2026-07-14 15:12:03,page_view,desktop
8849,,s0002668,2026-07-14 20:13:01,page_view,mobile
8850,,s0002668,2026-07-14 20:13:34,page_view,mobile
8851,10461,s0002669,2026-07-14 22:27:26,page_view,desktop
8852,10461,s0002669,2026-07-14 22:28:50,page_view,desktop
8853,10441,s0002670,2026-07-14 02:59:44,page_view,mobile
8854,10441,s0002670,2026-07-14 03:00:28,page_view,mobile
8855,10441,s0002670,2026-07-14 03:01:39,add_to_cart,mobile
8856,10441,s0002670,2026-07-14 03:03:33,begin_checkout,mobile
8857,10615,s0002671,2026-07-14 09:22:03,page_view,desktop
8858,10421,s0002672,2026-07-14 15:02:58,page_view,tablet
8859,10421,s0002672,2026-07-14 15:03:15,add_to_cart,tablet
8860,,s0002673,2026-07-14 04:34:45,page_view,mobile
8861,,s0002673,2026-07-14 04:36:43,page_view,mobile
8862,,s0002673,2026-07-14 04:38:16,page_view,mobile
8863,,s0002673,2026-07-14 04:38:42,page_view,mobile
8864,,s0002673,2026-07-14 04:38:49,add_to_cart,mobile
8865,,s0002674,2026-07-14 22:19:13,page_view,desktop
8866,,s0002674,2026-07-14 22:20:00,page_view,desktop
8867,,s0002675,2026-07-14 17:07:32,page_view,tablet
8868,,s0002675,2026-07-14 17:08:44,page_view,tablet
8869,,s0002675,2026-07-14 17:08:48,page_view,tablet
8870,10426,s0002676,2026-07-14 05:50:20,page_view,desktop
8871,10426,s0002676,2026-07-14 05:51:39,page_view,desktop
8872,10426,s0002676,2026-07-14 05:52:37,add_to_cart,desktop
8873,10426,s0002676,2026-07-14 05:53:10,begin_checkout,desktop
8874,10426,s0002676,2026-07-14 05:54:55,purchase,desktop
8875,,s0002677,2026-07-14 11:13:45,page_view,mobile
8876,,s0002677,2026-07-14 11:15:23,page_view,mobile
8877,,s0002677,2026-07-14 11:16:44,page_view,mobile
8878,,s0002677,2026-07-14 11:17:53,page_view,mobile
8879,,s0002677,2026-07-14 11:19:44,add_to_cart,mobile
8880,,s0002677,2026-07-14 11:20:02,begin_checkout,mobile
8881,10030,s0002678,2026-07-14 15:36:42,page_view,desktop
8882,,s0002679,2026-07-14 00:15:31,page_view,mobile
8883,,s0002679,2026-07-14 00:16:45,page_view,mobile
8884,,s0002679,2026-07-14 00:17:21,page_view,mobile
8885,,s0002679,2026-07-14 00:18:14,add_to_cart,mobile
8886,10624,s0002680,2026-07-14 08:54:33,page_view,desktop
8887,10624,s0002680,2026-07-14 08:55:31,page_view,desktop
8888,10624,s0002680,2026-07-14 08:56:44,page_view,desktop
8889,10359,s0002681,2026-07-14 21:30:08,page_view,mobile
8890,10359,s0002681,2026-07-14 21:31:45,page_view,mobile
8891,10359,s0002681,2026-07-14 21:32:45,page_view,mobile
8892,10359,s0002681,2026-07-14 21:33:47,add_to_cart,mobile
8893,,s0002682,2026-07-14 05:37:00,page_view,tablet
8894,,s0002683,2026-07-14 10:50:39,page_view,mobile
8895,,s0002684,2026-07-14 01:55:01,page_view,mobile
8896,,s0002684,2026-07-14 01:56:04,page_view,mobile
8897,,s0002684,2026-07-14 01:56:37,page_view,mobile
8898,,s0002684,2026-07-14 01:57:35,page_view,mobile
8899,10227,s0002685,2026-07-14 12:31:23,page_view,desktop
8900,10227,s0002685,2026-07-14 12:32:03,page_view,desktop
8901,10227,s0002685,2026-07-14 12:34:01,add_to_cart,desktop
8902,10227,s0002685,2026-07-14 12:34:25,begin_checkout,desktop
8903,,s0002686,2026-07-14 04:03:55,page_view,mobile
8904,10053,s0002687,2026-07-14 20:29:38,page_view,mobile
8905,10053,s0002687,2026-07-14 20:29:51,page_view,mobile
8906,10053,s0002687,2026-07-14 20:31:17,page_view,mobile
8907,10053,s0002687,2026-07-14 20:31:37,add_to_cart,mobile
8908,10502,s0002688,2026-07-14 15:24:54,page_view,desktop
8909,10502,s0002688,2026-07-14 15:26:54,page_view,desktop
8910,10502,s0002688,2026-07-14 15:28:32,add_to_cart,desktop
8911,10680,s0002689,2026-07-14 15:58:23,page_view,mobile
8912,10680,s0002689,2026-07-14 15:58:31,page_view,mobile
8913,10680,s0002689,2026-07-14 15:58:46,page_view,mobile
8914,10680,s0002689,2026-07-14 15:59:48,page_view,mobile
8915,,s0002690,2026-07-14 01:55:13,page_view,mobile
8916,,s0002690,2026-07-14 01:55:41,page_view,mobile
8917,,s0002690,2026-07-14 01:56:43,page_view,mobile
8918,,s0002691,2026-07-14 13:49:54,page_view,desktop
8919,,s0002691,2026-07-14 13:51:15,page_view,desktop
8920,10435,s0002692,2026-07-14 02:19:10,page_view,mobile
8921,10435,s0002692,2026-07-14 02:19:40,page_view,mobile
8922,10435,s0002692,2026-07-14 02:20:35,page_view,mobile
8923,10217,s0002693,2026-07-14 02:01:32,page_view,desktop
8924,10217,s0002693,2026-07-14 02:03:15,page_view,desktop
8925,10217,s0002693,2026-07-14 02:04:32,page_view,desktop
8926,10217,s0002693,2026-07-14 02:04:56,add_to_cart,desktop
8927,10217,s0002693,2026-07-14 02:05:49,begin_checkout,desktop
8928,10217,s0002693,2026-07-14 02:06:52,purchase,desktop
8929,10504,s0002694,2026-07-14 00:25:35,page_view,desktop
8930,10504,s0002694,2026-07-14 00:27:21,page_view,desktop
8931,10504,s0002694,2026-07-14 00:27:31,page_view,desktop
8932,,s0002695,2026-07-14 00:59:58,page_view,mobile
8933,,s0002695,2026-07-14 01:00:07,page_view,mobile
8934,,s0002695,2026-07-14 01:00:11,page_view,mobile
8935,,s0002695,2026-07-14 01:01:49,page_view,mobile
8936,,s0002695,2026-07-14 01:02:54,add_to_cart,mobile
8937,10580,s0002696,2026-07-14 15:55:22,page_view,mobile
8938,10580,s0002696,2026-07-14 15:55:58,page_view,mobile
8939,10580,s0002696,2026-07-14 15:57:48,page_view,mobile
8940,10435,s0002697,2026-07-14 21:00:48,page_view,mobile
8941,10435,s0002697,2026-07-14 21:01:31,page_view,mobile
8942,10435,s0002697,2026-07-14 21:02:13,add_to_cart,mobile
8943,10435,s0002697,2026-07-14 21:03:08,begin_checkout,mobile
8944,10435,s0002697,2026-07-14 21:04:20,purchase,mobile
8945,,s0002698,2026-07-14 22:18:44,page_view,desktop
8946,,s0002698,2026-07-14 22:19:33,page_view,desktop
8947,,s0002698,2026-07-14 22:20:01,page_view,desktop
8948,,s0002698,2026-07-14 22:20:12,page_view,desktop
8949,,s0002699,2026-07-14 22:26:36,page_view,mobile
8950,,s0002699,2026-07-14 22:28:06,page_view,mobile
8951,,s0002699,2026-07-14 22:29:34,page_view,mobile
8952,,s0002700,2026-07-14 08:26:32,page_view,mobile
8953,,s0002700,2026-07-14 08:28:29,page_view,mobile
8954,,s0002700,2026-07-14 08:30:19,page_view,mobile
8955,10232,s0002701,2026-07-14 17:09:26,page_view,desktop
8956,10232,s0002701,2026-07-14 17:11:12,add_to_cart,desktop
8957,10232,s0002701,2026-07-14 17:12:08,begin_checkout,desktop
8958,10232,s0002701,2026-07-14 17:13:16,purchase,desktop
8959,,s0002702,2026-07-14 02:21:54,page_view,desktop
8960,,s0002702,2026-07-14 02:22:21,page_view,desktop
8961,,s0002702,2026-07-14 02:23:43,page_view,desktop
8962,,s0002702,2026-07-14 02:24:19,page_view,desktop
8963,10126,s0002703,2026-07-14 17:38:51,page_view,desktop
8964,10126,s0002703,2026-07-14 17:39:21,page_view,desktop
8965,10126,s0002703,2026-07-14 17:40:43,page_view,desktop
8966,10126,s0002703,2026-07-14 17:41:50,page_view,desktop
8967,10126,s0002703,2026-07-14 17:42:28,add_to_cart,desktop
8968,10576,s0002704,2026-07-14 12:18:58,page_view,mobile
8969,10576,s0002704,2026-07-14 12:20:51,add_to_cart,mobile
8970,10576,s0002704,2026-07-14 12:21:38,begin_checkout,mobile
8971,10576,s0002704,2026-07-14 12:23:21,purchase,mobile
8972,,s0002705,2026-07-14 13:43:46,page_view,desktop
8973,,s0002705,2026-07-14 13:45:09,page_view,desktop
8974,10564,s0002706,2026-07-14 01:18:16,page_view,mobile
8975,10564,s0002706,2026-07-14 01:18:50,page_view,mobile
8976,10564,s0002706,2026-07-14 01:20:11,page_view,mobile
8977,10564,s0002706,2026-07-14 01:21:56,page_view,mobile
8978,10564,s0002706,2026-07-14 01:23:19,add_to_cart,mobile
8979,10606,s0002707,2026-07-15 09:24:33,page_view,desktop
8980,10606,s0002707,2026-07-15 09:24:48,page_view,desktop
8981,10606,s0002707,2026-07-15 09:26:44,add_to_cart,desktop
8982,10362,s0002708,2026-07-15 04:52:33,page_view,mobile
8983,,s0002709,2026-07-15 12:23:10,page_view,desktop
8984,,s0002709,2026-07-15 12:24:24,page_view,desktop
8985,,s0002709,2026-07-15 12:24:41,page_view,desktop
8986,,s0002709,2026-07-15 12:24:45,page_view,desktop
8987,10102,s0002710,2026-07-15 03:37:45,page_view,desktop
8988,10102,s0002710,2026-07-15 03:39:16,page_view,desktop
8989,10102,s0002710,2026-07-15 03:41:10,page_view,desktop
8990,10102,s0002710,2026-07-15 03:42:33,page_view,desktop
8991,10102,s0002710,2026-07-15 03:44:33,add_to_cart,desktop
8992,10102,s0002710,2026-07-15 03:45:17,begin_checkout,desktop
8993,10102,s0002710,2026-07-15 03:46:57,purchase,desktop
8994,10145,s0002711,2026-07-15 14:53:24,page_view,mobile
8995,10145,s0002711,2026-07-15 14:54:46,page_view,mobile
8996,10145,s0002711,2026-07-15 14:55:25,page_view,mobile
8997,10145,s0002711,2026-07-15 14:55:28,page_view,mobile
8998,10145,s0002711,2026-07-15 14:56:09,add_to_cart,mobile
8999,,s0002712,2026-07-15 02:34:13,page_view,desktop
9000,10422,s0002713,2026-07-15 15:00:41,page_view,mobile
9001,10422,s0002713,2026-07-15 15:02:37,page_view,mobile
9002,10422,s0002713,2026-07-15 15:03:05,add_to_cart,mobile
9003,10422,s0002713,2026-07-15 15:03:12,begin_checkout,mobile
9004,10577,s0002714,2026-07-15 07:31:22,page_view,desktop
9005,10577,s0002714,2026-07-15 07:31:39,page_view,desktop
9006,,s0002715,2026-07-15 14:54:39,page_view,mobile
9007,,s0002715,2026-07-15 14:56:34,page_view,mobile
9008,,s0002715,2026-07-15 14:57:51,page_view,mobile
9009,,s0002715,2026-07-15 14:58:47,page_view,mobile
9010,,s0002715,2026-07-15 15:00:24,add_to_cart,mobile
9011,,s0002716,2026-07-15 12:08:15,page_view,tablet
9012,,s0002716,2026-07-15 12:08:54,page_view,tablet
9013,,s0002716,2026-07-15 12:09:34,page_view,tablet
9014,10336,s0002717,2026-07-15 05:41:14,page_view,mobile
9015,10336,s0002717,2026-07-15 05:41:38,add_to_cart,mobile
9016,10336,s0002717,2026-07-15 05:42:19,begin_checkout,mobile
9017,10336,s0002717,2026-07-15 05:44:14,purchase,mobile
9018,,s0002718,2026-07-15 18:05:02,page_view,mobile
9019,,s0002718,2026-07-15 18:06:12,page_view,mobile
9020,,s0002718,2026-07-15 18:07:16,page_view,mobile
9021,10524,s0002719,2026-07-15 12:45:23,page_view,tablet
9022,10524,s0002719,2026-07-15 12:46:25,page_view,tablet
9023,10524,s0002719,2026-07-15 12:46:34,page_view,tablet
9024,,s0002720,2026-07-15 21:11:03,page_view,desktop
9025,,s0002720,2026-07-15 21:12:04,page_view,desktop
9026,,s0002720,2026-07-15 21:13:57,page_view,desktop
9027,,s0002720,2026-07-15 21:15:46,page_view,desktop
9028,10695,s0002721,2026-07-15 18:27:47,page_view,mobile
9029,10695,s0002721,2026-07-15 18:28:50,page_view,mobile
9030,10695,s0002721,2026-07-15 18:30:12,page_view,mobile
9031,10695,s0002721,2026-07-15 18:31:38,add_to_cart,mobile
9032,10695,s0002721,2026-07-15 18:33:21,begin_checkout,mobile
9033,10695,s0002721,2026-07-15 18:33:52,purchase,mobile
9034,10221,s0002722,2026-07-15 20:49:24,page_view,mobile
9035,10221,s0002722,2026-07-15 20:50:43,page_view,mobile
9036,10221,s0002722,2026-07-15 20:52:01,page_view,mobile
9037,10268,s0002723,2026-07-15 01:52:34,page_view,mobile
9038,10268,s0002723,2026-07-15 01:52:52,page_view,mobile
9039,,s0002724,2026-07-15 04:20:15,page_view,desktop
9040,,s0002724,2026-07-15 04:21:38,page_view,desktop
9041,,s0002724,2026-07-15 04:21:52,page_view,desktop
9042,,s0002725,2026-07-15 21:24:48,page_view,desktop
9043,,s0002725,2026-07-15 21:26:15,page_view,desktop
9044,,s0002725,2026-07-15 21:26:54,add_to_cart,desktop
9045,,s0002725,2026-07-15 21:28:10,begin_checkout,desktop
9046,,s0002725,2026-07-15 21:28:30,purchase,desktop
9047,,s0002726,2026-07-15 04:54:34,page_view,desktop
9048,,s0002726,2026-07-15 04:56:12,page_view,desktop
9049,,s0002726,2026-07-15 04:57:57,page_view,desktop
9050,10128,s0002727,2026-07-15 06:49:14,page_view,desktop
9051,10128,s0002727,2026-07-15 06:49:30,page_view,desktop
9052,10128,s0002727,2026-07-15 06:51:24,page_view,desktop
9053,,s0002728,2026-07-15 02:34:54,page_view,desktop
9054,,s0002728,2026-07-15 02:36:15,page_view,desktop
9055,,s0002728,2026-07-15 02:37:47,page_view,desktop
9056,,s0002728,2026-07-15 02:38:49,page_view,desktop
9057,,s0002728,2026-07-15 02:40:28,add_to_cart,desktop
9058,,s0002728,2026-07-15 02:41:55,begin_checkout,desktop
9059,,s0002728,2026-07-15 02:42:49,purchase,desktop
9060,,s0002729,2026-07-15 00:44:56,page_view,desktop
9061,,s0002729,2026-07-15 00:45:30,page_view,desktop
9062,,s0002729,2026-07-15 00:47:20,page_view,desktop
9063,,s0002729,2026-07-15 00:49:20,page_view,desktop
9064,10500,s0002730,2026-07-15 05:22:34,page_view,mobile
9065,10526,s0002731,2026-07-15 10:29:21,page_view,mobile
9066,10135,s0002732,2026-07-15 10:38:26,page_view,desktop
9067,10135,s0002732,2026-07-15 10:39:47,add_to_cart,desktop
9068,,s0002733,2026-07-15 12:01:23,page_view,desktop
9069,,s0002733,2026-07-15 12:01:35,page_view,desktop
9070,,s0002733,2026-07-15 12:03:00,page_view,desktop
9071,,s0002733,2026-07-15 12:03:32,page_view,desktop
9072,10079,s0002734,2026-07-15 21:53:43,page_view,desktop
9073,10079,s0002734,2026-07-15 21:55:00,page_view,desktop
9074,,s0002735,2026-07-15 05:39:50,page_view,desktop
9075,,s0002735,2026-07-15 05:40:44,page_view,desktop
9076,,s0002735,2026-07-15 05:41:18,add_to_cart,desktop
9077,,s0002736,2026-07-15 06:07:09,page_view,desktop
9078,,s0002736,2026-07-15 06:08:28,page_view,desktop
9079,,s0002736,2026-07-15 06:10:08,page_view,desktop
9080,,s0002736,2026-07-15 06:11:46,page_view,desktop
9081,,s0002736,2026-07-15 06:12:18,add_to_cart,desktop
9082,,s0002736,2026-07-15 06:13:34,begin_checkout,desktop
9083,,s0002736,2026-07-15 06:13:49,purchase,desktop
9084,10579,s0002737,2026-07-15 07:16:41,page_view,desktop
9085,10024,s0002738,2026-07-15 10:28:02,page_view,desktop
9086,10024,s0002738,2026-07-15 10:28:50,add_to_cart,desktop
9087,10490,s0002739,2026-07-15 22:54:35,page_view,mobile
9088,10490,s0002739,2026-07-15 22:55:32,page_view,mobile
9089,10490,s0002739,2026-07-15 22:56:21,page_view,mobile
9090,10490,s0002739,2026-07-15 22:56:32,page_view,mobile
9091,10209,s0002740,2026-07-15 08:00:02,page_view,mobile
9092,10209,s0002740,2026-07-15 08:00:31,page_view,mobile
9093,10333,s0002741,2026-07-15 09:26:19,page_view,mobile
9094,10333,s0002741,2026-07-15 09:28:07,add_to_cart,mobile
9095,10333,s0002741,2026-07-15 09:28:57,begin_checkout,mobile
9096,10333,s0002741,2026-07-15 09:30:18,purchase,mobile
9097,10412,s0002742,2026-07-15 08:40:18,page_view,desktop
9098,,s0002743,2026-07-15 07:20:20,page_view,tablet
9099,,s0002743,2026-07-15 07:20:25,page_view,tablet
9100,,s0002743,2026-07-15 07:21:43,page_view,tablet
9101,,s0002743,2026-07-15 07:23:27,page_view,tablet
9102,,s0002743,2026-07-15 07:25:17,add_to_cart,tablet
9103,,s0002743,2026-07-15 07:27:10,begin_checkout,tablet
9104,,s0002743,2026-07-15 07:28:36,purchase,tablet
9105,10619,s0002744,2026-07-15 10:27:26,page_view,desktop
9106,10619,s0002744,2026-07-15 10:28:08,page_view,desktop
9107,10619,s0002744,2026-07-15 10:29:03,page_view,desktop
9108,10619,s0002744,2026-07-15 10:30:54,add_to_cart,desktop
9109,10619,s0002744,2026-07-15 10:31:44,begin_checkout,desktop
9110,10619,s0002744,2026-07-15 10:31:55,purchase,desktop
9111,,s0002745,2026-07-15 05:32:33,page_view,desktop
9112,,s0002745,2026-07-15 05:32:53,page_view,desktop
9113,,s0002746,2026-07-15 21:03:32,page_view,mobile
9114,,s0002746,2026-07-15 21:05:18,page_view,mobile
9115,,s0002747,2026-07-15 01:30:36,page_view,desktop
9116,,s0002747,2026-07-15 01:32:23,page_view,desktop
9117,,s0002747,2026-07-15 01:33:45,page_view,desktop
9118,,s0002747,2026-07-15 01:35:14,page_view,desktop
9119,,s0002747,2026-07-15 01:36:22,add_to_cart,desktop
9120,10247,s0002748,2026-07-15 21:08:13,page_view,desktop
9121,10247,s0002748,2026-07-15 21:08:24,page_view,desktop
9122,10247,s0002748,2026-07-15 21:08:27,page_view,desktop
9123,10247,s0002748,2026-07-15 21:10:23,add_to_cart,desktop
9124,,s0002749,2026-07-15 21:00:45,page_view,tablet
9125,,s0002749,2026-07-15 21:01:16,page_view,tablet
9126,,s0002749,2026-07-15 21:02:51,page_view,tablet
9127,,s0002749,2026-07-15 21:03:49,page_view,tablet
9128,,s0002750,2026-07-15 11:05:35,page_view,mobile
9129,,s0002750,2026-07-15 11:05:52,page_view,mobile
9130,,s0002750,2026-07-15 11:07:40,page_view,mobile
9131,,s0002750,2026-07-15 11:08:34,add_to_cart,mobile
9132,10574,s0002751,2026-07-15 18:13:38,page_view,mobile
9133,10574,s0002751,2026-07-15 18:15:24,page_view,mobile
9134,10574,s0002751,2026-07-15 18:16:25,page_view,mobile
9135,10574,s0002751,2026-07-15 18:18:12,page_view,mobile
9136,10019,s0002752,2026-07-15 22:34:14,page_view,mobile
9137,10019,s0002752,2026-07-15 22:36:06,page_view,mobile
9138,10019,s0002752,2026-07-15 22:36:55,page_view,mobile
9139,10019,s0002752,2026-07-15 22:37:58,page_view,mobile
9140,,s0002753,2026-07-15 03:06:27,page_view,desktop
9141,,s0002753,2026-07-15 03:06:34,page_view,desktop
9142,,s0002753,2026-07-15 03:07:23,page_view,desktop
9143,,s0002753,2026-07-15 03:08:54,add_to_cart,desktop
9144,10209,s0002754,2026-07-15 16:38:56,page_view,tablet
9145,10209,s0002754,2026-07-15 16:39:03,page_view,tablet
9146,10209,s0002754,2026-07-15 16:39:15,page_view,tablet
9147,10228,s0002755,2026-07-15 06:33:25,page_view,mobile
9148,10228,s0002755,2026-07-15 06:33:58,page_view,mobile
9149,10228,s0002755,2026-07-15 06:35:02,page_view,mobile
9150,10346,s0002756,2026-07-15 02:06:19,page_view,mobile
9151,10346,s0002756,2026-07-15 02:07:49,page_view,mobile
9152,10428,s0002757,2026-07-15 01:54:15,page_view,desktop
9153,10428,s0002757,2026-07-15 01:55:31,page_view,desktop
9154,10428,s0002757,2026-07-15 01:57:23,page_view,desktop
9155,10428,s0002757,2026-07-15 01:58:15,page_view,desktop
9156,,s0002758,2026-07-15 08:34:16,page_view,mobile
9157,,s0002758,2026-07-15 08:34:36,page_view,mobile
9158,,s0002759,2026-07-15 13:24:55,page_view,desktop
9159,,s0002759,2026-07-15 13:25:20,page_view,desktop
9160,,s0002759,2026-07-15 13:25:41,page_view,desktop
9161,10162,s0002760,2026-07-15 03:17:28,page_view,desktop
9162,10162,s0002760,2026-07-15 03:17:49,page_view,desktop
9163,10162,s0002760,2026-07-15 03:18:42,page_view,desktop
9164,10162,s0002760,2026-07-15 03:20:04,page_view,desktop
9165,10345,s0002761,2026-07-15 06:06:21,page_view,tablet
9166,10576,s0002762,2026-07-15 07:36:25,page_view,mobile
9167,10576,s0002762,2026-07-15 07:37:47,page_view,mobile
9168,10576,s0002762,2026-07-15 07:39:12,page_view,mobile
9169,10241,s0002763,2026-07-15 09:52:53,page_view,Mobile
9170,10241,s0002763,2026-07-15 09:53:57,page_view,Mobile
9171,10241,s0002763,2026-07-15 09:54:18,page_view,Mobile
9172,10042,s0002764,2026-07-15 07:39:49,page_view,desktop
9173,10042,s0002764,2026-07-15 07:41:21,page_view,desktop
9174,10042,s0002764,2026-07-15 07:42:20,page_view,desktop
9175,10150,s0002765,2026-07-15 21:27:10,page_view,desktop
9176,10679,s0002766,2026-07-15 05:43:13,page_view,desktop
9177,10679,s0002766,2026-07-15 05:43:40,page_view,desktop
9178,10679,s0002766,2026-07-15 05:43:57,page_view,desktop
9179,10679,s0002766,2026-07-15 05:44:55,page_view,desktop
9180,10679,s0002766,2026-07-15 05:46:13,add_to_cart,desktop
9181,10392,s0002767,2026-07-15 08:49:47,page_view,desktop
9182,10392,s0002767,2026-07-15 08:50:36,page_view,desktop
9183,10392,s0002767,2026-07-15 08:52:30,page_view,desktop
9184,10392,s0002767,2026-07-15 08:53:53,add_to_cart,desktop
9185,10392,s0002767,2026-07-15 08:54:53,begin_checkout,desktop
9186,,s0002768,2026-07-15 13:31:45,page_view,mobile
9187,,s0002768,2026-07-15 13:32:21,add_to_cart,mobile
9188,,s0002768,2026-07-15 13:33:07,begin_checkout,mobile
9189,,s0002768,2026-07-15 13:34:27,purchase,mobile
9190,10393,s0002769,2026-07-15 03:05:02,page_view,mobile
9191,10393,s0002769,2026-07-15 03:06:10,page_view,mobile
9192,10393,s0002769,2026-07-15 03:07:05,page_view,mobile
9193,10393,s0002769,2026-07-15 03:07:19,page_view,mobile
9194,10533,s0002770,2026-07-15 00:17:31,page_view,mobile
9195,10533,s0002770,2026-07-15 00:17:52,page_view,mobile
9196,10409,s0002771,2026-07-15 22:00:39,page_view,tablet
9197,10409,s0002771,2026-07-15 22:02:12,page_view,tablet
9198,10409,s0002771,2026-07-15 22:03:51,page_view,tablet
9199,10409,s0002771,2026-07-15 22:05:23,add_to_cart,tablet
9200,10409,s0002771,2026-07-15 22:06:07,begin_checkout,tablet
9201,10409,s0002771,2026-07-15 22:07:54,purchase,tablet
9202,10004,s0002772,2026-07-15 05:07:42,page_view,Desktop
9203,10681,s0002773,2026-07-15 22:30:29,page_view,desktop
9204,10681,s0002773,2026-07-15 22:31:29,page_view,desktop
9205,10681,s0002773,2026-07-15 22:33:14,page_view,desktop
9206,10681,s0002773,2026-07-15 22:35:11,page_view,desktop
9207,10669,s0002774,2026-07-15 03:39:14,page_view,mobile
9208,10253,s0002775,2026-07-15 09:06:07,page_view,mobile
9209,10253,s0002775,2026-07-15 09:06:35,page_view,mobile
9210,10253,s0002775,2026-07-15 09:08:06,page_view,mobile
9211,10649,s0002776,2026-07-15 12:12:27,page_view,mobile
9212,10649,s0002776,2026-07-15 12:14:22,page_view,mobile
9213,10649,s0002776,2026-07-15 12:14:37,page_view,mobile
9214,10649,s0002776,2026-07-15 12:16:29,page_view,mobile
9215,10649,s0002776,2026-07-15 12:16:54,add_to_cart,mobile
9216,10649,s0002776,2026-07-15 12:17:07,begin_checkout,mobile
9217,10649,s0002776,2026-07-15 12:18:58,purchase,mobile
9218,10647,s0002777,2026-07-15 21:15:40,page_view,desktop
9219,10647,s0002777,2026-07-15 21:16:12,page_view,desktop
9220,10647,s0002777,2026-07-15 21:18:11,page_view,desktop
9221,10647,s0002777,2026-07-15 21:19:33,page_view,desktop
9222,,s0002778,2026-07-15 19:35:38,page_view,mobile
9223,,s0002778,2026-07-15 19:35:47,page_view,mobile
9224,,s0002778,2026-07-15 19:37:06,page_view,mobile
9225,,s0002778,2026-07-15 19:39:04,add_to_cart,mobile
9226,,s0002778,2026-07-15 19:40:22,begin_checkout,mobile
9227,10640,s0002779,2026-07-16 02:54:55,page_view,mobile
9228,10640,s0002779,2026-07-16 02:55:56,add_to_cart,mobile
9229,10640,s0002779,2026-07-16 02:56:07,begin_checkout,mobile
9230,10640,s0002779,2026-07-16 02:57:30,purchase,mobile
9231,10444,s0002780,2026-07-16 15:01:49,page_view,mobile
9232,10444,s0002780,2026-07-16 15:03:22,page_view,mobile
9233,10444,s0002780,2026-07-16 15:04:49,page_view,mobile
9234,10444,s0002780,2026-07-16 15:06:00,add_to_cart,mobile
9235,,s0002781,2026-07-16 07:20:38,page_view,desktop
9236,,s0002781,2026-07-16 07:21:10,page_view,desktop
9237,,s0002781,2026-07-16 07:22:36,add_to_cart,desktop
9238,,s0002782,2026-07-16 21:59:00,page_view,desktop
9239,,s0002782,2026-07-16 22:00:34,page_view,desktop
9240,,s0002782,2026-07-16 22:02:10,page_view,desktop
9241,,s0002782,2026-07-16 22:03:40,add_to_cart,desktop
9242,,s0002782,2026-07-16 22:04:51,begin_checkout,desktop
9243,,s0002783,2026-07-16 09:35:35,page_view,tablet
9244,,s0002783,2026-07-16 09:37:02,page_view,tablet
9245,,s0002783,2026-07-16 09:38:03,page_view,tablet
9246,,s0002783,2026-07-16 09:39:47,page_view,tablet
9247,,s0002783,2026-07-16 09:41:05,add_to_cart,tablet
9248,,s0002784,2026-07-16 09:47:02,page_view,mobile
9249,,s0002784,2026-07-16 09:47:56,page_view,mobile
9250,,s0002784,2026-07-16 09:49:27,page_view,mobile
9251,,s0002784,2026-07-16 09:50:04,page_view,mobile
9252,10344,s0002785,2026-07-16 15:48:17,page_view,mobile
9253,10344,s0002785,2026-07-16 15:49:43,page_view,mobile
9254,10552,s0002786,2026-07-16 15:21:45,page_view,mobile
9255,10552,s0002786,2026-07-16 15:22:12,page_view,mobile
9256,10552,s0002786,2026-07-16 15:24:01,page_view,mobile
9257,10552,s0002786,2026-07-16 15:24:10,page_view,mobile
9258,10277,s0002787,2026-07-16 10:29:13,page_view,desktop
9259,10277,s0002787,2026-07-16 10:31:03,page_view,desktop
9260,10277,s0002787,2026-07-16 10:32:15,page_view,desktop
9261,10277,s0002787,2026-07-16 10:32:29,add_to_cart,desktop
9262,10380,s0002788,2026-07-16 03:01:32,page_view,mobile
9263,10380,s0002788,2026-07-16 03:02:51,page_view,mobile
9264,10380,s0002788,2026-07-16 03:03:02,add_to_cart,mobile
9265,,s0002789,2026-07-16 05:43:44,page_view,mobile
9266,,s0002789,2026-07-16 05:44:17,page_view,mobile
9267,,s0002789,2026-07-16 05:45:15,page_view,mobile
9268,,s0002789,2026-07-16 05:46:36,page_view,mobile
9269,10277,s0002790,2026-07-16 04:42:22,page_view,mobile
9270,10277,s0002790,2026-07-16 04:43:56,page_view,mobile
9271,10277,s0002790,2026-07-16 04:44:22,page_view,mobile
9272,10277,s0002790,2026-07-16 04:45:00,page_view,mobile
9273,10277,s0002790,2026-07-16 04:46:49,add_to_cart,mobile
9274,10277,s0002790,2026-07-16 04:46:59,begin_checkout,mobile
9275,,s0002791,2026-07-16 07:36:32,page_view,desktop
9276,,s0002791,2026-07-16 07:38:28,page_view,desktop
9277,,s0002791,2026-07-16 07:39:32,page_view,desktop
9278,,s0002792,2026-07-16 04:10:27,page_view,desktop
9279,,s0002792,2026-07-16 04:11:31,page_view,desktop
9280,10669,s0002793,2026-07-16 09:32:26,page_view,mobile
9281,10669,s0002793,2026-07-16 09:34:14,page_view,mobile
9282,10669,s0002793,2026-07-16 09:34:36,page_view,mobile
9283,10669,s0002793,2026-07-16 09:34:44,page_view,mobile
9284,10111,s0002794,2026-07-16 10:49:59,page_view,mobile
9285,10111,s0002794,2026-07-16 10:50:26,page_view,mobile
9286,10111,s0002794,2026-07-16 10:51:15,page_view,mobile
9287,10111,s0002794,2026-07-16 10:52:47,page_view,mobile
9288,10262,s0002795,2026-07-16 05:26:13,page_view,mobile
9289,10262,s0002795,2026-07-16 05:26:57,page_view,mobile
9290,10262,s0002795,2026-07-16 05:27:32,add_to_cart,mobile
9291,10262,s0002795,2026-07-16 05:29:19,begin_checkout,mobile
9292,10262,s0002795,2026-07-16 05:29:47,purchase,mobile
9293,,s0002796,2026-07-16 12:39:07,page_view,desktop
9294,,s0002797,2026-07-16 05:04:58,page_view,desktop
9295,,s0002797,2026-07-16 05:05:29,page_view,desktop
9296,,s0002797,2026-07-16 05:05:54,page_view,desktop
9297,,s0002798,2026-07-16 18:59:04,page_view,mobile
9298,,s0002798,2026-07-16 19:00:30,page_view,mobile
9299,,s0002798,2026-07-16 19:01:36,page_view,mobile
9300,10230,s0002799,2026-07-16 14:51:08,page_view,desktop
9301,10230,s0002799,2026-07-16 14:52:47,page_view,desktop
9302,10225,s0002800,2026-07-16 10:03:40,page_view,desktop
9303,10225,s0002800,2026-07-16 10:04:00,page_view,desktop
9304,10225,s0002800,2026-07-16 10:05:15,page_view,desktop
9305,10512,s0002801,2026-07-16 15:25:18,page_view,desktop
9306,10266,s0002802,2026-07-16 11:55:58,page_view,tablet
9307,10266,s0002802,2026-07-16 11:57:21,add_to_cart,tablet
9308,,s0002803,2026-07-16 05:03:49,page_view,mobile
9309,,s0002803,2026-07-16 05:05:41,page_view,mobile
9310,,s0002803,2026-07-16 05:05:58,page_view,mobile
9311,,s0002803,2026-07-16 05:07:07,page_view,mobile
9312,,s0002804,2026-07-16 00:19:13,page_view,mobile
9313,,s0002804,2026-07-16 00:19:41,page_view,mobile
9314,,s0002804,2026-07-16 00:21:31,page_view,mobile
9315,,s0002804,2026-07-16 00:22:14,page_view,mobile
9316,,s0002804,2026-07-16 00:22:19,add_to_cart,mobile
9317,,s0002804,2026-07-16 00:23:25,begin_checkout,mobile
9318,10492,s0002805,2026-07-16 12:19:05,page_view,mobile
9319,10492,s0002805,2026-07-16 12:19:54,page_view,mobile
9320,,s0002806,2026-07-16 09:24:55,page_view,desktop
9321,,s0002807,2026-07-16 08:54:28,page_view,desktop
9322,,s0002807,2026-07-16 08:55:05,page_view,desktop
9323,,s0002808,2026-07-16 07:11:28,page_view,mobile
9324,,s0002808,2026-07-16 07:12:44,page_view,mobile
9325,,s0002808,2026-07-16 07:14:23,page_view,mobile
9326,10525,s0002809,2026-07-16 18:51:40,page_view,mobile
9327,10525,s0002809,2026-07-16 18:53:18,add_to_cart,mobile
9328,10620,s0002810,2026-07-16 00:11:39,page_view,desktop
9329,10620,s0002810,2026-07-16 00:12:28,page_view,desktop
9330,10620,s0002810,2026-07-16 00:13:53,page_view,desktop
9331,10620,s0002810,2026-07-16 00:14:48,page_view,desktop
9332,10620,s0002810,2026-07-16 00:16:34,add_to_cart,desktop
9333,,s0002811,2026-07-16 18:46:12,page_view,mobile
9334,,s0002811,2026-07-16 18:47:46,page_view,mobile
9335,,s0002811,2026-07-16 18:48:29,add_to_cart,mobile
9336,,s0002812,2026-07-16 03:28:41,page_view,desktop
9337,,s0002813,2026-07-16 08:16:07,page_view,desktop
9338,,s0002813,2026-07-16 08:16:51,page_view,desktop
9339,,s0002813,2026-07-16 08:17:37,page_view,desktop
9340,,s0002813,2026-07-16 08:18:19,page_view,desktop
9341,,s0002813,2026-07-16 08:19:07,add_to_cart,desktop
9342,10105,s0002814,2026-07-16 03:15:57,page_view,desktop
9343,10105,s0002814,2026-07-16 03:16:09,page_view,desktop
9344,10105,s0002814,2026-07-16 03:16:51,page_view,desktop
9345,10105,s0002814,2026-07-16 03:17:34,add_to_cart,desktop
9346,10105,s0002814,2026-07-16 03:17:39,begin_checkout,desktop
9347,,s0002815,2026-07-16 20:13:03,page_view,mobile
9348,,s0002815,2026-07-16 20:14:37,page_view,mobile
9349,,s0002815,2026-07-16 20:14:44,add_to_cart,mobile
9350,,s0002815,2026-07-16 20:14:57,begin_checkout,mobile
9351,,s0002815,2026-07-16 20:16:21,purchase,mobile
9352,10459,s0002816,2026-07-16 12:33:44,page_view,desktop
9353,10135,s0002817,2026-07-16 11:07:58,page_view,desktop
9354,10135,s0002817,2026-07-16 11:08:05,page_view,desktop
9355,10135,s0002817,2026-07-16 11:09:31,page_view,desktop
9356,,s0002818,2026-07-16 14:27:54,page_view,mobile
9357,,s0002818,2026-07-16 14:28:09,page_view,mobile
9358,10047,s0002819,2026-07-16 09:56:29,page_view,mobile
9359,10047,s0002819,2026-07-16 09:57:35,page_view,mobile
9360,10047,s0002819,2026-07-16 09:58:31,page_view,mobile
9361,10047,s0002819,2026-07-16 09:59:45,add_to_cart,mobile
9362,10047,s0002819,2026-07-16 10:00:05,begin_checkout,mobile
9363,10047,s0002819,2026-07-16 10:01:36,purchase,mobile
9364,10526,s0002820,2026-07-16 13:01:29,page_view,mobile
9365,10526,s0002820,2026-07-16 13:01:42,page_view,mobile
9366,10526,s0002820,2026-07-16 13:02:34,page_view,mobile
9367,10526,s0002820,2026-07-16 13:02:39,page_view,mobile
9368,10526,s0002820,2026-07-16 13:02:44,add_to_cart,mobile
9369,10526,s0002820,2026-07-16 13:03:04,begin_checkout,mobile
9370,10526,s0002820,2026-07-16 13:04:01,purchase,mobile
9371,10510,s0002821,2026-07-16 18:00:47,page_view,mobile
9372,10510,s0002821,2026-07-16 18:01:12,page_view,mobile
9373,10510,s0002821,2026-07-16 18:01:21,page_view,mobile
9374,10510,s0002821,2026-07-16 18:01:40,page_view,mobile
9375,10234,s0002822,2026-07-16 12:27:17,page_view,mobile
9376,10234,s0002822,2026-07-16 12:28:59,page_view,mobile
9377,10234,s0002822,2026-07-16 12:29:58,page_view,mobile
9378,10166,s0002823,2026-07-16 06:54:49,page_view,mobile
9379,10166,s0002823,2026-07-16 06:56:44,page_view,mobile
9380,10166,s0002823,2026-07-16 06:56:58,page_view,mobile
9381,10166,s0002823,2026-07-16 06:57:12,page_view,mobile
9382,10252,s0002824,2026-07-16 04:56:37,page_view,desktop
9383,10252,s0002824,2026-07-16 04:57:30,page_view,desktop
9384,,s0002825,2026-07-16 19:32:11,page_view,desktop
9385,,s0002825,2026-07-16 19:34:07,page_view,desktop
9386,,s0002825,2026-07-16 19:35:34,page_view,desktop
9387,,s0002825,2026-07-16 19:37:11,page_view,desktop
9388,10176,s0002826,2026-07-16 22:47:29,page_view,mobile
9389,10176,s0002826,2026-07-16 22:48:17,page_view,mobile
9390,10176,s0002826,2026-07-16 22:48:32,page_view,mobile
9391,10176,s0002826,2026-07-16 22:49:02,page_view,mobile
9392,10062,s0002827,2026-07-16 05:12:10,page_view,desktop
9393,10077,s0002828,2026-07-16 20:10:58,page_view,mobile
9394,10077,s0002828,2026-07-16 20:12:15,page_view,mobile
9395,10077,s0002828,2026-07-16 20:12:51,page_view,mobile
9396,10077,s0002828,2026-07-16 20:14:50,add_to_cart,mobile
9397,10276,s0002829,2026-07-16 06:44:12,page_view,desktop
9398,10276,s0002829,2026-07-16 06:46:00,page_view,desktop
9399,,s0002830,2026-07-16 11:49:50,page_view,desktop
9400,,s0002830,2026-07-16 11:51:43,add_to_cart,desktop
9401,,s0002830,2026-07-16 11:51:46,begin_checkout,desktop
9402,10479,s0002831,2026-07-16 00:11:50,page_view,desktop
9403,10479,s0002831,2026-07-16 00:12:08,page_view,desktop
9404,10479,s0002831,2026-07-16 00:14:05,page_view,desktop
9405,10479,s0002831,2026-07-16 00:16:04,add_to_cart,desktop
9406,10479,s0002831,2026-07-16 00:17:41,begin_checkout,desktop
9407,10479,s0002831,2026-07-16 00:18:36,purchase,desktop
9408,,s0002832,2026-07-16 10:07:28,page_view,desktop
9409,,s0002832,2026-07-16 10:08:56,page_view,desktop
9410,,s0002832,2026-07-16 10:09:07,page_view,desktop
9411,,s0002832,2026-07-16 10:11:07,page_view,desktop
9412,,s0002833,2026-07-16 06:26:06,page_view,tablet
9413,,s0002833,2026-07-16 06:27:11,page_view,tablet
9414,,s0002833,2026-07-16 06:28:05,page_view,tablet
9415,,s0002833,2026-07-16 06:29:54,page_view,tablet
9416,10501,s0002834,2026-07-16 15:04:40,page_view,mobile
9417,10501,s0002834,2026-07-16 15:05:57,page_view,mobile
9418,10501,s0002834,2026-07-16 15:07:23,page_view,mobile
9419,10501,s0002834,2026-07-16 15:08:41,add_to_cart,mobile
9420,10287,s0002835,2026-07-16 15:58:10,page_view,desktop
9421,10287,s0002835,2026-07-16 15:59:07,page_view,desktop
9422,10287,s0002835,2026-07-16 16:00:17,page_view,desktop
9423,10470,s0002836,2026-07-17 14:22:28,page_view,mobile
9424,10693,s0002837,2026-07-17 20:16:36,page_view,mobile
9425,10693,s0002837,2026-07-17 20:18:13,add_to_cart,mobile
9426,,s0002838,2026-07-17 03:52:41,page_view,mobile
9427,,s0002838,2026-07-17 03:52:48,add_to_cart,mobile
9428,,s0002839,2026-07-17 00:54:59,page_view,mobile
9429,,s0002839,2026-07-17 00:55:35,page_view,mobile
9430,10205,s0002840,2026-07-17 16:42:20,page_view,mobile
9431,10205,s0002840,2026-07-17 16:43:47,page_view,mobile
9432,10205,s0002840,2026-07-17 16:44:09,add_to_cart,mobile
9433,10205,s0002840,2026-07-17 16:45:46,begin_checkout,mobile
9434,10205,s0002840,2026-07-17 16:45:59,purchase,mobile
9435,10172,s0002841,2026-07-17 22:10:44,page_view,tablet
9436,10172,s0002841,2026-07-17 22:11:02,page_view,tablet
9437,10172,s0002841,2026-07-17 22:12:41,page_view,tablet
9438,10172,s0002841,2026-07-17 22:13:54,add_to_cart,tablet
9439,10147,s0002842,2026-07-17 06:52:54,page_view,mobile
9440,10147,s0002842,2026-07-17 06:54:49,page_view,mobile
9441,10147,s0002842,2026-07-17 06:55:14,page_view,mobile
9442,10147,s0002842,2026-07-17 06:56:49,page_view,mobile
9443,10175,s0002843,2026-07-17 16:00:42,page_view,Desktop
9444,10175,s0002843,2026-07-17 16:00:54,page_view,Desktop
9445,10175,s0002843,2026-07-17 16:02:42,page_view,Desktop
9446,10175,s0002843,2026-07-17 16:03:51,add_to_cart,Desktop
9447,10037,s0002844,2026-07-17 13:57:27,page_view,mobile
9448,10037,s0002844,2026-07-17 13:58:38,page_view,mobile
9449,,s0002845,2026-07-17 01:07:51,page_view,mobile
9450,,s0002845,2026-07-17 01:08:38,page_view,mobile
9451,10403,s0002846,2026-07-17 05:28:00,page_view,tablet
9452,10403,s0002846,2026-07-17 05:29:10,page_view,tablet
9453,10403,s0002846,2026-07-17 05:29:20,add_to_cart,tablet
9454,10403,s0002846,2026-07-17 05:29:52,begin_checkout,tablet
9455,10403,s0002846,2026-07-17 05:29:56,purchase,tablet
9456,10100,s0002847,2026-07-17 14:16:52,page_view,desktop
9457,10055,s0002848,2026-07-17 10:30:57,page_view,desktop
9458,10055,s0002848,2026-07-17 10:32:46,page_view,desktop
9459,10055,s0002848,2026-07-17 10:34:25,page_view,desktop
9460,10055,s0002848,2026-07-17 10:34:37,add_to_cart,desktop
9461,10055,s0002848,2026-07-17 10:35:06,begin_checkout,desktop
9462,10055,s0002848,2026-07-17 10:36:13,purchase,desktop
9463,,s0002849,2026-07-17 02:26:39,page_view,tablet
9464,,s0002849,2026-07-17 02:27:19,page_view,tablet
9465,,s0002849,2026-07-17 02:28:21,page_view,tablet
9466,10274,s0002850,2026-07-17 11:46:44,page_view,desktop
9467,10274,s0002850,2026-07-17 11:47:45,page_view,desktop
9468,10274,s0002850,2026-07-17 11:48:40,page_view,desktop
9469,10026,s0002851,2026-07-17 10:20:24,page_view,desktop
9470,10026,s0002851,2026-07-17 10:21:25,page_view,desktop
9471,10026,s0002851,2026-07-17 10:21:30,page_view,desktop
9472,10026,s0002851,2026-07-17 10:23:30,page_view,desktop
9473,10224,s0002852,2026-07-17 04:24:09,page_view,mobile
9474,10224,s0002852,2026-07-17 04:24:29,page_view,mobile
9475,10224,s0002852,2026-07-17 04:26:13,page_view,mobile
9476,10224,s0002852,2026-07-17 04:27:09,page_view,mobile
9477,10552,s0002853,2026-07-17 13:07:41,page_view,desktop
9478,10552,s0002853,2026-07-17 13:08:26,page_view,desktop
9479,10552,s0002853,2026-07-17 13:08:31,page_view,desktop
9480,10552,s0002853,2026-07-17 13:08:49,add_to_cart,desktop
9481,10552,s0002853,2026-07-17 13:10:01,begin_checkout,desktop
9482,,s0002854,2026-07-17 22:16:30,page_view,desktop
9483,,s0002854,2026-07-17 22:18:24,add_to_cart,desktop
9484,,s0002854,2026-07-17 22:19:41,begin_checkout,desktop
9485,,s0002854,2026-07-17 22:21:11,purchase,desktop
9486,,s0002855,2026-07-17 21:55:24,page_view,desktop
9487,,s0002856,2026-07-17 09:01:21,page_view,mobile
9488,,s0002856,2026-07-17 09:01:24,page_view,mobile
9489,,s0002856,2026-07-17 09:02:24,page_view,mobile
9490,,s0002856,2026-07-17 09:03:51,add_to_cart,mobile
9491,,s0002856,2026-07-17 09:04:54,begin_checkout,mobile
9492,,s0002856,2026-07-17 09:06:43,purchase,mobile
9493,10163,s0002857,2026-07-17 06:25:19,page_view,mobile
9494,10163,s0002857,2026-07-17 06:26:31,page_view,mobile
9495,10163,s0002857,2026-07-17 06:28:21,page_view,mobile
9496,10163,s0002857,2026-07-17 06:30:01,page_view,mobile
9497,10163,s0002857,2026-07-17 06:31:24,add_to_cart,mobile
9498,10163,s0002857,2026-07-17 06:32:31,begin_checkout,mobile
9499,10163,s0002857,2026-07-17 06:34:08,purchase,mobile
9500,10107,s0002858,2026-07-17 21:29:33,page_view,Desktop
9501,10107,s0002858,2026-07-17 21:30:02,page_view,Desktop
9502,10107,s0002858,2026-07-17 21:31:23,page_view,Desktop
9503,10436,s0002859,2026-07-17 05:26:26,page_view,mobile
9504,10436,s0002859,2026-07-17 05:28:02,page_view,mobile
9505,10436,s0002859,2026-07-17 05:29:10,page_view,mobile
9506,,s0002860,2026-07-17 03:48:17,page_view,desktop
9507,,s0002860,2026-07-17 03:48:50,page_view,desktop
9508,,s0002860,2026-07-17 03:49:14,page_view,desktop
9509,,s0002860,2026-07-17 03:49:28,add_to_cart,desktop
9510,,s0002860,2026-07-17 03:49:58,begin_checkout,desktop
9511,,s0002861,2026-07-17 07:58:30,page_view,Mobile
9512,,s0002861,2026-07-17 07:59:38,page_view,Mobile
9513,,s0002861,2026-07-17 08:01:20,page_view,Mobile
9514,,s0002861,2026-07-17 08:01:43,page_view,Mobile
9515,10246,s0002862,2026-07-17 15:18:04,page_view,desktop
9516,10246,s0002862,2026-07-17 15:18:59,add_to_cart,desktop
9517,10125,s0002863,2026-07-17 21:21:33,page_view,desktop
9518,10125,s0002863,2026-07-17 21:22:07,page_view,desktop
9519,10125,s0002863,2026-07-17 21:22:55,page_view,desktop
9520,10125,s0002863,2026-07-17 21:23:41,page_view,desktop
9521,10118,s0002864,2026-07-17 09:23:09,page_view,tablet
9522,10118,s0002864,2026-07-17 09:24:53,page_view,tablet
9523,10118,s0002864,2026-07-17 09:25:45,page_view,tablet
9524,10481,s0002865,2026-07-17 14:17:16,page_view,mobile
9525,10481,s0002865,2026-07-17 14:17:31,page_view,mobile
9526,,s0002866,2026-07-17 02:08:42,page_view,mobile
9527,10310,s0002867,2026-07-17 21:37:57,page_view,mobile
9528,10310,s0002867,2026-07-17 21:38:06,page_view,mobile
9529,10310,s0002867,2026-07-17 21:38:27,page_view,mobile
9530,10310,s0002867,2026-07-17 21:38:55,page_view,mobile
9531,10310,s0002867,2026-07-17 21:39:45,add_to_cart,mobile
9532,10310,s0002867,2026-07-17 21:40:39,begin_checkout,mobile
9533,10310,s0002867,2026-07-17 21:42:14,purchase,mobile
9534,,s0002868,2026-07-17 17:11:22,page_view,desktop
9535,,s0002868,2026-07-17 17:11:27,page_view,desktop
9536,,s0002868,2026-07-17 17:12:10,page_view,desktop
9537,,s0002868,2026-07-17 17:12:52,page_view,desktop
9538,,s0002868,2026-07-17 17:13:26,add_to_cart,desktop
9539,,s0002868,2026-07-17 17:14:11,begin_checkout,desktop
9540,,s0002868,2026-07-17 17:15:49,purchase,desktop
9541,10235,s0002869,2026-07-17 08:32:41,page_view,mobile
9542,10235,s0002869,2026-07-17 08:33:59,page_view,mobile
9543,10235,s0002869,2026-07-17 08:35:22,page_view,mobile
9544,10373,s0002870,2026-07-17 22:17:03,page_view,mobile
9545,10373,s0002870,2026-07-17 22:17:11,add_to_cart,mobile
9546,10235,s0002871,2026-07-17 11:47:06,page_view,desktop
9547,10297,s0002872,2026-07-17 15:47:47,page_view,mobile
9548,10297,s0002872,2026-07-17 15:48:58,page_view,mobile
9549,10297,s0002872,2026-07-17 15:50:52,page_view,mobile
9550,10297,s0002872,2026-07-17 15:51:25,page_view,mobile
9551,10576,s0002873,2026-07-17 14:54:45,page_view,desktop
9552,10576,s0002873,2026-07-17 14:56:20,page_view,desktop
9553,10576,s0002873,2026-07-17 14:57:13,page_view,desktop
9554,10118,s0002874,2026-07-17 15:00:52,page_view,desktop
9555,10118,s0002874,2026-07-17 15:02:39,add_to_cart,desktop
9556,10118,s0002874,2026-07-17 15:04:34,begin_checkout,desktop
9557,,s0002875,2026-07-17 18:11:14,page_view,mobile
9558,,s0002875,2026-07-17 18:13:06,page_view,mobile
9559,,s0002875,2026-07-17 18:13:41,page_view,mobile
9560,,s0002875,2026-07-17 18:13:46,page_view,mobile
9561,,s0002875,2026-07-17 18:15:16,add_to_cart,mobile
9562,10627,s0002876,2026-07-17 16:56:29,page_view,mobile
9563,10627,s0002876,2026-07-17 16:57:10,add_to_cart,mobile
9564,10627,s0002876,2026-07-17 16:58:39,begin_checkout,mobile
9565,10604,s0002877,2026-07-17 01:35:41,page_view,desktop
9566,10604,s0002877,2026-07-17 01:37:31,page_view,desktop
9567,10604,s0002877,2026-07-17 01:38:47,page_view,desktop
9568,10604,s0002877,2026-07-17 01:40:24,page_view,desktop
9569,10604,s0002877,2026-07-17 01:40:58,add_to_cart,desktop
9570,10604,s0002877,2026-07-17 01:42:35,begin_checkout,desktop
9571,10604,s0002877,2026-07-17 01:43:47,purchase,desktop
9572,10061,s0002878,2026-07-17 00:30:48,page_view,mobile
9573,10061,s0002878,2026-07-17 00:31:47,add_to_cart,mobile
9574,10286,s0002879,2026-07-17 17:37:48,page_view,desktop
9575,10286,s0002879,2026-07-17 17:39:19,page_view,desktop
9576,10286,s0002879,2026-07-17 17:39:25,page_view,desktop
9577,10286,s0002879,2026-07-17 17:41:19,add_to_cart,desktop
9578,10286,s0002879,2026-07-17 17:41:46,begin_checkout,desktop
9579,10286,s0002879,2026-07-17 17:42:25,purchase,desktop
9580,10194,s0002880,2026-07-17 14:45:30,page_view,desktop
9581,10194,s0002880,2026-07-17 14:45:46,page_view,desktop
9582,10194,s0002880,2026-07-17 14:47:27,page_view,desktop
9583,10194,s0002880,2026-07-17 14:47:36,page_view,desktop
9584,10194,s0002880,2026-07-17 14:47:54,add_to_cart,desktop
9585,,s0002881,2026-07-17 06:39:42,page_view,mobile
9586,,s0002881,2026-07-17 06:40:01,page_view,mobile
9587,,s0002881,2026-07-17 06:40:57,page_view,mobile
9588,,s0002881,2026-07-17 06:41:09,page_view,mobile
9589,,s0002882,2026-07-17 13:20:29,page_view,Desktop
9590,,s0002882,2026-07-17 13:20:32,page_view,Desktop
9591,,s0002882,2026-07-17 13:21:04,page_view,Desktop
9592,,s0002882,2026-07-17 13:22:22,page_view,Desktop
9593,10172,s0002883,2026-07-17 08:49:56,page_view,mobile
9594,10172,s0002883,2026-07-17 08:50:13,page_view,mobile
9595,10172,s0002883,2026-07-17 08:51:37,add_to_cart,mobile
9596,10172,s0002883,2026-07-17 08:52:40,begin_checkout,mobile
9597,10286,s0002884,2026-07-17 21:14:16,page_view,desktop
9598,10286,s0002884,2026-07-17 21:15:20,add_to_cart,desktop
9599,,s0002885,2026-07-17 07:14:19,page_view,mobile
9600,,s0002885,2026-07-17 07:15:47,page_view,mobile
9601,,s0002885,2026-07-17 07:16:56,page_view,mobile
9602,,s0002885,2026-07-17 07:18:22,page_view,mobile
9603,,s0002886,2026-07-17 16:06:50,page_view,mobile
9604,,s0002886,2026-07-17 16:07:42,page_view,mobile
9605,10651,s0002887,2026-07-17 04:52:50,page_view,mobile
9606,10651,s0002887,2026-07-17 04:54:36,page_view,mobile
9607,10651,s0002887,2026-07-17 04:56:15,page_view,mobile
9608,,s0002888,2026-07-17 03:48:32,page_view,mobile
9609,,s0002888,2026-07-17 03:49:40,page_view,mobile
9610,,s0002888,2026-07-17 03:51:27,add_to_cart,mobile
9611,10679,s0002889,2026-07-17 10:09:06,page_view,Desktop
9612,10679,s0002889,2026-07-17 10:09:21,page_view,Desktop
9613,10679,s0002889,2026-07-17 10:10:52,add_to_cart,Desktop
9614,10256,s0002890,2026-07-17 06:07:55,page_view,mobile
9615,10256,s0002890,2026-07-17 06:09:20,add_to_cart,mobile
9616,10256,s0002890,2026-07-17 06:10:47,begin_checkout,mobile
9617,,s0002891,2026-07-17 07:38:38,page_view,desktop
9618,,s0002891,2026-07-17 07:40:24,page_view,desktop
9619,,s0002891,2026-07-17 07:42:20,add_to_cart,desktop
9620,,s0002891,2026-07-17 07:43:00,begin_checkout,desktop
9621,10578,s0002892,2026-07-17 22:13:10,page_view,desktop
9622,10578,s0002892,2026-07-17 22:14:36,page_view,desktop
9623,10578,s0002892,2026-07-17 22:16:01,add_to_cart,desktop
9624,,s0002893,2026-07-17 01:05:01,page_view,Desktop
9625,,s0002893,2026-07-17 01:06:39,page_view,Desktop
9626,,s0002893,2026-07-17 01:07:51,page_view,Desktop
9627,,s0002894,2026-07-18 05:51:27,page_view,mobile
9628,,s0002894,2026-07-18 05:52:21,page_view,mobile
9629,,s0002895,2026-07-18 01:36:05,page_view,mobile
9630,,s0002895,2026-07-18 01:36:44,page_view,mobile
9631,,s0002895,2026-07-18 01:38:07,page_view,mobile
9632,,s0002895,2026-07-18 01:38:37,page_view,mobile
9633,,s0002895,2026-07-18 01:39:26,add_to_cart,mobile
9634,,s0002895,2026-07-18 01:40:23,begin_checkout,mobile
9635,,s0002895,2026-07-18 01:41:27,purchase,mobile
9636,10260,s0002896,2026-07-18 00:14:12,page_view,mobile
9637,10260,s0002896,2026-07-18 00:14:50,page_view,mobile
9638,10260,s0002896,2026-07-18 00:15:40,page_view,mobile
9639,10382,s0002897,2026-07-18 04:24:39,page_view,desktop
9640,10382,s0002897,2026-07-18 04:25:23,page_view,desktop
9641,10382,s0002897,2026-07-18 04:25:37,page_view,desktop
9642,10382,s0002897,2026-07-18 04:26:09,page_view,desktop
9643,10057,s0002898,2026-07-18 01:17:38,page_view,Mobile
9644,10057,s0002898,2026-07-18 01:18:03,page_view,Mobile
9645,10057,s0002898,2026-07-18 01:19:58,page_view,Mobile
9646,10057,s0002898,2026-07-18 01:21:23,page_view,Mobile
9647,10576,s0002899,2026-07-18 08:18:39,page_view,tablet
9648,10576,s0002899,2026-07-18 08:19:38,page_view,tablet
9649,10576,s0002899,2026-07-18 08:20:56,page_view,tablet
9650,10576,s0002899,2026-07-18 08:21:58,page_view,tablet
9651,10576,s0002899,2026-07-18 08:22:57,add_to_cart,tablet
9652,10158,s0002900,2026-07-18 19:20:31,page_view,desktop
9653,10158,s0002900,2026-07-18 19:20:37,page_view,desktop
9654,10158,s0002900,2026-07-18 19:22:02,page_view,desktop
9655,10158,s0002900,2026-07-18 19:23:26,add_to_cart,desktop
9656,10237,s0002901,2026-07-18 00:22:17,page_view,tablet
9657,10237,s0002901,2026-07-18 00:23:48,page_view,tablet
9658,10560,s0002902,2026-07-18 06:06:54,page_view,desktop
9659,10410,s0002903,2026-07-18 22:23:11,page_view,desktop
9660,10410,s0002903,2026-07-18 22:24:41,page_view,desktop
9661,10410,s0002903,2026-07-18 22:25:48,add_to_cart,desktop
9662,10164,s0002904,2026-07-18 03:04:56,page_view,tablet
9663,10164,s0002904,2026-07-18 03:04:59,page_view,tablet
9664,10164,s0002904,2026-07-18 03:06:31,page_view,tablet
9665,10164,s0002904,2026-07-18 03:07:51,add_to_cart,tablet
9666,10164,s0002904,2026-07-18 03:09:03,begin_checkout,tablet
9667,10164,s0002904,2026-07-18 03:10:18,purchase,tablet
9668,10368,s0002905,2026-07-18 21:54:48,page_view,Desktop
9669,10368,s0002905,2026-07-18 21:55:25,page_view,Desktop
9670,10368,s0002905,2026-07-18 21:57:18,add_to_cart,Desktop
9671,10487,s0002906,2026-07-18 04:41:52,page_view,desktop
9672,10487,s0002906,2026-07-18 04:42:56,page_view,desktop
9673,10487,s0002906,2026-07-18 04:44:33,page_view,desktop
9674,10487,s0002906,2026-07-18 04:45:15,page_view,desktop
9675,10487,s0002906,2026-07-18 04:45:51,add_to_cart,desktop
9676,10487,s0002906,2026-07-18 04:46:56,begin_checkout,desktop
9677,10487,s0002906,2026-07-18 04:48:31,purchase,desktop
9678,,s0002907,2026-07-18 12:06:51,page_view,desktop
9679,,s0002907,2026-07-18 12:07:27,page_view,desktop
9680,,s0002907,2026-07-18 12:08:54,add_to_cart,desktop
9681,10021,s0002908,2026-07-18 20:43:48,page_view,mobile
9682,10021,s0002908,2026-07-18 20:44:01,add_to_cart,mobile
9683,10021,s0002908,2026-07-18 20:45:32,begin_checkout,mobile
9684,10021,s0002908,2026-07-18 20:46:28,purchase,mobile
9685,10308,s0002909,2026-07-18 12:41:36,page_view,desktop
9686,10308,s0002909,2026-07-18 12:41:45,page_view,desktop
9687,,s0002910,2026-07-18 12:15:59,page_view,mobile
9688,,s0002910,2026-07-18 12:17:32,page_view,mobile
9689,,s0002910,2026-07-18 12:18:30,page_view,mobile
9690,,s0002910,2026-07-18 12:19:29,add_to_cart,mobile
9691,10483,s0002911,2026-07-18 11:06:50,page_view,mobile
9692,10483,s0002911,2026-07-18 11:08:47,page_view,mobile
9693,10483,s0002911,2026-07-18 11:09:34,page_view,mobile
9694,10483,s0002911,2026-07-18 11:10:59,add_to_cart,mobile
9695,,s0002912,2026-07-18 02:19:35,page_view,mobile
9696,,s0002912,2026-07-18 02:20:04,page_view,mobile
9697,,s0002912,2026-07-18 02:20:32,page_view,mobile
9698,,s0002912,2026-07-18 02:21:15,page_view,mobile
9699,,s0002912,2026-07-18 02:21:19,add_to_cart,mobile
9700,,s0002912,2026-07-18 02:22:30,begin_checkout,mobile
9701,,s0002912,2026-07-18 02:23:56,purchase,mobile
9702,10086,s0002913,2026-07-18 09:28:49,page_view,tablet
9703,10086,s0002913,2026-07-18 09:29:39,add_to_cart,tablet
9704,10086,s0002913,2026-07-18 09:30:04,begin_checkout,tablet
9705,10347,s0002914,2026-07-18 00:16:19,page_view,Tablet
9706,10347,s0002914,2026-07-18 00:17:35,page_view,Tablet
9707,10347,s0002914,2026-07-18 00:19:11,page_view,Tablet
9708,,s0002915,2026-07-18 02:21:26,page_view,mobile
9709,,s0002915,2026-07-18 02:22:16,page_view,mobile
9710,,s0002915,2026-07-18 02:23:09,page_view,mobile
9711,,s0002915,2026-07-18 02:23:38,page_view,mobile
9712,10127,s0002916,2026-07-18 01:41:33,page_view,tablet
9713,10127,s0002916,2026-07-18 01:42:57,page_view,tablet
9714,,s0002917,2026-07-18 15:04:19,page_view,desktop
9715,,s0002917,2026-07-18 15:06:13,add_to_cart,desktop
9716,,s0002918,2026-07-18 19:50:14,page_view,Mobile
9717,,s0002918,2026-07-18 19:50:39,page_view,Mobile
9718,,s0002918,2026-07-18 19:51:50,page_view,Mobile
9719,,s0002918,2026-07-18 19:53:08,page_view,Mobile
9720,10231,s0002919,2026-07-18 01:33:30,page_view,mobile
9721,10231,s0002919,2026-07-18 01:35:28,page_view,mobile
9722,10231,s0002919,2026-07-18 01:37:20,add_to_cart,mobile
9723,10231,s0002919,2026-07-18 01:38:34,begin_checkout,mobile
9724,10231,s0002919,2026-07-18 01:38:57,purchase,mobile
9725,10222,s0002920,2026-07-18 18:40:18,page_view,desktop
9726,10222,s0002920,2026-07-18 18:41:24,page_view,desktop
9727,10222,s0002920,2026-07-18 18:42:04,page_view,desktop
9728,10222,s0002920,2026-07-18 18:43:53,page_view,desktop
9729,10222,s0002920,2026-07-18 18:45:02,add_to_cart,desktop
9730,10033,s0002921,2026-07-18 08:27:39,page_view,Tablet
9731,10033,s0002921,2026-07-18 08:27:53,page_view,Tablet
9732,10033,s0002921,2026-07-18 08:29:42,page_view,Tablet
9733,10033,s0002921,2026-07-18 08:31:13,page_view,Tablet
9734,10306,s0002922,2026-07-18 15:57:01,page_view,mobile
9735,10306,s0002922,2026-07-18 15:57:26,page_view,mobile
9736,,s0002923,2026-07-18 17:56:17,page_view,mobile
9737,,s0002923,2026-07-18 17:56:54,page_view,mobile
9738,,s0002923,2026-07-18 17:58:08,page_view,mobile
9739,,s0002923,2026-07-18 17:58:43,page_view,mobile
9740,10436,s0002924,2026-07-18 19:05:02,page_view,Mobile
9741,10436,s0002924,2026-07-18 19:06:01,page_view,Mobile
9742,10436,s0002924,2026-07-18 19:06:22,page_view,Mobile
9743,10436,s0002924,2026-07-18 19:07:17,page_view,Mobile
9744,10436,s0002924,2026-07-18 19:09:00,add_to_cart,Mobile
9745,10555,s0002925,2026-07-18 18:33:46,page_view,Mobile
9746,10555,s0002925,2026-07-18 18:35:45,page_view,Mobile
9747,10591,s0002926,2026-07-18 11:13:05,page_view,mobile
9748,10455,s0002927,2026-07-18 18:27:57,page_view,mobile
9749,10455,s0002927,2026-07-18 18:29:16,add_to_cart,mobile
9750,10455,s0002927,2026-07-18 18:29:39,begin_checkout,mobile
9751,10455,s0002927,2026-07-18 18:30:23,purchase,mobile
9752,,s0002928,2026-07-18 05:38:07,page_view,mobile
9753,,s0002928,2026-07-18 05:38:25,page_view,mobile
9754,,s0002928,2026-07-18 05:39:48,page_view,mobile
9755,,s0002928,2026-07-18 05:40:37,add_to_cart,mobile
9756,10386,s0002929,2026-07-18 13:52:44,page_view,mobile
9757,10386,s0002929,2026-07-18 13:53:55,page_view,mobile
9758,10386,s0002929,2026-07-18 13:55:10,page_view,mobile
9759,10386,s0002929,2026-07-18 13:55:30,page_view,mobile
9760,,s0002930,2026-07-18 12:06:27,page_view,desktop
9761,,s0002930,2026-07-18 12:07:25,page_view,desktop
9762,,s0002930,2026-07-18 12:09:24,page_view,desktop
9763,10490,s0002931,2026-07-18 07:18:13,page_view,desktop
9764,10469,s0002932,2026-07-18 08:38:35,page_view,tablet
9765,10362,s0002933,2026-07-18 13:52:30,page_view,tablet
9766,10362,s0002933,2026-07-18 13:53:44,page_view,tablet
9767,10362,s0002933,2026-07-18 13:53:52,page_view,tablet
9768,10362,s0002933,2026-07-18 13:54:49,add_to_cart,tablet
9769,10362,s0002933,2026-07-18 13:55:55,begin_checkout,tablet
9770,10362,s0002933,2026-07-18 13:56:11,purchase,tablet
9771,10491,s0002934,2026-07-18 18:43:07,page_view,mobile
9772,10491,s0002934,2026-07-18 18:43:52,page_view,mobile
9773,10491,s0002934,2026-07-18 18:45:20,page_view,mobile
9774,10491,s0002934,2026-07-18 18:46:15,page_view,mobile
9775,10598,s0002935,2026-07-18 13:16:19,page_view,desktop
9776,10598,s0002935,2026-07-18 13:17:40,page_view,desktop
9777,10598,s0002935,2026-07-18 13:18:41,add_to_cart,desktop
9778,10681,s0002936,2026-07-18 20:32:35,page_view,mobile
9779,10681,s0002936,2026-07-18 20:33:24,page_view,mobile
9780,10681,s0002936,2026-07-18 20:35:11,add_to_cart,mobile
9781,10681,s0002936,2026-07-18 20:37:07,begin_checkout,mobile
9782,10228,s0002937,2026-07-18 19:38:42,page_view,Desktop
9783,10228,s0002937,2026-07-18 19:40:19,page_view,Desktop
9784,10228,s0002937,2026-07-18 19:41:58,page_view,Desktop
9785,,s0002938,2026-07-18 21:41:49,page_view,desktop
9786,,s0002938,2026-07-18 21:42:43,page_view,desktop
9787,,s0002938,2026-07-18 21:42:56,page_view,desktop
9788,,s0002938,2026-07-18 21:43:40,add_to_cart,desktop
9789,,s0002938,2026-07-18 21:45:15,begin_checkout,desktop
9790,,s0002939,2026-07-18 21:56:45,page_view,desktop
9791,,s0002939,2026-07-18 21:57:38,page_view,desktop
9792,,s0002939,2026-07-18 21:58:58,add_to_cart,desktop
9793,,s0002939,2026-07-18 22:00:35,begin_checkout,desktop
9794,,s0002939,2026-07-18 22:01:09,purchase,desktop
9795,10182,s0002940,2026-07-18 00:36:03,page_view,mobile
9796,10182,s0002940,2026-07-18 00:36:35,page_view,mobile
9797,10182,s0002940,2026-07-18 00:38:28,page_view,mobile
9798,10182,s0002940,2026-07-18 00:39:55,page_view,mobile
9799,,s0002941,2026-07-18 10:11:03,page_view,desktop
9800,,s0002941,2026-07-18 10:12:01,add_to_cart,desktop
9801,,s0002941,2026-07-18 10:13:32,begin_checkout,desktop
9802,,s0002941,2026-07-18 10:13:40,purchase,desktop
9803,,s0002942,2026-07-18 02:58:34,page_view,mobile
9804,,s0002942,2026-07-18 02:59:30,page_view,mobile
9805,,s0002942,2026-07-18 03:00:07,page_view,mobile
9806,,s0002942,2026-07-18 03:01:56,page_view,mobile
9807,10246,s0002943,2026-07-18 18:06:41,page_view,tablet
9808,10246,s0002943,2026-07-18 18:07:28,page_view,tablet
9809,10246,s0002943,2026-07-18 18:07:35,page_view,tablet
9810,,s0002944,2026-07-18 01:19:50,page_view,mobile
9811,10486,s0002945,2026-07-18 04:17:36,page_view,Desktop
9812,10663,s0002946,2026-07-18 22:06:52,page_view,mobile
9813,,s0002947,2026-07-18 15:04:30,page_view,desktop
9814,,s0002947,2026-07-18 15:05:24,page_view,desktop
9815,,s0002948,2026-07-18 01:13:27,page_view,Desktop
9816,,s0002948,2026-07-18 01:15:12,page_view,Desktop
9817,,s0002948,2026-07-18 01:15:33,page_view,Desktop
9818,,s0002948,2026-07-18 01:16:58,page_view,Desktop
9819,10164,s0002949,2026-07-18 02:18:34,page_view,desktop
9820,10164,s0002949,2026-07-18 02:19:18,page_view,desktop
9821,,s0002950,2026-07-18 09:32:38,page_view,Mobile
9822,,s0002950,2026-07-18 09:34:03,page_view,Mobile
9823,,s0002950,2026-07-18 09:35:11,add_to_cart,Mobile
9824,,s0002950,2026-07-18 09:36:54,begin_checkout,Mobile
9825,,s0002950,2026-07-18 09:38:46,purchase,Mobile
9826,10478,s0002951,2026-07-18 12:29:51,page_view,mobile
9827,10478,s0002951,2026-07-18 12:30:33,page_view,mobile
9828,10478,s0002951,2026-07-18 12:31:15,page_view,mobile
9829,10478,s0002951,2026-07-18 12:31:28,page_view,mobile
9830,10116,s0002952,2026-07-18 10:26:41,page_view,mobile
9831,10116,s0002952,2026-07-18 10:27:23,page_view,mobile
9832,10116,s0002952,2026-07-18 10:28:52,page_view,mobile
9833,,s0002953,2026-07-18 09:49:02,page_view,mobile
9834,,s0002953,2026-07-18 09:50:26,page_view,mobile
9835,,s0002953,2026-07-18 09:52:05,page_view,mobile
9836,,s0002953,2026-07-18 09:53:30,page_view,mobile
9837,,s0002954,2026-07-18 03:34:38,page_view,mobile
9838,,s0002954,2026-07-18 03:35:51,page_view,mobile
9839,,s0002954,2026-07-18 03:36:15,page_view,mobile
9840,,s0002954,2026-07-18 03:37:44,page_view,mobile
9841,,s0002955,2026-07-18 02:20:39,page_view,mobile
9842,,s0002955,2026-07-18 02:21:24,page_view,mobile
9843,,s0002955,2026-07-18 02:22:51,page_view,mobile
9844,10094,s0002956,2026-07-18 00:30:45,page_view,desktop
9845,10094,s0002956,2026-07-18 00:32:10,add_to_cart,desktop
9846,10094,s0002956,2026-07-18 00:32:42,begin_checkout,desktop
9847,10094,s0002956,2026-07-18 00:33:43,purchase,desktop
9848,10527,s0002957,2026-07-18 19:12:14,page_view,desktop
9849,10527,s0002957,2026-07-18 19:12:32,page_view,desktop
9850,10527,s0002957,2026-07-18 19:14:12,page_view,desktop
9851,10527,s0002957,2026-07-18 19:16:06,page_view,desktop
9852,10133,s0002958,2026-07-18 01:18:32,page_view,mobile
9853,,s0002959,2026-07-18 13:29:13,page_view,desktop
9854,,s0002959,2026-07-18 13:30:44,page_view,desktop
9855,,s0002959,2026-07-18 13:31:18,page_view,desktop
9856,10227,s0002960,2026-07-18 00:30:51,page_view,desktop
9857,10227,s0002960,2026-07-18 00:31:39,page_view,desktop
9858,10227,s0002960,2026-07-18 00:33:01,page_view,desktop
9859,10227,s0002960,2026-07-18 00:34:50,add_to_cart,desktop
9860,,s0002961,2026-07-19 10:00:21,page_view,mobile
9861,10144,s0002962,2026-07-19 18:53:54,page_view,mobile
9862,10144,s0002962,2026-07-19 18:54:39,page_view,mobile
9863,10609,s0002963,2026-07-19 15:31:50,page_view,mobile
9864,10609,s0002963,2026-07-19 15:32:23,page_view,mobile
9865,,s0002964,2026-07-19 04:59:07,page_view,mobile
9866,,s0002964,2026-07-19 05:00:21,page_view,mobile
9867,,s0002964,2026-07-19 05:01:44,page_view,mobile
9868,,s0002964,2026-07-19 05:03:02,add_to_cart,mobile
9869,,s0002964,2026-07-19 05:03:47,begin_checkout,mobile
9870,,s0002964,2026-07-19 05:04:21,purchase,mobile
9871,10493,s0002965,2026-07-19 06:30:55,page_view,desktop
9872,10493,s0002965,2026-07-19 06:31:26,page_view,desktop
9873,10493,s0002965,2026-07-19 06:32:16,page_view,desktop
9874,10493,s0002965,2026-07-19 06:32:56,page_view,desktop
9875,10493,s0002965,2026-07-19 06:33:32,add_to_cart,desktop
9876,10493,s0002965,2026-07-19 06:34:50,begin_checkout,desktop
9877,10493,s0002965,2026-07-19 06:36:12,purchase,desktop
9878,10473,s0002966,2026-07-19 10:34:54,page_view,Mobile
9879,10473,s0002966,2026-07-19 10:36:19,page_view,Mobile
9880,10473,s0002966,2026-07-19 10:37:55,page_view,Mobile
9881,10473,s0002966,2026-07-19 10:38:32,add_to_cart,Mobile
9882,10473,s0002966,2026-07-19 10:38:38,begin_checkout,Mobile
9883,10473,s0002966,2026-07-19 10:39:53,purchase,Mobile
9884,10622,s0002967,2026-07-19 11:41:10,page_view,Desktop
9885,10622,s0002967,2026-07-19 11:43:08,page_view,Desktop
9886,10622,s0002967,2026-07-19 11:43:38,page_view,Desktop
9887,10622,s0002967,2026-07-19 11:44:48,page_view,Desktop
9888,10395,s0002968,2026-07-19 16:04:09,page_view,desktop
9889,10395,s0002968,2026-07-19 16:05:09,page_view,desktop
9890,10395,s0002968,2026-07-19 16:06:00,page_view,desktop
9891,10407,s0002969,2026-07-19 01:40:24,page_view,Mobile
9892,10407,s0002969,2026-07-19 01:42:11,page_view,Mobile
9893,10407,s0002969,2026-07-19 01:42:34,page_view,Mobile
9894,10407,s0002969,2026-07-19 01:43:51,add_to_cart,Mobile
9895,10407,s0002969,2026-07-19 01:45:40,begin_checkout,Mobile
9896,10407,s0002969,2026-07-19 01:47:02,purchase,Mobile
9897,10595,s0002970,2026-07-19 09:39:20,page_view,desktop
9898,10595,s0002970,2026-07-19 09:39:51,page_view,desktop
9899,10595,s0002970,2026-07-19 09:40:43,page_view,desktop
9900,10294,s0002971,2026-07-19 18:19:44,page_view,mobile
9901,10294,s0002971,2026-07-19 18:21:02,page_view,mobile
9902,10294,s0002971,2026-07-19 18:22:14,page_view,mobile
9903,10368,s0002972,2026-07-19 17:44:59,page_view,desktop
9904,10368,s0002972,2026-07-19 17:45:30,page_view,desktop
9905,10368,s0002972,2026-07-19 17:47:27,page_view,desktop
9906,10037,s0002973,2026-07-19 13:22:27,page_view,mobile
9907,10297,s0002974,2026-07-19 02:44:10,page_view,desktop
9908,10297,s0002974,2026-07-19 02:44:15,page_view,desktop
9909,10297,s0002974,2026-07-19 02:45:41,page_view,desktop
9910,10297,s0002974,2026-07-19 02:45:48,page_view,desktop
9911,,s0002975,2026-07-19 08:57:56,page_view,desktop
9912,,s0002975,2026-07-19 08:59:23,page_view,desktop
9913,,s0002975,2026-07-19 09:00:26,page_view,desktop
9914,,s0002976,2026-07-19 19:19:29,page_view,desktop
9915,,s0002976,2026-07-19 19:20:42,page_view,desktop
9916,,s0002976,2026-07-19 19:21:48,page_view,desktop
9917,,s0002976,2026-07-19 19:23:43,page_view,desktop
9918,,s0002976,2026-07-19 19:25:25,add_to_cart,desktop
9919,,s0002976,2026-07-19 19:26:57,begin_checkout,desktop
9920,,s0002976,2026-07-19 19:28:04,purchase,desktop
9921,10346,s0002977,2026-07-19 01:31:51,page_view,tablet
9922,10346,s0002977,2026-07-19 01:33:26,page_view,tablet
9923,10141,s0002978,2026-07-19 06:43:03,page_view,mobile
9924,10141,s0002978,2026-07-19 06:44:40,add_to_cart,mobile
9925,10141,s0002978,2026-07-19 06:45:04,begin_checkout,mobile
9926,10141,s0002978,2026-07-19 06:46:54,purchase,mobile
9927,10116,s0002979,2026-07-19 07:38:16,page_view,Mobile
9928,10116,s0002979,2026-07-19 07:38:33,page_view,Mobile
9929,10116,s0002979,2026-07-19 07:39:38,page_view,Mobile
9930,10116,s0002979,2026-07-19 07:41:07,page_view,Mobile
9931,10555,s0002980,2026-07-19 22:07:15,page_view,desktop
9932,10555,s0002980,2026-07-19 22:08:22,page_view,desktop
9933,10555,s0002980,2026-07-19 22:10:01,page_view,desktop
9934,10555,s0002980,2026-07-19 22:11:42,page_view,desktop
9935,10260,s0002981,2026-07-19 22:12:26,page_view,desktop
9936,10260,s0002981,2026-07-19 22:12:32,page_view,desktop
9937,10260,s0002981,2026-07-19 22:13:27,add_to_cart,desktop
9938,10260,s0002981,2026-07-19 22:15:18,begin_checkout,desktop
9939,10698,s0002982,2026-07-19 05:51:01,page_view,desktop
9940,10698,s0002982,2026-07-19 05:51:53,page_view,desktop
9941,10698,s0002982,2026-07-19 05:53:09,page_view,desktop
9942,10698,s0002982,2026-07-19 05:53:39,page_view,desktop
9943,10698,s0002982,2026-07-19 05:55:31,add_to_cart,desktop
9944,10698,s0002982,2026-07-19 05:57:15,begin_checkout,desktop
9945,10698,s0002982,2026-07-19 05:58:57,purchase,desktop
9946,,s0002983,2026-07-19 09:41:54,page_view,desktop
9947,,s0002983,2026-07-19 09:42:34,page_view,desktop
9948,,s0002984,2026-07-19 12:02:28,page_view,desktop
9949,,s0002984,2026-07-19 12:03:16,add_to_cart,desktop
9950,,s0002984,2026-07-19 12:03:24,begin_checkout,desktop
9951,,s0002984,2026-07-19 12:04:38,purchase,desktop
9952,,s0002985,2026-07-19 10:23:54,page_view,mobile
9953,,s0002985,2026-07-19 10:25:40,page_view,mobile
9954,,s0002985,2026-07-19 10:26:12,page_view,mobile
9955,,s0002985,2026-07-19 10:27:02,add_to_cart,mobile
9956,,s0002986,2026-07-19 14:00:25,page_view,desktop
9957,,s0002986,2026-07-19 14:02:17,page_view,desktop
9958,,s0002986,2026-07-19 14:03:42,add_to_cart,desktop
9959,10189,s0002987,2026-07-19 09:19:14,page_view,desktop
9960,10235,s0002988,2026-07-19 16:28:04,page_view,mobile
9961,10235,s0002988,2026-07-19 16:29:30,add_to_cart,mobile
9962,10235,s0002988,2026-07-19 16:29:44,begin_checkout,mobile
9963,10235,s0002988,2026-07-19 16:30:14,purchase,mobile
9964,10421,s0002989,2026-07-19 07:53:12,page_view,mobile
9965,10421,s0002989,2026-07-19 07:54:41,page_view,mobile
9966,10421,s0002989,2026-07-19 07:56:06,page_view,mobile
9967,10421,s0002989,2026-07-19 07:56:46,page_view,mobile
9968,,s0002990,2026-07-19 05:21:26,page_view,desktop
9969,,s0002990,2026-07-19 05:22:53,page_view,desktop
9970,,s0002990,2026-07-19 05:22:56,page_view,desktop
9971,,s0002990,2026-07-19 05:24:49,page_view,desktop
9972,10677,s0002991,2026-07-19 16:16:50,page_view,mobile
9973,10677,s0002991,2026-07-19 16:18:30,page_view,mobile
9974,10677,s0002991,2026-07-19 16:18:33,page_view,mobile
9975,10677,s0002991,2026-07-19 16:20:32,page_view,mobile
9976,10677,s0002991,2026-07-19 16:21:33,add_to_cart,mobile
9977,10075,s0002992,2026-07-19 13:31:36,page_view,desktop
9978,10075,s0002992,2026-07-19 13:32:10,page_view,desktop
9979,10485,s0002993,2026-07-19 04:16:23,page_view,desktop
9980,10490,s0002994,2026-07-19 04:40:16,page_view,mobile
9981,10490,s0002994,2026-07-19 04:40:31,page_view,mobile
9982,10227,s0002995,2026-07-19 09:51:52,page_view,mobile
9983,10227,s0002995,2026-07-19 09:52:44,page_view,mobile
9984,10227,s0002995,2026-07-19 09:54:18,page_view,mobile
9985,10227,s0002995,2026-07-19 09:55:02,add_to_cart,mobile
9986,10002,s0002996,2026-07-19 20:42:56,page_view,desktop
9987,10002,s0002996,2026-07-19 20:44:20,page_view,desktop
9988,10002,s0002996,2026-07-19 20:45:03,page_view,desktop
9989,10002,s0002996,2026-07-19 20:46:31,add_to_cart,desktop
9990,10002,s0002996,2026-07-19 20:46:35,begin_checkout,desktop
9991,10002,s0002996,2026-07-19 20:47:46,purchase,desktop
9992,10323,s0002997,2026-07-19 11:11:00,page_view,desktop
9993,10323,s0002997,2026-07-19 11:12:50,page_view,desktop
9994,10323,s0002997,2026-07-19 11:13:40,page_view,desktop
9995,,s0002998,2026-07-19 15:25:01,page_view,mobile
9996,,s0002998,2026-07-19 15:25:42,page_view,mobile
9997,,s0002998,2026-07-19 15:27:08,page_view,mobile
9998,,s0002998,2026-07-19 15:27:30,add_to_cart,mobile
9999,10197,s0002999,2026-07-19 08:18:54,page_view,tablet
10000,10197,s0002999,2026-07-19 08:20:09,page_view,tablet
10001,,s0003000,2026-07-19 10:33:10,page_view,mobile
10002,,s0003001,2026-07-19 20:11:55,page_view,mobile
10003,,s0003001,2026-07-19 20:12:24,page_view,mobile
10004,,s0003001,2026-07-19 20:14:04,page_view,mobile
10005,,s0003001,2026-07-19 20:14:51,page_view,mobile
10006,10251,s0003002,2026-07-19 14:23:20,page_view,desktop
10007,10251,s0003002,2026-07-19 14:24:20,add_to_cart,desktop
10008,,s0003003,2026-07-19 05:58:49,page_view,mobile
10009,,s0003003,2026-07-19 06:00:37,page_view,mobile
10010,,s0003003,2026-07-19 06:02:02,page_view,mobile
10011,,s0003003,2026-07-19 06:03:57,page_view,mobile
10012,10035,s0003004,2026-07-19 20:15:55,page_view,tablet
10013,,s0003005,2026-07-19 16:55:35,page_view,mobile
10014,10089,s0003006,2026-07-19 08:34:31,page_view,desktop
10015,10089,s0003006,2026-07-19 08:34:37,page_view,desktop
10016,10089,s0003006,2026-07-19 08:36:19,page_view,desktop
10017,10089,s0003006,2026-07-19 08:37:47,add_to_cart,desktop
10018,10175,s0003007,2026-07-19 15:57:19,page_view,mobile
10019,10175,s0003007,2026-07-19 15:57:55,page_view,mobile
10020,10175,s0003007,2026-07-19 15:59:07,add_to_cart,mobile
10021,10378,s0003008,2026-07-19 04:41:18,page_view,mobile
10022,10378,s0003008,2026-07-19 04:41:22,page_view,mobile
10023,10378,s0003008,2026-07-19 04:41:30,page_view,mobile
10024,10378,s0003008,2026-07-19 04:41:43,page_view,mobile
10025,10457,s0003009,2026-07-19 08:36:06,page_view,mobile
10026,,s0003010,2026-07-19 09:45:51,page_view,desktop
10027,,s0003010,2026-07-19 09:47:46,page_view,desktop
10028,,s0003010,2026-07-19 09:48:13,page_view,desktop
10029,,s0003010,2026-07-19 09:50:06,add_to_cart,desktop
10030,,s0003011,2026-07-19 18:51:34,page_view,mobile
10031,10610,s0003012,2026-07-19 21:13:25,page_view,desktop
10032,10610,s0003012,2026-07-19 21:14:46,page_view,desktop
10033,10610,s0003012,2026-07-19 21:15:02,page_view,desktop
10034,10610,s0003012,2026-07-19 21:15:08,page_view,desktop
10035,10610,s0003012,2026-07-19 21:15:25,add_to_cart,desktop
10036,10610,s0003012,2026-07-19 21:16:06,begin_checkout,desktop
10037,10610,s0003012,2026-07-19 21:16:49,purchase,desktop
10038,10136,s0003013,2026-07-19 16:36:19,page_view,desktop
10039,10136,s0003013,2026-07-19 16:36:46,page_view,desktop
10040,,s0003014,2026-07-19 02:33:28,page_view,mobile
10041,,s0003014,2026-07-19 02:35:23,page_view,mobile
10042,10137,s0003015,2026-07-19 00:07:58,page_view,desktop
10043,10137,s0003015,2026-07-19 00:08:14,page_view,desktop
10044,10137,s0003015,2026-07-19 00:09:18,page_view,desktop
10045,10137,s0003015,2026-07-19 00:09:49,page_view,desktop
10046,,s0003016,2026-07-19 22:29:36,page_view,desktop
10047,,s0003016,2026-07-19 22:29:53,page_view,desktop
10048,,s0003016,2026-07-19 22:30:50,page_view,desktop
10049,,s0003016,2026-07-19 22:31:41,page_view,desktop
10050,,s0003016,2026-07-19 22:32:20,add_to_cart,desktop
10051,,s0003016,2026-07-19 22:32:30,begin_checkout,desktop
10052,,s0003016,2026-07-19 22:34:27,purchase,desktop
10053,,s0003017,2026-07-19 11:41:21,page_view,mobile
10054,,s0003017,2026-07-19 11:43:00,page_view,mobile
10055,,s0003017,2026-07-19 11:44:03,page_view,mobile
10056,,s0003017,2026-07-19 11:44:23,add_to_cart,mobile
10057,,s0003017,2026-07-19 11:45:34,begin_checkout,mobile
10058,,s0003017,2026-07-19 11:47:32,purchase,mobile
10059,,s0003018,2026-07-19 07:06:47,page_view,Mobile
10060,,s0003018,2026-07-19 07:07:44,page_view,Mobile
10061,,s0003018,2026-07-19 07:08:00,page_view,Mobile
10062,,s0003018,2026-07-19 07:08:53,page_view,Mobile
10063,,s0003018,2026-07-19 07:10:28,add_to_cart,Mobile
10064,10287,s0003019,2026-07-19 11:30:07,page_view,mobile
10065,10287,s0003019,2026-07-19 11:31:46,add_to_cart,mobile
10066,10342,s0003020,2026-07-19 08:43:33,page_view,mobile
10067,10342,s0003020,2026-07-19 08:44:27,page_view,mobile
10068,10342,s0003020,2026-07-19 08:45:15,page_view,mobile
10069,10342,s0003020,2026-07-19 08:46:47,page_view,mobile
10070,,s0003021,2026-07-19 01:36:08,page_view,mobile
10071,,s0003021,2026-07-19 01:37:14,page_view,mobile
10072,,s0003021,2026-07-19 01:37:39,page_view,mobile
10073,,s0003022,2026-07-19 11:19:00,page_view,desktop
10074,,s0003022,2026-07-19 11:20:03,page_view,desktop
10075,10473,s0003023,2026-07-19 06:16:01,page_view,mobile
10076,10473,s0003023,2026-07-19 06:17:06,page_view,mobile
10077,10473,s0003023,2026-07-19 06:17:46,page_view,mobile
10078,10473,s0003023,2026-07-19 06:18:57,page_view,mobile
10079,10652,s0003024,2026-07-20 06:51:52,page_view,mobile
10080,10652,s0003024,2026-07-20 06:52:29,page_view,mobile
10081,10652,s0003024,2026-07-20 06:53:29,page_view,mobile
10082,10652,s0003024,2026-07-20 06:54:48,page_view,mobile
10083,,s0003025,2026-07-20 14:33:21,page_view,desktop
10084,,s0003025,2026-07-20 14:34:00,page_view,desktop
10085,,s0003025,2026-07-20 14:34:41,page_view,desktop
10086,,s0003026,2026-07-20 06:32:03,page_view,Desktop
10087,,s0003026,2026-07-20 06:33:59,page_view,Desktop
10088,,s0003026,2026-07-20 06:35:35,add_to_cart,Desktop
10089,,s0003026,2026-07-20 06:36:50,begin_checkout,Desktop
10090,,s0003026,2026-07-20 06:37:07,purchase,Desktop
10091,10415,s0003027,2026-07-20 11:57:53,page_view,mobile
10092,10415,s0003027,2026-07-20 11:58:34,add_to_cart,mobile
10093,10367,s0003028,2026-07-20 07:54:05,page_view,desktop
10094,10367,s0003028,2026-07-20 07:54:41,page_view,desktop
10095,10367,s0003028,2026-07-20 07:54:58,page_view,desktop
10096,10367,s0003028,2026-07-20 07:55:56,page_view,desktop
10097,,s0003029,2026-07-20 09:42:54,page_view,mobile
10098,,s0003029,2026-07-20 09:43:34,page_view,mobile
10099,,s0003029,2026-07-20 09:44:44,add_to_cart,mobile
10100,,s0003029,2026-07-20 09:46:02,begin_checkout,mobile
10101,,s0003029,2026-07-20 09:47:55,purchase,mobile
10102,10450,s0003030,2026-07-20 19:08:06,page_view,desktop
10103,10450,s0003030,2026-07-20 19:08:43,page_view,desktop
10104,10450,s0003030,2026-07-20 19:08:49,page_view,desktop
10105,10450,s0003030,2026-07-20 19:09:57,page_view,desktop
10106,,s0003031,2026-07-20 07:52:00,page_view,tablet
10107,,s0003031,2026-07-20 07:52:30,add_to_cart,tablet
10108,10303,s0003032,2026-07-20 06:31:06,page_view,desktop
10109,10303,s0003032,2026-07-20 06:31:27,page_view,desktop
10110,10303,s0003032,2026-07-20 06:33:01,page_view,desktop
10111,10684,s0003033,2026-07-20 06:08:31,page_view,tablet
10112,10684,s0003033,2026-07-20 06:08:43,page_view,tablet
10113,10684,s0003033,2026-07-20 06:10:28,page_view,tablet
10114,,s0003034,2026-07-20 17:30:14,page_view,desktop
10115,,s0003034,2026-07-20 17:31:55,page_view,desktop
10116,,s0003034,2026-07-20 17:32:46,page_view,desktop
10117,,s0003034,2026-07-20 17:34:12,add_to_cart,desktop
10118,,s0003034,2026-07-20 17:35:31,begin_checkout,desktop
10119,,s0003034,2026-07-20 17:35:39,purchase,desktop
10120,,s0003035,2026-07-20 10:14:53,page_view,desktop
10121,,s0003035,2026-07-20 10:16:04,page_view,desktop
10122,10201,s0003036,2026-07-20 07:34:41,page_view,desktop
10123,10201,s0003036,2026-07-20 07:35:27,page_view,desktop
10124,10201,s0003036,2026-07-20 07:36:26,page_view,desktop
10125,10201,s0003036,2026-07-20 07:36:42,page_view,desktop
10126,10542,s0003037,2026-07-20 07:04:57,page_view,mobile
10127,10111,s0003038,2026-07-20 19:59:06,page_view,desktop
10128,10111,s0003038,2026-07-20 19:59:28,page_view,desktop
10129,10111,s0003038,2026-07-20 20:00:55,page_view,desktop
10130,10111,s0003038,2026-07-20 20:02:42,page_view,desktop
10131,,s0003039,2026-07-20 07:36:24,page_view,mobile
10132,,s0003039,2026-07-20 07:37:36,page_view,mobile
10133,,s0003040,2026-07-20 00:39:54,page_view,mobile
10134,,s0003040,2026-07-20 00:40:38,page_view,mobile
10135,,s0003041,2026-07-20 05:38:04,page_view,mobile
10136,,s0003042,2026-07-20 13:45:10,page_view,mobile
10137,,s0003042,2026-07-20 13:45:24,page_view,mobile
10138,,s0003042,2026-07-20 13:45:35,add_to_cart,mobile
10139,,s0003042,2026-07-20 13:47:27,begin_checkout,mobile
10140,,s0003042,2026-07-20 13:47:31,purchase,mobile
10141,10283,s0003043,2026-07-20 18:57:35,page_view,mobile
10142,10001,s0003044,2026-07-20 13:26:52,page_view,desktop
10143,10001,s0003044,2026-07-20 13:27:08,page_view,desktop
10144,10001,s0003044,2026-07-20 13:27:58,page_view,desktop
10145,10001,s0003044,2026-07-20 13:29:10,page_view,desktop
10146,,s0003045,2026-07-20 17:12:48,page_view,mobile
10147,10239,s0003046,2026-07-20 06:02:40,page_view,desktop
10148,10239,s0003046,2026-07-20 06:04:01,page_view,desktop
10149,10239,s0003046,2026-07-20 06:05:11,page_view,desktop
10150,10239,s0003046,2026-07-20 06:05:19,page_view,desktop
10151,,s0003047,2026-07-20 07:37:22,page_view,mobile
10152,,s0003047,2026-07-20 07:38:38,page_view,mobile
10153,,s0003047,2026-07-20 07:38:43,page_view,mobile
10154,,s0003047,2026-07-20 07:39:59,page_view,mobile
10155,10395,s0003048,2026-07-20 19:52:21,page_view,desktop
10156,10395,s0003048,2026-07-20 19:52:33,page_view,desktop
10157,,s0003049,2026-07-20 17:41:28,page_view,mobile
10158,,s0003049,2026-07-20 17:41:36,page_view,mobile
10159,,s0003050,2026-07-20 00:23:08,page_view,mobile
10160,,s0003050,2026-07-20 00:24:39,page_view,mobile
10161,,s0003050,2026-07-20 00:26:21,page_view,mobile
10162,10350,s0003051,2026-07-20 01:01:05,page_view,desktop
10163,10350,s0003051,2026-07-20 01:01:20,page_view,desktop
10164,10350,s0003051,2026-07-20 01:03:14,page_view,desktop
10165,10350,s0003051,2026-07-20 01:04:27,page_view,desktop
10166,10350,s0003051,2026-07-20 01:04:57,add_to_cart,desktop
10167,10350,s0003051,2026-07-20 01:06:22,begin_checkout,desktop
10168,10350,s0003051,2026-07-20 01:08:10,purchase,desktop
10169,10446,s0003052,2026-07-20 02:18:17,page_view,desktop
10170,10446,s0003052,2026-07-20 02:19:53,add_to_cart,desktop
10171,10012,s0003053,2026-07-20 01:48:33,page_view,desktop
10172,10012,s0003053,2026-07-20 01:49:54,page_view,desktop
10173,10012,s0003053,2026-07-20 01:50:00,page_view,desktop
10174,,s0003054,2026-07-20 16:54:49,page_view,mobile
10175,,s0003054,2026-07-20 16:56:07,page_view,mobile
10176,,s0003054,2026-07-20 16:57:14,page_view,mobile
10177,,s0003055,2026-07-20 19:32:41,page_view,desktop
10178,,s0003055,2026-07-20 19:33:19,page_view,desktop
10179,,s0003055,2026-07-20 19:33:52,page_view,desktop
10180,,s0003055,2026-07-20 19:35:15,page_view,desktop
10181,,s0003056,2026-07-20 05:58:00,page_view,mobile
10182,,s0003056,2026-07-20 05:58:10,page_view,mobile
10183,,s0003056,2026-07-20 06:00:04,add_to_cart,mobile
10184,,s0003056,2026-07-20 06:00:24,begin_checkout,mobile
10185,10167,s0003057,2026-07-20 14:35:44,page_view,tablet
10186,10167,s0003057,2026-07-20 14:35:55,page_view,tablet
10187,10167,s0003057,2026-07-20 14:36:57,page_view,tablet
10188,,s0003058,2026-07-20 05:48:48,page_view,desktop
10189,,s0003058,2026-07-20 05:50:18,page_view,desktop
10190,10641,s0003059,2026-07-20 19:10:30,page_view,desktop
10191,10641,s0003059,2026-07-20 19:11:15,page_view,desktop
10192,10641,s0003059,2026-07-20 19:13:00,page_view,desktop
10193,10410,s0003060,2026-07-20 13:58:11,page_view,mobile
10194,10599,s0003061,2026-07-20 12:43:59,page_view,desktop
10195,,s0003062,2026-07-20 13:11:41,page_view,Desktop
10196,,s0003062,2026-07-20 13:13:24,page_view,Desktop
10197,,s0003062,2026-07-20 13:13:52,page_view,Desktop
10198,,s0003063,2026-07-20 15:05:33,page_view,mobile
10199,,s0003063,2026-07-20 15:07:20,page_view,mobile
10200,,s0003064,2026-07-20 22:09:44,page_view,mobile
10201,,s0003064,2026-07-20 22:10:30,page_view,mobile
10202,,s0003064,2026-07-20 22:12:01,page_view,mobile
10203,,s0003065,2026-07-20 09:18:38,page_view,mobile
10204,,s0003065,2026-07-20 09:19:55,page_view,mobile
10205,10221,s0003066,2026-07-20 01:22:52,page_view,mobile
10206,10221,s0003066,2026-07-20 01:24:43,page_view,mobile
10207,10221,s0003066,2026-07-20 01:26:11,page_view,mobile
10208,10221,s0003066,2026-07-20 01:27:47,page_view,mobile
10209,10221,s0003066,2026-07-20 01:28:49,add_to_cart,mobile
10210,10221,s0003066,2026-07-20 01:30:14,begin_checkout,mobile
10211,,s0003067,2026-07-20 17:21:40,page_view,tablet
10212,,s0003068,2026-07-20 15:00:07,page_view,desktop
10213,,s0003068,2026-07-20 15:00:35,page_view,desktop
10214,,s0003068,2026-07-20 15:01:12,page_view,desktop
10215,,s0003068,2026-07-20 15:02:38,page_view,desktop
10216,,s0003069,2026-07-20 13:54:34,page_view,desktop
10217,,s0003069,2026-07-20 13:55:10,page_view,desktop
10218,,s0003069,2026-07-20 13:55:29,page_view,desktop
10219,,s0003069,2026-07-20 13:56:29,page_view,desktop
10220,,s0003070,2026-07-20 16:08:51,page_view,mobile
10221,,s0003070,2026-07-20 16:09:02,page_view,mobile
10222,,s0003070,2026-07-20 16:09:29,page_view,mobile
10223,,s0003070,2026-07-20 16:10:28,add_to_cart,mobile
10224,,s0003070,2026-07-20 16:12:19,begin_checkout,mobile
10225,,s0003071,2026-07-20 20:18:41,page_view,desktop
10226,,s0003071,2026-07-20 20:20:21,page_view,desktop
10227,,s0003071,2026-07-20 20:20:38,page_view,desktop
10228,,s0003071,2026-07-20 20:21:14,page_view,desktop
10229,,s0003072,2026-07-20 20:54:54,page_view,mobile
10230,,s0003072,2026-07-20 20:55:56,page_view,mobile
10231,,s0003073,2026-07-20 18:13:30,page_view,desktop
10232,,s0003073,2026-07-20 18:13:40,page_view,desktop
10233,,s0003073,2026-07-20 18:15:33,page_view,desktop
10234,,s0003073,2026-07-20 18:15:55,page_view,desktop
10235,10361,s0003074,2026-07-20 20:19:41,page_view,desktop
10236,,s0003075,2026-07-20 08:36:47,page_view,desktop
10237,,s0003075,2026-07-20 08:37:04,page_view,desktop
10238,,s0003075,2026-07-20 08:37:07,page_view,desktop
10239,,s0003075,2026-07-20 08:37:31,add_to_cart,desktop
10240,10056,s0003076,2026-07-20 14:59:36,page_view,desktop
10241,10022,s0003077,2026-07-20 06:54:24,page_view,tablet
10242,10022,s0003077,2026-07-20 06:55:46,page_view,tablet
10243,10022,s0003077,2026-07-20 06:57:40,page_view,tablet
10244,10022,s0003077,2026-07-20 06:58:45,page_view,tablet
10245,10022,s0003077,2026-07-20 06:59:10,add_to_cart,tablet
10246,10586,s0003078,2026-07-20 08:04:40,page_view,tablet
10247,10639,s0003079,2026-07-20 05:56:26,page_view,desktop
10248,10639,s0003079,2026-07-20 05:56:45,add_to_cart,desktop
10249,10639,s0003079,2026-07-20 05:57:22,begin_checkout,desktop
10250,10639,s0003079,2026-07-20 05:57:37,purchase,desktop
10251,10065,s0003080,2026-07-20 00:48:49,page_view,mobile
10252,10065,s0003080,2026-07-20 00:49:57,page_view,mobile
10253,10065,s0003080,2026-07-20 00:51:04,page_view,mobile
10254,10065,s0003080,2026-07-20 00:52:41,page_view,mobile
10255,10065,s0003080,2026-07-20 00:53:04,add_to_cart,mobile
10256,10574,s0003081,2026-07-21 21:33:27,page_view,mobile
10257,,s0003082,2026-07-21 00:47:35,page_view,mobile
10258,,s0003082,2026-07-21 00:49:04,page_view,mobile
10259,,s0003082,2026-07-21 00:50:18,page_view,mobile
10260,,s0003083,2026-07-21 15:45:29,page_view,desktop
10261,,s0003083,2026-07-21 15:47:16,page_view,desktop
10262,,s0003084,2026-07-21 12:04:24,page_view,mobile
10263,,s0003084,2026-07-21 12:05:56,page_view,mobile
10264,10410,s0003085,2026-07-21 01:55:13,page_view,tablet
10265,10492,s0003086,2026-07-21 12:33:35,page_view,mobile
10266,10492,s0003086,2026-07-21 12:34:20,page_view,mobile
10267,10492,s0003086,2026-07-21 12:35:42,page_view,mobile
10268,10492,s0003086,2026-07-21 12:36:14,page_view,mobile
10269,10492,s0003086,2026-07-21 12:36:32,add_to_cart,mobile
10270,10492,s0003086,2026-07-21 12:36:53,begin_checkout,mobile
10271,10492,s0003086,2026-07-21 12:37:29,purchase,mobile
10272,10505,s0003087,2026-07-21 16:23:03,page_view,mobile
10273,10505,s0003087,2026-07-21 16:24:53,add_to_cart,mobile
10274,10206,s0003088,2026-07-21 11:58:43,page_view,mobile
10275,10206,s0003088,2026-07-21 11:59:15,page_view,mobile
10276,10206,s0003088,2026-07-21 12:00:13,page_view,mobile
10277,10206,s0003088,2026-07-21 12:01:04,add_to_cart,mobile
10278,10425,s0003089,2026-07-21 06:39:51,page_view,tablet
10279,10425,s0003089,2026-07-21 06:41:20,page_view,tablet
10280,10425,s0003089,2026-07-21 06:42:33,add_to_cart,tablet
10281,10419,s0003090,2026-07-21 09:32:33,page_view,desktop
10282,10419,s0003090,2026-07-21 09:33:21,page_view,desktop
10283,10419,s0003090,2026-07-21 09:35:03,page_view,desktop
10284,10419,s0003090,2026-07-21 09:35:24,add_to_cart,desktop
10285,10164,s0003091,2026-07-21 15:04:35,page_view,desktop
10286,10164,s0003091,2026-07-21 15:05:56,page_view,desktop
10287,10164,s0003091,2026-07-21 15:06:00,page_view,desktop
10288,10164,s0003091,2026-07-21 15:07:25,page_view,desktop
10289,10164,s0003091,2026-07-21 15:08:25,add_to_cart,desktop
10290,10194,s0003092,2026-07-21 19:58:15,page_view,mobile
10291,10194,s0003092,2026-07-21 19:59:42,page_view,mobile
10292,10194,s0003092,2026-07-21 20:01:26,page_view,mobile
10293,10194,s0003092,2026-07-21 20:02:53,page_view,mobile
10294,,s0003093,2026-07-21 00:52:55,page_view,mobile
10295,,s0003093,2026-07-21 00:54:28,page_view,mobile
10296,10094,s0003094,2026-07-21 20:21:33,page_view,desktop
10297,10094,s0003094,2026-07-21 20:21:56,page_view,desktop
10298,10094,s0003094,2026-07-21 20:23:00,page_view,desktop
10299,10094,s0003094,2026-07-21 20:24:37,page_view,desktop
10300,10319,s0003095,2026-07-21 05:49:37,page_view,Tablet
10301,10319,s0003095,2026-07-21 05:50:46,page_view,Tablet
10302,10319,s0003095,2026-07-21 05:52:38,page_view,Tablet
10303,10319,s0003095,2026-07-21 05:53:04,page_view,Tablet
10304,10319,s0003095,2026-07-21 05:55:03,add_to_cart,Tablet
10305,10319,s0003095,2026-07-21 05:55:13,begin_checkout,Tablet
10306,10412,s0003096,2026-07-21 03:15:25,page_view,desktop
10307,10412,s0003096,2026-07-21 03:17:12,add_to_cart,desktop
10308,10412,s0003096,2026-07-21 03:18:26,begin_checkout,desktop
10309,10412,s0003096,2026-07-21 03:20:22,purchase,desktop
10310,,s0003097,2026-07-21 07:11:45,page_view,desktop
10311,,s0003097,2026-07-21 07:12:02,page_view,desktop
10312,,s0003097,2026-07-21 07:13:59,page_view,desktop
10313,,s0003097,2026-07-21 07:14:39,page_view,desktop
10314,,s0003098,2026-07-21 15:31:11,page_view,desktop
10315,,s0003098,2026-07-21 15:33:09,page_view,desktop
10316,,s0003098,2026-07-21 15:34:02,page_view,desktop
10317,,s0003098,2026-07-21 15:34:27,add_to_cart,desktop
10318,,s0003098,2026-07-21 15:36:04,begin_checkout,desktop
10319,,s0003098,2026-07-21 15:36:43,purchase,desktop
10320,,s0003099,2026-07-21 13:21:56,page_view,mobile
10321,,s0003099,2026-07-21 13:23:00,page_view,mobile
10322,,s0003099,2026-07-21 13:23:09,page_view,mobile
10323,10108,s0003100,2026-07-21 11:01:26,page_view,mobile
10324,10108,s0003100,2026-07-21 11:03:26,page_view,mobile
10325,10437,s0003101,2026-07-21 07:15:51,page_view,mobile
10326,10437,s0003101,2026-07-21 07:16:54,page_view,mobile
10327,10367,s0003102,2026-07-21 12:00:00,page_view,desktop
10328,10367,s0003102,2026-07-21 12:00:26,page_view,desktop
10329,10367,s0003102,2026-07-21 12:01:02,page_view,desktop
10330,10367,s0003102,2026-07-21 12:02:53,add_to_cart,desktop
10331,,s0003103,2026-07-21 14:45:17,page_view,desktop
10332,,s0003103,2026-07-21 14:45:39,add_to_cart,desktop
10333,,s0003103,2026-07-21 14:46:05,begin_checkout,desktop
10334,,s0003103,2026-07-21 14:48:02,purchase,desktop
10335,10047,s0003104,2026-07-21 08:09:06,page_view,desktop
10336,10471,s0003105,2026-07-21 15:41:35,page_view,desktop
10337,10471,s0003105,2026-07-21 15:43:10,page_view,desktop
10338,10471,s0003105,2026-07-21 15:43:44,page_view,desktop
10339,10471,s0003105,2026-07-21 15:43:48,page_view,desktop
10340,,s0003106,2026-07-21 22:25:47,page_view,desktop
10341,,s0003106,2026-07-21 22:26:54,page_view,desktop
10342,10691,s0003107,2026-07-21 07:28:35,page_view,Mobile
10343,10691,s0003107,2026-07-21 07:29:14,page_view,Mobile
10344,10554,s0003108,2026-07-21 08:34:29,page_view,desktop
10345,10554,s0003108,2026-07-21 08:35:41,page_view,desktop
10346,10554,s0003108,2026-07-21 08:37:05,page_view,desktop
10347,,s0003109,2026-07-21 16:06:36,page_view,mobile
10348,,s0003109,2026-07-21 16:07:52,page_view,mobile
10349,10498,s0003110,2026-07-21 21:05:38,page_view,desktop
10350,10532,s0003111,2026-07-21 14:05:26,page_view,mobile
10351,10532,s0003111,2026-07-21 14:06:35,page_view,mobile
10352,10532,s0003111,2026-07-21 14:08:14,page_view,mobile
10353,10506,s0003112,2026-07-21 04:11:46,page_view,desktop
10354,10506,s0003112,2026-07-21 04:12:22,page_view,desktop
10355,10238,s0003113,2026-07-21 16:53:00,page_view,desktop
10356,10238,s0003113,2026-07-21 16:53:43,page_view,desktop
10357,10396,s0003114,2026-07-21 09:42:42,page_view,mobile
10358,10396,s0003114,2026-07-21 09:43:15,add_to_cart,mobile
10359,10396,s0003114,2026-07-21 09:44:45,begin_checkout,mobile
10360,10244,s0003115,2026-07-21 14:15:23,page_view,desktop
10361,10244,s0003115,2026-07-21 14:16:19,page_view,desktop
10362,,s0003116,2026-07-21 10:54:47,page_view,Desktop
10363,,s0003116,2026-07-21 10:54:54,page_view,Desktop
10364,,s0003116,2026-07-21 10:56:18,page_view,Desktop
10365,10463,s0003117,2026-07-21 19:11:45,page_view,mobile
10366,10463,s0003117,2026-07-21 19:12:54,page_view,mobile
10367,10463,s0003117,2026-07-21 19:13:49,page_view,mobile
10368,10463,s0003117,2026-07-21 19:14:55,page_view,mobile
10369,10590,s0003118,2026-07-21 20:08:46,page_view,tablet
10370,10590,s0003118,2026-07-21 20:09:08,page_view,tablet
10371,10590,s0003118,2026-07-21 20:09:51,page_view,tablet
10372,10193,s0003119,2026-07-21 14:32:16,page_view,mobile
10373,10193,s0003119,2026-07-21 14:33:30,page_view,mobile
10374,10193,s0003119,2026-07-21 14:33:36,add_to_cart,mobile
10375,10193,s0003119,2026-07-21 14:35:30,begin_checkout,mobile
10376,10069,s0003120,2026-07-21 12:12:17,page_view,desktop
10377,10069,s0003120,2026-07-21 12:12:47,page_view,desktop
10378,10069,s0003120,2026-07-21 12:13:35,add_to_cart,desktop
10379,,s0003121,2026-07-21 12:09:46,page_view,mobile
10380,,s0003121,2026-07-21 12:10:46,page_view,mobile
10381,,s0003121,2026-07-21 12:11:23,page_view,mobile
10382,,s0003121,2026-07-21 12:11:56,page_view,mobile
10383,,s0003122,2026-07-21 06:46:02,page_view,mobile
10384,,s0003122,2026-07-21 06:47:44,page_view,mobile
10385,,s0003122,2026-07-21 06:49:15,page_view,mobile
10386,,s0003122,2026-07-21 06:51:12,page_view,mobile
10387,,s0003122,2026-07-21 06:51:46,add_to_cart,mobile
10388,10519,s0003123,2026-07-21 13:24:08,page_view,desktop
10389,10519,s0003123,2026-07-21 13:25:05,page_view,desktop
10390,10519,s0003123,2026-07-21 13:26:42,page_view,desktop
10391,10519,s0003123,2026-07-21 13:27:35,add_to_cart,desktop
10392,,s0003124,2026-07-21 09:35:46,page_view,desktop
10393,,s0003124,2026-07-21 09:36:04,page_view,desktop
10394,,s0003124,2026-07-21 09:37:01,page_view,desktop
10395,,s0003124,2026-07-21 09:37:04,page_view,desktop
10396,10301,s0003125,2026-07-21 12:16:59,page_view,mobile
10397,10301,s0003125,2026-07-21 12:17:53,page_view,mobile
10398,10301,s0003125,2026-07-21 12:18:11,add_to_cart,mobile
10399,,s0003126,2026-07-21 12:01:31,page_view,mobile
10400,,s0003127,2026-07-21 19:35:20,page_view,desktop
10401,10634,s0003128,2026-07-21 03:25:21,page_view,desktop
10402,10465,s0003129,2026-07-21 16:49:39,page_view,mobile
10403,10465,s0003129,2026-07-21 16:50:21,add_to_cart,mobile
10404,10465,s0003129,2026-07-21 16:51:45,begin_checkout,mobile
10405,,s0003130,2026-07-21 02:49:18,page_view,desktop
10406,,s0003130,2026-07-21 02:51:18,add_to_cart,desktop
10407,,s0003130,2026-07-21 02:51:22,begin_checkout,desktop
10408,,s0003130,2026-07-21 02:52:20,purchase,desktop
10409,,s0003131,2026-07-21 22:34:25,page_view,desktop
10410,10129,s0003132,2026-07-21 14:22:47,page_view,desktop
10411,10129,s0003132,2026-07-21 14:24:21,page_view,desktop
10412,10129,s0003132,2026-07-21 14:25:39,page_view,desktop
10413,10410,s0003133,2026-07-21 06:35:26,page_view,mobile
10414,10410,s0003133,2026-07-21 06:35:36,page_view,mobile
10415,10410,s0003133,2026-07-21 06:36:56,page_view,mobile
10416,10410,s0003133,2026-07-21 06:37:02,page_view,mobile
10417,10105,s0003134,2026-07-22 14:15:05,page_view,desktop
10418,10105,s0003134,2026-07-22 14:15:36,page_view,desktop
10419,10105,s0003134,2026-07-22 14:15:40,page_view,desktop
10420,10105,s0003134,2026-07-22 14:15:46,add_to_cart,desktop
10421,10105,s0003134,2026-07-22 14:17:36,begin_checkout,desktop
10422,10105,s0003134,2026-07-22 14:18:10,purchase,desktop
10423,10039,s0003135,2026-07-22 06:12:50,page_view,desktop
10424,,s0003136,2026-07-22 13:48:53,page_view,Desktop
10425,,s0003136,2026-07-22 13:50:01,page_view,Desktop
10426,,s0003136,2026-07-22 13:50:56,add_to_cart,Desktop
10427,,s0003136,2026-07-22 13:52:02,begin_checkout,Desktop
10428,,s0003136,2026-07-22 13:52:57,purchase,Desktop
10429,10389,s0003137,2026-07-22 05:30:15,page_view,mobile
10430,10404,s0003138,2026-07-22 22:47:56,page_view,desktop
10431,10102,s0003139,2026-07-22 07:11:19,page_view,desktop
10432,10102,s0003139,2026-07-22 07:11:49,page_view,desktop
10433,10102,s0003139,2026-07-22 07:13:16,add_to_cart,desktop
10434,,s0003140,2026-07-22 12:12:07,page_view,mobile
10435,,s0003140,2026-07-22 12:12:29,page_view,mobile
10436,,s0003140,2026-07-22 12:13:36,page_view,mobile
10437,,s0003140,2026-07-22 12:14:10,add_to_cart,mobile
10438,10313,s0003141,2026-07-22 04:11:35,page_view,mobile
10439,10313,s0003141,2026-07-22 04:12:01,add_to_cart,mobile
10440,10313,s0003141,2026-07-22 04:13:31,begin_checkout,mobile
10441,10313,s0003141,2026-07-22 04:14:07,purchase,mobile
10442,,s0003142,2026-07-22 07:11:55,page_view,mobile
10443,,s0003142,2026-07-22 07:13:52,page_view,mobile
10444,,s0003142,2026-07-22 07:14:17,page_view,mobile
10445,,s0003142,2026-07-22 07:15:49,page_view,mobile
10446,,s0003142,2026-07-22 07:16:13,add_to_cart,mobile
10447,,s0003142,2026-07-22 07:17:32,begin_checkout,mobile
10448,,s0003142,2026-07-22 07:17:50,purchase,mobile
10449,,s0003143,2026-07-22 01:56:39,page_view,mobile
10450,,s0003143,2026-07-22 01:57:21,page_view,mobile
10451,,s0003143,2026-07-22 01:57:24,page_view,mobile
10452,,s0003144,2026-07-22 18:35:59,page_view,mobile
10453,,s0003144,2026-07-22 18:37:12,page_view,mobile
10454,,s0003144,2026-07-22 18:37:22,page_view,mobile
10455,,s0003144,2026-07-22 18:37:52,page_view,mobile
10456,10540,s0003145,2026-07-22 21:02:52,page_view,desktop
10457,10540,s0003145,2026-07-22 21:03:26,page_view,desktop
10458,10540,s0003145,2026-07-22 21:04:34,add_to_cart,desktop
10459,10540,s0003145,2026-07-22 21:06:03,begin_checkout,desktop
10460,10540,s0003145,2026-07-22 21:07:07,purchase,desktop
10461,,s0003146,2026-07-22 16:22:03,page_view,desktop
10462,,s0003146,2026-07-22 16:22:40,page_view,desktop
10463,,s0003146,2026-07-22 16:23:06,page_view,desktop
10464,,s0003146,2026-07-22 16:24:20,page_view,desktop
10465,10664,s0003147,2026-07-22 08:35:09,page_view,desktop
10466,10376,s0003148,2026-07-22 12:38:04,page_view,desktop
10467,,s0003149,2026-07-22 10:35:23,page_view,mobile
10468,10212,s0003150,2026-07-22 05:23:18,page_view,mobile
10469,10212,s0003150,2026-07-22 05:24:13,page_view,mobile
10470,10212,s0003150,2026-07-22 05:25:38,page_view,mobile
10471,,s0003151,2026-07-22 08:49:01,page_view,desktop
10472,,s0003151,2026-07-22 08:50:12,page_view,desktop
10473,,s0003152,2026-07-22 17:02:07,page_view,desktop
10474,,s0003152,2026-07-22 17:02:55,page_view,desktop
10475,,s0003152,2026-07-22 17:03:44,page_view,desktop
10476,,s0003152,2026-07-22 17:04:32,page_view,desktop
10477,,s0003152,2026-07-22 17:05:51,add_to_cart,desktop
10478,,s0003152,2026-07-22 17:05:55,begin_checkout,desktop
10479,10600,s0003153,2026-07-22 00:33:25,page_view,mobile
10480,10600,s0003153,2026-07-22 00:34:20,page_view,mobile
10481,,s0003154,2026-07-22 10:17:20,page_view,mobile
10482,,s0003154,2026-07-22 10:19:02,page_view,mobile
10483,,s0003154,2026-07-22 10:20:27,add_to_cart,mobile
10484,10500,s0003155,2026-07-22 18:14:57,page_view,desktop
10485,,s0003156,2026-07-22 20:35:20,page_view,mobile
10486,,s0003156,2026-07-22 20:37:11,page_view,mobile
10487,,s0003156,2026-07-22 20:38:59,page_view,mobile
10488,,s0003156,2026-07-22 20:39:55,add_to_cart,mobile
10489,10471,s0003157,2026-07-22 13:30:38,page_view,desktop
10490,10471,s0003157,2026-07-22 13:31:06,page_view,desktop
10491,,s0003158,2026-07-22 03:43:54,page_view,desktop
10492,,s0003158,2026-07-22 03:45:28,page_view,desktop
10493,,s0003159,2026-07-22 18:26:58,page_view,desktop
10494,10242,s0003160,2026-07-22 02:03:34,page_view,Mobile
10495,10242,s0003160,2026-07-22 02:04:40,page_view,Mobile
10496,10242,s0003160,2026-07-22 02:05:16,page_view,Mobile
10497,,s0003161,2026-07-22 04:23:57,page_view,mobile
10498,,s0003161,2026-07-22 04:25:08,page_view,mobile
10499,,s0003161,2026-07-22 04:25:34,page_view,mobile
10500,,s0003161,2026-07-22 04:26:35,add_to_cart,mobile
10501,,s0003161,2026-07-22 04:26:50,begin_checkout,mobile
10502,10019,s0003162,2026-07-22 16:41:23,page_view,mobile
10503,10019,s0003162,2026-07-22 16:42:38,page_view,mobile
10504,10019,s0003162,2026-07-22 16:43:35,page_view,mobile
10505,10019,s0003162,2026-07-22 16:43:58,page_view,mobile
10506,,s0003163,2026-07-22 17:18:15,page_view,desktop
10507,,s0003164,2026-07-22 21:24:46,page_view,desktop
10508,,s0003164,2026-07-22 21:25:17,page_view,desktop
10509,,s0003164,2026-07-22 21:25:25,page_view,desktop
10510,,s0003165,2026-07-22 03:10:51,page_view,desktop
10511,,s0003165,2026-07-22 03:12:35,page_view,desktop
10512,,s0003165,2026-07-22 03:14:00,page_view,desktop
10513,,s0003165,2026-07-22 03:15:50,page_view,desktop
10514,,s0003165,2026-07-22 03:17:12,add_to_cart,desktop
10515,,s0003165,2026-07-22 03:18:01,begin_checkout,desktop
10516,,s0003165,2026-07-22 03:19:23,purchase,desktop
10517,10013,s0003166,2026-07-22 22:44:00,page_view,tablet
10518,10013,s0003166,2026-07-22 22:45:02,page_view,tablet
10519,10013,s0003166,2026-07-22 22:46:57,page_view,tablet
10520,10013,s0003166,2026-07-22 22:47:31,page_view,tablet
10521,10064,s0003167,2026-07-22 00:55:03,page_view,desktop
10522,10015,s0003168,2026-07-22 18:43:00,page_view,desktop
10523,10015,s0003168,2026-07-22 18:44:30,page_view,desktop
10524,10181,s0003169,2026-07-22 22:32:54,page_view,desktop
10525,10181,s0003169,2026-07-22 22:34:29,page_view,desktop
10526,10638,s0003170,2026-07-22 20:57:17,page_view,mobile
10527,10638,s0003170,2026-07-22 20:58:21,add_to_cart,mobile
10528,10638,s0003170,2026-07-22 20:58:53,begin_checkout,mobile
10529,10105,s0003171,2026-07-22 12:57:11,page_view,mobile
10530,10105,s0003171,2026-07-22 12:58:16,add_to_cart,mobile
10531,,s0003172,2026-07-22 14:19:19,page_view,mobile
10532,10618,s0003173,2026-07-22 13:21:04,page_view,desktop
10533,10449,s0003174,2026-07-22 15:35:18,page_view,tablet
10534,10449,s0003174,2026-07-22 15:36:34,add_to_cart,tablet
10535,10449,s0003174,2026-07-22 15:36:43,begin_checkout,tablet
10536,,s0003175,2026-07-22 22:57:48,page_view,mobile
10537,,s0003175,2026-07-22 22:58:59,page_view,mobile
10538,10056,s0003176,2026-07-22 21:04:54,page_view,desktop
10539,10056,s0003176,2026-07-22 21:05:04,add_to_cart,desktop
10540,10056,s0003176,2026-07-22 21:06:41,begin_checkout,desktop
10541,10056,s0003176,2026-07-22 21:07:25,purchase,desktop
10542,10304,s0003177,2026-07-22 03:53:54,page_view,mobile
10543,10304,s0003177,2026-07-22 03:55:11,page_view,mobile
10544,10304,s0003177,2026-07-22 03:56:59,page_view,mobile
10545,,s0003178,2026-07-22 21:10:20,page_view,mobile
10546,,s0003178,2026-07-22 21:10:54,page_view,mobile
10547,,s0003178,2026-07-22 21:12:30,add_to_cart,mobile
10548,,s0003178,2026-07-22 21:13:20,begin_checkout,mobile
10549,,s0003178,2026-07-22 21:13:39,purchase,mobile
10550,,s0003179,2026-07-22 10:08:54,page_view,mobile
10551,10646,s0003180,2026-07-22 04:53:29,page_view,desktop
10552,10646,s0003180,2026-07-22 04:55:16,add_to_cart,desktop
10553,,s0003181,2026-07-22 12:43:52,page_view,desktop
10554,,s0003182,2026-07-23 00:55:00,page_view,mobile
10555,,s0003182,2026-07-23 00:55:36,page_view,mobile
10556,,s0003182,2026-07-23 00:55:44,add_to_cart,mobile
10557,10432,s0003183,2026-07-23 17:44:54,page_view,desktop
10558,10432,s0003183,2026-07-23 17:45:25,page_view,desktop
10559,10432,s0003183,2026-07-23 17:46:53,add_to_cart,desktop
10560,10432,s0003183,2026-07-23 17:48:45,begin_checkout,desktop
10561,10432,s0003183,2026-07-23 17:49:57,purchase,desktop
10562,10622,s0003184,2026-07-23 04:23:06,page_view,desktop
10563,10622,s0003184,2026-07-23 04:24:16,page_view,desktop
10564,10622,s0003184,2026-07-23 04:25:56,page_view,desktop
10565,10622,s0003184,2026-07-23 04:26:23,add_to_cart,desktop
10566,10622,s0003184,2026-07-23 04:27:18,begin_checkout,desktop
10567,10622,s0003184,2026-07-23 04:28:50,purchase,desktop
10568,10305,s0003185,2026-07-23 16:49:50,page_view,desktop
10569,10305,s0003185,2026-07-23 16:50:54,page_view,desktop
10570,10422,s0003186,2026-07-23 11:16:17,page_view,desktop
10571,10422,s0003186,2026-07-23 11:17:53,page_view,desktop
10572,10422,s0003186,2026-07-23 11:19:19,page_view,desktop
10573,10422,s0003186,2026-07-23 11:21:07,add_to_cart,desktop
10574,10422,s0003186,2026-07-23 11:21:17,begin_checkout,desktop
10575,,s0003187,2026-07-23 21:40:50,page_view,mobile
10576,,s0003187,2026-07-23 21:41:28,page_view,mobile
10577,,s0003187,2026-07-23 21:43:20,page_view,mobile
10578,,s0003188,2026-07-23 04:24:53,page_view,mobile
10579,,s0003188,2026-07-23 04:26:38,page_view,mobile
10580,,s0003188,2026-07-23 04:28:24,add_to_cart,mobile
10581,,s0003188,2026-07-23 04:29:40,begin_checkout,mobile
10582,,s0003189,2026-07-23 13:53:43,page_view,desktop
10583,,s0003189,2026-07-23 13:55:19,page_view,desktop
10584,,s0003189,2026-07-23 13:55:26,page_view,desktop
10585,,s0003189,2026-07-23 13:55:32,page_view,desktop
10586,,s0003189,2026-07-23 13:57:16,add_to_cart,desktop
10587,,s0003189,2026-07-23 13:57:40,begin_checkout,desktop
10588,,s0003189,2026-07-23 13:59:34,purchase,desktop
10589,,s0003190,2026-07-23 17:52:34,page_view,mobile
10590,,s0003190,2026-07-23 17:53:21,add_to_cart,mobile
10591,10569,s0003191,2026-07-23 02:10:48,page_view,mobile
10592,10569,s0003191,2026-07-23 02:11:57,page_view,mobile
10593,10569,s0003191,2026-07-23 02:13:02,page_view,mobile
10594,10569,s0003191,2026-07-23 02:13:55,page_view,mobile
10595,,s0003192,2026-07-23 20:07:15,page_view,mobile
10596,10644,s0003193,2026-07-23 08:55:35,page_view,desktop
10597,10644,s0003193,2026-07-23 08:56:10,page_view,desktop
10598,10644,s0003193,2026-07-23 08:56:26,page_view,desktop
10599,,s0003194,2026-07-23 07:09:37,page_view,desktop
10600,,s0003194,2026-07-23 07:09:44,page_view,desktop
10601,,s0003194,2026-07-23 07:09:58,add_to_cart,desktop
10602,,s0003194,2026-07-23 07:10:23,begin_checkout,desktop
10603,10010,s0003195,2026-07-23 07:19:23,page_view,mobile
10604,10010,s0003195,2026-07-23 07:21:04,page_view,mobile
10605,10010,s0003195,2026-07-23 07:21:13,page_view,mobile
10606,10481,s0003196,2026-07-23 13:06:11,page_view,mobile
10607,10481,s0003196,2026-07-23 13:07:12,page_view,mobile
10608,10481,s0003196,2026-07-23 13:09:07,page_view,mobile
10609,10481,s0003196,2026-07-23 13:09:20,page_view,mobile
10610,10481,s0003196,2026-07-23 13:10:40,add_to_cart,mobile
10611,10481,s0003196,2026-07-23 13:11:00,begin_checkout,mobile
10612,10481,s0003196,2026-07-23 13:12:38,purchase,mobile
10613,10572,s0003197,2026-07-23 01:58:35,page_view,desktop
10614,10572,s0003197,2026-07-23 01:59:08,page_view,desktop
10615,10572,s0003197,2026-07-23 02:01:05,page_view,desktop
10616,10572,s0003197,2026-07-23 02:01:34,page_view,desktop
10617,,s0003198,2026-07-23 19:13:43,page_view,mobile
10618,,s0003199,2026-07-23 19:17:48,page_view,mobile
10619,,s0003199,2026-07-23 19:18:56,page_view,mobile
10620,,s0003200,2026-07-23 02:55:10,page_view,mobile
10621,,s0003200,2026-07-23 02:55:36,page_view,mobile
10622,,s0003200,2026-07-23 02:56:50,page_view,mobile
10623,,s0003200,2026-07-23 02:58:28,page_view,mobile
10624,,s0003200,2026-07-23 02:59:39,add_to_cart,mobile
10625,10219,s0003201,2026-07-23 21:42:16,page_view,desktop
10626,10219,s0003201,2026-07-23 21:43:49,page_view,desktop
10627,,s0003202,2026-07-23 21:04:53,page_view,desktop
10628,,s0003202,2026-07-23 21:04:58,page_view,desktop
10629,,s0003202,2026-07-23 21:05:35,page_view,desktop
10630,,s0003202,2026-07-23 21:06:06,page_view,desktop
10631,,s0003203,2026-07-23 13:31:35,page_view,desktop
10632,,s0003204,2026-07-23 06:31:16,page_view,mobile
10633,,s0003204,2026-07-23 06:31:33,page_view,mobile
10634,,s0003204,2026-07-23 06:31:41,page_view,mobile
10635,,s0003204,2026-07-23 06:32:31,page_view,mobile
10636,,s0003205,2026-07-23 02:49:51,page_view,mobile
10637,,s0003205,2026-07-23 02:50:46,add_to_cart,mobile
10638,,s0003205,2026-07-23 02:51:44,begin_checkout,mobile
10639,,s0003205,2026-07-23 02:53:31,purchase,mobile
10640,,s0003206,2026-07-23 20:44:46,page_view,Mobile
10641,10410,s0003207,2026-07-23 08:39:24,page_view,mobile
10642,10410,s0003207,2026-07-23 08:41:07,page_view,mobile
10643,10410,s0003207,2026-07-23 08:41:21,page_view,mobile
10644,10423,s0003208,2026-07-23 07:10:59,page_view,desktop
10645,10423,s0003208,2026-07-23 07:12:49,page_view,desktop
10646,10423,s0003208,2026-07-23 07:14:06,page_view,desktop
10647,10523,s0003209,2026-07-23 11:26:49,page_view,desktop
10648,10523,s0003209,2026-07-23 11:27:49,page_view,desktop
10649,10523,s0003209,2026-07-23 11:28:02,add_to_cart,desktop
10650,10523,s0003209,2026-07-23 11:29:15,begin_checkout,desktop
10651,10523,s0003209,2026-07-23 11:30:11,purchase,desktop
10652,,s0003210,2026-07-23 02:10:56,page_view,mobile
10653,,s0003211,2026-07-23 22:42:31,page_view,desktop
10654,,s0003211,2026-07-23 22:43:35,page_view,desktop
10655,10571,s0003212,2026-07-23 14:37:49,page_view,mobile
10656,10571,s0003212,2026-07-23 14:39:35,page_view,mobile
10657,10571,s0003212,2026-07-23 14:41:06,page_view,mobile
10658,10571,s0003212,2026-07-23 14:41:16,page_view,mobile
10659,10222,s0003213,2026-07-23 11:11:49,page_view,mobile
10660,,s0003214,2026-07-23 07:57:53,page_view,desktop
10661,,s0003214,2026-07-23 07:58:52,add_to_cart,desktop
10662,,s0003214,2026-07-23 07:59:44,begin_checkout,desktop
10663,,s0003214,2026-07-23 08:00:37,purchase,desktop
10664,10209,s0003215,2026-07-23 11:56:28,page_view,desktop
10665,10209,s0003215,2026-07-23 11:57:57,add_to_cart,desktop
10666,10135,s0003216,2026-07-23 18:48:27,page_view,desktop
10667,10135,s0003216,2026-07-23 18:49:27,page_view,desktop
10668,10135,s0003216,2026-07-23 18:51:16,page_view,desktop
10669,10135,s0003216,2026-07-23 18:53:08,page_view,desktop
10670,10135,s0003216,2026-07-23 18:55:08,add_to_cart,desktop
10671,10135,s0003216,2026-07-23 18:55:30,begin_checkout,desktop
10672,10135,s0003216,2026-07-23 18:56:04,purchase,desktop
10673,,s0003217,2026-07-23 01:08:07,page_view,mobile
10674,,s0003217,2026-07-23 01:09:23,page_view,mobile
10675,,s0003217,2026-07-23 01:10:25,page_view,mobile
10676,10120,s0003218,2026-07-23 00:22:09,page_view,desktop
10677,10120,s0003218,2026-07-23 00:23:00,page_view,desktop
10678,10120,s0003218,2026-07-23 00:23:28,page_view,desktop
10679,10120,s0003218,2026-07-23 00:24:07,page_view,desktop
10680,10120,s0003218,2026-07-23 00:25:14,add_to_cart,desktop
10681,10042,s0003219,2026-07-23 16:52:08,page_view,Desktop
10682,10042,s0003219,2026-07-23 16:54:04,page_view,Desktop
10683,,s0003220,2026-07-23 06:17:55,page_view,desktop
10684,,s0003220,2026-07-23 06:19:29,page_view,desktop
10685,,s0003220,2026-07-23 06:20:11,page_view,desktop
10686,,s0003220,2026-07-23 06:21:53,page_view,desktop
10687,,s0003220,2026-07-23 06:22:27,add_to_cart,desktop
10688,10287,s0003221,2026-07-23 06:57:06,page_view,tablet
10689,10287,s0003221,2026-07-23 06:58:18,page_view,tablet
10690,10287,s0003221,2026-07-23 06:59:45,page_view,tablet
10691,10300,s0003222,2026-07-23 05:12:48,page_view,desktop
10692,,s0003223,2026-07-23 07:42:12,page_view,desktop
10693,,s0003223,2026-07-23 07:43:46,page_view,desktop
10694,,s0003223,2026-07-23 07:44:02,page_view,desktop
10695,,s0003223,2026-07-23 07:45:45,page_view,desktop
10696,,s0003223,2026-07-23 07:46:19,add_to_cart,desktop
10697,10384,s0003224,2026-07-23 19:26:58,page_view,tablet
10698,10384,s0003224,2026-07-23 19:27:41,page_view,tablet
10699,10384,s0003224,2026-07-23 19:29:24,page_view,tablet
10700,10282,s0003225,2026-07-23 22:50:50,page_view,mobile
10701,10087,s0003226,2026-07-23 05:11:36,page_view,desktop
10702,10087,s0003226,2026-07-23 05:13:28,page_view,desktop
10703,10087,s0003226,2026-07-23 05:15:05,add_to_cart,desktop
10704,10087,s0003226,2026-07-23 05:16:56,begin_checkout,desktop
10705,10087,s0003226,2026-07-23 05:17:21,purchase,desktop
10706,10497,s0003227,2026-07-23 03:03:05,page_view,tablet
10707,10497,s0003227,2026-07-23 03:03:22,page_view,tablet
10708,10497,s0003227,2026-07-23 03:04:45,page_view,tablet
10709,10497,s0003227,2026-07-23 03:05:39,page_view,tablet
10710,,s0003228,2026-07-23 02:09:17,page_view,mobile
10711,10495,s0003229,2026-07-23 01:16:29,page_view,desktop
10712,10495,s0003229,2026-07-23 01:18:21,page_view,desktop
10713,10355,s0003230,2026-07-23 05:00:36,page_view,mobile
10714,10355,s0003230,2026-07-23 05:02:19,page_view,mobile
10715,10355,s0003230,2026-07-23 05:03:01,page_view,mobile
10716,10161,s0003231,2026-07-23 16:48:40,page_view,mobile
10717,10161,s0003231,2026-07-23 16:49:19,page_view,mobile
10718,10161,s0003231,2026-07-23 16:50:26,page_view,mobile
10719,10509,s0003232,2026-07-23 14:53:27,page_view,mobile
10720,10577,s0003233,2026-07-23 17:00:52,page_view,Desktop
10721,10577,s0003233,2026-07-23 17:02:38,add_to_cart,Desktop
10722,10357,s0003234,2026-07-23 00:50:33,page_view,mobile
10723,10357,s0003234,2026-07-23 00:52:18,page_view,mobile
10724,10357,s0003234,2026-07-23 00:52:21,page_view,mobile
10725,10357,s0003234,2026-07-23 00:53:07,add_to_cart,mobile
10726,10357,s0003234,2026-07-23 00:54:29,begin_checkout,mobile
10727,10632,s0003235,2026-07-23 00:54:55,page_view,mobile
10728,10632,s0003235,2026-07-23 00:56:55,page_view,mobile
10729,10632,s0003235,2026-07-23 00:58:00,page_view,mobile
10730,,s0003236,2026-07-23 03:58:57,page_view,mobile
10731,,s0003236,2026-07-23 03:59:25,page_view,mobile
10732,,s0003236,2026-07-23 04:00:05,page_view,mobile
10733,10457,s0003237,2026-07-23 18:13:50,page_view,desktop
10734,,s0003238,2026-07-23 16:34:19,page_view,mobile
10735,,s0003238,2026-07-23 16:35:51,page_view,mobile
10736,,s0003238,2026-07-23 16:36:40,page_view,mobile
10737,,s0003239,2026-07-23 21:55:45,page_view,desktop
10738,,s0003239,2026-07-23 21:55:48,page_view,desktop
10739,,s0003239,2026-07-23 21:56:35,page_view,desktop
10740,,s0003239,2026-07-23 21:58:22,page_view,desktop
10741,,s0003239,2026-07-23 21:59:11,add_to_cart,desktop
10742,10575,s0003240,2026-07-23 17:44:23,page_view,tablet
10743,10575,s0003240,2026-07-23 17:44:47,add_to_cart,tablet
10744,10575,s0003240,2026-07-23 17:45:12,begin_checkout,tablet
10745,10078,s0003241,2026-07-23 14:31:08,page_view,mobile
10746,10078,s0003241,2026-07-23 14:31:57,page_view,mobile
10747,10504,s0003242,2026-07-23 13:30:54,page_view,mobile
10748,10504,s0003242,2026-07-23 13:31:23,page_view,mobile
10749,10504,s0003242,2026-07-23 13:32:04,page_view,mobile
10750,,s0003243,2026-07-23 12:14:49,page_view,mobile
10751,,s0003243,2026-07-23 12:16:24,add_to_cart,mobile
10752,,s0003243,2026-07-23 12:17:50,begin_checkout,mobile
10753,,s0003244,2026-07-23 16:39:07,page_view,mobile
10754,,s0003244,2026-07-23 16:39:20,page_view,mobile
10755,10501,s0003245,2026-07-23 00:54:48,page_view,mobile
10756,10501,s0003245,2026-07-23 00:56:41,page_view,mobile
10757,10501,s0003245,2026-07-23 00:57:12,page_view,mobile
10758,10501,s0003245,2026-07-23 00:58:57,add_to_cart,mobile
10759,10501,s0003245,2026-07-23 00:59:36,begin_checkout,mobile
10760,10501,s0003245,2026-07-23 00:59:53,purchase,mobile
10761,10693,s0003246,2026-07-23 03:51:43,page_view,desktop
10762,10693,s0003246,2026-07-23 03:52:35,page_view,desktop
10763,10693,s0003246,2026-07-23 03:53:08,add_to_cart,desktop
10764,10693,s0003246,2026-07-23 03:53:42,begin_checkout,desktop
10765,10693,s0003246,2026-07-23 03:55:01,purchase,desktop
10766,10454,s0003247,2026-07-23 15:31:50,page_view,mobile
10767,10454,s0003247,2026-07-23 15:32:18,page_view,mobile
10768,10454,s0003247,2026-07-23 15:32:56,page_view,mobile
10769,10454,s0003247,2026-07-23 15:34:33,page_view,mobile
10770,,s0003248,2026-07-23 20:50:14,page_view,mobile
10771,,s0003248,2026-07-23 20:51:33,add_to_cart,mobile
10772,,s0003249,2026-07-23 14:36:21,page_view,desktop
10773,10010,s0003250,2026-07-23 09:17:59,page_view,mobile
10774,10010,s0003250,2026-07-23 09:19:26,page_view,mobile
10775,10010,s0003250,2026-07-23 09:21:12,page_view,mobile
10776,10539,s0003251,2026-07-23 02:25:50,page_view,desktop
10777,10539,s0003251,2026-07-23 02:25:58,add_to_cart,desktop
10778,10539,s0003251,2026-07-23 02:26:47,begin_checkout,desktop
10779,10539,s0003251,2026-07-23 02:27:16,purchase,desktop
10780,10465,s0003252,2026-07-23 03:16:51,page_view,Mobile
10781,10465,s0003252,2026-07-23 03:17:07,page_view,Mobile
10782,10465,s0003252,2026-07-23 03:17:14,page_view,Mobile
10783,10465,s0003252,2026-07-23 03:17:49,add_to_cart,Mobile
10784,10292,s0003253,2026-07-23 09:32:49,page_view,desktop
10785,10292,s0003253,2026-07-23 09:33:11,page_view,desktop
10786,10292,s0003253,2026-07-23 09:33:32,page_view,desktop
10787,10292,s0003253,2026-07-23 09:34:41,page_view,desktop
10788,10292,s0003253,2026-07-23 09:35:23,add_to_cart,desktop
10789,10216,s0003254,2026-07-23 22:57:05,page_view,desktop
10790,10216,s0003254,2026-07-23 22:58:30,page_view,desktop
10791,10216,s0003254,2026-07-23 23:00:30,page_view,desktop
10792,10216,s0003254,2026-07-23 23:01:57,page_view,desktop
10793,10432,s0003255,2026-07-24 02:15:47,page_view,mobile
10794,10432,s0003255,2026-07-24 02:16:04,page_view,mobile
10795,10432,s0003255,2026-07-24 02:17:02,page_view,mobile
10796,,s0003256,2026-07-24 16:10:09,page_view,desktop
10797,,s0003256,2026-07-24 16:11:59,page_view,desktop
10798,,s0003256,2026-07-24 16:12:22,page_view,desktop
10799,,s0003256,2026-07-24 16:12:38,add_to_cart,desktop
10800,,s0003256,2026-07-24 16:13:23,begin_checkout,desktop
10801,,s0003257,2026-07-24 00:33:57,page_view,desktop
10802,,s0003257,2026-07-24 00:34:53,page_view,desktop
10803,,s0003257,2026-07-24 00:36:26,page_view,desktop
10804,10637,s0003258,2026-07-24 22:52:26,page_view,mobile
10805,10060,s0003259,2026-07-24 02:00:44,page_view,desktop
10806,10060,s0003259,2026-07-24 02:00:51,page_view,desktop
10807,10666,s0003260,2026-07-24 18:37:42,page_view,mobile
10808,10016,s0003261,2026-07-24 00:51:29,page_view,desktop
10809,10016,s0003261,2026-07-24 00:51:40,page_view,desktop
10810,10016,s0003261,2026-07-24 00:52:09,page_view,desktop
10811,10016,s0003261,2026-07-24 00:52:44,add_to_cart,desktop
10812,10016,s0003261,2026-07-24 00:53:01,begin_checkout,desktop
10813,10016,s0003261,2026-07-24 00:53:11,purchase,desktop
10814,10506,s0003262,2026-07-24 20:40:27,page_view,desktop
10815,10457,s0003263,2026-07-24 02:47:36,page_view,mobile
10816,10343,s0003264,2026-07-24 00:14:12,page_view,mobile
10817,10343,s0003264,2026-07-24 00:15:15,page_view,mobile
10818,10343,s0003264,2026-07-24 00:17:01,add_to_cart,mobile
10819,10343,s0003264,2026-07-24 00:17:17,begin_checkout,mobile
10820,10343,s0003264,2026-07-24 00:18:20,purchase,mobile
10821,10106,s0003265,2026-07-24 11:56:26,page_view,mobile
10822,10106,s0003265,2026-07-24 11:56:38,page_view,mobile
10823,10106,s0003265,2026-07-24 11:56:48,page_view,mobile
10824,10106,s0003265,2026-07-24 11:58:31,page_view,mobile
10825,10002,s0003266,2026-07-24 14:54:24,page_view,desktop
10826,10002,s0003266,2026-07-24 14:55:31,page_view,desktop
10827,10002,s0003266,2026-07-24 14:56:19,page_view,desktop
10828,10002,s0003266,2026-07-24 14:57:09,page_view,desktop
10829,10378,s0003267,2026-07-24 19:39:14,page_view,desktop
10830,10378,s0003267,2026-07-24 19:39:58,page_view,desktop
10831,10378,s0003267,2026-07-24 19:41:56,page_view,desktop
10832,10378,s0003267,2026-07-24 19:43:33,page_view,desktop
10833,,s0003268,2026-07-24 15:25:10,page_view,desktop
10834,,s0003268,2026-07-24 15:25:24,page_view,desktop
10835,,s0003268,2026-07-24 15:27:23,page_view,desktop
10836,,s0003268,2026-07-24 15:28:11,page_view,desktop
10837,,s0003269,2026-07-24 11:32:06,page_view,Desktop
10838,,s0003269,2026-07-24 11:33:03,page_view,Desktop
10839,,s0003270,2026-07-24 15:01:01,page_view,tablet
10840,,s0003270,2026-07-24 15:02:01,page_view,tablet
10841,,s0003270,2026-07-24 15:02:56,page_view,tablet
10842,,s0003270,2026-07-24 15:04:05,page_view,tablet
10843,,s0003271,2026-07-24 01:52:13,page_view,desktop
10844,,s0003271,2026-07-24 01:53:59,page_view,desktop
10845,,s0003271,2026-07-24 01:54:17,page_view,desktop
10846,,s0003271,2026-07-24 01:55:11,page_view,desktop
10847,10059,s0003272,2026-07-24 18:05:37,page_view,Mobile
10848,10059,s0003272,2026-07-24 18:07:25,page_view,Mobile
10849,10059,s0003272,2026-07-24 18:08:29,page_view,Mobile
10850,10059,s0003272,2026-07-24 18:08:37,page_view,Mobile
10851,10059,s0003272,2026-07-24 18:09:06,add_to_cart,Mobile
10852,10059,s0003272,2026-07-24 18:10:19,begin_checkout,Mobile
10853,10132,s0003273,2026-07-24 02:40:36,page_view,desktop
10854,10132,s0003273,2026-07-24 02:41:40,page_view,desktop
10855,10132,s0003273,2026-07-24 02:41:49,page_view,desktop
10856,10132,s0003273,2026-07-24 02:42:00,add_to_cart,desktop
10857,,s0003274,2026-07-24 17:11:48,page_view,Mobile
10858,,s0003274,2026-07-24 17:12:55,page_view,Mobile
10859,,s0003274,2026-07-24 17:13:21,page_view,Mobile
10860,10171,s0003275,2026-07-24 10:32:52,page_view,mobile
10861,10171,s0003275,2026-07-24 10:33:10,page_view,mobile
10862,10415,s0003276,2026-07-24 07:10:24,page_view,tablet
10863,10415,s0003276,2026-07-24 07:10:33,page_view,tablet
10864,10191,s0003277,2026-07-24 20:24:00,page_view,desktop
10865,10191,s0003277,2026-07-24 20:25:05,page_view,desktop
10866,10191,s0003277,2026-07-24 20:25:28,page_view,desktop
10867,10632,s0003278,2026-07-24 21:43:07,page_view,mobile
10868,10632,s0003278,2026-07-24 21:44:55,page_view,mobile
10869,10632,s0003278,2026-07-24 21:45:38,page_view,mobile
10870,10632,s0003278,2026-07-24 21:47:02,page_view,mobile
10871,10149,s0003279,2026-07-24 03:06:47,page_view,mobile
10872,10149,s0003279,2026-07-24 03:08:02,page_view,mobile
10873,10149,s0003279,2026-07-24 03:08:53,page_view,mobile
10874,10655,s0003280,2026-07-24 14:56:12,page_view,desktop
10875,10655,s0003280,2026-07-24 14:56:49,page_view,desktop
10876,10655,s0003280,2026-07-24 14:57:18,page_view,desktop
10877,,s0003281,2026-07-24 20:28:29,page_view,desktop
10878,,s0003281,2026-07-24 20:28:45,page_view,desktop
10879,,s0003281,2026-07-24 20:30:15,add_to_cart,desktop
10880,,s0003281,2026-07-24 20:31:00,begin_checkout,desktop
10881,,s0003281,2026-07-24 20:32:50,purchase,desktop
10882,10647,s0003282,2026-07-24 18:33:58,page_view,mobile
10883,10647,s0003282,2026-07-24 18:35:22,page_view,mobile
10884,10647,s0003282,2026-07-24 18:35:55,add_to_cart,mobile
10885,,s0003283,2026-07-24 02:10:42,page_view,desktop
10886,,s0003284,2026-07-24 03:19:04,page_view,mobile
10887,10429,s0003285,2026-07-24 06:34:02,page_view,desktop
10888,10429,s0003285,2026-07-24 06:34:53,page_view,desktop
10889,10429,s0003285,2026-07-24 06:36:41,page_view,desktop
10890,10262,s0003286,2026-07-24 15:34:05,page_view,mobile
10891,,s0003287,2026-07-24 07:53:49,page_view,desktop
10892,,s0003287,2026-07-24 07:54:13,page_view,desktop
10893,10435,s0003288,2026-07-24 18:37:44,page_view,desktop
10894,10435,s0003288,2026-07-24 18:39:39,page_view,desktop
10895,,s0003289,2026-07-24 12:05:44,page_view,mobile
10896,,s0003289,2026-07-24 12:07:43,page_view,mobile
10897,,s0003290,2026-07-24 05:18:50,page_view,desktop
10898,,s0003290,2026-07-24 05:20:20,page_view,desktop
10899,,s0003290,2026-07-24 05:21:39,page_view,desktop
10900,,s0003290,2026-07-24 05:21:51,page_view,desktop
10901,10307,s0003291,2026-07-24 12:56:30,page_view,mobile
10902,10307,s0003291,2026-07-24 12:56:37,page_view,mobile
10903,10307,s0003291,2026-07-24 12:57:58,page_view,mobile
10904,10307,s0003291,2026-07-24 12:58:39,page_view,mobile
10905,10444,s0003292,2026-07-24 19:14:51,page_view,mobile
10906,10444,s0003292,2026-07-24 19:16:15,page_view,mobile
10907,,s0003293,2026-07-24 14:18:03,page_view,Mobile
10908,,s0003293,2026-07-24 14:19:40,page_view,Mobile
10909,,s0003293,2026-07-24 14:19:44,page_view,Mobile
10910,,s0003293,2026-07-24 14:21:11,page_view,Mobile
10911,,s0003293,2026-07-24 14:22:34,add_to_cart,Mobile
10912,,s0003293,2026-07-24 14:23:31,begin_checkout,Mobile
10913,,s0003293,2026-07-24 14:23:47,purchase,Mobile
10914,10305,s0003294,2026-07-24 07:50:19,page_view,tablet
10915,10305,s0003294,2026-07-24 07:50:47,page_view,tablet
10916,10305,s0003294,2026-07-24 07:51:36,page_view,tablet
10917,10305,s0003294,2026-07-24 07:52:36,page_view,tablet
10918,10305,s0003294,2026-07-24 07:53:29,add_to_cart,tablet
10919,10305,s0003294,2026-07-24 07:54:49,begin_checkout,tablet
10920,10305,s0003294,2026-07-24 07:55:05,purchase,tablet
10921,10294,s0003295,2026-07-24 21:37:07,page_view,desktop
10922,10294,s0003295,2026-07-24 21:37:31,page_view,desktop
10923,10294,s0003295,2026-07-24 21:37:50,page_view,desktop
10924,10294,s0003295,2026-07-24 21:38:58,add_to_cart,desktop
10925,10294,s0003295,2026-07-24 21:40:56,begin_checkout,desktop
10926,10358,s0003296,2026-07-24 09:10:54,page_view,tablet
10927,10358,s0003296,2026-07-24 09:12:10,add_to_cart,tablet
10928,10358,s0003296,2026-07-24 09:12:45,begin_checkout,tablet
10929,10358,s0003296,2026-07-24 09:13:10,purchase,tablet
10930,,s0003297,2026-07-24 14:33:28,page_view,desktop
10931,,s0003297,2026-07-24 14:35:25,page_view,desktop
10932,10065,s0003298,2026-07-24 09:34:35,page_view,mobile
10933,10065,s0003298,2026-07-24 09:34:42,page_view,mobile
10934,10065,s0003298,2026-07-24 09:36:23,add_to_cart,mobile
10935,10065,s0003298,2026-07-24 09:36:30,begin_checkout,mobile
10936,10065,s0003298,2026-07-24 09:36:54,purchase,mobile
10937,10004,s0003299,2026-07-24 17:30:52,page_view,Desktop
10938,10004,s0003299,2026-07-24 17:31:08,page_view,Desktop
10939,10004,s0003299,2026-07-24 17:31:39,page_view,Desktop
10940,10004,s0003299,2026-07-24 17:32:26,page_view,Desktop
10941,,s0003300,2026-07-24 10:12:39,page_view,mobile
10942,,s0003300,2026-07-24 10:12:55,page_view,mobile
10943,,s0003300,2026-07-24 10:13:58,page_view,mobile
10944,,s0003300,2026-07-24 10:14:20,page_view,mobile
10945,10598,s0003301,2026-07-24 04:05:31,page_view,mobile
10946,10598,s0003301,2026-07-24 04:06:12,page_view,mobile
10947,,s0003302,2026-07-24 19:36:24,page_view,desktop
10948,,s0003302,2026-07-24 19:36:54,page_view,desktop
10949,,s0003303,2026-07-24 22:36:07,page_view,desktop
10950,,s0003303,2026-07-24 22:36:40,page_view,desktop
10951,,s0003303,2026-07-24 22:37:28,page_view,desktop
10952,,s0003303,2026-07-24 22:38:14,page_view,desktop
10953,,s0003304,2026-07-24 05:37:13,page_view,desktop
10954,,s0003304,2026-07-24 05:38:35,page_view,desktop
10955,10301,s0003305,2026-07-24 01:01:02,page_view,desktop
10956,10301,s0003305,2026-07-24 01:02:44,add_to_cart,desktop
10957,10301,s0003305,2026-07-24 01:04:19,begin_checkout,desktop
10958,10301,s0003305,2026-07-24 01:06:07,purchase,desktop
10959,10519,s0003306,2026-07-24 21:31:57,page_view,mobile
10960,10519,s0003306,2026-07-24 21:33:16,page_view,mobile
10961,10519,s0003306,2026-07-24 21:34:29,page_view,mobile
10962,10628,s0003307,2026-07-24 18:36:23,page_view,desktop
10963,10628,s0003307,2026-07-24 18:37:04,page_view,desktop
10964,10628,s0003307,2026-07-24 18:37:11,page_view,desktop
10965,10628,s0003307,2026-07-24 18:38:01,page_view,desktop
10966,10656,s0003308,2026-07-24 00:46:15,page_view,desktop
10967,10656,s0003308,2026-07-24 00:48:14,page_view,desktop
10968,10656,s0003308,2026-07-24 00:48:34,page_view,desktop
10969,10656,s0003308,2026-07-24 00:50:29,page_view,desktop
10970,10656,s0003308,2026-07-24 00:51:49,add_to_cart,desktop
10971,10656,s0003308,2026-07-24 00:51:53,begin_checkout,desktop
10972,10656,s0003308,2026-07-24 00:52:02,purchase,desktop
10973,,s0003309,2026-07-24 20:58:12,page_view,mobile
10974,,s0003309,2026-07-24 20:58:56,add_to_cart,mobile
10975,10301,s0003310,2026-07-25 15:03:54,page_view,mobile
10976,10301,s0003310,2026-07-25 15:04:17,page_view,mobile
10977,10301,s0003310,2026-07-25 15:05:02,add_to_cart,mobile
10978,10301,s0003310,2026-07-25 15:05:06,begin_checkout,mobile
10979,10301,s0003310,2026-07-25 15:05:53,purchase,mobile
10980,,s0003311,2026-07-25 03:25:10,page_view,desktop
10981,,s0003311,2026-07-25 03:26:41,page_view,desktop
10982,,s0003311,2026-07-25 03:27:17,add_to_cart,desktop
10983,10161,s0003312,2026-07-25 09:57:09,page_view,desktop
10984,10161,s0003312,2026-07-25 09:57:17,page_view,desktop
10985,10161,s0003312,2026-07-25 09:57:54,page_view,desktop
10986,10161,s0003312,2026-07-25 09:59:46,add_to_cart,desktop
10987,10161,s0003312,2026-07-25 10:01:33,begin_checkout,desktop
10988,,s0003313,2026-07-25 21:18:53,page_view,desktop
10989,,s0003313,2026-07-25 21:20:51,page_view,desktop
10990,,s0003313,2026-07-25 21:22:19,page_view,desktop
10991,,s0003313,2026-07-25 21:24:11,page_view,desktop
10992,,s0003313,2026-07-25 21:25:32,add_to_cart,desktop
10993,,s0003313,2026-07-25 21:25:55,begin_checkout,desktop
10994,,s0003313,2026-07-25 21:27:43,purchase,desktop
10995,10263,s0003314,2026-07-25 05:50:03,page_view,mobile
10996,10263,s0003314,2026-07-25 05:50:10,page_view,mobile
10997,,s0003315,2026-07-25 16:41:53,page_view,mobile
10998,,s0003315,2026-07-25 16:42:13,page_view,mobile
10999,10554,s0003316,2026-07-25 11:35:09,page_view,tablet
11000,10554,s0003316,2026-07-25 11:36:10,page_view,tablet
11001,10554,s0003316,2026-07-25 11:36:43,page_view,tablet
11002,10251,s0003317,2026-07-25 05:02:47,page_view,mobile
11003,10251,s0003317,2026-07-25 05:04:01,page_view,mobile
11004,10251,s0003317,2026-07-25 05:05:55,page_view,mobile
11005,10251,s0003317,2026-07-25 05:07:29,page_view,mobile
11006,,s0003318,2026-07-25 22:05:46,page_view,mobile
11007,,s0003318,2026-07-25 22:06:49,page_view,mobile
11008,,s0003318,2026-07-25 22:08:28,page_view,mobile
11009,,s0003318,2026-07-25 22:10:28,page_view,mobile
11010,,s0003318,2026-07-25 22:12:08,add_to_cart,mobile
11011,,s0003318,2026-07-25 22:12:15,begin_checkout,mobile
11012,,s0003318,2026-07-25 22:13:02,purchase,mobile
11013,10340,s0003319,2026-07-25 04:59:54,page_view,desktop
11014,10340,s0003319,2026-07-25 05:01:42,page_view,desktop
11015,10340,s0003319,2026-07-25 05:03:36,page_view,desktop
11016,10340,s0003319,2026-07-25 05:05:03,add_to_cart,desktop
11017,,s0003320,2026-07-25 06:09:25,page_view,tablet
11018,,s0003320,2026-07-25 06:11:06,page_view,tablet
11019,,s0003320,2026-07-25 06:11:15,page_view,tablet
11020,,s0003321,2026-07-25 12:53:26,page_view,mobile
11021,,s0003321,2026-07-25 12:53:47,page_view,mobile
11022,,s0003321,2026-07-25 12:54:38,page_view,mobile
11023,10660,s0003322,2026-07-25 10:23:59,page_view,mobile
11024,10660,s0003322,2026-07-25 10:25:12,page_view,mobile
11025,10660,s0003322,2026-07-25 10:25:39,page_view,mobile
11026,10660,s0003322,2026-07-25 10:26:39,add_to_cart,mobile
11027,,s0003323,2026-07-25 00:17:56,page_view,mobile
11028,,s0003323,2026-07-25 00:18:22,page_view,mobile
11029,10440,s0003324,2026-07-25 00:21:04,page_view,Desktop
11030,10440,s0003324,2026-07-25 00:21:57,add_to_cart,Desktop
11031,10440,s0003324,2026-07-25 00:23:44,begin_checkout,Desktop
11032,10440,s0003324,2026-07-25 00:24:10,purchase,Desktop
11033,,s0003325,2026-07-25 22:01:25,page_view,mobile
11034,,s0003325,2026-07-25 22:01:47,page_view,mobile
11035,10418,s0003326,2026-07-25 17:02:48,page_view,mobile
11036,10418,s0003326,2026-07-25 17:04:32,page_view,mobile
11037,10418,s0003326,2026-07-25 17:06:05,page_view,mobile
11038,10418,s0003326,2026-07-25 17:06:41,page_view,mobile
11039,10418,s0003326,2026-07-25 17:07:20,add_to_cart,mobile
11040,10418,s0003326,2026-07-25 17:07:53,begin_checkout,mobile
11041,10214,s0003327,2026-07-25 20:08:55,page_view,tablet
11042,10214,s0003327,2026-07-25 20:10:09,page_view,tablet
11043,10214,s0003327,2026-07-25 20:10:48,add_to_cart,tablet
11044,10214,s0003327,2026-07-25 20:12:02,begin_checkout,tablet
11045,10214,s0003327,2026-07-25 20:12:25,purchase,tablet
11046,10480,s0003328,2026-07-25 13:17:22,page_view,mobile
11047,10480,s0003328,2026-07-25 13:18:20,page_view,mobile
11048,10480,s0003328,2026-07-25 13:20:01,page_view,mobile
11049,,s0003329,2026-07-25 21:03:08,page_view,mobile
11050,,s0003329,2026-07-25 21:03:14,page_view,mobile
11051,,s0003329,2026-07-25 21:03:17,page_view,mobile
11052,,s0003330,2026-07-25 15:59:37,page_view,mobile
11053,,s0003330,2026-07-25 16:01:02,add_to_cart,mobile
11054,,s0003330,2026-07-25 16:01:19,begin_checkout,mobile
11055,,s0003330,2026-07-25 16:02:12,purchase,mobile
11056,10635,s0003331,2026-07-25 09:38:25,page_view,mobile
11057,10635,s0003331,2026-07-25 09:39:17,page_view,mobile
11058,10635,s0003331,2026-07-25 09:40:46,page_view,mobile
11059,,s0003332,2026-07-25 13:58:30,page_view,desktop
11060,,s0003332,2026-07-25 13:58:34,page_view,desktop
11061,,s0003332,2026-07-25 13:59:00,page_view,desktop
11062,,s0003333,2026-07-25 10:12:37,page_view,mobile
11063,,s0003333,2026-07-25 10:12:47,page_view,mobile
11064,,s0003333,2026-07-25 10:14:04,page_view,mobile
11065,,s0003333,2026-07-25 10:14:59,add_to_cart,mobile
11066,10027,s0003334,2026-07-25 10:40:54,page_view,desktop
11067,10027,s0003334,2026-07-25 10:42:13,page_view,desktop
11068,10027,s0003334,2026-07-25 10:43:54,page_view,desktop
11069,10006,s0003335,2026-07-25 10:32:32,page_view,mobile
11070,10006,s0003335,2026-07-25 10:33:15,page_view,mobile
11071,10006,s0003335,2026-07-25 10:33:46,page_view,mobile
11072,10006,s0003335,2026-07-25 10:34:45,add_to_cart,mobile
11073,10006,s0003335,2026-07-25 10:34:53,begin_checkout,mobile
11074,10006,s0003335,2026-07-25 10:35:43,purchase,mobile
11075,10288,s0003336,2026-07-25 03:00:34,page_view,mobile
11076,10288,s0003336,2026-07-25 03:01:11,page_view,mobile
11077,10288,s0003336,2026-07-25 03:02:30,page_view,mobile
11078,10678,s0003337,2026-07-25 21:44:00,page_view,desktop
11079,10678,s0003337,2026-07-25 21:45:19,page_view,desktop
11080,10678,s0003337,2026-07-25 21:46:18,page_view,desktop
11081,10678,s0003337,2026-07-25 21:47:09,add_to_cart,desktop
11082,10678,s0003337,2026-07-25 21:48:17,begin_checkout,desktop
11083,10678,s0003337,2026-07-25 21:48:30,purchase,desktop
11084,10652,s0003338,2026-07-25 22:07:57,page_view,desktop
11085,10652,s0003338,2026-07-25 22:09:17,add_to_cart,desktop
11086,10652,s0003338,2026-07-25 22:10:32,begin_checkout,desktop
11087,10652,s0003338,2026-07-25 22:10:50,purchase,desktop
11088,10037,s0003339,2026-07-25 02:12:17,page_view,mobile
11089,10037,s0003339,2026-07-25 02:13:14,page_view,mobile
11090,10037,s0003339,2026-07-25 02:14:55,page_view,mobile
11091,,s0003340,2026-07-25 05:40:30,page_view,Tablet
11092,,s0003340,2026-07-25 05:41:38,page_view,Tablet
11093,,s0003340,2026-07-25 05:41:59,page_view,Tablet
11094,,s0003340,2026-07-25 05:42:22,page_view,Tablet
11095,,s0003341,2026-07-25 08:39:24,page_view,Desktop
11096,,s0003341,2026-07-25 08:41:22,page_view,Desktop
11097,,s0003341,2026-07-25 08:42:42,page_view,Desktop
11098,,s0003341,2026-07-25 08:43:42,add_to_cart,Desktop
11099,10089,s0003342,2026-07-25 18:23:15,page_view,tablet
11100,10089,s0003342,2026-07-25 18:24:39,add_to_cart,tablet
11101,10089,s0003342,2026-07-25 18:25:20,begin_checkout,tablet
11102,10089,s0003342,2026-07-25 18:26:41,purchase,tablet
11103,10303,s0003343,2026-07-25 11:29:40,page_view,mobile
11104,10303,s0003343,2026-07-25 11:30:19,page_view,mobile
11105,10303,s0003343,2026-07-25 11:30:39,add_to_cart,mobile
11106,10303,s0003343,2026-07-25 11:32:28,begin_checkout,mobile
11107,10303,s0003343,2026-07-25 11:33:24,purchase,mobile
11108,10173,s0003344,2026-07-25 21:50:44,page_view,mobile
11109,10173,s0003344,2026-07-25 21:52:00,page_view,mobile
11110,10173,s0003344,2026-07-25 21:53:07,page_view,mobile
11111,10173,s0003344,2026-07-25 21:53:49,page_view,mobile
11112,10098,s0003345,2026-07-25 16:40:07,page_view,desktop
11113,10098,s0003345,2026-07-25 16:40:12,page_view,desktop
11114,10098,s0003345,2026-07-25 16:41:39,page_view,desktop
11115,10098,s0003345,2026-07-25 16:43:31,page_view,desktop
11116,10350,s0003346,2026-07-25 17:11:39,page_view,mobile
11117,10350,s0003346,2026-07-25 17:13:01,page_view,mobile
11118,10350,s0003346,2026-07-25 17:13:24,page_view,mobile
11119,10535,s0003347,2026-07-25 22:46:14,page_view,mobile
11120,,s0003348,2026-07-25 15:04:53,page_view,desktop
11121,,s0003348,2026-07-25 15:05:06,page_view,desktop
11122,,s0003348,2026-07-25 15:06:38,page_view,desktop
11123,10652,s0003349,2026-07-25 01:53:26,page_view,mobile
11124,10652,s0003349,2026-07-25 01:53:35,page_view,mobile
11125,10652,s0003349,2026-07-25 01:54:34,page_view,mobile
11126,,s0003350,2026-07-25 00:04:52,page_view,desktop
11127,,s0003350,2026-07-25 00:05:30,page_view,desktop
11128,,s0003350,2026-07-25 00:06:08,page_view,desktop
11129,,s0003350,2026-07-25 00:06:27,add_to_cart,desktop
11130,,s0003350,2026-07-25 00:08:00,begin_checkout,desktop
11131,,s0003350,2026-07-25 00:08:18,purchase,desktop
11132,,s0003351,2026-07-25 18:19:33,page_view,desktop
11133,,s0003351,2026-07-25 18:21:09,page_view,desktop
11134,,s0003351,2026-07-25 18:22:09,page_view,desktop
11135,,s0003352,2026-07-25 20:22:39,page_view,desktop
11136,,s0003352,2026-07-25 20:23:38,page_view,desktop
11137,,s0003352,2026-07-25 20:23:43,page_view,desktop
11138,10662,s0003353,2026-07-25 08:19:17,page_view,desktop
11139,10662,s0003353,2026-07-25 08:19:23,page_view,desktop
11140,10662,s0003353,2026-07-25 08:20:01,page_view,desktop
11141,10225,s0003354,2026-07-25 04:03:31,page_view,desktop
11142,,s0003355,2026-07-26 05:33:55,page_view,desktop
11143,,s0003355,2026-07-26 05:34:16,add_to_cart,desktop
11144,,s0003355,2026-07-26 05:35:05,begin_checkout,desktop
11145,,s0003355,2026-07-26 05:36:13,purchase,desktop
11146,10676,s0003356,2026-07-26 10:38:27,page_view,tablet
11147,10676,s0003356,2026-07-26 10:38:35,page_view,tablet
11148,10676,s0003356,2026-07-26 10:39:57,page_view,tablet
11149,10676,s0003356,2026-07-26 10:40:21,page_view,tablet
11150,10676,s0003356,2026-07-26 10:41:51,add_to_cart,tablet
11151,10687,s0003357,2026-07-26 12:15:34,page_view,desktop
11152,10687,s0003357,2026-07-26 12:15:54,page_view,desktop
11153,10687,s0003357,2026-07-26 12:16:59,add_to_cart,desktop
11154,10687,s0003357,2026-07-26 12:17:07,begin_checkout,desktop
11155,10687,s0003357,2026-07-26 12:17:26,purchase,desktop
11156,10178,s0003358,2026-07-26 04:39:38,page_view,mobile
11157,10178,s0003358,2026-07-26 04:40:32,page_view,mobile
11158,10178,s0003358,2026-07-26 04:40:35,page_view,mobile
11159,10178,s0003358,2026-07-26 04:41:10,page_view,mobile
11160,10654,s0003359,2026-07-26 00:31:40,page_view,desktop
11161,10654,s0003359,2026-07-26 00:33:29,add_to_cart,desktop
11162,10654,s0003359,2026-07-26 00:34:16,begin_checkout,desktop
11163,10008,s0003360,2026-07-26 07:41:45,page_view,desktop
11164,10008,s0003360,2026-07-26 07:43:26,page_view,desktop
11165,10008,s0003360,2026-07-26 07:44:53,page_view,desktop
11166,,s0003361,2026-07-26 22:27:44,page_view,mobile
11167,,s0003361,2026-07-26 22:28:23,page_view,mobile
11168,,s0003361,2026-07-26 22:29:38,add_to_cart,mobile
11169,,s0003361,2026-07-26 22:30:19,begin_checkout,mobile
11170,,s0003361,2026-07-26 22:31:18,purchase,mobile
11171,10421,s0003362,2026-07-26 14:05:48,page_view,mobile
11172,10421,s0003362,2026-07-26 14:07:24,add_to_cart,mobile
11173,10210,s0003363,2026-07-26 14:20:05,page_view,desktop
11174,10210,s0003363,2026-07-26 14:20:18,page_view,desktop
11175,10210,s0003363,2026-07-26 14:21:26,add_to_cart,desktop
11176,10210,s0003363,2026-07-26 14:22:38,begin_checkout,desktop
11177,10080,s0003364,2026-07-26 16:45:49,page_view,desktop
11178,10080,s0003364,2026-07-26 16:46:11,page_view,desktop
11179,10080,s0003364,2026-07-26 16:46:51,page_view,desktop
11180,10080,s0003364,2026-07-26 16:47:41,page_view,desktop
11181,,s0003365,2026-07-26 03:08:51,page_view,mobile
11182,,s0003365,2026-07-26 03:09:48,page_view,mobile
11183,,s0003365,2026-07-26 03:10:19,page_view,mobile
11184,,s0003365,2026-07-26 03:11:05,page_view,mobile
11185,,s0003366,2026-07-26 10:41:19,page_view,desktop
11186,,s0003366,2026-07-26 10:43:02,page_view,desktop
11187,,s0003366,2026-07-26 10:43:19,page_view,desktop
11188,,s0003366,2026-07-26 10:44:14,add_to_cart,desktop
11189,,s0003366,2026-07-26 10:45:25,begin_checkout,desktop
11190,,s0003366,2026-07-26 10:45:53,purchase,desktop
11191,10064,s0003367,2026-07-26 11:14:46,page_view,mobile
11192,10064,s0003367,2026-07-26 11:15:13,page_view,mobile
11193,10064,s0003367,2026-07-26 11:15:36,page_view,mobile
11194,10064,s0003367,2026-07-26 11:16:36,page_view,mobile
11195,10064,s0003367,2026-07-26 11:16:45,add_to_cart,mobile
11196,10064,s0003367,2026-07-26 11:17:29,begin_checkout,mobile
11197,10064,s0003367,2026-07-26 11:18:14,purchase,mobile
11198,10288,s0003368,2026-07-26 03:25:50,page_view,Desktop
11199,10288,s0003368,2026-07-26 03:27:27,page_view,Desktop
11200,10288,s0003368,2026-07-26 03:28:12,add_to_cart,Desktop
11201,10288,s0003368,2026-07-26 03:29:22,begin_checkout,Desktop
11202,10288,s0003368,2026-07-26 03:30:40,purchase,Desktop
11203,,s0003369,2026-07-26 22:13:01,page_view,Mobile
11204,,s0003370,2026-07-26 15:53:32,page_view,desktop
11205,,s0003371,2026-07-26 11:10:35,page_view,desktop
11206,,s0003371,2026-07-26 11:11:55,page_view,desktop
11207,,s0003371,2026-07-26 11:12:38,page_view,desktop
11208,,s0003371,2026-07-26 11:14:32,add_to_cart,desktop
11209,,s0003371,2026-07-26 11:15:40,begin_checkout,desktop
11210,10325,s0003372,2026-07-26 00:57:42,page_view,desktop
11211,10325,s0003372,2026-07-26 00:58:46,add_to_cart,desktop
11212,10386,s0003373,2026-07-26 14:43:38,page_view,mobile
11213,10386,s0003373,2026-07-26 14:45:15,page_view,mobile
11214,10386,s0003373,2026-07-26 14:45:29,page_view,mobile
11215,,s0003374,2026-07-26 00:38:15,page_view,mobile
11216,,s0003374,2026-07-26 00:38:45,add_to_cart,mobile
11217,,s0003374,2026-07-26 00:40:05,begin_checkout,mobile
11218,,s0003374,2026-07-26 00:40:10,purchase,mobile
11219,10554,s0003375,2026-07-26 13:42:42,page_view,mobile
11220,10554,s0003375,2026-07-26 13:43:06,page_view,mobile
11221,10554,s0003375,2026-07-26 13:44:44,page_view,mobile
11222,10554,s0003375,2026-07-26 13:44:57,page_view,mobile
11223,,s0003376,2026-07-26 22:36:20,page_view,desktop
11224,10163,s0003377,2026-07-26 16:43:10,page_view,mobile
11225,10163,s0003377,2026-07-26 16:44:27,page_view,mobile
11226,10163,s0003377,2026-07-26 16:45:39,add_to_cart,mobile
11227,10163,s0003377,2026-07-26 16:46:25,begin_checkout,mobile
11228,10163,s0003377,2026-07-26 16:47:42,purchase,mobile
11229,,s0003378,2026-07-26 18:38:32,page_view,desktop
11230,,s0003378,2026-07-26 18:39:54,page_view,desktop
11231,,s0003378,2026-07-26 18:40:08,page_view,desktop
11232,,s0003378,2026-07-26 18:40:42,add_to_cart,desktop
11233,10573,s0003379,2026-07-26 03:18:28,page_view,desktop
11234,10587,s0003380,2026-07-26 07:04:18,page_view,mobile
11235,10587,s0003380,2026-07-26 07:05:05,page_view,mobile
11236,10562,s0003381,2026-07-26 04:14:02,page_view,desktop
11237,10562,s0003381,2026-07-26 04:15:22,add_to_cart,desktop
11238,,s0003382,2026-07-26 21:39:20,page_view,mobile
11239,10185,s0003383,2026-07-26 17:59:14,page_view,mobile
11240,10185,s0003383,2026-07-26 18:00:04,page_view,mobile
11241,10185,s0003383,2026-07-26 18:00:35,page_view,mobile
11242,10185,s0003383,2026-07-26 18:00:52,page_view,mobile
11243,10185,s0003383,2026-07-26 18:02:50,add_to_cart,mobile
11244,10185,s0003383,2026-07-26 18:03:47,begin_checkout,mobile
11245,,s0003384,2026-07-26 16:26:49,page_view,desktop
11246,,s0003384,2026-07-26 16:26:58,page_view,desktop
11247,,s0003385,2026-07-26 16:51:36,page_view,mobile
11248,,s0003385,2026-07-26 16:52:33,page_view,mobile
11249,,s0003385,2026-07-26 16:52:38,page_view,mobile
11250,,s0003385,2026-07-26 16:54:14,add_to_cart,mobile
11251,,s0003385,2026-07-26 16:55:41,begin_checkout,mobile
11252,,s0003386,2026-07-26 01:01:36,page_view,mobile
11253,,s0003386,2026-07-26 01:02:39,page_view,mobile
11254,,s0003386,2026-07-26 01:04:03,page_view,mobile
11255,,s0003386,2026-07-26 01:04:09,add_to_cart,mobile
11256,,s0003386,2026-07-26 01:04:28,begin_checkout,mobile
11257,,s0003386,2026-07-26 01:05:34,purchase,mobile
11258,10400,s0003387,2026-07-26 16:41:15,page_view,mobile
11259,10400,s0003387,2026-07-26 16:42:57,page_view,mobile
11260,10400,s0003387,2026-07-26 16:43:58,page_view,mobile
11261,10400,s0003387,2026-07-26 16:45:06,page_view,mobile
11262,10223,s0003388,2026-07-26 22:49:23,page_view,tablet
11263,10223,s0003388,2026-07-26 22:50:02,page_view,tablet
11264,10223,s0003388,2026-07-26 22:51:10,add_to_cart,tablet
11265,10223,s0003388,2026-07-26 22:52:48,begin_checkout,tablet
11266,10223,s0003388,2026-07-26 22:53:20,purchase,tablet
11267,10644,s0003389,2026-07-26 17:51:43,page_view,desktop
11268,10562,s0003390,2026-07-26 00:12:06,page_view,tablet
11269,10562,s0003390,2026-07-26 00:12:36,page_view,tablet
11270,10562,s0003390,2026-07-26 00:14:34,add_to_cart,tablet
11271,10562,s0003390,2026-07-26 00:16:18,begin_checkout,tablet
11272,10562,s0003390,2026-07-26 00:17:36,purchase,tablet
11273,,s0003391,2026-07-26 12:20:00,page_view,mobile
11274,,s0003392,2026-07-26 01:33:00,page_view,mobile
11275,,s0003392,2026-07-26 01:34:04,page_view,mobile
11276,,s0003392,2026-07-26 01:35:47,page_view,mobile
11277,,s0003392,2026-07-26 01:36:06,page_view,mobile
11278,10206,s0003393,2026-07-26 21:06:09,page_view,desktop
11279,,s0003394,2026-07-26 12:10:09,page_view,desktop
11280,,s0003394,2026-07-26 12:11:32,add_to_cart,desktop
11281,,s0003394,2026-07-26 12:12:53,begin_checkout,desktop
11282,,s0003394,2026-07-26 12:13:08,purchase,desktop
11283,10645,s0003395,2026-07-26 08:26:56,page_view,desktop
11284,10645,s0003395,2026-07-26 08:27:34,page_view,desktop
11285,10645,s0003395,2026-07-26 08:28:49,page_view,desktop
11286,10645,s0003395,2026-07-26 08:29:43,page_view,desktop
11287,10645,s0003395,2026-07-26 08:31:36,add_to_cart,desktop
11288,10645,s0003395,2026-07-26 08:31:48,begin_checkout,desktop
11289,10645,s0003395,2026-07-26 08:32:12,purchase,desktop
11290,10438,s0003396,2026-07-26 02:13:16,page_view,desktop
11291,10438,s0003396,2026-07-26 02:13:55,page_view,desktop
11292,10438,s0003396,2026-07-26 02:15:45,page_view,desktop
11293,10438,s0003396,2026-07-26 02:16:25,page_view,desktop
11294,10476,s0003397,2026-07-26 21:05:08,page_view,mobile
11295,10476,s0003397,2026-07-26 21:06:07,add_to_cart,mobile
11296,10476,s0003397,2026-07-26 21:07:24,begin_checkout,mobile
11297,10476,s0003397,2026-07-26 21:09:00,purchase,mobile
11298,,s0003398,2026-07-26 02:16:45,page_view,mobile
11299,,s0003398,2026-07-26 02:18:42,page_view,mobile
11300,,s0003398,2026-07-26 02:18:55,page_view,mobile
11301,,s0003398,2026-07-26 02:20:50,add_to_cart,mobile
11302,,s0003398,2026-07-26 02:22:10,begin_checkout,mobile
11303,,s0003398,2026-07-26 02:24:09,purchase,mobile
11304,10453,s0003399,2026-07-26 05:49:23,page_view,desktop
11305,10453,s0003399,2026-07-26 05:51:07,add_to_cart,desktop
11306,,s0003400,2026-07-26 21:01:45,page_view,tablet
11307,,s0003400,2026-07-26 21:02:30,page_view,tablet
11308,,s0003400,2026-07-26 21:03:14,page_view,tablet
11309,,s0003400,2026-07-26 21:04:55,page_view,tablet
11310,,s0003401,2026-07-26 08:00:17,page_view,desktop
11311,,s0003401,2026-07-26 08:02:12,add_to_cart,desktop
11312,10559,s0003402,2026-07-26 05:00:27,page_view,Desktop
11313,10559,s0003402,2026-07-26 05:01:15,add_to_cart,Desktop
11314,10559,s0003402,2026-07-26 05:02:55,begin_checkout,Desktop
11315,,s0003403,2026-07-26 08:58:24,page_view,mobile
11316,,s0003403,2026-07-26 08:59:14,page_view,mobile
11317,,s0003403,2026-07-26 09:00:25,page_view,mobile
11318,,s0003403,2026-07-26 09:01:01,page_view,mobile
11319,,s0003403,2026-07-26 09:02:21,add_to_cart,mobile
11320,,s0003403,2026-07-26 09:02:36,begin_checkout,mobile
11321,10384,s0003404,2026-07-26 06:41:32,page_view,desktop
11322,10384,s0003404,2026-07-26 06:43:14,page_view,desktop
11323,10384,s0003404,2026-07-26 06:44:23,page_view,desktop
11324,10018,s0003405,2026-07-26 10:44:05,page_view,desktop
11325,10018,s0003405,2026-07-26 10:44:40,page_view,desktop
11326,10018,s0003405,2026-07-26 10:46:16,page_view,desktop
11327,10018,s0003405,2026-07-26 10:47:15,page_view,desktop
11328,10018,s0003405,2026-07-26 10:47:46,add_to_cart,desktop
11329,,s0003406,2026-07-26 08:49:52,page_view,mobile
11330,,s0003406,2026-07-26 08:51:12,add_to_cart,mobile
11331,,s0003406,2026-07-26 08:51:33,begin_checkout,mobile
11332,,s0003407,2026-07-26 02:55:40,page_view,desktop
11333,10643,s0003408,2026-07-26 04:38:57,page_view,mobile
11334,10643,s0003408,2026-07-26 04:40:02,page_view,mobile
11335,10643,s0003408,2026-07-26 04:40:19,add_to_cart,mobile
11336,10195,s0003409,2026-07-26 07:38:07,page_view,desktop
11337,10195,s0003409,2026-07-26 07:38:55,add_to_cart,desktop
11338,10195,s0003409,2026-07-26 07:39:55,begin_checkout,desktop
11339,10195,s0003409,2026-07-26 07:41:32,purchase,desktop
11340,10035,s0003410,2026-07-26 00:50:46,page_view,desktop
11341,10035,s0003410,2026-07-26 00:52:20,page_view,desktop
11342,,s0003411,2026-07-26 20:47:01,page_view,desktop
11343,10270,s0003412,2026-07-26 19:24:02,page_view,desktop
11344,10270,s0003412,2026-07-26 19:24:47,page_view,desktop
11345,10270,s0003412,2026-07-26 19:25:24,add_to_cart,desktop
11346,10270,s0003412,2026-07-26 19:25:37,begin_checkout,desktop
11347,10270,s0003412,2026-07-26 19:25:44,purchase,desktop
11348,10340,s0003413,2026-07-27 17:03:17,page_view,mobile
11349,10340,s0003413,2026-07-27 17:03:37,page_view,mobile
11350,10340,s0003413,2026-07-27 17:04:32,page_view,mobile
11351,10340,s0003413,2026-07-27 17:05:06,page_view,mobile
11352,,s0003414,2026-07-27 07:22:19,page_view,mobile
11353,,s0003414,2026-07-27 07:24:14,page_view,mobile
11354,,s0003414,2026-07-27 07:24:39,add_to_cart,mobile
11355,,s0003415,2026-07-27 11:19:20,page_view,mobile
11356,,s0003416,2026-07-27 22:03:20,page_view,desktop
11357,,s0003416,2026-07-27 22:03:42,page_view,desktop
11358,,s0003416,2026-07-27 22:05:03,page_view,desktop
11359,,s0003416,2026-07-27 22:05:14,page_view,desktop
11360,,s0003417,2026-07-27 15:19:48,page_view,desktop
11361,,s0003417,2026-07-27 15:21:04,page_view,desktop
11362,,s0003418,2026-07-27 14:26:26,page_view,mobile
11363,,s0003418,2026-07-27 14:28:00,page_view,mobile
11364,,s0003418,2026-07-27 14:29:50,page_view,mobile
11365,,s0003419,2026-07-27 21:22:22,page_view,mobile
11366,,s0003419,2026-07-27 21:22:44,page_view,mobile
11367,,s0003419,2026-07-27 21:22:54,page_view,mobile
11368,10364,s0003420,2026-07-27 14:00:02,page_view,mobile
11369,10364,s0003420,2026-07-27 14:01:58,page_view,mobile
11370,10364,s0003420,2026-07-27 14:03:54,page_view,mobile
11371,10403,s0003421,2026-07-27 07:40:19,page_view,tablet
11372,10403,s0003421,2026-07-27 07:40:57,add_to_cart,tablet
11373,10403,s0003421,2026-07-27 07:42:43,begin_checkout,tablet
11374,,s0003422,2026-07-27 16:41:51,page_view,mobile
11375,,s0003422,2026-07-27 16:42:09,page_view,mobile
11376,,s0003422,2026-07-27 16:43:46,page_view,mobile
11377,,s0003422,2026-07-27 16:44:58,add_to_cart,mobile
11378,10696,s0003423,2026-07-27 16:34:30,page_view,desktop
11379,10696,s0003423,2026-07-27 16:35:36,page_view,desktop
11380,10653,s0003424,2026-07-27 10:43:05,page_view,desktop
11381,,s0003425,2026-07-27 12:19:35,page_view,mobile
11382,,s0003425,2026-07-27 12:20:20,page_view,mobile
11383,,s0003425,2026-07-27 12:21:22,page_view,mobile
11384,,s0003425,2026-07-27 12:22:58,page_view,mobile
11385,,s0003425,2026-07-27 12:24:29,add_to_cart,mobile
11386,10416,s0003426,2026-07-27 15:38:41,page_view,desktop
11387,10213,s0003427,2026-07-27 19:55:39,page_view,desktop
11388,10213,s0003427,2026-07-27 19:56:01,page_view,desktop
11389,10213,s0003427,2026-07-27 19:56:35,add_to_cart,desktop
11390,10213,s0003427,2026-07-27 19:58:04,begin_checkout,desktop
11391,10213,s0003427,2026-07-27 19:58:48,purchase,desktop
11392,,s0003428,2026-07-27 05:28:55,page_view,mobile
11393,,s0003428,2026-07-27 05:30:09,add_to_cart,mobile
11394,,s0003429,2026-07-27 18:08:33,page_view,desktop
11395,,s0003429,2026-07-27 18:09:57,page_view,desktop
11396,,s0003429,2026-07-27 18:11:15,add_to_cart,desktop
11397,10285,s0003430,2026-07-27 21:47:01,page_view,tablet
11398,10285,s0003430,2026-07-27 21:47:51,page_view,tablet
11399,10285,s0003430,2026-07-27 21:49:13,page_view,tablet
11400,10699,s0003431,2026-07-27 05:34:20,page_view,mobile
11401,10337,s0003432,2026-07-27 13:19:24,page_view,desktop
11402,10337,s0003433,2026-07-27 18:19:19,page_view,desktop
11403,10337,s0003433,2026-07-27 18:20:02,page_view,desktop
11404,10337,s0003433,2026-07-27 18:20:11,page_view,desktop
11405,,s0003434,2026-07-27 04:35:51,page_view,desktop
11406,,s0003434,2026-07-27 04:36:50,page_view,desktop
11407,,s0003435,2026-07-27 08:18:48,page_view,mobile
11408,,s0003435,2026-07-27 08:19:55,page_view,mobile
11409,,s0003435,2026-07-27 08:21:45,page_view,mobile
11410,,s0003435,2026-07-27 08:23:19,page_view,mobile
11411,,s0003435,2026-07-27 08:25:11,add_to_cart,mobile
11412,10125,s0003436,2026-07-27 02:28:03,page_view,desktop
11413,10125,s0003436,2026-07-27 02:28:24,page_view,desktop
11414,10125,s0003436,2026-07-27 02:29:03,page_view,desktop
11415,,s0003437,2026-07-27 11:51:04,page_view,mobile
11416,,s0003437,2026-07-27 11:52:23,page_view,mobile
11417,,s0003437,2026-07-27 11:54:22,page_view,mobile
11418,10127,s0003438,2026-07-27 07:54:35,page_view,mobile
11419,10172,s0003439,2026-07-27 13:11:51,page_view,mobile
11420,10172,s0003439,2026-07-27 13:12:07,page_view,mobile
11421,10172,s0003439,2026-07-27 13:13:56,add_to_cart,mobile
11422,10090,s0003440,2026-07-27 07:07:06,page_view,tablet
11423,10090,s0003440,2026-07-27 07:08:41,add_to_cart,tablet
11424,10090,s0003440,2026-07-27 07:09:56,begin_checkout,tablet
11425,10090,s0003440,2026-07-27 07:10:07,purchase,tablet
11426,,s0003441,2026-07-27 16:25:06,page_view,mobile
11427,,s0003441,2026-07-27 16:25:46,add_to_cart,mobile
11428,,s0003442,2026-07-27 00:50:48,page_view,tablet
11429,,s0003442,2026-07-27 00:52:39,page_view,tablet
11430,,s0003443,2026-07-27 03:10:13,page_view,desktop
11431,,s0003443,2026-07-27 03:10:40,page_view,desktop
11432,,s0003443,2026-07-27 03:11:49,page_view,desktop
11433,,s0003443,2026-07-27 03:12:19,add_to_cart,desktop
11434,,s0003443,2026-07-27 03:12:51,begin_checkout,desktop
11435,,s0003443,2026-07-27 03:14:10,purchase,desktop
11436,10333,s0003444,2026-07-27 22:20:22,page_view,mobile
11437,10333,s0003444,2026-07-27 22:20:48,page_view,mobile
11438,10333,s0003444,2026-07-27 22:21:51,add_to_cart,mobile
11439,10482,s0003445,2026-07-27 08:03:31,page_view,mobile
11440,10482,s0003445,2026-07-27 08:05:18,page_view,mobile
11441,,s0003446,2026-07-27 11:34:10,page_view,mobile
11442,,s0003446,2026-07-27 11:35:22,page_view,mobile
11443,,s0003446,2026-07-27 11:37:09,page_view,mobile
11444,,s0003446,2026-07-27 11:38:12,page_view,mobile
11445,10176,s0003447,2026-07-27 15:57:40,page_view,desktop
11446,10176,s0003447,2026-07-27 15:59:26,page_view,desktop
11447,10176,s0003447,2026-07-27 16:00:44,page_view,desktop
11448,10176,s0003447,2026-07-27 16:01:49,page_view,desktop
11449,10117,s0003448,2026-07-27 16:47:05,page_view,mobile
11450,10071,s0003449,2026-07-27 22:02:43,page_view,mobile
11451,10071,s0003449,2026-07-27 22:04:35,page_view,mobile
11452,10071,s0003449,2026-07-27 22:06:13,page_view,mobile
11453,,s0003450,2026-07-27 21:18:19,page_view,desktop
11454,,s0003450,2026-07-27 21:20:06,page_view,desktop
11455,,s0003450,2026-07-27 21:21:27,page_view,desktop
11456,,s0003451,2026-07-27 16:56:51,page_view,Tablet
11457,,s0003451,2026-07-27 16:58:20,page_view,Tablet
11458,,s0003451,2026-07-27 17:00:07,page_view,Tablet
11459,10593,s0003452,2026-07-27 12:16:26,page_view,mobile
11460,10406,s0003453,2026-07-27 22:24:53,page_view,desktop
11461,10406,s0003453,2026-07-27 22:25:44,page_view,desktop
11462,10406,s0003453,2026-07-27 22:27:00,page_view,desktop
11463,10406,s0003453,2026-07-27 22:28:30,page_view,desktop
11464,,s0003454,2026-07-27 16:23:03,page_view,desktop
11465,,s0003454,2026-07-27 16:24:51,add_to_cart,desktop
11466,,s0003454,2026-07-27 16:26:22,begin_checkout,desktop
11467,,s0003454,2026-07-27 16:27:13,purchase,desktop
11468,,s0003455,2026-07-27 22:15:06,page_view,desktop
11469,10392,s0003456,2026-07-27 18:03:23,page_view,mobile
11470,10392,s0003456,2026-07-27 18:03:49,page_view,mobile
11471,,s0003457,2026-07-27 22:40:38,page_view,mobile
11472,,s0003457,2026-07-27 22:42:23,page_view,mobile
11473,,s0003457,2026-07-27 22:43:29,page_view,mobile
11474,,s0003457,2026-07-27 22:44:25,page_view,mobile
11475,,s0003457,2026-07-27 22:45:31,add_to_cart,mobile
11476,,s0003457,2026-07-27 22:46:13,begin_checkout,mobile
11477,,s0003457,2026-07-27 22:46:23,purchase,mobile
11478,10299,s0003458,2026-07-27 03:29:31,page_view,desktop
11479,10299,s0003458,2026-07-27 03:30:04,page_view,desktop
11480,10299,s0003458,2026-07-27 03:31:44,page_view,desktop
11481,10299,s0003458,2026-07-27 03:31:58,page_view,desktop
11482,10664,s0003459,2026-07-27 17:21:03,page_view,mobile
11483,10664,s0003459,2026-07-27 17:21:55,page_view,mobile
11484,,s0003460,2026-07-27 22:54:30,page_view,mobile
11485,,s0003460,2026-07-27 22:54:39,page_view,mobile
11486,,s0003461,2026-07-27 16:28:58,page_view,mobile
11487,,s0003461,2026-07-27 16:29:38,page_view,mobile
11488,10682,s0003462,2026-07-27 19:24:50,page_view,Mobile
11489,10682,s0003462,2026-07-27 19:25:03,page_view,Mobile
11490,10682,s0003462,2026-07-27 19:26:28,page_view,Mobile
11491,10682,s0003462,2026-07-27 19:27:23,page_view,Mobile
11492,10682,s0003462,2026-07-27 19:28:51,add_to_cart,Mobile
11493,,s0003463,2026-07-27 05:29:37,page_view,desktop
11494,,s0003463,2026-07-27 05:31:02,page_view,desktop
11495,,s0003463,2026-07-27 05:32:13,page_view,desktop
11496,,s0003463,2026-07-27 05:33:19,page_view,desktop
11497,,s0003464,2026-07-27 05:13:50,page_view,mobile
11498,,s0003464,2026-07-27 05:15:09,add_to_cart,mobile
11499,,s0003464,2026-07-27 05:16:53,begin_checkout,mobile
11500,,s0003464,2026-07-27 05:18:21,purchase,mobile
11501,10292,s0003465,2026-07-27 00:05:57,page_view,desktop
11502,10292,s0003465,2026-07-27 00:06:44,page_view,desktop
11503,10292,s0003465,2026-07-27 00:07:20,page_view,desktop
11504,10292,s0003465,2026-07-27 00:08:54,page_view,desktop
11505,10292,s0003465,2026-07-27 00:10:24,add_to_cart,desktop
11506,,s0003466,2026-07-27 00:20:08,page_view,desktop
11507,,s0003466,2026-07-27 00:21:26,page_view,desktop
11508,,s0003466,2026-07-27 00:22:01,page_view,desktop
11509,,s0003466,2026-07-27 00:22:28,page_view,desktop
11510,10495,s0003467,2026-07-27 21:06:58,page_view,mobile
11511,10495,s0003467,2026-07-27 21:08:30,page_view,mobile
11512,10495,s0003467,2026-07-27 21:09:47,add_to_cart,mobile
11513,10495,s0003467,2026-07-27 21:10:36,begin_checkout,mobile
11514,10495,s0003467,2026-07-27 21:11:52,purchase,mobile
11515,,s0003468,2026-07-27 22:49:15,page_view,mobile
11516,,s0003469,2026-07-27 04:07:38,page_view,desktop
11517,,s0003469,2026-07-27 04:09:23,page_view,desktop
11518,10445,s0003470,2026-07-27 21:29:10,page_view,mobile
11519,10445,s0003470,2026-07-27 21:29:30,page_view,mobile
11520,10445,s0003470,2026-07-27 21:30:11,page_view,mobile
11521,10445,s0003470,2026-07-27 21:31:08,add_to_cart,mobile
11522,10445,s0003470,2026-07-27 21:31:37,begin_checkout,mobile
11523,10106,s0003471,2026-07-27 10:24:56,page_view,desktop
11524,10057,s0003472,2026-07-27 09:00:16,page_view,tablet
11525,10057,s0003472,2026-07-27 09:01:49,page_view,tablet
11526,10057,s0003472,2026-07-27 09:02:29,page_view,tablet
11527,10057,s0003472,2026-07-27 09:03:35,page_view,tablet
11528,10338,s0003473,2026-07-27 03:34:27,page_view,Mobile
11529,10338,s0003473,2026-07-27 03:35:57,page_view,Mobile
11530,10338,s0003473,2026-07-27 03:37:26,page_view,Mobile
11531,10338,s0003473,2026-07-27 03:39:16,page_view,Mobile
11532,10338,s0003473,2026-07-27 03:41:04,add_to_cart,Mobile
11533,10542,s0003474,2026-07-27 17:09:42,page_view,desktop
11534,10542,s0003474,2026-07-27 17:11:37,add_to_cart,desktop
11535,10019,s0003475,2026-07-27 05:50:13,page_view,desktop
11536,10019,s0003475,2026-07-27 05:50:50,page_view,desktop
11537,10019,s0003475,2026-07-27 05:51:32,page_view,desktop
11538,10019,s0003475,2026-07-27 05:51:38,page_view,desktop
11539,10398,s0003476,2026-07-27 02:41:18,page_view,mobile
11540,10398,s0003476,2026-07-27 02:41:37,page_view,mobile
11541,10398,s0003476,2026-07-27 02:41:58,page_view,mobile
11542,10398,s0003476,2026-07-27 02:42:10,page_view,mobile
11543,10398,s0003476,2026-07-27 02:42:44,add_to_cart,mobile
11544,10398,s0003476,2026-07-27 02:43:02,begin_checkout,mobile
11545,10398,s0003476,2026-07-27 02:44:01,purchase,mobile
11546,10613,s0003477,2026-07-27 19:50:40,page_view,desktop
11547,10613,s0003477,2026-07-27 19:51:25,add_to_cart,desktop
11548,,s0003478,2026-07-27 19:00:44,page_view,mobile
11549,,s0003478,2026-07-27 19:01:39,page_view,mobile
11550,,s0003478,2026-07-27 19:02:38,page_view,mobile
11551,,s0003478,2026-07-27 19:02:44,page_view,mobile
11552,,s0003478,2026-07-27 19:03:34,add_to_cart,mobile
11553,,s0003478,2026-07-27 19:04:35,begin_checkout,mobile
11554,,s0003478,2026-07-27 19:06:31,purchase,mobile
11555,10337,s0003479,2026-07-27 02:12:24,page_view,desktop
11556,10337,s0003479,2026-07-27 02:14:10,page_view,desktop
11557,10337,s0003479,2026-07-27 02:14:35,add_to_cart,desktop
11558,,s0003480,2026-07-27 10:21:45,page_view,mobile
11559,,s0003480,2026-07-27 10:22:07,page_view,mobile
11560,,s0003480,2026-07-27 10:23:17,page_view,mobile
11561,,s0003480,2026-07-27 10:24:25,page_view,mobile
11562,,s0003480,2026-07-27 10:24:47,add_to_cart,mobile
11563,10333,s0003481,2026-07-27 07:02:35,page_view,mobile
11564,10333,s0003481,2026-07-27 07:02:51,page_view,mobile
11565,10333,s0003481,2026-07-27 07:03:03,page_view,mobile
11566,10333,s0003481,2026-07-27 07:04:11,page_view,mobile
11567,10246,s0003482,2026-07-27 03:07:53,page_view,desktop
11568,10246,s0003482,2026-07-27 03:09:18,page_view,desktop
11569,10246,s0003482,2026-07-27 03:10:22,page_view,desktop
11570,10246,s0003482,2026-07-27 03:10:46,page_view,desktop
11571,10246,s0003482,2026-07-27 03:12:16,add_to_cart,desktop
11572,10246,s0003482,2026-07-27 03:12:21,begin_checkout,desktop
11573,10106,s0003483,2026-07-27 03:35:56,page_view,desktop
11574,10106,s0003483,2026-07-27 03:37:15,page_view,desktop
11575,10106,s0003483,2026-07-27 03:38:52,add_to_cart,desktop
11576,10106,s0003483,2026-07-27 03:40:40,begin_checkout,desktop
11577,10106,s0003483,2026-07-27 03:41:00,purchase,desktop
11578,,s0003484,2026-07-27 21:23:06,page_view,desktop
11579,,s0003484,2026-07-27 21:23:41,page_view,desktop
11580,,s0003484,2026-07-27 21:25:13,add_to_cart,desktop
11581,,s0003485,2026-07-27 22:54:31,page_view,mobile
11582,,s0003485,2026-07-27 22:55:45,page_view,mobile
11583,,s0003485,2026-07-27 22:57:10,page_view,mobile
11584,,s0003485,2026-07-27 22:58:50,page_view,mobile
11585,10281,s0003486,2026-07-27 17:46:01,page_view,desktop
11586,10281,s0003486,2026-07-27 17:47:47,add_to_cart,desktop
11587,10273,s0003487,2026-07-28 11:26:54,page_view,desktop
11588,10273,s0003487,2026-07-28 11:27:07,page_view,desktop
11589,10568,s0003488,2026-07-28 10:28:48,page_view,mobile
11590,10568,s0003488,2026-07-28 10:29:48,page_view,mobile
11591,10568,s0003488,2026-07-28 10:30:59,page_view,mobile
11592,10568,s0003488,2026-07-28 10:32:53,page_view,mobile
11593,10568,s0003488,2026-07-28 10:34:04,add_to_cart,mobile
11594,10568,s0003488,2026-07-28 10:35:23,begin_checkout,mobile
11595,,s0003489,2026-07-28 17:56:29,page_view,mobile
11596,,s0003489,2026-07-28 17:57:51,page_view,mobile
11597,,s0003489,2026-07-28 17:58:15,add_to_cart,mobile
11598,10109,s0003490,2026-07-28 00:14:15,page_view,tablet
11599,10109,s0003490,2026-07-28 00:14:43,page_view,tablet
11600,10109,s0003490,2026-07-28 00:15:20,add_to_cart,tablet
11601,,s0003491,2026-07-28 16:40:15,page_view,mobile
11602,10198,s0003492,2026-07-28 16:00:29,page_view,mobile
11603,10198,s0003492,2026-07-28 16:01:17,page_view,mobile
11604,10198,s0003492,2026-07-28 16:01:25,page_view,mobile
11605,10198,s0003492,2026-07-28 16:02:19,page_view,mobile
11606,10494,s0003493,2026-07-28 08:13:54,page_view,desktop
11607,10494,s0003493,2026-07-28 08:15:52,page_view,desktop
11608,10494,s0003493,2026-07-28 08:16:09,add_to_cart,desktop
11609,10494,s0003493,2026-07-28 08:17:58,begin_checkout,desktop
11610,10346,s0003494,2026-07-28 07:25:26,page_view,desktop
11611,10346,s0003494,2026-07-28 07:27:00,page_view,desktop
11612,10346,s0003494,2026-07-28 07:27:36,page_view,desktop
11613,10346,s0003494,2026-07-28 07:29:18,page_view,desktop
11614,,s0003495,2026-07-28 14:49:20,page_view,desktop
11615,,s0003495,2026-07-28 14:50:49,page_view,desktop
11616,,s0003495,2026-07-28 14:51:19,page_view,desktop
11617,,s0003495,2026-07-28 14:51:37,page_view,desktop
11618,10117,s0003496,2026-07-28 22:13:56,page_view,mobile
11619,10117,s0003496,2026-07-28 22:14:25,page_view,mobile
11620,10511,s0003497,2026-07-28 19:26:06,page_view,desktop
11621,,s0003498,2026-07-28 15:56:45,page_view,Desktop
11622,,s0003498,2026-07-28 15:57:56,add_to_cart,Desktop
11623,,s0003498,2026-07-28 15:59:28,begin_checkout,Desktop
11624,,s0003498,2026-07-28 16:00:12,purchase,Desktop
11625,10002,s0003499,2026-07-28 01:17:55,page_view,desktop
11626,10002,s0003499,2026-07-28 01:19:06,page_view,desktop
11627,10002,s0003499,2026-07-28 01:20:35,page_view,desktop
11628,10002,s0003499,2026-07-28 01:21:01,page_view,desktop
11629,10323,s0003500,2026-07-28 17:55:22,page_view,mobile
11630,10323,s0003500,2026-07-28 17:56:10,page_view,mobile
11631,10323,s0003500,2026-07-28 17:57:06,add_to_cart,mobile
11632,10323,s0003500,2026-07-28 17:57:28,begin_checkout,mobile
11633,10323,s0003500,2026-07-28 17:58:58,purchase,mobile
11634,10023,s0003501,2026-07-28 17:22:24,page_view,desktop
11635,,s0003502,2026-07-28 19:34:07,page_view,tablet
11636,,s0003502,2026-07-28 19:35:19,page_view,tablet
11637,,s0003502,2026-07-28 19:37:16,page_view,tablet
11638,,s0003503,2026-07-28 00:17:37,page_view,desktop
11639,,s0003503,2026-07-28 00:19:34,page_view,desktop
11640,,s0003503,2026-07-28 00:21:01,page_view,desktop
11641,10168,s0003504,2026-07-28 00:20:13,page_view,Tablet
11642,10168,s0003504,2026-07-28 00:21:06,page_view,Tablet
11643,10168,s0003504,2026-07-28 00:22:43,page_view,Tablet
11644,10168,s0003504,2026-07-28 00:23:03,page_view,Tablet
11645,10288,s0003505,2026-07-28 13:03:34,page_view,mobile
11646,10288,s0003505,2026-07-28 13:05:20,page_view,mobile
11647,,s0003506,2026-07-28 19:17:22,page_view,tablet
11648,,s0003506,2026-07-28 19:19:20,page_view,tablet
11649,,s0003507,2026-07-28 02:15:45,page_view,mobile
11650,,s0003507,2026-07-28 02:16:39,page_view,mobile
11651,10335,s0003508,2026-07-28 07:01:26,page_view,mobile
11652,10335,s0003508,2026-07-28 07:02:22,page_view,mobile
11653,10335,s0003508,2026-07-28 07:03:20,page_view,mobile
11654,10335,s0003508,2026-07-28 07:04:01,page_view,mobile
11655,10335,s0003508,2026-07-28 07:04:15,add_to_cart,mobile
11656,10335,s0003508,2026-07-28 07:05:17,begin_checkout,mobile
11657,10335,s0003508,2026-07-28 07:05:41,purchase,mobile
11658,10149,s0003509,2026-07-28 03:20:27,page_view,mobile
11659,10149,s0003509,2026-07-28 03:21:46,page_view,mobile
11660,10149,s0003509,2026-07-28 03:23:34,page_view,mobile
11661,10277,s0003510,2026-07-28 07:33:10,page_view,mobile
11662,10277,s0003510,2026-07-28 07:35:10,page_view,mobile
11663,10277,s0003510,2026-07-28 07:36:44,page_view,mobile
11664,10277,s0003510,2026-07-28 07:36:57,add_to_cart,mobile
11665,10277,s0003510,2026-07-28 07:37:07,begin_checkout,mobile
11666,10297,s0003511,2026-07-28 20:43:15,page_view,tablet
11667,10297,s0003511,2026-07-28 20:43:49,page_view,tablet
11668,10297,s0003511,2026-07-28 20:45:32,page_view,tablet
11669,10297,s0003511,2026-07-28 20:46:10,add_to_cart,tablet
11670,10089,s0003512,2026-07-28 18:30:58,page_view,desktop
11671,10089,s0003512,2026-07-28 18:32:32,page_view,desktop
11672,10089,s0003512,2026-07-28 18:33:10,add_to_cart,desktop
11673,10089,s0003512,2026-07-28 18:33:58,begin_checkout,desktop
11674,10089,s0003512,2026-07-28 18:35:29,purchase,desktop
11675,10111,s0003513,2026-07-28 13:55:01,page_view,mobile
11676,,s0003514,2026-07-28 09:31:38,page_view,mobile
11677,,s0003515,2026-07-28 12:21:19,page_view,mobile
11678,,s0003515,2026-07-28 12:22:19,page_view,mobile
11679,,s0003515,2026-07-28 12:23:38,page_view,mobile
11680,,s0003515,2026-07-28 12:24:14,page_view,mobile
11681,10683,s0003516,2026-07-28 13:24:29,page_view,mobile
11682,10683,s0003516,2026-07-28 13:26:10,page_view,mobile
11683,10683,s0003516,2026-07-28 13:27:25,page_view,mobile
11684,10683,s0003516,2026-07-28 13:28:59,page_view,mobile
11685,10683,s0003516,2026-07-28 13:30:08,add_to_cart,mobile
11686,10683,s0003516,2026-07-28 13:31:11,begin_checkout,mobile
11687,10683,s0003516,2026-07-28 13:31:17,purchase,mobile
11688,10655,s0003517,2026-07-28 15:12:33,page_view,mobile
11689,10655,s0003517,2026-07-28 15:13:46,page_view,mobile
11690,10655,s0003517,2026-07-28 15:14:06,page_view,mobile
11691,10655,s0003517,2026-07-28 15:14:36,page_view,mobile
11692,10655,s0003517,2026-07-28 15:15:05,add_to_cart,mobile
11693,10148,s0003518,2026-07-28 05:50:41,page_view,mobile
11694,10148,s0003518,2026-07-28 05:51:11,page_view,mobile
11695,10148,s0003518,2026-07-28 05:51:32,page_view,mobile
11696,10148,s0003518,2026-07-28 05:52:30,page_view,mobile
11697,10148,s0003518,2026-07-28 05:53:47,add_to_cart,mobile
11698,10148,s0003518,2026-07-28 05:53:55,begin_checkout,mobile
11699,10148,s0003518,2026-07-28 05:54:09,purchase,mobile
11700,10187,s0003519,2026-07-28 08:56:49,page_view,mobile
11701,10187,s0003519,2026-07-28 08:56:58,page_view,mobile
11702,10187,s0003519,2026-07-28 08:58:10,page_view,mobile
11703,10187,s0003519,2026-07-28 08:59:47,page_view,mobile
11704,10187,s0003519,2026-07-28 09:00:41,add_to_cart,mobile
11705,10187,s0003519,2026-07-28 09:00:50,begin_checkout,mobile
11706,10070,s0003520,2026-07-28 10:56:22,page_view,desktop
11707,10623,s0003521,2026-07-28 18:57:39,page_view,tablet
11708,10623,s0003521,2026-07-28 18:58:07,page_view,tablet
11709,10623,s0003521,2026-07-28 18:59:31,add_to_cart,tablet
11710,10414,s0003522,2026-07-28 10:58:49,page_view,desktop
11711,10414,s0003522,2026-07-28 10:59:39,page_view,desktop
11712,10414,s0003522,2026-07-28 11:00:00,page_view,desktop
11713,10414,s0003522,2026-07-28 11:01:46,page_view,desktop
11714,,s0003523,2026-07-28 16:56:27,page_view,desktop
11715,,s0003523,2026-07-28 16:57:36,page_view,desktop
11716,,s0003523,2026-07-28 16:59:14,page_view,desktop
11717,10580,s0003524,2026-07-28 11:05:52,page_view,mobile
11718,10580,s0003524,2026-07-28 11:07:14,page_view,mobile
11719,10580,s0003524,2026-07-28 11:07:53,page_view,mobile
11720,10580,s0003524,2026-07-28 11:08:58,page_view,mobile
11721,10580,s0003524,2026-07-28 11:09:15,add_to_cart,mobile
11722,10580,s0003524,2026-07-28 11:10:23,begin_checkout,mobile
11723,10580,s0003524,2026-07-28 11:12:09,purchase,mobile
11724,,s0003525,2026-07-28 19:17:39,page_view,desktop
11725,,s0003525,2026-07-28 19:18:13,page_view,desktop
11726,,s0003525,2026-07-28 19:20:00,page_view,desktop
11727,,s0003525,2026-07-28 19:21:36,add_to_cart,desktop
11728,,s0003525,2026-07-28 19:22:33,begin_checkout,desktop
11729,,s0003525,2026-07-28 19:23:16,purchase,desktop
11730,,s0003526,2026-07-28 11:26:24,page_view,mobile
11731,,s0003526,2026-07-28 11:26:51,page_view,mobile
11732,,s0003526,2026-07-28 11:27:19,page_view,mobile
11733,,s0003526,2026-07-28 11:28:28,page_view,mobile
11734,,s0003526,2026-07-28 11:29:45,add_to_cart,mobile
11735,,s0003526,2026-07-28 11:31:22,begin_checkout,mobile
11736,,s0003526,2026-07-28 11:31:42,purchase,mobile
11737,,s0003527,2026-07-28 04:29:30,page_view,desktop
11738,,s0003527,2026-07-28 04:29:36,page_view,desktop
11739,10194,s0003528,2026-07-28 06:39:13,page_view,desktop
11740,10194,s0003528,2026-07-28 06:39:20,page_view,desktop
11741,10523,s0003529,2026-07-28 22:24:02,page_view,desktop
11742,10473,s0003530,2026-07-28 05:46:36,page_view,mobile
11743,10473,s0003530,2026-07-28 05:48:09,page_view,mobile
11744,10473,s0003530,2026-07-28 05:49:50,page_view,mobile
11745,10124,s0003531,2026-07-28 01:26:02,page_view,mobile
11746,10335,s0003532,2026-07-28 02:55:17,page_view,mobile
11747,,s0003533,2026-07-28 16:47:27,page_view,desktop
11748,,s0003533,2026-07-28 16:47:47,page_view,desktop
11749,,s0003533,2026-07-28 16:48:52,page_view,desktop
11750,,s0003533,2026-07-28 16:49:24,add_to_cart,desktop
11751,,s0003534,2026-07-28 19:04:33,page_view,desktop
11752,,s0003534,2026-07-28 19:05:44,page_view,desktop
11753,,s0003534,2026-07-28 19:07:22,page_view,desktop
11754,,s0003534,2026-07-28 19:08:58,page_view,desktop
11755,,s0003534,2026-07-28 19:10:48,add_to_cart,desktop
11756,,s0003535,2026-07-29 19:56:36,page_view,mobile
11757,,s0003535,2026-07-29 19:57:13,page_view,mobile
11758,,s0003535,2026-07-29 19:58:53,page_view,mobile
11759,,s0003536,2026-07-29 00:32:29,page_view,tablet
11760,,s0003536,2026-07-29 00:34:13,page_view,tablet
11761,,s0003537,2026-07-29 08:39:20,page_view,Desktop
11762,,s0003537,2026-07-29 08:40:04,page_view,Desktop
11763,,s0003537,2026-07-29 08:41:05,add_to_cart,Desktop
11764,10314,s0003538,2026-07-29 12:44:03,page_view,tablet
11765,10314,s0003538,2026-07-29 12:45:21,page_view,tablet
11766,10211,s0003539,2026-07-29 05:19:17,page_view,mobile
11767,10211,s0003539,2026-07-29 05:19:27,page_view,mobile
11768,10211,s0003539,2026-07-29 05:20:59,page_view,mobile
11769,,s0003540,2026-07-29 03:21:28,page_view,desktop
11770,,s0003540,2026-07-29 03:22:24,add_to_cart,desktop
11771,10013,s0003541,2026-07-29 23:00:32,page_view,desktop
11772,10013,s0003541,2026-07-29 23:01:57,page_view,desktop
11773,10013,s0003541,2026-07-29 23:02:35,page_view,desktop
11774,10013,s0003541,2026-07-29 23:03:14,page_view,desktop
11775,10013,s0003541,2026-07-29 23:04:36,add_to_cart,desktop
11776,,s0003542,2026-07-29 07:10:03,page_view,desktop
11777,,s0003542,2026-07-29 07:10:45,page_view,desktop
11778,,s0003542,2026-07-29 07:11:08,add_to_cart,desktop
11779,,s0003543,2026-07-29 03:15:53,page_view,mobile
11780,,s0003543,2026-07-29 03:17:05,add_to_cart,mobile
11781,10454,s0003544,2026-07-29 07:20:55,page_view,desktop
11782,10454,s0003544,2026-07-29 07:21:53,page_view,desktop
11783,10454,s0003544,2026-07-29 07:22:51,page_view,desktop
11784,10454,s0003544,2026-07-29 07:24:31,page_view,desktop
11785,10454,s0003544,2026-07-29 07:26:05,add_to_cart,desktop
11786,,s0003545,2026-07-29 22:03:30,page_view,tablet
11787,,s0003545,2026-07-29 22:03:56,page_view,tablet
11788,10189,s0003546,2026-07-29 13:44:37,page_view,desktop
11789,10189,s0003546,2026-07-29 13:45:38,page_view,desktop
11790,10189,s0003546,2026-07-29 13:47:34,page_view,desktop
11791,10189,s0003546,2026-07-29 13:48:17,page_view,desktop
11792,10189,s0003546,2026-07-29 13:49:07,add_to_cart,desktop
11793,10645,s0003547,2026-07-29 18:44:08,page_view,mobile
11794,10645,s0003547,2026-07-29 18:44:15,add_to_cart,mobile
11795,10645,s0003547,2026-07-29 18:44:28,begin_checkout,mobile
11796,10645,s0003547,2026-07-29 18:44:36,purchase,mobile
11797,,s0003548,2026-07-29 21:50:45,page_view,tablet
11798,,s0003548,2026-07-29 21:51:20,add_to_cart,tablet
11799,,s0003549,2026-07-29 05:00:32,page_view,mobile
11800,,s0003549,2026-07-29 05:00:43,page_view,mobile
11801,,s0003549,2026-07-29 05:01:29,page_view,mobile
11802,,s0003550,2026-07-29 11:14:38,page_view,mobile
11803,,s0003550,2026-07-29 11:15:05,page_view,mobile
11804,,s0003550,2026-07-29 11:16:52,page_view,mobile
11805,,s0003550,2026-07-29 11:18:00,page_view,mobile
11806,,s0003550,2026-07-29 11:19:01,add_to_cart,mobile
11807,10178,s0003551,2026-07-29 02:39:18,page_view,desktop
11808,10057,s0003552,2026-07-29 01:33:23,page_view,desktop
11809,10057,s0003552,2026-07-29 01:33:40,add_to_cart,desktop
11810,10057,s0003552,2026-07-29 01:35:01,begin_checkout,desktop
11811,,s0003553,2026-07-29 12:52:57,page_view,tablet
11812,,s0003553,2026-07-29 12:53:58,add_to_cart,tablet
11813,10441,s0003554,2026-07-29 11:05:21,page_view,desktop
11814,10441,s0003554,2026-07-29 11:06:09,page_view,desktop
11815,10441,s0003554,2026-07-29 11:07:08,page_view,desktop
11816,10237,s0003555,2026-07-29 06:08:55,page_view,mobile
11817,,s0003556,2026-07-29 07:29:09,page_view,mobile
11818,,s0003556,2026-07-29 07:29:37,page_view,mobile
11819,,s0003556,2026-07-29 07:30:37,page_view,mobile
11820,,s0003556,2026-07-29 07:31:01,page_view,mobile
11821,,s0003556,2026-07-29 07:32:54,add_to_cart,mobile
11822,,s0003556,2026-07-29 07:33:03,begin_checkout,mobile
11823,,s0003556,2026-07-29 07:33:13,purchase,mobile
11824,10149,s0003557,2026-07-29 13:00:26,page_view,desktop
11825,10149,s0003557,2026-07-29 13:02:01,add_to_cart,desktop
11826,10149,s0003557,2026-07-29 13:02:22,begin_checkout,desktop
11827,,s0003558,2026-07-29 12:21:07,page_view,desktop
11828,,s0003558,2026-07-29 12:21:21,add_to_cart,desktop
11829,,s0003558,2026-07-29 12:22:42,begin_checkout,desktop
11830,,s0003558,2026-07-29 12:24:01,purchase,desktop
11831,10221,s0003559,2026-07-29 16:07:31,page_view,mobile
11832,10221,s0003559,2026-07-29 16:08:06,page_view,mobile
11833,10221,s0003559,2026-07-29 16:09:43,add_to_cart,mobile
11834,10221,s0003559,2026-07-29 16:11:29,begin_checkout,mobile
11835,10221,s0003559,2026-07-29 16:11:50,purchase,mobile
11836,10662,s0003560,2026-07-29 05:17:24,page_view,mobile
11837,10662,s0003560,2026-07-29 05:18:52,page_view,mobile
11838,10662,s0003560,2026-07-29 05:18:56,add_to_cart,mobile
11839,10300,s0003561,2026-07-29 08:11:53,page_view,tablet
11840,10300,s0003561,2026-07-29 08:13:49,page_view,tablet
11841,10300,s0003561,2026-07-29 08:14:24,add_to_cart,tablet
11842,10300,s0003561,2026-07-29 08:15:02,begin_checkout,tablet
11843,10133,s0003562,2026-07-29 10:15:54,page_view,desktop
11844,10133,s0003562,2026-07-29 10:15:58,page_view,desktop
11845,10133,s0003562,2026-07-29 10:16:06,page_view,desktop
11846,10133,s0003562,2026-07-29 10:16:54,page_view,desktop
11847,10133,s0003562,2026-07-29 10:17:56,add_to_cart,desktop
11848,10133,s0003562,2026-07-29 10:19:33,begin_checkout,desktop
11849,10170,s0003563,2026-07-29 09:14:30,page_view,desktop
11850,10170,s0003563,2026-07-29 09:15:46,page_view,desktop
11851,10170,s0003563,2026-07-29 09:17:18,page_view,desktop
11852,,s0003564,2026-07-29 07:10:57,page_view,mobile
11853,,s0003564,2026-07-29 07:11:26,page_view,mobile
11854,,s0003565,2026-07-29 06:39:53,page_view,tablet
11855,,s0003565,2026-07-29 06:41:00,page_view,tablet
11856,,s0003565,2026-07-29 06:41:56,add_to_cart,tablet
11857,,s0003566,2026-07-29 13:39:34,page_view,mobile
11858,,s0003566,2026-07-29 13:40:52,page_view,mobile
11859,,s0003566,2026-07-29 13:42:00,add_to_cart,mobile
11860,,s0003566,2026-07-29 13:42:08,begin_checkout,mobile
11861,,s0003567,2026-07-29 02:21:22,page_view,mobile
11862,,s0003567,2026-07-29 02:22:35,page_view,mobile
11863,,s0003568,2026-07-29 11:11:59,page_view,tablet
11864,,s0003568,2026-07-29 11:12:35,add_to_cart,tablet
11865,,s0003569,2026-07-29 01:56:05,page_view,mobile
11866,,s0003569,2026-07-29 01:57:49,page_view,mobile
11867,,s0003570,2026-07-29 13:26:09,page_view,mobile
11868,,s0003570,2026-07-29 13:26:56,page_view,mobile
11869,,s0003570,2026-07-29 13:28:31,page_view,mobile
11870,,s0003570,2026-07-29 13:30:16,add_to_cart,mobile
11871,10065,s0003571,2026-07-29 08:06:36,page_view,mobile
11872,10065,s0003571,2026-07-29 08:08:02,page_view,mobile
11873,10065,s0003571,2026-07-29 08:08:58,page_view,mobile
11874,10644,s0003572,2026-07-29 01:00:12,page_view,desktop
11875,10644,s0003572,2026-07-29 01:01:30,page_view,desktop
11876,10644,s0003572,2026-07-29 01:02:50,page_view,desktop
11877,10644,s0003572,2026-07-29 01:02:56,page_view,desktop
11878,10644,s0003572,2026-07-29 01:04:39,add_to_cart,desktop
11879,10221,s0003573,2026-07-29 03:41:28,page_view,desktop
11880,10221,s0003573,2026-07-29 03:43:23,page_view,desktop
11881,10221,s0003573,2026-07-29 03:44:33,page_view,desktop
11882,10221,s0003573,2026-07-29 03:44:48,page_view,desktop
11883,10110,s0003574,2026-07-29 15:49:30,page_view,desktop
11884,10110,s0003574,2026-07-29 15:49:49,page_view,desktop
11885,10110,s0003574,2026-07-29 15:50:12,add_to_cart,desktop
11886,10696,s0003575,2026-07-29 11:22:57,page_view,desktop
11887,10696,s0003575,2026-07-29 11:23:29,page_view,desktop
11888,10696,s0003575,2026-07-29 11:24:07,page_view,desktop
11889,10644,s0003576,2026-07-29 19:43:51,page_view,desktop
11890,10644,s0003576,2026-07-29 19:44:17,page_view,desktop
11891,10644,s0003576,2026-07-29 19:45:01,page_view,desktop
11892,10644,s0003576,2026-07-29 19:46:52,page_view,desktop
11893,,s0003577,2026-07-29 07:31:45,page_view,desktop
11894,,s0003578,2026-07-29 13:50:43,page_view,desktop
11895,,s0003578,2026-07-29 13:50:55,page_view,desktop
11896,,s0003578,2026-07-29 13:51:07,page_view,desktop
11897,,s0003578,2026-07-29 13:51:13,page_view,desktop
11898,,s0003579,2026-07-29 08:51:28,page_view,mobile
11899,,s0003579,2026-07-29 08:51:51,page_view,mobile
11900,,s0003580,2026-07-29 06:34:28,page_view,desktop
11901,,s0003580,2026-07-29 06:34:42,page_view,desktop
11902,,s0003580,2026-07-29 06:35:34,page_view,desktop
11903,,s0003581,2026-07-29 20:11:21,page_view,mobile
11904,,s0003581,2026-07-29 20:11:34,page_view,mobile
11905,,s0003581,2026-07-29 20:13:32,page_view,mobile
11906,10205,s0003582,2026-07-29 05:29:28,page_view,desktop
11907,,s0003583,2026-07-29 15:44:52,page_view,tablet
11908,,s0003583,2026-07-29 15:45:00,page_view,tablet
11909,,s0003583,2026-07-29 15:46:24,page_view,tablet
11910,,s0003583,2026-07-29 15:47:36,page_view,tablet
11911,10094,s0003584,2026-07-29 21:41:57,page_view,desktop
11912,10094,s0003584,2026-07-29 21:43:55,page_view,desktop
11913,10094,s0003584,2026-07-29 21:45:16,page_view,desktop
11914,10094,s0003584,2026-07-29 21:46:57,page_view,desktop
11915,10558,s0003585,2026-07-29 22:27:26,page_view,mobile
11916,10558,s0003585,2026-07-29 22:28:05,page_view,mobile
11917,10435,s0003586,2026-07-29 19:42:46,page_view,mobile
11918,10435,s0003586,2026-07-29 19:43:12,page_view,mobile
11919,10435,s0003586,2026-07-29 19:44:01,page_view,mobile
11920,10435,s0003586,2026-07-29 19:45:04,page_view,mobile
11921,10349,s0003587,2026-07-29 05:39:44,page_view,desktop
11922,10349,s0003587,2026-07-29 05:40:14,page_view,desktop
11923,10349,s0003587,2026-07-29 05:41:30,add_to_cart,desktop
11924,10349,s0003587,2026-07-29 05:42:51,begin_checkout,desktop
11925,10349,s0003587,2026-07-29 05:44:19,purchase,desktop
11926,10348,s0003588,2026-07-29 18:16:30,page_view,tablet
11927,10348,s0003588,2026-07-29 18:17:35,page_view,tablet
11928,10348,s0003588,2026-07-29 18:18:24,page_view,tablet
11929,10348,s0003588,2026-07-29 18:19:44,page_view,tablet
11930,10348,s0003588,2026-07-29 18:20:41,add_to_cart,tablet
11931,10348,s0003588,2026-07-29 18:21:20,begin_checkout,tablet
11932,10451,s0003589,2026-07-29 18:04:51,page_view,mobile
11933,10451,s0003589,2026-07-29 18:06:05,page_view,mobile
11934,10451,s0003589,2026-07-29 18:06:44,page_view,mobile
11935,10451,s0003589,2026-07-29 18:07:06,page_view,mobile
11936,10344,s0003590,2026-07-29 13:16:02,page_view,mobile
11937,10344,s0003590,2026-07-29 13:16:12,page_view,mobile
11938,10344,s0003590,2026-07-29 13:16:24,page_view,mobile
11939,,s0003591,2026-07-29 19:05:50,page_view,Tablet
11940,,s0003591,2026-07-29 19:07:47,add_to_cart,Tablet
11941,,s0003591,2026-07-29 19:08:22,begin_checkout,Tablet
11942,,s0003592,2026-07-29 07:16:56,page_view,mobile
11943,,s0003592,2026-07-29 07:18:13,add_to_cart,mobile
11944,,s0003592,2026-07-29 07:18:59,begin_checkout,mobile
11945,10674,s0003593,2026-07-29 11:06:30,page_view,mobile
11946,10070,s0003594,2026-07-29 19:13:47,page_view,mobile
11947,10070,s0003594,2026-07-29 19:15:16,page_view,mobile
11948,10118,s0003595,2026-07-29 09:32:24,page_view,mobile
11949,10131,s0003596,2026-07-29 13:19:43,page_view,desktop
11950,,s0003597,2026-07-29 05:03:16,page_view,desktop
11951,,s0003598,2026-07-29 07:28:35,page_view,desktop
11952,,s0003598,2026-07-29 07:28:50,page_view,desktop
11953,,s0003598,2026-07-29 07:30:03,page_view,desktop
11954,,s0003598,2026-07-29 07:31:30,add_to_cart,desktop
11955,,s0003598,2026-07-29 07:33:08,begin_checkout,desktop
11956,,s0003598,2026-07-29 07:33:31,purchase,desktop
11957,10583,s0003599,2026-07-29 12:21:45,page_view,mobile
11958,,s0003600,2026-07-29 10:43:32,page_view,mobile
11959,,s0003600,2026-07-29 10:43:35,page_view,mobile
11960,,s0003600,2026-07-29 10:44:05,page_view,mobile
11961,,s0003600,2026-07-29 10:46:03,add_to_cart,mobile
11962,10603,s0003601,2026-07-29 04:32:39,page_view,desktop
11963,10603,s0003601,2026-07-29 04:33:20,page_view,desktop
11964,10603,s0003601,2026-07-29 04:34:22,page_view,desktop
11965,10603,s0003602,2026-07-29 05:39:23,page_view,mobile
11966,10603,s0003602,2026-07-29 05:40:14,page_view,mobile
11967,10603,s0003602,2026-07-29 05:40:24,page_view,mobile
11968,10603,s0003602,2026-07-29 05:41:02,page_view,mobile
11969,10603,s0003602,2026-07-29 05:42:54,add_to_cart,mobile
11970,10603,s0003602,2026-07-29 05:43:27,begin_checkout,mobile
11971,10603,s0003602,2026-07-29 05:43:52,purchase,mobile
11972,10109,s0003603,2026-07-30 16:35:19,page_view,mobile
11973,10109,s0003603,2026-07-30 16:36:06,add_to_cart,mobile
11974,10109,s0003603,2026-07-30 16:36:12,begin_checkout,mobile
11975,10109,s0003603,2026-07-30 16:37:26,purchase,mobile
11976,10268,s0003604,2026-07-30 09:08:08,page_view,desktop
11977,,s0003605,2026-07-30 16:05:28,page_view,Desktop
11978,,s0003605,2026-07-30 16:06:40,page_view,Desktop
11979,,s0003606,2026-07-30 15:15:27,page_view,desktop
11980,,s0003606,2026-07-30 15:17:13,page_view,desktop
11981,,s0003606,2026-07-30 15:18:18,page_view,desktop
11982,,s0003606,2026-07-30 15:18:53,add_to_cart,desktop
11983,10308,s0003607,2026-07-30 16:46:15,page_view,tablet
11984,10308,s0003607,2026-07-30 16:46:34,page_view,tablet
11985,10308,s0003607,2026-07-30 16:47:23,page_view,tablet
11986,10308,s0003607,2026-07-30 16:47:41,page_view,tablet
11987,10642,s0003608,2026-07-30 18:19:31,page_view,desktop
11988,10642,s0003608,2026-07-30 18:19:42,page_view,desktop
11989,10642,s0003608,2026-07-30 18:20:58,page_view,desktop
11990,10642,s0003608,2026-07-30 18:21:51,page_view,desktop
11991,10036,s0003609,2026-07-30 16:33:50,page_view,mobile
11992,10036,s0003609,2026-07-30 16:34:03,page_view,mobile
11993,10036,s0003609,2026-07-30 16:34:55,page_view,mobile
11994,10087,s0003610,2026-07-30 01:35:11,page_view,desktop
11995,10087,s0003610,2026-07-30 01:36:26,page_view,desktop
11996,10087,s0003610,2026-07-30 01:37:47,page_view,desktop
11997,10087,s0003610,2026-07-30 01:39:06,page_view,desktop
11998,10043,s0003611,2026-07-30 02:10:40,page_view,mobile
11999,10043,s0003611,2026-07-30 02:11:53,page_view,mobile
12000,10034,s0003612,2026-07-30 12:07:23,page_view,mobile
12001,10034,s0003612,2026-07-30 12:09:08,page_view,mobile
12002,10006,s0003613,2026-07-30 22:40:13,page_view,desktop
12003,10006,s0003613,2026-07-30 22:40:52,page_view,desktop
12004,10006,s0003613,2026-07-30 22:42:38,page_view,desktop
12005,,s0003614,2026-07-30 04:05:57,page_view,desktop
12006,,s0003614,2026-07-30 04:07:39,page_view,desktop
12007,,s0003614,2026-07-30 04:08:56,page_view,desktop
12008,,s0003614,2026-07-30 04:09:46,page_view,desktop
12009,,s0003615,2026-07-30 19:14:26,page_view,mobile
12010,,s0003615,2026-07-30 19:15:15,page_view,mobile
12011,,s0003615,2026-07-30 19:16:39,add_to_cart,mobile
12012,,s0003615,2026-07-30 19:17:35,begin_checkout,mobile
12013,,s0003615,2026-07-30 19:18:17,purchase,mobile
12014,,s0003616,2026-07-30 14:41:19,page_view,desktop
12015,,s0003616,2026-07-30 14:42:03,page_view,desktop
12016,,s0003616,2026-07-30 14:42:47,page_view,desktop
12017,,s0003616,2026-07-30 14:43:25,page_view,desktop
12018,,s0003616,2026-07-30 14:44:50,add_to_cart,desktop
12019,10411,s0003617,2026-07-30 10:14:40,page_view,tablet
12020,10411,s0003617,2026-07-30 10:16:23,page_view,tablet
12021,,s0003618,2026-07-30 18:25:26,page_view,mobile
12022,,s0003618,2026-07-30 18:27:00,page_view,mobile
12023,,s0003618,2026-07-30 18:27:57,page_view,mobile
12024,,s0003618,2026-07-30 18:29:09,page_view,mobile
12025,,s0003619,2026-07-30 09:51:58,page_view,mobile
12026,,s0003620,2026-07-30 14:28:03,page_view,desktop
12027,,s0003620,2026-07-30 14:28:44,page_view,desktop
12028,10595,s0003621,2026-07-30 12:16:57,page_view,mobile
12029,10267,s0003622,2026-07-30 17:04:14,page_view,mobile
12030,10267,s0003622,2026-07-30 17:04:23,page_view,mobile
12031,10267,s0003622,2026-07-30 17:05:39,page_view,mobile
12032,10267,s0003622,2026-07-30 17:07:39,page_view,mobile
12033,10094,s0003623,2026-07-30 13:56:14,page_view,desktop
12034,10094,s0003623,2026-07-30 13:56:20,page_view,desktop
12035,10094,s0003623,2026-07-30 13:56:44,page_view,desktop
12036,10094,s0003623,2026-07-30 13:57:16,page_view,desktop
12037,10094,s0003623,2026-07-30 13:58:47,add_to_cart,desktop
12038,10094,s0003623,2026-07-30 14:00:39,begin_checkout,desktop
12039,10094,s0003623,2026-07-30 14:02:33,purchase,desktop
12040,10157,s0003624,2026-07-30 00:49:45,page_view,desktop
12041,,s0003625,2026-07-30 15:45:16,page_view,Desktop
12042,,s0003625,2026-07-30 15:47:01,page_view,Desktop
12043,,s0003625,2026-07-30 15:47:07,add_to_cart,Desktop
12044,,s0003625,2026-07-30 15:48:29,begin_checkout,Desktop
12045,,s0003626,2026-07-30 11:02:35,page_view,desktop
12046,,s0003626,2026-07-30 11:03:23,page_view,desktop
12047,,s0003626,2026-07-30 11:04:17,page_view,desktop
12048,,s0003626,2026-07-30 11:06:14,page_view,desktop
12049,,s0003626,2026-07-30 11:07:32,add_to_cart,desktop
12050,,s0003626,2026-07-30 11:08:28,begin_checkout,desktop
12051,,s0003626,2026-07-30 11:09:58,purchase,desktop
12052,,s0003627,2026-07-30 02:15:09,page_view,Mobile
12053,,s0003627,2026-07-30 02:15:15,page_view,Mobile
12054,10438,s0003628,2026-07-30 10:23:50,page_view,desktop
12055,10438,s0003628,2026-07-30 10:24:36,page_view,desktop
12056,10438,s0003628,2026-07-30 10:25:27,page_view,desktop
12057,10438,s0003628,2026-07-30 10:26:02,page_view,desktop
12058,10438,s0003628,2026-07-30 10:27:50,add_to_cart,desktop
12059,,s0003629,2026-07-30 19:24:01,page_view,desktop
12060,10102,s0003630,2026-07-30 04:15:59,page_view,mobile
12061,,s0003631,2026-07-30 16:40:19,page_view,mobile
12062,,s0003631,2026-07-30 16:40:27,page_view,mobile
12063,,s0003631,2026-07-30 16:41:15,page_view,mobile
12064,10045,s0003632,2026-07-30 18:29:14,page_view,desktop
12065,10045,s0003632,2026-07-30 18:31:05,page_view,desktop
12066,10531,s0003633,2026-07-30 06:48:43,page_view,mobile
12067,10531,s0003633,2026-07-30 06:50:41,page_view,mobile
12068,10531,s0003633,2026-07-30 06:50:59,page_view,mobile
12069,10531,s0003633,2026-07-30 06:52:24,page_view,mobile
12070,10531,s0003633,2026-07-30 06:52:36,add_to_cart,mobile
12071,10346,s0003634,2026-07-30 14:41:26,page_view,desktop
12072,10346,s0003634,2026-07-30 14:43:20,page_view,desktop
12073,10346,s0003634,2026-07-30 14:43:36,page_view,desktop
12074,10665,s0003635,2026-07-30 05:03:20,page_view,desktop
12075,10665,s0003635,2026-07-30 05:04:22,page_view,desktop
12076,10665,s0003635,2026-07-30 05:04:39,page_view,desktop
12077,10665,s0003635,2026-07-30 05:06:04,page_view,desktop
12078,10665,s0003635,2026-07-30 05:07:24,add_to_cart,desktop
12079,10665,s0003635,2026-07-30 05:09:18,begin_checkout,desktop
12080,10665,s0003635,2026-07-30 05:09:26,purchase,desktop
12081,,s0003636,2026-07-30 13:48:55,page_view,desktop
12082,,s0003636,2026-07-30 13:49:55,page_view,desktop
12083,10060,s0003637,2026-07-30 16:46:02,page_view,mobile
12084,10028,s0003638,2026-07-30 21:37:38,page_view,desktop
12085,10470,s0003639,2026-07-30 05:15:26,page_view,Desktop
12086,10470,s0003639,2026-07-30 05:16:44,page_view,Desktop
12087,10470,s0003639,2026-07-30 05:18:28,page_view,Desktop
12088,10470,s0003639,2026-07-30 05:20:15,page_view,Desktop
12089,,s0003640,2026-07-30 04:32:26,page_view,mobile
12090,,s0003640,2026-07-30 04:33:53,add_to_cart,mobile
12091,10480,s0003641,2026-07-30 00:13:30,page_view,mobile
12092,10480,s0003641,2026-07-30 00:14:36,page_view,mobile
12093,10480,s0003641,2026-07-30 00:14:41,page_view,mobile
12094,10480,s0003641,2026-07-30 00:15:20,add_to_cart,mobile
12095,10480,s0003641,2026-07-30 00:15:37,begin_checkout,mobile
12096,10480,s0003641,2026-07-30 00:15:53,purchase,mobile
12097,10613,s0003642,2026-07-30 08:19:45,page_view,mobile
12098,,s0003643,2026-07-30 04:27:14,page_view,mobile
12099,,s0003643,2026-07-30 04:28:53,page_view,mobile
12100,,s0003643,2026-07-30 04:28:57,page_view,mobile
12101,,s0003643,2026-07-30 04:30:26,page_view,mobile
12102,,s0003643,2026-07-30 04:31:54,add_to_cart,mobile
12103,,s0003643,2026-07-30 04:33:06,begin_checkout,mobile
12104,10167,s0003644,2026-07-30 00:53:40,page_view,mobile
12105,10167,s0003644,2026-07-30 00:54:13,page_view,mobile
12106,10167,s0003644,2026-07-30 00:55:25,page_view,mobile
12107,10167,s0003644,2026-07-30 00:57:11,page_view,mobile
12108,10113,s0003645,2026-07-30 21:20:13,page_view,desktop
12109,10113,s0003645,2026-07-30 21:20:33,page_view,desktop
12110,,s0003646,2026-07-30 09:48:46,page_view,mobile
12111,,s0003646,2026-07-30 09:49:00,page_view,mobile
12112,10428,s0003647,2026-07-30 22:47:16,page_view,desktop
12113,10428,s0003647,2026-07-30 22:49:09,page_view,desktop
12114,10428,s0003647,2026-07-30 22:49:53,page_view,desktop
12115,10428,s0003647,2026-07-30 22:50:06,add_to_cart,desktop
12116,10488,s0003648,2026-07-30 22:32:04,page_view,mobile
12117,10488,s0003648,2026-07-30 22:32:23,page_view,mobile
12118,10488,s0003648,2026-07-30 22:33:01,page_view,mobile
12119,10488,s0003648,2026-07-30 22:34:10,page_view,mobile
12120,10488,s0003648,2026-07-30 22:34:42,add_to_cart,mobile
12121,10646,s0003649,2026-07-31 13:30:31,page_view,mobile
12122,,s0003650,2026-07-31 21:39:09,page_view,desktop
12123,,s0003650,2026-07-31 21:39:47,page_view,desktop
12124,,s0003650,2026-07-31 21:39:51,page_view,desktop
12125,,s0003651,2026-07-31 12:23:38,page_view,desktop
12126,,s0003651,2026-07-31 12:24:14,page_view,desktop
12127,,s0003651,2026-07-31 12:25:10,page_view,desktop
12128,,s0003651,2026-07-31 12:26:20,page_view,desktop
12129,,s0003652,2026-07-31 00:28:29,page_view,mobile
12130,,s0003652,2026-07-31 00:30:18,page_view,mobile
12131,,s0003652,2026-07-31 00:30:40,page_view,mobile
12132,10004,s0003653,2026-07-31 06:55:30,page_view,mobile
12133,10004,s0003653,2026-07-31 06:56:52,page_view,mobile
12134,10004,s0003653,2026-07-31 06:57:59,add_to_cart,mobile
12135,,s0003654,2026-07-31 12:00:13,page_view,mobile
12136,,s0003654,2026-07-31 12:02:10,add_to_cart,mobile
12137,,s0003655,2026-07-31 09:56:40,page_view,mobile
12138,,s0003655,2026-07-31 09:57:43,add_to_cart,mobile
12139,,s0003656,2026-07-31 03:29:19,page_view,mobile
12140,10600,s0003657,2026-07-31 15:51:28,page_view,desktop
12141,10600,s0003657,2026-07-31 15:53:22,page_view,desktop
12142,10631,s0003658,2026-07-31 10:14:55,page_view,mobile
12143,,s0003659,2026-07-31 08:27:08,page_view,Mobile
12144,,s0003659,2026-07-31 08:28:12,page_view,Mobile
12145,,s0003659,2026-07-31 08:29:50,page_view,Mobile
12146,,s0003659,2026-07-31 08:31:41,page_view,Mobile
12147,,s0003659,2026-07-31 08:33:27,add_to_cart,Mobile
12148,,s0003660,2026-07-31 06:20:57,page_view,mobile
12149,,s0003660,2026-07-31 06:21:42,add_to_cart,mobile
12150,10537,s0003661,2026-07-31 20:31:45,page_view,desktop
12151,10537,s0003661,2026-07-31 20:32:09,page_view,desktop
12152,10537,s0003661,2026-07-31 20:32:58,page_view,desktop
12153,10537,s0003661,2026-07-31 20:34:52,page_view,desktop
12154,10296,s0003662,2026-07-31 07:42:27,page_view,desktop
12155,10296,s0003662,2026-07-31 07:43:45,page_view,desktop
12156,10296,s0003662,2026-07-31 07:45:30,page_view,desktop
12157,10368,s0003663,2026-07-31 03:35:22,page_view,mobile
12158,10368,s0003663,2026-07-31 03:37:14,page_view,mobile
12159,10286,s0003664,2026-07-31 11:40:04,page_view,desktop
12160,10102,s0003665,2026-07-31 13:23:20,page_view,mobile
12161,10102,s0003665,2026-07-31 13:23:50,page_view,mobile
12162,10102,s0003665,2026-07-31 13:25:46,page_view,mobile
12163,10061,s0003666,2026-07-31 14:08:49,page_view,desktop
12164,10092,s0003667,2026-07-31 00:58:01,page_view,mobile
12165,10340,s0003668,2026-07-31 03:44:32,page_view,mobile
12166,10340,s0003668,2026-07-31 03:46:32,page_view,mobile
12167,10340,s0003668,2026-07-31 03:48:02,page_view,mobile
12168,10340,s0003668,2026-07-31 03:49:51,page_view,mobile
12169,10639,s0003669,2026-07-31 15:24:54,page_view,desktop
12170,10639,s0003669,2026-07-31 15:25:44,page_view,desktop
12171,10639,s0003669,2026-07-31 15:26:30,page_view,desktop
12172,10639,s0003669,2026-07-31 15:26:53,page_view,desktop
12173,10254,s0003670,2026-07-31 04:59:38,page_view,mobile
12174,10313,s0003671,2026-07-31 08:23:34,page_view,desktop
12175,10313,s0003671,2026-07-31 08:25:24,page_view,desktop
12176,10313,s0003671,2026-07-31 08:26:12,page_view,desktop
12177,10313,s0003671,2026-07-31 08:26:15,page_view,desktop
12178,10223,s0003672,2026-07-31 03:05:34,page_view,mobile
12179,10223,s0003672,2026-07-31 03:06:08,page_view,mobile
12180,10223,s0003672,2026-07-31 03:08:01,page_view,mobile
12181,10223,s0003672,2026-07-31 03:09:27,page_view,mobile
12182,10223,s0003672,2026-07-31 03:10:41,add_to_cart,mobile
12183,10223,s0003672,2026-07-31 03:10:55,begin_checkout,mobile
12184,10223,s0003672,2026-07-31 03:11:46,purchase,mobile
12185,10307,s0003673,2026-07-31 06:49:45,page_view,Desktop
12186,10307,s0003673,2026-07-31 06:51:35,page_view,Desktop
12187,10307,s0003673,2026-07-31 06:52:50,page_view,Desktop
12188,10307,s0003673,2026-07-31 06:53:37,add_to_cart,Desktop
12189,10307,s0003673,2026-07-31 06:54:33,begin_checkout,Desktop
12190,10307,s0003673,2026-07-31 06:55:40,purchase,Desktop
12191,,s0003674,2026-07-31 06:01:14,page_view,mobile
12192,,s0003674,2026-07-31 06:02:18,page_view,mobile
12193,,s0003674,2026-07-31 06:02:26,page_view,mobile
12194,,s0003674,2026-07-31 06:03:25,page_view,mobile
12195,10294,s0003675,2026-07-31 22:40:07,page_view,desktop
12196,10294,s0003675,2026-07-31 22:41:04,page_view,desktop
12197,10294,s0003675,2026-07-31 22:42:14,page_view,desktop
12198,10294,s0003675,2026-07-31 22:43:57,page_view,desktop
12199,10453,s0003676,2026-07-31 12:10:41,page_view,desktop
12200,10453,s0003676,2026-07-31 12:10:45,add_to_cart,desktop
12201,10453,s0003676,2026-07-31 12:11:54,begin_checkout,desktop
12202,10453,s0003676,2026-07-31 12:12:27,purchase,desktop
12203,10654,s0003677,2026-07-31 21:37:32,page_view,tablet
12204,,s0003678,2026-07-31 15:14:40,page_view,mobile
12205,,s0003678,2026-07-31 15:16:10,page_view,mobile
12206,,s0003679,2026-07-31 01:07:51,page_view,tablet
12207,,s0003679,2026-07-31 01:09:50,page_view,tablet
12208,,s0003680,2026-07-31 06:21:09,page_view,mobile
12209,,s0003680,2026-07-31 06:22:54,page_view,mobile
12210,,s0003680,2026-07-31 06:24:11,add_to_cart,mobile
12211,,s0003680,2026-07-31 06:26:10,begin_checkout,mobile
12212,,s0003680,2026-07-31 06:27:11,purchase,mobile
12213,,s0003681,2026-07-31 05:02:10,page_view,mobile
12214,,s0003681,2026-07-31 05:02:57,page_view,mobile
12215,,s0003681,2026-07-31 05:04:50,add_to_cart,mobile
12216,10411,s0003682,2026-07-31 21:16:43,page_view,desktop
12217,10411,s0003682,2026-07-31 21:17:35,page_view,desktop
12218,10411,s0003682,2026-07-31 21:18:47,page_view,desktop
12219,10411,s0003682,2026-07-31 21:19:29,page_view,desktop
12220,,s0003683,2026-07-31 10:23:11,page_view,mobile
12221,,s0003683,2026-07-31 10:23:43,page_view,mobile
12222,,s0003683,2026-07-31 10:25:10,page_view,mobile
12223,,s0003683,2026-07-31 10:26:37,page_view,mobile
12224,10015,s0003684,2026-07-31 04:14:04,page_view,tablet
12225,10015,s0003684,2026-07-31 04:14:38,page_view,tablet
12226,10015,s0003684,2026-07-31 04:15:54,page_view,tablet
12227,10015,s0003684,2026-07-31 04:16:29,page_view,tablet
12228,10015,s0003684,2026-07-31 04:17:30,add_to_cart,tablet
12229,,s0003685,2026-07-31 08:16:15,page_view,mobile
12230,,s0003685,2026-07-31 08:16:43,page_view,mobile
12231,10428,s0003686,2026-07-31 11:35:04,page_view,desktop
12232,10428,s0003686,2026-07-31 11:36:41,page_view,desktop
12233,10428,s0003686,2026-07-31 11:38:40,page_view,desktop
12234,10428,s0003686,2026-07-31 11:39:32,page_view,desktop
12235,10201,s0003687,2026-07-31 21:31:50,page_view,mobile
12236,10201,s0003687,2026-07-31 21:33:22,page_view,mobile
12237,10201,s0003687,2026-07-31 21:33:26,page_view,mobile
12238,,s0003688,2026-07-31 02:21:56,page_view,tablet
12239,,s0003688,2026-07-31 02:22:20,page_view,tablet
12240,,s0003688,2026-07-31 02:23:37,page_view,tablet
12241,,s0003688,2026-07-31 02:23:46,page_view,tablet
12242,,s0003688,2026-07-31 02:25:09,add_to_cart,tablet
12243,,s0003689,2026-07-31 02:48:31,page_view,mobile
12244,,s0003689,2026-07-31 02:50:20,page_view,mobile
12245,,s0003689,2026-07-31 02:50:44,page_view,mobile
12246,,s0003689,2026-07-31 02:51:38,add_to_cart,mobile
12247,,s0003689,2026-07-31 02:52:11,begin_checkout,mobile
12248,,s0003689,2026-07-31 02:53:00,purchase,mobile
12249,10319,s0003690,2026-07-31 02:59:39,page_view,desktop
12250,10319,s0003690,2026-07-31 03:00:15,page_view,desktop
12251,,s0003691,2026-07-31 09:57:03,page_view,mobile
12252,,s0003691,2026-07-31 09:58:20,page_view,mobile
12253,,s0003691,2026-07-31 09:59:17,page_view,mobile
12254,,s0003692,2026-07-31 10:37:55,page_view,mobile
12255,,s0003692,2026-07-31 10:38:11,page_view,mobile
12256,,s0003692,2026-07-31 10:39:15,add_to_cart,mobile
12257,,s0003692,2026-07-31 10:39:27,begin_checkout,mobile
12258,,s0003692,2026-07-31 10:39:57,purchase,mobile
12259,,s0003693,2026-07-31 17:55:28,page_view,desktop
12260,,s0003693,2026-07-31 17:55:32,add_to_cart,desktop
12261,,s0003693,2026-07-31 17:56:28,begin_checkout,desktop
12262,,s0003693,2026-07-31 17:57:43,purchase,desktop
12263,,s0003694,2026-07-31 15:51:51,page_view,tablet
12264,,s0003694,2026-07-31 15:53:08,add_to_cart,tablet
12265,,s0003694,2026-07-31 15:54:22,begin_checkout,tablet
12266,10139,s0003695,2026-07-31 13:48:10,page_view,mobile
12267,10139,s0003695,2026-07-31 13:48:30,page_view,mobile
12268,10139,s0003695,2026-07-31 13:50:06,add_to_cart,mobile
12269,,s0003696,2026-07-31 15:34:39,page_view,mobile
12270,,s0003696,2026-07-31 15:36:19,add_to_cart,mobile
12271,,s0003696,2026-07-31 15:36:46,begin_checkout,mobile
12272,,s0003696,2026-07-31 15:36:53,purchase,mobile
12273,,s0003697,2026-07-31 12:38:54,page_view,mobile
12274,,s0003697,2026-07-31 12:40:10,page_view,mobile
12275,,s0003697,2026-07-31 12:41:55,add_to_cart,mobile
12276,,s0003697,2026-07-31 12:42:32,begin_checkout,mobile
12277,10518,s0003698,2026-07-31 15:11:29,page_view,desktop
12278,10518,s0003698,2026-07-31 15:13:23,page_view,desktop
12279,10518,s0003698,2026-07-31 15:13:37,page_view,desktop
12280,10518,s0003698,2026-07-31 15:15:34,add_to_cart,desktop
12281,10409,s0003699,2026-07-31 02:57:43,page_view,desktop
12282,10409,s0003699,2026-07-31 02:57:51,page_view,desktop
12283,10409,s0003699,2026-07-31 02:59:22,page_view,desktop
12284,,s0003700,2026-07-31 04:36:24,page_view,mobile
12285,,s0003700,2026-07-31 04:37:37,add_to_cart,mobile
12286,,s0003700,2026-07-31 04:39:10,begin_checkout,mobile
12287,,s0003701,2026-07-31 15:39:25,page_view,desktop
12288,,s0003701,2026-07-31 15:40:11,page_view,desktop
12289,10181,s0003702,2026-07-31 12:51:43,page_view,desktop
12290,10181,s0003702,2026-07-31 12:52:56,page_view,desktop
12291,10181,s0003702,2026-07-31 12:54:45,page_view,desktop
12292,10181,s0003702,2026-07-31 12:55:07,add_to_cart,desktop
