order_id,customer_id,order_ts,updated_at,status,channel
100001,10580,2026-06-01 12:53:59,2026-06-03 07:53:59,returned,marketplace
100002,10398,2026-06-01 04:48:52,2026-06-02 16:48:52,returned,web
100003,10349,2026-06-01 04:48:10,2026-06-03 02:48:10,completed,mobile_app
100004,10225,2026-06-01 10:13:51,2026-06-02 14:13:51,completed,web
100005,10029,2026-06-01 20:13:53,2026-06-03 15:13:53,completed,mobile_app
100006,10014,2026-06-01 01:18:20,2026-06-01 12:18:20,completed,mobile_app
100007,10084,2026-06-01 17:39:56,2026-06-02 01:39:56,completed,mobile_app
100008,10335,2026-06-01 07:43:59,2026-06-01 08:43:59,completed,mobile_app
100009,10471,2026-06-01 10:21:01,2026-06-03 06:21:01,completed,web
100010,10319,2026-06-01 02:57:05,2026-06-03 00:57:05,completed,mobile_app
100011,10629,2026-06-01 11:49:47,2026-06-03 10:49:47,returned,marketplace
100012,10156,2026-06-01 03:22:10,2026-06-01 15:22:10,completed,web
100013,10373,2026-06-01 04:23:27,2026-06-02 08:23:27,completed,mobile_app
100014,10175,2026-06-01 03:17:05,2026-06-02 03:17:05,completed,mobile_app
100015,10098,2026-06-01 16:52:35,2026-06-03 10:52:35,completed,mobile_app
100016,10256,2026-06-01 03:03:26,2026-06-02 07:03:26,completed,web
100017,10524,2026-06-01 02:47:11,2026-06-02 11:47:11,cancelled,web
100018,10183,2026-06-01 09:13:31,2026-06-02 23:13:31,completed,web
100019,10032,2026-06-01 01:38:52,2026-06-02 23:38:52,completed,web
100020,10003,2026-06-01 07:41:05,2026-06-03 07:41:05,completed,marketplace
100021,10456,2026-06-01 14:22:44,2026-06-02 01:22:44,completed,mobile_app
100022,10323,2026-06-01 14:22:53,2026-06-01 20:22:53,completed,web
100023,10201,2026-06-01 00:58:34,2026-06-02 18:58:34,completed,web
100024,10698,2026-06-01 05:23:40,2026-06-01 07:23:40,completed,web
100025,10276,2026-06-01 22:57:09,2026-06-03 02:57:09,completed,marketplace
100026,10247,2026-06-01 08:26:36,2026-06-02 18:26:36,completed,web
100027,10695,2026-06-01 22:40:18,2026-06-02 21:40:18,cancelled,web
100028,10165,2026-06-01 12:31:08,2026-06-02 21:31:08,completed,web
100029,10155,2026-06-01 22:38:26,2026-06-03 19:38:26,completed,mobile_app
100030,10457,2026-06-01 17:58:33,2026-06-02 07:58:33,completed,mobile_app
100031,10257,2026-06-01 04:23:38,2026-06-02 12:23:38,completed,web
100032,10006,2026-06-01 09:44:20,2026-06-03 06:44:20,cancelled,marketplace
100033,10632,2026-06-01 03:51:19,2026-06-02 19:51:19,completed,mobile_app
100034,10432,2026-06-01 18:08:45,2026-06-02 01:08:45,completed,web
100035,10497,2026-06-01 15:08:13,2026-06-01 16:08:13,completed,web
100036,10603,2026-06-01 05:31:11,2026-06-02 15:31:11,completed,web
100037,10510,2026-06-01 18:47:33,2026-06-02 18:47:33,completed,marketplace
100038,10659,2026-06-01 03:05:12,2026-06-02 05:05:12,completed,marketplace
100039,10029,2026-06-01 20:55:08,2026-06-03 13:55:08,completed,marketplace
100040,10647,2026-06-01 12:31:49,2026-06-02 06:31:49,completed,marketplace
100041,10579,2026-06-01 12:34:12,2026-06-03 06:34:12,cancelled,web
100042,10049,2026-06-01 14:11:57,2026-06-03 14:11:57,completed,marketplace
100043,10690,2026-06-01 23:08:40,2026-06-02 01:08:40,completed,marketplace
100044,10632,2026-06-01 02:10:57,2026-06-01 19:10:57,completed,mobile_app
100045,10391,2026-06-01 10:50:54,2026-06-01 11:50:54,completed,web
100046,10451,2026-06-01 18:55:13,2026-06-02 01:55:13,completed,web
100047,10543,2026-06-01 02:15:51,2026-06-01 11:15:51,completed,web
100048,10541,2026-06-01 20:21:05,2026-06-02 22:21:05,completed,marketplace
100049,10279,2026-06-01 05:15:19,2026-06-02 13:15:19,completed,mobile_app
100050,10679,2026-06-01 16:34:54,2026-06-03 16:34:54,completed,web
100051,10007,2026-06-01 01:27:59,2026-06-01 09:27:59,completed,web
100052,10124,2026-06-01 00:04:33,2026-06-01 23:04:33,completed,web
100053,10629,2026-06-01 12:17:59,2026-06-02 19:17:59,completed,mobile_app
100054,10567,2026-06-01 03:15:06,2026-06-02 22:15:06,completed,mobile_app
100055,10667,2026-06-01 10:05:56,2026-06-01 21:05:56,completed,mobile_app
100056,10684,2026-06-01 21:00:09,2026-06-03 10:00:09,completed,mobile_app
100057,10626,2026-06-01 16:10:26,2026-06-03 03:10:26,completed,mobile_app
100058,10242,2026-06-02 06:34:19,2026-06-03 16:34:19,completed,web
100059,10277,2026-06-02 10:23:21,2026-06-03 03:23:21,completed,mobile_app
100060,10567,2026-06-02 06:36:24,2026-06-02 10:36:24,completed,web
100061,10267,2026-06-02 13:40:19,2026-06-02 21:40:19,returned,web
100062,10264,2026-06-02 18:21:55,2026-06-03 02:21:55,completed,web
100063,10319,2026-06-02 14:50:11,2026-06-02 16:50:11,completed,web
100064,10577,2026-06-02 19:40:36,2026-06-03 11:40:36,returned,mobile_app
100065,10086,2026-06-02 22:36:00,2026-06-03 09:36:00,completed,web
100066,10058,2026-06-02 20:30:04,2026-06-03 02:30:04,completed,web
100067,10310,2026-06-02 07:40:36,2026-06-03 04:40:36,completed,marketplace
100068,10028,2026-06-02 23:32:10,2026-06-04 14:32:10,cancelled,web
100069,10468,2026-06-02 04:29:36,2026-06-03 05:29:36,completed,mobile_app
100070,10008,2026-06-02 04:32:33,2026-06-02 17:32:33,completed,web
100071,10666,2026-06-02 06:58:21,2026-06-03 22:58:21,completed,mobile_app
100072,10024,2026-06-02 04:02:21,2026-06-03 17:02:21,cancelled,mobile_app
100073,10226,2026-06-02 20:34:34,2026-06-04 10:34:34,completed,web
100074,10560,2026-06-02 19:02:41,2026-06-03 13:02:41,completed,web
100075,10495,2026-06-02 23:20:12,2026-06-04 17:20:12,completed,web
100076,10223,2026-06-02 10:07:09,2026-06-03 21:07:09,cancelled,web
100077,10459,2026-06-02 08:12:53,2026-06-03 12:12:53,returned,marketplace
100078,10049,2026-06-02 09:07:01,2026-06-03 16:07:01,completed,web
100079,10430,2026-06-02 02:39:16,2026-06-03 18:39:16,completed,web
100080,10129,2026-06-02 01:12:50,2026-06-03 22:12:50,completed,web
100081,10310,2026-06-02 02:23:43,2026-06-02 06:23:43,completed,mobile_app
100082,10266,2026-06-02 08:29:14,2026-06-04 03:29:14,cancelled,mobile_app
100083,10471,2026-06-02 16:31:56,2026-06-04 06:31:56,completed,web
100084,10462,2026-06-02 20:52:12,2026-06-04 05:52:12,completed,web
100085,10213,2026-06-02 01:36:16,2026-06-02 21:36:16,completed,mobile_app
100086,10226,2026-06-02 12:29:04,2026-06-02 13:29:04,completed,mobile_app
100087,10336,2026-06-02 07:06:52,2026-06-04 00:06:52,returned,marketplace
100088,10411,2026-06-02 15:14:39,2026-06-02 22:14:39,completed,web
100089,10294,2026-06-02 13:41:11,2026-06-03 01:41:11,completed,mobile_app
100090,10281,2026-06-02 04:11:38,2026-06-03 09:11:38,completed,web
100091,10131,2026-06-02 09:32:20,2026-06-03 07:32:20,completed,mobile_app
100092,10418,2026-06-02 03:41:03,2026-06-03 23:41:03,completed,web
100093,10368,2026-06-02 06:14:20,2026-06-03 22:14:20,returned,marketplace
100094,10196,2026-06-02 01:40:54,2026-06-03 15:40:54,completed,web
100095,10264,2026-06-02 21:15:56,2026-06-03 11:15:56,cancelled,mobile_app
100096,10086,2026-06-02 06:31:01,2026-06-03 06:31:01,completed,mobile_app
100097,10463,2026-06-02 23:39:22,2026-06-03 14:39:22,completed,marketplace
100098,10678,2026-06-02 13:37:14,2026-06-02 19:37:14,completed,web
100099,10463,2026-06-02 01:29:52,2026-06-03 17:29:52,completed,web
100100,10459,2026-06-02 06:32:16,2026-06-02 23:32:16,completed,mobile_app
100101,10159,2026-06-02 19:54:10,2026-06-03 13:54:10,completed,marketplace
100102,10688,2026-06-02 12:09:06,2026-06-03 10:09:06,completed,web
100103,10620,2026-06-02 09:30:27,2026-06-03 05:30:27,completed,web
100104,10626,2026-06-02 23:51:32,2026-06-04 17:51:32,completed,mobile_app
100105,10406,2026-06-02 17:03:58,2026-06-03 23:03:58,completed,web
100106,10015,2026-06-02 07:37:50,2026-06-03 19:37:50,completed,web
100107,10239,2026-06-02 18:11:49,2026-06-03 17:11:49,completed,web
100108,10516,2026-06-02 10:54:34,2026-06-02 12:54:34,completed,mobile_app
100109,10060,2026-06-02 22:55:54,2026-06-04 13:55:54,completed,mobile_app
100110,10228,2026-06-02 19:27:36,2026-06-04 02:27:36,completed,web
100111,10518,2026-06-02 06:28:03,2026-06-04 03:28:03,completed,mobile_app
100112,10413,2026-06-02 07:29:46,2026-06-04 02:29:46,completed,mobile_app
100113,10631,2026-06-02 05:43:02,2026-06-02 14:43:02,returned,mobile_app
100114,10384,2026-06-02 15:44:09,2026-06-04 10:44:09,completed,web
100115,10397,2026-06-02 16:13:42,2026-06-03 18:13:42,completed,mobile_app
100116,10218,2026-06-02 16:50:46,2026-06-04 16:50:46,completed,web
100117,10691,2026-06-02 15:06:41,2026-06-04 07:06:41,completed,mobile_app
100118,10179,2026-06-03 09:58:04,2026-06-04 20:58:04,cancelled,web
100119,10375,2026-06-03 07:33:00,2026-06-04 13:33:00,completed,web
100120,10346,2026-06-03 00:23:27,2026-06-04 22:23:27,completed,marketplace
100121,10491,2026-06-03 19:58:03,2026-06-05 17:58:03,completed,marketplace
100122,10231,2026-06-03 22:05:59,2026-06-04 17:05:59,completed,web
100123,10383,2026-06-03 13:02:15,2026-06-05 11:02:15,completed,web
100124,10276,2026-06-03 14:13:19,2026-06-04 19:13:19,completed,web
100125,10665,2026-06-03 08:41:05,2026-06-03 10:41:05,completed,web
100126,10063,2026-06-03 11:44:54,2026-06-04 00:44:54,completed,mobile_app
100127,10510,2026-06-03 08:00:48,2026-06-04 02:00:48,completed,mobile_app
100128,10533,2026-06-03 21:48:14,2026-06-04 04:48:14,completed,mobile_app
100129,10028,2026-06-03 12:05:22,2026-06-05 09:05:22,completed,web
100130,10429,2026-06-03 18:19:44,2026-06-03 19:19:44,completed,web
100131,10230,2026-06-03 02:10:54,2026-06-04 10:10:54,completed,web
100132,10340,2026-06-03 16:09:20,2026-06-04 14:09:20,completed,web
100133,10440,2026-06-03 00:51:45,2026-06-04 23:51:45,completed,web
100134,10700,2026-06-03 08:05:56,2026-06-04 09:05:56,completed,mobile_app
100135,10659,2026-06-03 07:00:26,2026-06-03 17:00:26,completed,marketplace
100136,10168,2026-06-03 08:36:13,2026-06-04 12:36:13,completed,mobile_app
100137,10587,2026-06-03 09:03:52,2026-06-04 22:03:52,completed,web
100138,10128,2026-06-03 13:45:08,2026-06-04 18:45:08,completed,web
100139,10495,2026-06-03 03:01:49,2026-06-03 23:01:49,completed,mobile_app
100140,10041,2026-06-03 16:30:54,2026-06-05 04:30:54,completed,mobile_app
100141,10421,2026-06-03 06:54:14,2026-06-04 15:54:14,completed,mobile_app
100142,10577,2026-06-03 13:58:56,2026-06-05 07:58:56,completed,marketplace
100143,10005,2026-06-03 20:35:35,2026-06-05 00:35:35,completed,marketplace
100144,10681,2026-06-03 08:49:25,2026-06-04 08:49:25,completed,mobile_app
100145,10472,2026-06-03 05:52:38,2026-06-03 11:52:38,completed,mobile_app
100146,10210,2026-06-03 21:20:18,2026-06-05 00:20:18,completed,mobile_app
100147,10036,2026-06-03 00:03:26,2026-06-04 21:03:26,completed,web
100148,10314,2026-06-03 13:38:26,2026-06-03 22:38:26,completed,web
100149,10679,2026-06-03 06:45:31,2026-06-05 06:45:31,completed,web
100150,10230,2026-06-03 10:40:20,2026-06-03 18:40:20,completed,web
100151,10132,2026-06-03 00:20:46,2026-06-03 01:20:46,completed,mobile_app
100152,10658,2026-06-03 22:00:16,2026-06-04 22:00:16,completed,mobile_app
100153,10427,2026-06-03 13:46:42,2026-06-04 12:46:42,completed,marketplace
100154,10142,2026-06-03 10:10:30,2026-06-04 02:10:30,returned,web
100155,10358,2026-06-03 00:36:19,2026-06-03 03:36:19,completed,marketplace
100156,10447,2026-06-03 12:40:56,2026-06-04 19:40:56,completed,marketplace
100157,10151,2026-06-03 01:09:20,2026-06-03 07:09:20,completed,web
100158,10367,2026-06-03 19:41:06,2026-06-04 09:41:06,completed,web
100159,10545,2026-06-03 04:56:33,2026-06-04 21:56:33,cancelled,mobile_app
100160,10303,2026-06-03 02:21:16,2026-06-04 03:21:16,completed,marketplace
100161,10429,2026-06-03 08:08:21,2026-06-04 03:08:21,completed,web
100162,10100,2026-06-03 20:51:23,2026-06-04 17:51:23,completed,marketplace
100163,10175,2026-06-03 11:38:16,2026-06-05 07:38:16,completed,marketplace
100164,10381,2026-06-03 00:20:04,2026-06-04 06:20:04,completed,web
100165,10048,2026-06-03 21:48:16,2026-06-05 06:48:16,completed,marketplace
100166,10578,2026-06-03 18:01:23,2026-06-04 19:01:23,completed,web
100167,10224,2026-06-03 10:53:23,2026-06-05 05:53:23,returned,marketplace
100168,10038,2026-06-03 17:14:12,2026-06-04 19:14:12,returned,web
100169,10046,2026-06-03 21:07:52,2026-06-04 01:07:52,cancelled,mobile_app
100170,10047,2026-06-03 05:16:22,2026-06-05 05:16:22,completed,web
100171,10680,2026-06-03 13:42:35,2026-06-04 17:42:35,returned,mobile_app
100172,10252,2026-06-03 01:54:37,2026-06-04 10:54:37,completed,mobile_app
100173,10540,2026-06-03 17:47:25,2026-06-05 08:47:25,completed,marketplace
100174,10210,2026-06-03 10:01:13,2026-06-04 15:01:13,completed,web
100175,10503,2026-06-04 08:11:22,2026-06-05 21:11:22,completed,marketplace
100176,10555,2026-06-04 10:51:47,2026-06-04 17:51:47,completed,web
100177,10492,2026-06-04 19:17:59,2026-06-06 05:17:59,completed,mobile_app
100178,10436,2026-06-04 00:11:37,2026-06-04 21:11:37,completed,web
100179,10653,2026-06-04 09:20:54,2026-06-04 12:20:54,completed,web
100180,10361,2026-06-04 15:24:10,2026-06-06 10:24:10,returned,web
100181,10058,2026-06-04 16:11:56,2026-06-06 00:11:56,completed,mobile_app
100182,10676,2026-06-04 08:37:57,2026-06-04 18:37:57,completed,web
100183,10212,2026-06-04 09:29:27,2026-06-04 20:29:27,completed,web
100184,10397,2026-06-04 19:30:42,2026-06-06 12:30:42,completed,mobile_app
100185,10565,2026-06-04 02:49:21,2026-06-05 13:49:21,completed,web
100186,10017,2026-06-04 05:19:39,2026-06-04 20:19:39,cancelled,web
100187,10545,2026-06-04 06:23:53,2026-06-05 02:23:53,completed,mobile_app
100188,10527,2026-06-04 11:34:40,2026-06-05 12:34:40,returned,web
100189,10144,2026-06-04 23:56:28,2026-06-06 00:56:28,completed,mobile_app
100190,10030,2026-06-04 15:13:40,2026-06-05 03:13:40,completed,web
100191,10292,2026-06-04 18:57:15,2026-06-05 09:57:15,returned,web
100192,10350,2026-06-04 02:05:25,2026-06-04 21:05:25,completed,mobile_app
100193,10087,2026-06-04 18:07:28,2026-06-06 14:07:28,completed,marketplace
100194,10369,2026-06-04 12:33:47,2026-06-06 12:33:47,completed,mobile_app
100195,10692,2026-06-04 12:51:46,2026-06-05 16:51:46,returned,web
100196,10176,2026-06-04 19:37:43,2026-06-05 03:37:43,completed,web
100197,10332,2026-06-04 01:17:23,2026-06-05 17:17:23,cancelled,mobile_app
100198,10265,2026-06-04 12:53:05,2026-06-05 11:53:05,completed,marketplace
100199,10036,2026-06-04 07:11:32,2026-06-05 16:11:32,completed,marketplace
100200,10299,2026-06-04 08:13:54,2026-06-05 08:13:54,completed,web
100201,10390,2026-06-04 15:58:04,2026-06-05 20:58:04,completed,web
100202,10191,2026-06-04 04:01:45,2026-06-04 07:01:45,completed,web
100203,10191,2026-06-04 17:27:02,2026-06-05 11:27:02,returned,web
100204,10107,2026-06-04 18:16:19,2026-06-06 18:16:19,completed,mobile_app
100205,10474,2026-06-04 04:35:31,2026-06-05 13:35:31,completed,web
100206,10008,2026-06-04 15:48:48,2026-06-05 10:48:48,completed,web
100207,10565,2026-06-04 15:37:30,2026-06-06 13:37:30,completed,mobile_app
100208,10280,2026-06-04 22:53:52,2026-06-05 13:53:52,completed,web
100209,10115,2026-06-04 00:38:34,2026-06-04 06:38:34,completed,marketplace
100210,10026,2026-06-04 08:04:28,2026-06-05 15:04:28,completed,web
100211,10380,2026-06-04 10:12:53,2026-06-06 08:12:53,returned,web
100212,10180,2026-06-04 11:42:37,2026-06-05 18:42:37,completed,web
100213,10356,2026-06-04 00:29:50,2026-06-04 09:29:50,completed,web
100214,10121,2026-06-04 07:38:49,2026-06-04 13:38:49,completed,marketplace
100215,10589,2026-06-04 07:01:27,2026-06-04 14:01:27,completed,web
100216,10065,2026-06-04 04:39:15,2026-06-05 16:39:15,completed,mobile_app
100217,10161,2026-06-04 18:20:43,2026-06-05 05:20:43,completed,mobile_app
100218,10530,2026-06-04 14:28:20,2026-06-06 01:28:20,completed,marketplace
100219,10525,2026-06-04 21:33:29,2026-06-06 06:33:29,completed,web
100220,10406,2026-06-04 04:20:11,2026-06-04 07:20:11,completed,mobile_app
100221,10028,2026-06-04 09:50:46,2026-06-04 13:50:46,cancelled,mobile_app
100222,10604,2026-06-04 23:02:07,2026-06-05 23:02:07,completed,web
100223,10284,2026-06-04 06:26:05,2026-06-04 08:26:05,completed,mobile_app
100224,10023,2026-06-04 21:10:39,2026-06-05 23:10:39,completed,web
100225,10594,2026-06-04 18:03:26,2026-06-05 06:03:26,completed,mobile_app
100226,10436,2026-06-04 23:34:37,2026-06-05 19:34:37,completed,web
100227,10659,2026-06-04 05:13:31,2026-06-04 21:13:31,completed,web
100228,10412,2026-06-04 21:57:54,2026-06-05 22:57:54,completed,web
100229,10355,2026-06-04 19:44:49,2026-06-05 17:44:49,completed,marketplace
100230,10233,2026-06-04 05:56:23,2026-06-05 12:56:23,completed,web
100231,10474,2026-06-04 01:37:16,2026-06-04 20:37:16,completed,web
100232,10027,2026-06-04 14:00:29,2026-06-06 12:00:29,completed,mobile_app
100233,10136,2026-06-04 10:15:37,2026-06-06 02:15:37,completed,web
100234,10029,2026-06-04 06:28:59,2026-06-05 04:28:59,completed,mobile_app
100235,10379,2026-06-04 03:47:01,2026-06-05 11:47:01,completed,mobile_app
100236,10401,2026-06-04 15:33:47,2026-06-05 09:33:47,returned,web
100237,10616,2026-06-04 11:37:33,2026-06-05 18:37:33,completed,mobile_app
100238,10603,2026-06-04 13:57:04,2026-06-05 21:57:04,completed,mobile_app
100239,10249,2026-06-04 21:02:23,2026-06-06 21:02:23,completed,web
100240,10693,2026-06-04 13:11:40,2026-06-04 22:11:40,completed,marketplace
100241,10275,2026-06-04 10:43:46,2026-06-05 22:43:46,completed,marketplace
100242,10355,2026-06-04 21:10:32,2026-06-06 12:10:32,completed,marketplace
100243,10489,2026-06-04 00:27:15,2026-06-05 03:27:15,completed,web
100244,10411,2026-06-04 17:07:08,2026-06-05 15:07:08,completed,web
100245,10069,2026-06-04 06:19:11,2026-06-04 07:19:11,completed,web
100246,10217,2026-06-05 18:16:21,2026-06-06 09:16:21,completed,web
100247,10654,2026-06-05 14:34:41,2026-06-06 05:34:41,completed,web
100248,10672,2026-06-05 13:31:30,2026-06-06 02:31:30,completed,web
100249,10481,2026-06-05 01:01:16,2026-06-05 12:01:16,completed,mobile_app
100250,10201,2026-06-05 20:05:11,2026-06-05 23:05:11,completed,web
100251,10605,2026-06-05 01:39:47,2026-06-05 07:39:47,completed,marketplace
100252,10607,2026-06-05 07:05:43,2026-06-06 09:05:43,completed,mobile_app
100253,10346,2026-06-05 10:33:46,2026-06-07 06:33:46,completed,web
100254,10215,2026-06-05 18:47:52,2026-06-07 09:47:52,returned,mobile_app
100255,10091,2026-06-05 02:43:50,2026-06-06 15:43:50,returned,mobile_app
100256,10312,2026-06-05 18:09:53,2026-06-06 15:09:53,completed,web
100257,10616,2026-06-05 03:14:55,2026-06-07 01:14:55,completed,mobile_app
100258,10579,2026-06-05 23:40:35,2026-06-06 07:40:35,cancelled,marketplace
100259,10547,2026-06-05 16:03:00,2026-06-07 08:03:00,completed,marketplace
100260,10570,2026-06-05 22:35:45,2026-06-06 02:35:45,returned,mobile_app
100261,10559,2026-06-05 10:34:57,2026-06-06 23:34:57,completed,web
100262,10594,2026-06-05 12:42:15,2026-06-07 06:42:15,completed,mobile_app
100263,10372,2026-06-05 11:33:07,2026-06-07 02:33:07,completed,web
100264,10214,2026-06-05 23:18:34,2026-06-07 12:18:34,completed,web
100265,10452,2026-06-05 01:58:08,2026-06-05 03:58:08,completed,marketplace
100266,10134,2026-06-05 02:58:29,2026-06-07 00:58:29,completed,web
100267,10079,2026-06-05 01:57:24,2026-06-06 05:57:24,completed,web
100268,10112,2026-06-05 20:45:52,2026-06-05 21:45:52,completed,mobile_app
100269,10680,2026-06-05 18:11:03,2026-06-06 02:11:03,cancelled,mobile_app
100270,10613,2026-06-05 23:05:38,2026-06-07 13:05:38,completed,web
100271,10164,2026-06-05 21:52:46,2026-06-06 20:52:46,completed,web
100272,10380,2026-06-05 00:35:22,2026-06-05 20:35:22,completed,mobile_app
100273,10481,2026-06-05 04:07:40,2026-06-06 10:07:40,cancelled,web
100274,10156,2026-06-05 10:22:39,2026-06-07 07:22:39,completed,mobile_app
100275,10110,2026-06-05 03:15:49,2026-06-06 19:15:49,completed,marketplace
100276,10233,2026-06-05 18:19:36,2026-06-05 21:19:36,completed,mobile_app
100277,10086,2026-06-05 15:02:04,2026-06-07 09:02:04,cancelled,mobile_app
100278,10316,2026-06-05 11:11:31,2026-06-06 14:11:31,completed,mobile_app
100279,10373,2026-06-05 13:37:54,2026-06-06 23:37:54,completed,mobile_app
100280,10140,2026-06-05 22:26:15,2026-06-06 02:26:15,completed,mobile_app
100281,10241,2026-06-05 05:46:07,2026-06-05 12:46:07,completed,mobile_app
100282,10224,2026-06-05 22:50:23,2026-06-07 10:50:23,cancelled,web
100283,10376,2026-06-05 22:53:50,2026-06-06 08:53:50,completed,web
100284,10666,2026-06-05 06:47:32,2026-06-05 21:47:32,completed,web
100285,10542,2026-06-05 10:00:40,2026-06-05 20:00:40,completed,mobile_app
100286,10596,2026-06-05 05:09:50,2026-06-05 17:09:50,completed,web
100287,10669,2026-06-05 15:03:50,2026-06-07 08:03:50,completed,web
100288,10265,2026-06-05 00:22:09,2026-06-06 19:22:09,cancelled,mobile_app
100289,10318,2026-06-05 19:53:48,2026-06-07 05:53:48,completed,mobile_app
100290,10199,2026-06-05 05:02:41,2026-06-07 04:02:41,completed,mobile_app
100291,10379,2026-06-05 20:04:45,2026-06-07 02:04:45,completed,mobile_app
100292,10076,2026-06-05 14:18:08,2026-06-07 04:18:08,completed,web
100293,10181,2026-06-05 15:37:50,2026-06-06 14:37:50,completed,web
100294,10004,2026-06-05 21:59:12,2026-06-07 15:59:12,completed,marketplace
100295,10666,2026-06-05 08:55:54,2026-06-07 03:55:54,completed,web
100296,10376,2026-06-05 11:58:25,2026-06-07 00:58:25,completed,mobile_app
100297,10306,2026-06-05 02:43:27,2026-06-06 20:43:27,completed,web
100298,10348,2026-06-05 04:20:31,2026-06-05 15:20:31,completed,mobile_app
100299,10350,2026-06-05 00:10:09,2026-06-05 19:10:09,cancelled,web
100300,10195,2026-06-05 12:35:27,2026-06-07 00:35:27,completed,mobile_app
100301,10322,2026-06-05 13:36:48,2026-06-05 20:36:48,cancelled,web
100302,10548,2026-06-05 08:14:27,2026-06-05 21:14:27,completed,mobile_app
100303,10153,2026-06-05 09:36:07,2026-06-07 01:36:07,completed,mobile_app
100304,10352,2026-06-06 04:35:52,2026-06-06 14:35:52,completed,mobile_app
100305,10076,2026-06-06 11:43:13,2026-06-07 18:43:13,completed,web
100306,10206,2026-06-06 08:49:28,2026-06-08 08:49:28,completed,marketplace
100307,10349,2026-06-06 14:01:10,2026-06-06 21:01:10,completed,web
100308,10683,2026-06-06 07:57:56,2026-06-07 08:57:56,cancelled,marketplace
100309,10401,2026-06-06 23:36:24,2026-06-08 05:36:24,completed,marketplace
100310,10142,2026-06-06 16:28:48,2026-06-07 00:28:48,completed,marketplace
100311,10438,2026-06-06 15:41:12,2026-06-06 19:41:12,completed,web
100312,10038,2026-06-06 07:03:39,2026-06-07 09:03:39,completed,web
100313,10390,2026-06-06 01:48:56,2026-06-06 09:48:56,completed,web
100314,10389,2026-06-06 19:22:27,2026-06-07 10:22:27,completed,marketplace
100315,10392,2026-06-06 18:01:43,2026-06-07 08:01:43,completed,web
100316,10243,2026-06-06 06:44:18,2026-06-08 03:44:18,completed,mobile_app
100317,10094,2026-06-06 05:09:50,2026-06-08 00:09:50,returned,web
100318,10527,2026-06-06 00:21:15,2026-06-07 07:21:15,completed,mobile_app
100319,10560,2026-06-06 19:07:28,2026-06-07 05:07:28,completed,mobile_app
100320,10088,2026-06-06 19:52:07,2026-06-08 03:52:07,completed,web
100321,10166,2026-06-06 17:38:05,2026-06-08 13:38:05,completed,mobile_app
100322,10204,2026-06-06 18:07:31,2026-06-08 07:07:31,completed,mobile_app
100323,10249,2026-06-06 06:22:11,2026-06-08 02:22:11,completed,web
100324,10646,2026-06-06 06:56:18,2026-06-07 16:56:18,completed,mobile_app
100325,10581,2026-06-06 05:21:24,2026-06-06 15:21:24,completed,mobile_app
100326,10550,2026-06-06 10:29:42,2026-06-07 05:29:42,completed,web
100327,10619,2026-06-06 17:46:51,2026-06-07 21:46:51,completed,web
100328,10359,2026-06-06 05:11:36,2026-06-06 18:11:36,returned,web
100329,10502,2026-06-06 06:18:35,2026-06-08 02:18:35,completed,marketplace
100330,10208,2026-06-06 20:37:53,2026-06-08 02:37:53,cancelled,mobile_app
100331,10579,2026-06-06 11:24:19,2026-06-08 07:24:19,completed,mobile_app
100332,10351,2026-06-06 15:19:30,2026-06-07 00:19:30,completed,mobile_app
100333,10126,2026-06-06 22:36:21,2026-06-08 11:36:21,completed,marketplace
100334,10467,2026-06-06 16:51:01,2026-06-08 02:51:01,completed,web
100335,10596,2026-06-06 12:08:30,2026-06-07 07:08:30,completed,mobile_app
100336,10168,2026-06-06 18:47:47,2026-06-08 18:47:47,completed,marketplace
100337,10467,2026-06-06 17:39:24,2026-06-07 06:39:24,completed,web
100338,10356,2026-06-06 09:00:01,2026-06-07 16:00:01,completed,web
100339,10259,2026-06-06 19:54:19,2026-06-08 11:54:19,completed,mobile_app
100340,10229,2026-06-06 07:17:40,2026-06-07 02:17:40,completed,web
100341,10504,2026-06-06 14:14:33,2026-06-06 21:14:33,completed,web
100342,10468,2026-06-06 01:33:07,2026-06-07 00:33:07,cancelled,marketplace
100343,10637,2026-06-06 07:40:27,2026-06-08 05:40:27,completed,mobile_app
100344,10673,2026-06-06 10:08:02,2026-06-08 05:08:02,completed,web
100345,10587,2026-06-06 23:59:32,2026-06-08 21:59:32,completed,marketplace
100346,10111,2026-06-06 02:27:36,2026-06-08 01:27:36,completed,web
100347,10188,2026-06-06 11:47:02,2026-06-08 10:47:02,completed,mobile_app
100348,10187,2026-06-06 02:20:37,2026-06-06 19:20:37,completed,web
100349,10227,2026-06-06 13:44:56,2026-06-08 06:44:56,completed,mobile_app
100350,10043,2026-06-06 08:12:36,2026-06-06 19:12:36,completed,web
100351,10673,2026-06-06 00:11:26,2026-06-07 03:11:26,completed,mobile_app
100352,10607,2026-06-06 12:49:11,2026-06-08 00:49:11,completed,marketplace
100353,10581,2026-06-06 08:23:41,2026-06-07 19:23:41,completed,web
100354,10304,2026-06-06 13:01:51,2026-06-07 00:01:51,completed,marketplace
100355,10538,2026-06-06 18:12:22,2026-06-08 10:12:22,completed,web
100356,10329,2026-06-06 07:18:01,2026-06-06 11:18:01,completed,web
100357,10178,2026-06-06 22:12:34,2026-06-07 01:12:34,completed,web
100358,10305,2026-06-06 20:04:36,2026-06-07 05:04:36,completed,web
100359,10487,2026-06-06 15:42:39,2026-06-07 06:42:39,completed,web
100360,10062,2026-06-06 00:39:31,2026-06-06 04:39:31,completed,web
100361,10001,2026-06-06 05:00:57,2026-06-06 13:00:57,completed,marketplace
100362,10492,2026-06-06 20:40:55,2026-06-06 21:40:55,completed,marketplace
100363,10497,2026-06-06 06:34:30,2026-06-07 03:34:30,completed,web
100364,10554,2026-06-06 23:54:20,2026-06-07 16:54:20,completed,marketplace
100365,10221,2026-06-06 16:08:55,2026-06-07 16:08:55,completed,mobile_app
100366,10473,2026-06-06 19:42:44,2026-06-06 23:42:44,completed,web
100367,10023,2026-06-06 04:59:34,2026-06-07 14:59:34,completed,web
100368,10103,2026-06-07 23:39:44,2026-06-08 07:39:44,completed,web
100369,10583,2026-06-07 18:02:07,2026-06-08 19:02:07,completed,web
100370,10044,2026-06-07 19:23:14,2026-06-08 15:23:14,completed,web
100371,10098,2026-06-07 22:37:45,2026-06-09 02:37:45,completed,mobile_app
100372,10060,2026-06-07 18:53:34,2026-06-08 19:53:34,completed,web
100373,10381,2026-06-07 01:24:20,2026-06-08 01:24:20,completed,web
100374,10183,2026-06-07 11:41:12,2026-06-07 23:41:12,completed,web
100375,10087,2026-06-07 23:13:10,2026-06-08 13:13:10,completed,web
100376,10383,2026-06-07 06:32:47,2026-06-08 00:32:47,completed,web
100377,10064,2026-06-07 23:49:59,2026-06-09 19:49:59,completed,mobile_app
100378,10560,2026-06-07 02:12:50,2026-06-07 19:12:50,returned,marketplace
100379,10318,2026-06-07 08:32:42,2026-06-07 13:32:42,completed,mobile_app
100380,10193,2026-06-07 13:31:14,2026-06-09 09:31:14,completed,web
100381,10454,2026-06-07 23:44:16,2026-06-08 18:44:16,completed,mobile_app
100382,10280,2026-06-07 00:55:46,2026-06-07 14:55:46,completed,mobile_app
100383,10612,2026-06-07 01:11:12,2026-06-07 11:11:12,completed,web
100384,10542,2026-06-07 22:06:14,2026-06-09 08:06:14,completed,mobile_app
100385,10059,2026-06-07 11:58:01,2026-06-08 11:58:01,completed,web
100386,10078,2026-06-07 13:10:32,2026-06-09 01:10:32,completed,mobile_app
100387,10125,2026-06-07 22:02:50,2026-06-08 17:02:50,completed,web
100388,10350,2026-06-07 17:59:35,2026-06-08 06:59:35,completed,marketplace
100389,10493,2026-06-07 15:42:27,2026-06-08 02:42:27,completed,marketplace
100390,10081,2026-06-07 04:38:25,2026-06-08 16:38:25,completed,web
100391,10280,2026-06-07 22:09:51,2026-06-09 21:09:51,completed,web
100392,10007,2026-06-07 17:22:15,2026-06-09 16:22:15,completed,web
100393,10314,2026-06-07 18:31:12,2026-06-08 12:31:12,completed,marketplace
100394,10178,2026-06-07 18:50:53,2026-06-09 08:50:53,cancelled,mobile_app
100395,10025,2026-06-07 12:38:47,2026-06-07 20:38:47,completed,web
100396,10355,2026-06-07 08:26:06,2026-06-07 18:26:06,completed,web
100397,10516,2026-06-07 07:06:16,2026-06-07 09:06:16,completed,web
100398,10558,2026-06-07 04:35:38,2026-06-07 23:35:38,completed,marketplace
100399,10213,2026-06-07 10:08:17,2026-06-07 18:08:17,completed,marketplace
100400,10363,2026-06-07 11:27:42,2026-06-07 14:27:42,cancelled,web
100401,10644,2026-06-07 08:01:03,2026-06-08 01:01:03,completed,web
100402,10291,2026-06-07 07:47:54,2026-06-07 12:47:54,completed,web
100403,10463,2026-06-07 08:32:44,2026-06-08 15:32:44,completed,mobile_app
100404,10130,2026-06-07 10:27:33,2026-06-08 15:27:33,completed,web
100405,10415,2026-06-07 17:36:44,2026-06-09 01:36:44,completed,mobile_app
100406,10623,2026-06-07 02:12:49,2026-06-07 23:12:49,completed,web
100407,10427,2026-06-07 09:29:30,2026-06-08 03:29:30,cancelled,web
100408,10020,2026-06-07 20:50:39,2026-06-09 07:50:39,cancelled,web
100409,10474,2026-06-07 13:48:20,2026-06-09 11:48:20,completed,web
100410,10575,2026-06-07 07:39:45,2026-06-07 20:39:45,completed,marketplace
100411,10700,2026-06-07 00:29:47,2026-06-07 02:29:47,completed,mobile_app
100412,10148,2026-06-07 08:22:27,2026-06-09 05:22:27,completed,web
100413,10123,2026-06-07 04:46:35,2026-06-07 22:46:35,completed,marketplace
100414,10457,2026-06-07 00:44:01,2026-06-08 11:44:01,completed,mobile_app
100415,10587,2026-06-07 11:21:59,2026-06-08 15:21:59,completed,mobile_app
100416,10316,2026-06-07 23:53:09,2026-06-09 00:53:09,completed,web
100417,10549,2026-06-07 19:24:48,2026-06-08 20:24:48,completed,web
100418,10442,2026-06-07 21:02:23,2026-06-08 23:02:23,returned,mobile_app
100419,10502,2026-06-07 12:06:12,2026-06-09 05:06:12,completed,marketplace
100420,10394,2026-06-07 09:06:03,2026-06-08 11:06:03,completed,mobile_app
100421,10658,2026-06-07 05:29:01,2026-06-09 02:29:01,completed,mobile_app
100422,10653,2026-06-07 17:47:38,2026-06-08 14:47:38,completed,marketplace
100423,10281,2026-06-07 02:57:53,2026-06-08 06:57:53,cancelled,mobile_app
100424,10322,2026-06-07 06:03:03,2026-06-07 14:03:03,completed,web
100425,10550,2026-06-07 05:05:32,2026-06-08 17:05:32,completed,web
100426,10359,2026-06-07 19:01:22,2026-06-08 19:01:22,completed,mobile_app
100427,10073,2026-06-07 13:31:00,2026-06-08 06:31:00,completed,web
100428,10568,2026-06-07 05:58:47,2026-06-08 12:58:47,completed,web
100429,10460,2026-06-07 06:49:58,2026-06-07 13:49:58,completed,mobile_app
100430,10678,2026-06-07 02:25:51,2026-06-08 14:25:51,completed,marketplace
100431,10549,2026-06-07 15:30:58,2026-06-08 11:30:58,completed,web
100432,10591,2026-06-07 09:34:23,2026-06-07 18:34:23,completed,mobile_app
100433,10018,2026-06-07 17:14:10,2026-06-07 18:14:10,completed,mobile_app
100434,10092,2026-06-07 17:10:25,2026-06-09 02:10:25,completed,mobile_app
100435,10446,2026-06-07 12:55:29,2026-06-08 22:55:29,completed,web
100436,10295,2026-06-07 05:12:08,2026-06-08 17:12:08,completed,web
100437,10459,2026-06-07 13:18:51,2026-06-09 08:18:51,completed,web
100438,10210,2026-06-07 13:37:27,2026-06-09 13:37:27,completed,marketplace
100439,10138,2026-06-07 11:18:03,2026-06-08 11:18:03,completed,marketplace
100440,10526,2026-06-08 09:58:56,2026-06-09 22:58:56,completed,mobile_app
100441,10149,2026-06-08 01:02:59,2026-06-09 23:02:59,completed,web
100442,10486,2026-06-08 11:26:27,2026-06-09 22:26:27,completed,web
100443,10291,2026-06-08 00:30:57,2026-06-09 02:30:57,returned,web
100444,10085,2026-06-08 06:17:01,2026-06-09 00:17:01,completed,mobile_app
100445,10088,2026-06-08 04:17:09,2026-06-09 17:17:09,completed,mobile_app
100446,10648,2026-06-08 03:08:46,2026-06-09 17:08:46,completed,mobile_app
100447,10665,2026-06-08 16:45:38,2026-06-10 15:45:38,completed,marketplace
100448,10365,2026-06-08 11:18:16,2026-06-10 09:18:16,completed,web
100449,10201,2026-06-08 09:55:56,2026-06-08 21:55:56,cancelled,marketplace
100450,10112,2026-06-08 21:04:10,2026-06-10 15:04:10,completed,mobile_app
100451,10555,2026-06-08 12:37:51,2026-06-10 08:37:51,completed,mobile_app
100452,10490,2026-06-08 03:18:15,2026-06-08 17:18:15,completed,web
100453,10138,2026-06-08 11:45:35,2026-06-09 12:45:35,completed,mobile_app
100454,10003,2026-06-08 13:02:04,2026-06-09 19:02:04,completed,mobile_app
100455,10375,2026-06-08 13:35:18,2026-06-09 20:35:18,completed,mobile_app
100456,10600,2026-06-08 15:19:39,2026-06-09 09:19:39,completed,marketplace
100457,10424,2026-06-08 21:43:50,2026-06-10 07:43:50,returned,web
100458,10680,2026-06-08 07:17:47,2026-06-09 03:17:47,cancelled,web
100459,10196,2026-06-08 05:36:43,2026-06-09 05:36:43,completed,web
100460,10167,2026-06-08 07:44:11,2026-06-10 02:44:11,cancelled,web
100461,10028,2026-06-08 14:33:33,2026-06-09 09:33:33,completed,mobile_app
100462,10138,2026-06-08 00:58:45,2026-06-09 15:58:45,completed,web
100463,10630,2026-06-08 22:13:48,2026-06-10 00:13:48,completed,marketplace
100464,10435,2026-06-08 13:59:00,2026-06-09 17:59:00,completed,web
100465,10252,2026-06-08 05:57:15,2026-06-09 15:57:15,completed,mobile_app
100466,10412,2026-06-08 05:51:27,2026-06-09 18:51:27,completed,mobile_app
100467,10010,2026-06-08 15:28:23,2026-06-10 08:28:23,completed,web
100468,10252,2026-06-08 15:26:23,2026-06-09 16:26:23,completed,marketplace
100469,10409,2026-06-08 09:23:15,2026-06-10 01:23:15,completed,mobile_app
100470,10189,2026-06-08 01:49:23,2026-06-09 21:49:23,cancelled,web
100471,10160,2026-06-08 09:43:47,2026-06-09 08:43:47,completed,web
100472,10090,2026-06-08 13:00:24,2026-06-10 00:00:24,completed,mobile_app
100473,10614,2026-06-08 23:02:38,2026-06-09 17:02:38,completed,web
100474,10489,2026-06-08 11:53:26,2026-06-08 21:53:26,completed,mobile_app
100475,10522,2026-06-08 15:23:01,2026-06-09 03:23:01,completed,marketplace
100476,10116,2026-06-08 06:58:39,2026-06-09 02:58:39,completed,mobile_app
100477,10242,2026-06-08 10:00:16,2026-06-08 22:00:16,completed,web
100478,10588,2026-06-08 00:40:53,2026-06-09 19:40:53,completed,web
100479,10403,2026-06-08 03:32:13,2026-06-08 05:32:13,completed,mobile_app
100480,10030,2026-06-08 16:46:17,2026-06-10 09:46:17,completed,mobile_app
100481,10468,2026-06-08 05:31:33,2026-06-10 05:31:33,completed,web
100482,10217,2026-06-08 02:51:43,2026-06-09 14:51:43,completed,marketplace
100483,10011,2026-06-08 16:26:18,2026-06-08 18:26:18,completed,web
100484,10413,2026-06-08 20:15:33,2026-06-09 12:15:33,completed,web
100485,10654,2026-06-08 04:01:40,2026-06-08 16:01:40,completed,marketplace
100486,10355,2026-06-08 23:03:04,2026-06-09 20:03:04,completed,mobile_app
100487,10678,2026-06-08 06:28:01,2026-06-08 07:28:01,completed,mobile_app
100488,10515,2026-06-08 13:57:26,2026-06-09 16:57:26,completed,marketplace
100489,10371,2026-06-08 22:34:14,2026-06-09 04:34:14,completed,mobile_app
100490,10307,2026-06-08 13:28:55,2026-06-10 04:28:55,completed,marketplace
100491,10101,2026-06-09 06:22:45,2026-06-11 04:22:45,completed,marketplace
100492,10345,2026-06-09 21:01:47,2026-06-10 13:01:47,completed,mobile_app
100493,10607,2026-06-09 23:21:06,2026-06-11 14:21:06,completed,mobile_app
100494,10005,2026-06-09 02:33:42,2026-06-09 19:33:42,completed,marketplace
100495,10309,2026-06-09 10:39:59,2026-06-11 09:39:59,completed,mobile_app
100496,10292,2026-06-09 04:31:00,2026-06-09 21:31:00,completed,mobile_app
100497,10285,2026-06-09 17:34:14,2026-06-10 00:34:14,completed,web
100498,10288,2026-06-09 16:11:24,2026-06-10 21:11:24,completed,mobile_app
100499,10020,2026-06-09 13:30:08,2026-06-11 11:30:08,completed,web
100500,10583,2026-06-09 09:22:05,2026-06-09 11:22:05,completed,marketplace
100501,10241,2026-06-09 14:46:34,2026-06-10 01:46:34,completed,marketplace
100502,10378,2026-06-09 23:36:24,2026-06-11 09:36:24,completed,web
100503,10442,2026-06-09 05:27:52,2026-06-11 04:27:52,completed,mobile_app
100504,10161,2026-06-09 08:18:53,2026-06-10 08:18:53,completed,mobile_app
100505,10544,2026-06-09 09:53:02,2026-06-10 20:53:02,completed,mobile_app
100506,10196,2026-06-09 09:19:23,2026-06-09 21:19:23,completed,mobile_app
100507,10410,2026-06-09 20:05:48,2026-06-11 20:05:48,completed,web
100508,10177,2026-06-09 17:22:38,2026-06-11 04:22:38,completed,marketplace
100509,10579,2026-06-09 03:02:09,2026-06-09 10:02:09,completed,mobile_app
100510,10177,2026-06-09 15:38:48,2026-06-09 23:38:48,cancelled,mobile_app
100511,10416,2026-06-09 16:36:42,2026-06-10 09:36:42,returned,mobile_app
100512,10411,2026-06-09 09:37:09,2026-06-10 01:37:09,cancelled,web
100513,10247,2026-06-09 00:14:14,2026-06-10 09:14:14,completed,web
100514,10507,2026-06-09 03:26:35,2026-06-10 08:26:35,cancelled,web
100515,10396,2026-06-09 11:39:05,2026-06-10 18:39:05,completed,web
100516,10421,2026-06-09 11:47:16,2026-06-10 13:47:16,completed,mobile_app
100517,10490,2026-06-09 08:19:39,2026-06-10 15:19:39,cancelled,marketplace
100518,10032,2026-06-09 15:11:13,2026-06-10 17:11:13,completed,web
100519,10477,2026-06-09 00:42:33,2026-06-09 13:42:33,completed,web
100520,10567,2026-06-09 20:19:07,2026-06-10 09:19:07,completed,mobile_app
100521,10087,2026-06-09 21:35:17,2026-06-10 00:35:17,completed,mobile_app
100522,10138,2026-06-09 13:39:14,2026-06-09 17:39:14,completed,mobile_app
100523,10632,2026-06-09 17:10:45,2026-06-11 17:10:45,completed,web
100524,10145,2026-06-09 20:16:04,2026-06-10 15:16:04,completed,mobile_app
100525,10647,2026-06-09 13:09:07,2026-06-10 18:09:07,cancelled,mobile_app
100526,10286,2026-06-09 12:07:28,2026-06-11 10:07:28,completed,web
100527,10550,2026-06-09 01:44:55,2026-06-09 05:44:55,completed,marketplace
100528,10106,2026-06-09 17:54:48,2026-06-10 15:54:48,completed,mobile_app
100529,10159,2026-06-09 03:11:38,2026-06-10 09:11:38,completed,mobile_app
100530,10034,2026-06-09 19:12:48,2026-06-11 19:12:48,completed,mobile_app
100531,10467,2026-06-09 22:42:28,2026-06-10 00:42:28,completed,web
100532,10482,2026-06-09 11:53:30,2026-06-11 05:53:30,completed,mobile_app
100533,10132,2026-06-09 00:57:17,2026-06-09 03:57:17,completed,mobile_app
100534,10010,2026-06-09 05:56:42,2026-06-09 23:56:42,completed,web
100535,10497,2026-06-09 14:32:01,2026-06-10 15:32:01,completed,mobile_app
100536,10291,2026-06-09 04:25:51,2026-06-09 18:25:51,completed,web
100537,10235,2026-06-09 13:06:07,2026-06-10 22:06:07,completed,web
100538,10112,2026-06-09 13:07:17,2026-06-09 18:07:17,returned,web
100539,10504,2026-06-09 23:34:10,2026-06-10 02:34:10,cancelled,web
100540,10144,2026-06-09 05:06:18,2026-06-09 08:06:18,completed,web
100541,10534,2026-06-09 13:17:30,2026-06-09 21:17:30,cancelled,mobile_app
100542,10577,2026-06-09 09:39:17,2026-06-09 11:39:17,completed,mobile_app
100543,10404,2026-06-09 14:50:32,2026-06-10 15:50:32,completed,mobile_app
100544,10135,2026-06-09 02:24:53,2026-06-10 09:24:53,completed,web
100545,10226,2026-06-09 23:11:13,2026-06-11 06:11:13,completed,web
100546,10332,2026-06-09 04:43:34,2026-06-09 14:43:34,completed,web
100547,10416,2026-06-09 03:49:52,2026-06-09 20:49:52,completed,web
100548,10071,2026-06-09 04:47:43,2026-06-10 04:47:43,completed,mobile_app
100549,10562,2026-06-09 06:37:57,2026-06-10 23:37:57,completed,web
100550,10401,2026-06-09 14:46:10,2026-06-10 04:46:10,completed,web
100551,10692,2026-06-09 12:16:57,2026-06-10 00:16:57,completed,web
100552,10082,2026-06-09 15:31:44,2026-06-11 02:31:44,completed,web
100553,10211,2026-06-09 10:45:59,2026-06-10 09:45:59,completed,web
100554,10648,2026-06-09 14:28:28,2026-06-10 23:28:28,completed,web
100555,10256,2026-06-09 01:42:39,2026-06-10 01:42:39,completed,mobile_app
100556,10590,2026-06-09 08:14:16,2026-06-11 06:14:16,completed,web
100557,10358,2026-06-09 04:57:21,2026-06-10 00:57:21,completed,web
100558,10152,2026-06-09 21:37:34,2026-06-10 01:37:34,returned,mobile_app
100559,10285,2026-06-09 14:14:40,2026-06-11 08:14:40,completed,web
100560,10673,2026-06-09 14:36:57,2026-06-11 14:36:57,completed,mobile_app
100561,10289,2026-06-09 18:57:18,2026-06-10 01:57:18,completed,mobile_app
100562,10251,2026-06-09 05:35:42,2026-06-11 04:35:42,completed,web
100563,10130,2026-06-09 22:49:28,2026-06-11 12:49:28,completed,web
100564,10226,2026-06-09 21:48:38,2026-06-10 13:48:38,cancelled,marketplace
100565,10121,2026-06-09 09:09:46,2026-06-10 07:09:46,completed,web
100566,10410,2026-06-09 03:47:06,2026-06-11 01:47:06,returned,web
100567,10409,2026-06-09 23:23:57,2026-06-11 12:23:57,returned,web
100568,10045,2026-06-10 01:21:25,2026-06-11 18:21:25,returned,mobile_app
100569,10148,2026-06-10 22:57:23,2026-06-11 05:57:23,returned,web
100570,10526,2026-06-10 13:03:20,2026-06-11 12:03:20,completed,web
100571,10638,2026-06-10 23:36:12,2026-06-12 01:36:12,completed,mobile_app
100572,10560,2026-06-10 11:31:28,2026-06-10 18:31:28,completed,marketplace
100573,10353,2026-06-10 13:56:00,2026-06-12 11:56:00,completed,web
100574,10253,2026-06-10 06:08:11,2026-06-10 14:08:11,completed,web
100575,10057,2026-06-10 20:23:09,2026-06-11 22:23:09,completed,mobile_app
100576,10134,2026-06-10 09:35:20,2026-06-11 07:35:20,completed,mobile_app
100577,10004,2026-06-10 22:20:02,2026-06-11 04:20:02,completed,web
100578,10477,2026-06-10 00:57:34,2026-06-11 21:57:34,completed,marketplace
100579,10595,2026-06-10 05:17:34,2026-06-10 21:17:34,completed,marketplace
100580,10575,2026-06-10 21:08:59,2026-06-12 10:08:59,completed,marketplace
100581,10358,2026-06-10 08:59:21,2026-06-11 22:59:21,completed,web
100582,10248,2026-06-10 09:47:55,2026-06-10 13:47:55,completed,web
100583,10669,2026-06-10 20:23:14,2026-06-12 14:23:14,completed,web
100584,10372,2026-06-10 10:03:07,2026-06-12 09:03:07,completed,web
100585,10384,2026-06-10 19:36:08,2026-06-11 15:36:08,completed,web
100586,10011,2026-06-10 00:14:48,2026-06-10 04:14:48,returned,mobile_app
100587,10073,2026-06-10 02:18:59,2026-06-12 01:18:59,completed,web
100588,10534,2026-06-10 01:04:24,2026-06-11 09:04:24,completed,mobile_app
100589,10480,2026-06-10 14:50:21,2026-06-11 21:50:21,completed,web
100590,10649,2026-06-10 09:10:31,2026-06-10 21:10:31,completed,web
100591,10447,2026-06-10 12:22:07,2026-06-10 19:22:07,completed,mobile_app
100592,10172,2026-06-10 13:35:09,2026-06-10 14:35:09,completed,marketplace
100593,10628,2026-06-10 13:38:50,2026-06-11 01:38:50,completed,web
100594,10318,2026-06-10 13:37:22,2026-06-11 18:37:22,completed,mobile_app
100595,10109,2026-06-10 11:20:50,2026-06-10 18:20:50,cancelled,web
100596,10494,2026-06-10 07:01:57,2026-06-11 23:01:57,completed,marketplace
100597,10068,2026-06-10 06:51:26,2026-06-10 09:51:26,completed,web
100598,10118,2026-06-10 18:59:36,2026-06-12 05:59:36,completed,mobile_app
100599,10333,2026-06-10 22:48:15,2026-06-12 02:48:15,completed,web
100600,10494,2026-06-10 10:27:23,2026-06-12 07:27:23,completed,web
100601,10184,2026-06-10 19:27:10,2026-06-11 15:27:10,completed,web
100602,10555,2026-06-10 18:30:33,2026-06-11 06:30:33,completed,mobile_app
100603,10019,2026-06-10 02:39:23,2026-06-11 10:39:23,completed,web
100604,10618,2026-06-10 00:10:21,2026-06-11 19:10:21,cancelled,mobile_app
100605,10127,2026-06-10 08:57:46,2026-06-11 01:57:46,completed,marketplace
100606,10384,2026-06-10 07:27:33,2026-06-12 01:27:33,returned,mobile_app
100607,10451,2026-06-10 10:07:29,2026-06-10 23:07:29,completed,mobile_app
100608,10391,2026-06-10 04:41:33,2026-06-10 19:41:33,completed,web
100609,10544,2026-06-10 06:40:33,2026-06-10 17:40:33,completed,marketplace
100610,10549,2026-06-10 20:45:25,2026-06-11 04:45:25,completed,web
100611,10090,2026-06-10 08:19:28,2026-06-11 09:19:28,completed,web
100612,10637,2026-06-10 06:52:48,2026-06-12 05:52:48,completed,web
100613,10484,2026-06-10 14:14:50,2026-06-11 09:14:50,completed,mobile_app
100614,10497,2026-06-10 00:55:17,2026-06-10 05:55:17,cancelled,mobile_app
100615,10090,2026-06-10 02:22:16,2026-06-11 13:22:16,completed,web
100616,10156,2026-06-10 00:07:28,2026-06-11 01:07:28,completed,mobile_app
100617,10178,2026-06-10 19:51:50,2026-06-12 13:51:50,completed,mobile_app
100618,10232,2026-06-10 17:51:38,2026-06-11 16:51:38,completed,marketplace
100619,10442,2026-06-10 05:15:27,2026-06-12 04:15:27,completed,web
100620,10613,2026-06-10 22:48:36,2026-06-12 00:48:36,completed,web
100621,10698,2026-06-10 13:14:12,2026-06-12 08:14:12,completed,web
100622,10590,2026-06-10 13:13:53,2026-06-12 01:13:53,cancelled,marketplace
100623,10341,2026-06-10 01:51:09,2026-06-10 23:51:09,completed,mobile_app
100624,10436,2026-06-10 16:07:42,2026-06-11 06:07:42,completed,web
100625,10254,2026-06-10 20:56:15,2026-06-11 09:56:15,completed,web
100626,10550,2026-06-10 11:30:46,2026-06-12 03:30:46,completed,mobile_app
100627,10619,2026-06-10 12:04:11,2026-06-11 09:04:11,completed,marketplace
100628,10389,2026-06-10 13:12:51,2026-06-11 10:12:51,completed,mobile_app
100629,10520,2026-06-10 15:06:59,2026-06-12 07:06:59,completed,web
100630,10311,2026-06-10 16:11:54,2026-06-10 19:11:54,completed,web
100631,10240,2026-06-10 21:20:31,2026-06-11 21:20:31,completed,marketplace
100632,10336,2026-06-10 12:22:15,2026-06-11 12:22:15,returned,web
100633,10632,2026-06-10 07:10:38,2026-06-11 04:10:38,returned,web
100634,10375,2026-06-10 06:59:28,2026-06-11 16:59:28,completed,marketplace
100635,10699,2026-06-10 11:09:51,2026-06-11 15:09:51,completed,web
100636,10524,2026-06-10 01:08:32,2026-06-11 17:08:32,completed,web
100637,10664,2026-06-10 13:39:30,2026-06-11 22:39:30,completed,marketplace
100638,10085,2026-06-10 16:22:45,2026-06-10 22:22:45,cancelled,mobile_app
100639,10430,2026-06-10 03:10:53,2026-06-10 04:10:53,cancelled,mobile_app
100640,10218,2026-06-10 22:58:26,2026-06-12 17:58:26,cancelled,web
100641,10447,2026-06-10 06:45:23,2026-06-10 12:45:23,completed,web
100642,10562,2026-06-10 18:02:00,2026-06-11 06:02:00,completed,web
100643,10230,2026-06-10 06:24:09,2026-06-10 23:24:09,returned,web
100644,10358,2026-06-10 08:17:27,2026-06-12 01:17:27,completed,mobile_app
100645,10115,2026-06-11 09:08:12,2026-06-13 09:08:12,completed,web
100646,10372,2026-06-11 02:14:36,2026-06-12 01:14:36,completed,marketplace
100647,10282,2026-06-11 00:26:12,2026-06-12 20:26:12,returned,web
100648,10473,2026-06-11 16:24:45,2026-06-12 23:24:45,completed,web
100649,10530,2026-06-11 08:18:19,2026-06-11 11:18:19,completed,mobile_app
100650,10455,2026-06-11 16:52:48,2026-06-12 22:52:48,cancelled,web
100651,10275,2026-06-11 11:31:53,2026-06-13 04:31:53,completed,web
100652,10564,2026-06-11 05:29:56,2026-06-11 17:29:56,completed,web
100653,10562,2026-06-11 00:47:21,2026-06-11 11:47:21,completed,web
100654,10309,2026-06-11 12:51:56,2026-06-11 17:51:56,returned,marketplace
100655,10595,2026-06-11 15:09:31,2026-06-12 11:09:31,completed,mobile_app
100656,10022,2026-06-11 04:26:10,2026-06-12 14:26:10,completed,web
100657,10015,2026-06-11 08:57:38,2026-06-12 05:57:38,completed,mobile_app
100658,10021,2026-06-11 21:35:04,2026-06-12 13:35:04,completed,web
100659,10358,2026-06-11 02:57:37,2026-06-12 08:57:37,completed,mobile_app
100660,10172,2026-06-11 17:14:54,2026-06-13 10:14:54,completed,web
100661,10017,2026-06-11 11:39:07,2026-06-12 08:39:07,completed,mobile_app
100662,10129,2026-06-11 07:05:51,2026-06-12 16:05:51,completed,web
100663,10348,2026-06-11 02:51:56,2026-06-11 12:51:56,completed,web
100664,10647,2026-06-11 03:55:22,2026-06-12 09:55:22,cancelled,web
100665,10545,2026-06-11 01:54:31,2026-06-12 13:54:31,cancelled,web
100666,10555,2026-06-11 23:31:55,2026-06-12 11:31:55,completed,web
100667,10365,2026-06-11 18:05:00,2026-06-11 23:05:00,completed,web
100668,10543,2026-06-11 13:07:07,2026-06-12 11:07:07,returned,web
100669,10486,2026-06-11 19:06:10,2026-06-12 21:06:10,completed,mobile_app
100670,10329,2026-06-11 08:16:45,2026-06-13 02:16:45,completed,mobile_app
100671,10131,2026-06-11 08:28:15,2026-06-11 17:28:15,returned,mobile_app
100672,10007,2026-06-11 17:55:17,2026-06-13 15:55:17,completed,mobile_app
100673,10677,2026-06-11 12:43:14,2026-06-13 02:43:14,completed,marketplace
100674,10668,2026-06-11 09:40:18,2026-06-12 18:40:18,completed,web
100675,10319,2026-06-11 16:13:18,2026-06-13 10:13:18,completed,mobile_app
100676,10265,2026-06-11 07:48:14,2026-06-12 03:48:14,cancelled,web
100677,10375,2026-06-11 07:53:37,2026-06-12 03:53:37,completed,web
100678,10036,2026-06-11 17:28:57,2026-06-12 12:28:57,completed,mobile_app
100679,10422,2026-06-11 00:24:29,2026-06-11 01:24:29,returned,web
100680,10619,2026-06-11 13:24:01,2026-06-12 02:24:01,completed,marketplace
100681,10352,2026-06-11 10:59:50,2026-06-12 16:59:50,completed,marketplace
100682,10259,2026-06-11 16:34:29,2026-06-13 06:34:29,cancelled,mobile_app
100683,10002,2026-06-11 05:34:52,2026-06-12 07:34:52,completed,mobile_app
100684,10341,2026-06-11 06:22:20,2026-06-12 19:22:20,returned,marketplace
100685,10148,2026-06-11 09:54:06,2026-06-11 22:54:06,returned,web
100686,10628,2026-06-11 15:51:01,2026-06-13 12:51:01,completed,web
100687,10340,2026-06-11 13:22:22,2026-06-12 20:22:22,completed,mobile_app
100688,10214,2026-06-11 11:40:36,2026-06-12 10:40:36,completed,web
100689,10695,2026-06-11 19:44:36,2026-06-12 23:44:36,completed,web
100690,10077,2026-06-11 16:24:43,2026-06-13 12:24:43,completed,web
100691,10614,2026-06-11 21:48:04,2026-06-13 14:48:04,completed,mobile_app
100692,10203,2026-06-11 14:25:50,2026-06-12 17:25:50,completed,marketplace
100693,10577,2026-06-11 19:58:06,2026-06-13 05:58:06,cancelled,mobile_app
100694,10355,2026-06-11 08:13:17,2026-06-12 14:13:17,completed,web
100695,10404,2026-06-11 02:37:44,2026-06-11 22:37:44,completed,web
100696,10589,2026-06-11 00:51:20,2026-06-11 19:51:20,completed,web
100697,10290,2026-06-11 15:21:41,2026-06-13 10:21:41,returned,web
100698,10344,2026-06-11 17:25:10,2026-06-13 07:25:10,completed,web
100699,10181,2026-06-11 19:37:30,2026-06-12 23:37:30,completed,mobile_app
100700,10382,2026-06-11 17:44:50,2026-06-11 23:44:50,completed,web
100701,10269,2026-06-12 21:58:36,2026-06-13 00:58:36,returned,web
100702,10394,2026-06-12 01:01:40,2026-06-13 06:01:40,cancelled,web
100703,10433,2026-06-12 23:48:02,2026-06-13 16:48:02,completed,mobile_app
100704,10618,2026-06-12 21:53:10,2026-06-13 05:53:10,completed,mobile_app
100705,10463,2026-06-12 17:57:44,2026-06-13 22:57:44,completed,mobile_app
100706,10474,2026-06-12 19:07:15,2026-06-13 19:07:15,cancelled,mobile_app
100707,10006,2026-06-12 15:22:25,2026-06-12 21:22:25,completed,web
100708,10282,2026-06-12 19:52:34,2026-06-13 12:52:34,completed,web
100709,10263,2026-06-12 00:26:34,2026-06-13 19:26:34,completed,web
100710,10087,2026-06-12 07:46:31,2026-06-13 14:46:31,completed,web
100711,10684,2026-06-12 02:34:55,2026-06-12 11:34:55,completed,marketplace
100712,10622,2026-06-12 05:59:51,2026-06-13 08:59:51,completed,mobile_app
100713,10309,2026-06-12 15:43:26,2026-06-13 12:43:26,completed,mobile_app
100714,10434,2026-06-12 04:38:08,2026-06-13 13:38:08,completed,marketplace
100715,10219,2026-06-12 21:50:19,2026-06-13 02:50:19,completed,mobile_app
100716,10086,2026-06-12 23:40:18,2026-06-13 21:40:18,completed,web
100717,10344,2026-06-12 20:23:44,2026-06-14 11:23:44,cancelled,mobile_app
100718,10443,2026-06-12 22:54:20,2026-06-13 16:54:20,completed,marketplace
100719,10041,2026-06-12 06:59:05,2026-06-13 16:59:05,completed,mobile_app
100720,10201,2026-06-12 22:19:14,2026-06-13 07:19:14,cancelled,mobile_app
100721,10297,2026-06-12 21:10:51,2026-06-13 05:10:51,completed,mobile_app
100722,10605,2026-06-12 09:51:26,2026-06-13 15:51:26,cancelled,mobile_app
100723,10644,2026-06-12 20:02:59,2026-06-12 21:02:59,returned,web
100724,10410,2026-06-12 01:51:23,2026-06-13 18:51:23,returned,marketplace
100725,10286,2026-06-12 01:59:03,2026-06-12 06:59:03,completed,web
100726,10643,2026-06-12 02:10:48,2026-06-13 00:10:48,completed,marketplace
100727,10071,2026-06-12 20:07:12,2026-06-13 12:07:12,completed,web
100728,10693,2026-06-12 05:50:23,2026-06-14 05:50:23,completed,mobile_app
100729,10699,2026-06-12 11:13:54,2026-06-14 02:13:54,completed,mobile_app
100730,10623,2026-06-12 16:10:13,2026-06-14 16:10:13,completed,marketplace
100731,10185,2026-06-12 11:43:35,2026-06-13 20:43:35,completed,mobile_app
100732,10588,2026-06-12 07:56:04,2026-06-13 09:56:04,completed,web
100733,10059,2026-06-12 23:30:03,2026-06-14 04:30:03,completed,mobile_app
100734,10240,2026-06-12 17:52:30,2026-06-13 22:52:30,completed,marketplace
100735,10189,2026-06-12 09:27:40,2026-06-12 20:27:40,completed,web
100736,10393,2026-06-12 01:44:48,2026-06-12 07:44:48,completed,mobile_app
100737,10299,2026-06-12 02:53:08,2026-06-12 19:53:08,completed,web
100738,10021,2026-06-12 14:54:29,2026-06-14 00:54:29,completed,web
100739,10693,2026-06-12 07:06:49,2026-06-12 12:06:49,completed,web
100740,10297,2026-06-12 20:09:00,2026-06-14 19:09:00,completed,web
100741,10573,2026-06-12 18:41:12,2026-06-14 03:41:12,completed,mobile_app
100742,10144,2026-06-12 04:48:59,2026-06-13 19:48:59,completed,mobile_app
100743,10700,2026-06-12 05:54:05,2026-06-12 08:54:05,completed,web
100744,10674,2026-06-12 14:22:55,2026-06-14 13:22:55,completed,web
100745,10134,2026-06-12 09:09:15,2026-06-13 12:09:15,completed,web
100746,10210,2026-06-12 13:41:15,2026-06-12 15:41:15,completed,web
100747,10311,2026-06-12 16:22:54,2026-06-14 16:22:54,cancelled,web
100748,10248,2026-06-12 13:31:42,2026-06-13 19:31:42,cancelled,web
100749,10112,2026-06-12 18:39:42,2026-06-12 21:39:42,completed,marketplace
100750,10214,2026-06-12 20:26:48,2026-06-12 22:26:48,completed,mobile_app
100751,10604,2026-06-12 22:38:16,2026-06-13 22:38:16,completed,web
100752,10162,2026-06-12 19:57:06,2026-06-14 08:57:06,completed,mobile_app
100753,10121,2026-06-12 14:21:34,2026-06-12 17:21:34,completed,web
100754,10520,2026-06-12 01:21:50,2026-06-13 08:21:50,completed,mobile_app
100755,10402,2026-06-12 02:54:41,2026-06-13 00:54:41,completed,mobile_app
100756,10344,2026-06-12 18:56:03,2026-06-14 09:56:03,completed,mobile_app
100757,10523,2026-06-12 18:31:34,2026-06-14 17:31:34,completed,marketplace
100758,10095,2026-06-12 03:52:38,2026-06-13 15:52:38,completed,web
100759,10135,2026-06-12 20:37:41,2026-06-13 02:37:41,completed,web
100760,10373,2026-06-12 15:04:53,2026-06-12 17:04:53,completed,web
100761,10024,2026-06-13 21:25:25,2026-06-15 01:25:25,completed,mobile_app
100762,10253,2026-06-13 21:46:18,2026-06-14 22:46:18,completed,marketplace
100763,10325,2026-06-13 19:40:27,2026-06-14 01:40:27,completed,marketplace
100764,10204,2026-06-13 20:49:32,2026-06-14 07:49:32,completed,marketplace
100765,10096,2026-06-13 22:22:05,2026-06-14 11:22:05,completed,mobile_app
100766,10125,2026-06-13 02:21:52,2026-06-13 19:21:52,completed,web
100767,10279,2026-06-13 17:12:32,2026-06-14 16:12:32,completed,marketplace
100768,10646,2026-06-13 11:53:29,2026-06-14 17:53:29,completed,web
100769,10680,2026-06-13 03:55:13,2026-06-13 12:55:13,returned,web
100770,10699,2026-06-13 17:32:03,2026-06-14 01:32:03,completed,marketplace
100771,10493,2026-06-13 13:15:37,2026-06-14 02:15:37,completed,web
100772,10494,2026-06-13 16:52:32,2026-06-14 18:52:32,completed,mobile_app
100773,10677,2026-06-13 05:58:39,2026-06-14 08:58:39,returned,web
100774,10436,2026-06-13 15:12:51,2026-06-13 16:12:51,completed,mobile_app
100775,10215,2026-06-13 07:20:38,2026-06-14 05:20:38,completed,mobile_app
100776,10096,2026-06-13 16:33:51,2026-06-15 06:33:51,returned,mobile_app
100777,10002,2026-06-13 17:16:35,2026-06-14 20:16:35,completed,marketplace
100778,10626,2026-06-13 09:15:10,2026-06-13 10:15:10,completed,mobile_app
100779,10649,2026-06-13 01:44:20,2026-06-13 19:44:20,returned,mobile_app
100780,10452,2026-06-13 19:26:44,2026-06-14 14:26:44,completed,mobile_app
100781,10523,2026-06-13 23:33:03,2026-06-15 06:33:03,completed,web
100782,10095,2026-06-13 15:07:50,2026-06-14 19:07:50,completed,web
100783,10646,2026-06-13 19:44:42,2026-06-15 12:44:42,completed,web
100784,10369,2026-06-13 16:56:27,2026-06-14 23:56:27,completed,mobile_app
100785,10616,2026-06-13 06:25:20,2026-06-13 19:25:20,completed,mobile_app
100786,10330,2026-06-13 02:18:34,2026-06-14 00:18:34,completed,web
100787,10110,2026-06-13 18:39:23,2026-06-14 20:39:23,completed,web
100788,10544,2026-06-13 08:15:20,2026-06-14 16:15:20,completed,mobile_app
100789,10102,2026-06-13 20:47:14,2026-06-15 15:47:14,completed,marketplace
100790,10042,2026-06-13 03:29:39,2026-06-14 15:29:39,completed,mobile_app
100791,10339,2026-06-13 23:13:54,2026-06-14 19:13:54,completed,mobile_app
100792,10424,2026-06-13 04:59:06,2026-06-14 05:59:06,completed,marketplace
100793,10380,2026-06-13 02:44:05,2026-06-15 02:44:05,completed,web
100794,10594,2026-06-13 05:00:12,2026-06-14 20:00:12,cancelled,mobile_app
100795,10499,2026-06-13 11:35:21,2026-06-13 23:35:21,cancelled,mobile_app
100796,10684,2026-06-13 02:54:01,2026-06-14 14:54:01,completed,marketplace
100797,10594,2026-06-13 23:57:11,2026-06-15 23:57:11,completed,web
100798,10570,2026-06-13 17:05:02,2026-06-14 19:05:02,completed,mobile_app
100799,10565,2026-06-13 02:59:09,2026-06-13 14:59:09,completed,mobile_app
100800,10685,2026-06-13 06:09:59,2026-06-15 02:09:59,completed,mobile_app
100801,10506,2026-06-13 07:00:27,2026-06-14 02:00:27,completed,web
100802,10260,2026-06-13 09:48:25,2026-06-13 17:48:25,completed,mobile_app
100803,10599,2026-06-13 21:30:29,2026-06-14 14:30:29,completed,mobile_app
100804,10026,2026-06-13 09:06:07,2026-06-15 08:06:07,completed,web
100805,10170,2026-06-13 00:06:09,2026-06-14 22:06:09,completed,web
100806,10545,2026-06-13 13:25:33,2026-06-14 16:25:33,completed,web
100807,10201,2026-06-13 08:50:20,2026-06-14 02:50:20,completed,web
100808,10309,2026-06-13 16:42:08,2026-06-14 06:42:08,completed,web
100809,10379,2026-06-13 11:02:20,2026-06-14 16:02:20,completed,web
100810,10514,2026-06-13 14:00:07,2026-06-15 02:00:07,completed,mobile_app
100811,10002,2026-06-13 20:38:58,2026-06-14 03:38:58,returned,web
100812,10388,2026-06-13 22:20:25,2026-06-15 08:20:25,completed,marketplace
100813,10274,2026-06-13 15:16:54,2026-06-13 16:16:54,completed,web
100814,10443,2026-06-13 09:54:03,2026-06-15 02:54:03,completed,web
100815,10321,2026-06-13 12:14:19,2026-06-14 04:14:19,completed,mobile_app
100816,10026,2026-06-13 14:57:15,2026-06-14 04:57:15,cancelled,web
100817,10513,2026-06-13 07:57:15,2026-06-13 10:57:15,completed,web
100818,10299,2026-06-13 21:47:03,2026-06-15 14:47:03,completed,marketplace
100819,10143,2026-06-13 23:55:53,2026-06-15 22:55:53,completed,web
100820,10488,2026-06-13 15:33:01,2026-06-14 14:33:01,completed,mobile_app
100821,10140,2026-06-13 06:15:53,2026-06-13 21:15:53,completed,mobile_app
100822,10227,2026-06-13 08:12:53,2026-06-13 11:12:53,completed,web
100823,10361,2026-06-13 13:38:11,2026-06-14 01:38:11,completed,mobile_app
100824,10164,2026-06-13 09:41:23,2026-06-15 07:41:23,completed,mobile_app
100825,10582,2026-06-13 19:24:01,2026-06-14 09:24:01,completed,marketplace
100826,10360,2026-06-13 11:29:43,2026-06-14 01:29:43,completed,marketplace
100827,10685,2026-06-13 01:57:30,2026-06-14 22:57:30,completed,mobile_app
100828,10106,2026-06-13 08:26:22,2026-06-14 00:26:22,completed,marketplace
100829,10435,2026-06-13 19:07:02,2026-06-14 12:07:02,completed,web
100830,10221,2026-06-13 23:09:54,2026-06-14 09:09:54,completed,mobile_app
100831,10358,2026-06-13 16:46:50,2026-06-14 10:46:50,completed,marketplace
100832,10351,2026-06-13 00:52:52,2026-06-14 23:52:52,cancelled,web
100833,10530,2026-06-13 17:30:16,2026-06-14 00:30:16,returned,web
100834,10064,2026-06-13 18:21:02,2026-06-14 13:21:02,completed,web
100835,10414,2026-06-13 17:21:32,2026-06-15 03:21:32,completed,marketplace
100836,10215,2026-06-13 22:38:01,2026-06-14 19:38:01,completed,web
100837,10127,2026-06-13 01:46:43,2026-06-13 18:46:43,completed,marketplace
100838,10291,2026-06-13 10:00:55,2026-06-14 12:00:55,completed,web
100839,10362,2026-06-13 08:17:44,2026-06-14 08:17:44,returned,mobile_app
100840,10013,2026-06-14 20:07:02,2026-06-16 13:07:02,completed,web
100841,10073,2026-06-14 20:19:32,2026-06-15 19:19:32,completed,mobile_app
100842,10686,2026-06-14 06:43:37,2026-06-14 10:43:37,completed,web
100843,10535,2026-06-14 04:31:27,2026-06-15 14:31:27,cancelled,mobile_app
100844,10505,2026-06-14 19:55:58,2026-06-16 03:55:58,returned,marketplace
100845,10201,2026-06-14 19:14:08,2026-06-15 21:14:08,completed,web
100846,10590,2026-06-14 10:44:46,2026-06-15 20:44:46,completed,mobile_app
100847,10683,2026-06-14 13:24:28,2026-06-15 23:24:28,completed,web
100848,10475,2026-06-14 14:12:22,2026-06-16 07:12:22,completed,web
100849,10570,2026-06-14 06:47:36,2026-06-14 21:47:36,completed,mobile_app
100850,10419,2026-06-14 00:50:49,2026-06-15 07:50:49,completed,web
100851,10350,2026-06-14 19:18:34,2026-06-14 21:18:34,completed,mobile_app
100852,10121,2026-06-14 12:04:17,2026-06-14 21:04:17,completed,web
100853,10699,2026-06-14 07:27:02,2026-06-14 21:27:02,cancelled,marketplace
100854,10270,2026-06-14 03:43:12,2026-06-16 01:43:12,completed,mobile_app
100855,10562,2026-06-14 17:56:03,2026-06-15 19:56:03,completed,mobile_app
100856,10163,2026-06-14 18:13:45,2026-06-16 06:13:45,completed,mobile_app
100857,10037,2026-06-14 21:20:20,2026-06-16 00:20:20,completed,web
100858,10196,2026-06-14 13:44:12,2026-06-16 06:44:12,completed,mobile_app
100859,10352,2026-06-14 15:07:41,2026-06-16 07:07:41,cancelled,mobile_app
100860,10633,2026-06-14 02:46:34,2026-06-14 07:46:34,completed,mobile_app
100861,10351,2026-06-14 21:21:21,2026-06-16 00:21:21,completed,web
100862,10658,2026-06-14 15:13:43,2026-06-15 08:13:43,completed,marketplace
100863,10189,2026-06-14 22:57:18,2026-06-15 20:57:18,completed,web
100864,10200,2026-06-14 18:56:31,2026-06-15 18:56:31,cancelled,web
100865,10679,2026-06-14 03:38:20,2026-06-14 17:38:20,returned,web
100866,10211,2026-06-14 06:40:39,2026-06-14 13:40:39,completed,web
100867,10100,2026-06-14 08:48:52,2026-06-15 20:48:52,completed,web
100868,10211,2026-06-14 19:14:45,2026-06-14 22:14:45,completed,web
100869,10231,2026-06-14 22:03:07,2026-06-16 07:03:07,completed,web
100870,10629,2026-06-14 09:17:35,2026-06-14 20:17:35,completed,web
100871,10326,2026-06-14 23:54:44,2026-06-16 11:54:44,completed,mobile_app
100872,10183,2026-06-14 09:02:12,2026-06-15 22:02:12,completed,web
100873,10590,2026-06-14 07:04:47,2026-06-14 20:04:47,returned,web
100874,10566,2026-06-14 20:18:46,2026-06-15 22:18:46,completed,mobile_app
100875,10646,2026-06-14 20:26:57,2026-06-16 19:26:57,returned,web
100876,10125,2026-06-14 23:55:48,2026-06-15 01:55:48,cancelled,mobile_app
100877,10311,2026-06-14 14:47:25,2026-06-15 13:47:25,completed,mobile_app
100878,10210,2026-06-14 20:51:32,2026-06-15 23:51:32,completed,mobile_app
100879,10109,2026-06-14 09:10:21,2026-06-15 03:10:21,completed,web
100880,10503,2026-06-14 09:53:58,2026-06-14 12:53:58,completed,marketplace
100881,10569,2026-06-14 02:16:45,2026-06-14 10:16:45,returned,mobile_app
100882,10326,2026-06-14 19:13:01,2026-06-16 13:13:01,completed,web
100883,10358,2026-06-14 01:58:40,2026-06-14 13:58:40,completed,marketplace
100884,10553,2026-06-14 08:01:42,2026-06-15 02:01:42,completed,web
100885,10673,2026-06-14 14:40:50,2026-06-15 17:40:50,completed,mobile_app
100886,10446,2026-06-14 13:59:53,2026-06-15 00:59:53,cancelled,mobile_app
100887,10466,2026-06-14 04:49:48,2026-06-15 01:49:48,returned,web
100888,10226,2026-06-14 05:56:54,2026-06-14 13:56:54,completed,web
100889,10365,2026-06-14 17:01:46,2026-06-16 06:01:46,completed,marketplace
100890,10651,2026-06-14 10:48:12,2026-06-16 00:48:12,completed,web
100891,10299,2026-06-14 03:41:58,2026-06-15 14:41:58,completed,web
100892,10159,2026-06-14 06:12:03,2026-06-14 11:12:03,cancelled,web
100893,10344,2026-06-14 19:31:26,2026-06-15 02:31:26,completed,mobile_app
100894,10690,2026-06-14 17:53:16,2026-06-16 13:53:16,completed,mobile_app
100895,10414,2026-06-14 08:50:54,2026-06-15 17:50:54,cancelled,web
100896,10566,2026-06-14 17:56:35,2026-06-16 07:56:35,completed,mobile_app
100897,10455,2026-06-14 18:04:32,2026-06-15 20:04:32,completed,mobile_app
100898,10441,2026-06-14 11:56:17,2026-06-14 17:56:17,completed,marketplace
100899,10385,2026-06-14 14:44:35,2026-06-16 13:44:35,completed,web
100900,10387,2026-06-14 21:37:59,2026-06-16 09:37:59,returned,mobile_app
100901,10685,2026-06-14 01:22:32,2026-06-14 04:22:32,completed,marketplace
100902,10299,2026-06-14 18:28:20,2026-06-16 12:28:20,returned,web
100903,10651,2026-06-14 18:28:43,2026-06-14 21:28:43,completed,mobile_app
100904,10141,2026-06-14 14:37:25,2026-06-15 21:37:25,completed,web
100905,10163,2026-06-14 18:01:07,2026-06-16 02:01:07,completed,web
100906,10315,2026-06-14 18:06:12,2026-06-15 04:06:12,completed,mobile_app
100907,10382,2026-06-14 23:25:19,2026-06-16 19:25:19,completed,mobile_app
100908,10232,2026-06-14 13:25:23,2026-06-15 07:25:23,completed,marketplace
100909,10387,2026-06-14 20:43:25,2026-06-16 16:43:25,completed,web
100910,10185,2026-06-14 13:38:10,2026-06-15 01:38:10,completed,marketplace
100911,10616,2026-06-14 22:15:35,2026-06-16 15:15:35,completed,web
100912,10276,2026-06-14 12:23:08,2026-06-15 05:23:08,completed,web
100913,10246,2026-06-15 14:09:57,2026-06-17 03:09:57,completed,web
100914,10631,2026-06-15 13:26:35,2026-06-17 07:26:35,completed,web
100915,10687,2026-06-15 00:34:08,2026-06-16 08:34:08,completed,mobile_app
100916,10041,2026-06-15 22:52:09,2026-06-17 18:52:09,completed,marketplace
100917,10499,2026-06-15 21:11:20,2026-06-16 00:11:20,completed,web
100918,10004,2026-06-15 16:31:04,2026-06-16 13:31:04,completed,web
100919,10135,2026-06-15 17:19:31,2026-06-17 03:19:31,completed,web
100920,10390,2026-06-15 10:19:16,2026-06-15 16:19:16,returned,web
100921,10322,2026-06-15 21:32:39,2026-06-17 09:32:39,completed,web
100922,10692,2026-06-15 19:10:46,2026-06-16 18:10:46,completed,web
100923,10227,2026-06-15 19:37:16,2026-06-16 15:37:16,completed,marketplace
100924,10284,2026-06-15 19:42:35,2026-06-17 18:42:35,completed,mobile_app
100925,10292,2026-06-15 12:05:54,2026-06-15 13:05:54,completed,marketplace
100926,10138,2026-06-15 23:34:08,2026-06-16 04:34:08,cancelled,marketplace
100927,10195,2026-06-15 02:31:15,2026-06-15 23:31:15,completed,web
100928,10281,2026-06-15 06:37:54,2026-06-16 01:37:54,completed,web
100929,10496,2026-06-15 15:24:12,2026-06-17 08:24:12,completed,mobile_app
100930,10332,2026-06-15 06:06:21,2026-06-16 01:06:21,cancelled,web
100931,10397,2026-06-15 23:29:20,2026-06-16 19:29:20,completed,mobile_app
100932,10196,2026-06-15 15:07:23,2026-06-16 02:07:23,completed,web
100933,10312,2026-06-15 16:36:12,2026-06-16 04:36:12,completed,marketplace
100934,10568,2026-06-15 13:47:44,2026-06-17 02:47:44,completed,marketplace
100935,10034,2026-06-15 13:55:23,2026-06-17 01:55:23,cancelled,web
100936,10103,2026-06-15 04:24:10,2026-06-15 16:24:10,completed,web
100937,10612,2026-06-15 06:46:38,2026-06-15 08:46:38,returned,web
100938,10513,2026-06-15 14:59:53,2026-06-15 21:59:53,cancelled,mobile_app
100939,10380,2026-06-15 08:54:09,2026-06-16 19:54:09,completed,web
100940,10511,2026-06-15 07:58:07,2026-06-16 09:58:07,completed,web
100941,10069,2026-06-15 21:11:58,2026-06-16 09:11:58,completed,mobile_app
100942,10166,2026-06-15 17:03:28,2026-06-17 01:03:28,completed,mobile_app
100943,10575,2026-06-15 08:50:54,2026-06-15 10:50:54,completed,mobile_app
100944,10346,2026-06-15 01:37:08,2026-06-16 13:37:08,completed,web
100945,10368,2026-06-15 18:43:34,2026-06-16 10:43:34,completed,mobile_app
100946,10475,2026-06-15 07:21:15,2026-06-16 03:21:15,completed,web
100947,10517,2026-06-15 11:40:39,2026-06-15 16:40:39,completed,web
100948,10138,2026-06-15 12:40:45,2026-06-15 18:40:45,completed,web
100949,10457,2026-06-15 17:06:56,2026-06-17 13:06:56,completed,mobile_app
100950,10029,2026-06-15 05:31:35,2026-06-15 16:31:35,completed,web
100951,10466,2026-06-15 04:13:15,2026-06-16 06:13:15,completed,web
100952,10464,2026-06-15 07:47:41,2026-06-16 20:47:41,completed,web
100953,10252,2026-06-15 16:34:42,2026-06-17 11:34:42,completed,mobile_app
100954,10381,2026-06-15 22:46:05,2026-06-16 20:46:05,completed,marketplace
100955,10693,2026-06-15 21:31:56,2026-06-16 21:31:56,completed,marketplace
100956,10630,2026-06-15 07:48:50,2026-06-16 20:48:50,completed,mobile_app
100957,10356,2026-06-15 08:19:57,2026-06-15 16:19:57,returned,web
100958,10189,2026-06-15 14:06:13,2026-06-15 23:06:13,completed,web
100959,10144,2026-06-15 00:56:01,2026-06-16 07:56:01,completed,marketplace
100960,10026,2026-06-15 20:17:56,2026-06-16 00:17:56,completed,web
100961,10669,2026-06-15 15:00:46,2026-06-16 00:00:46,completed,marketplace
100962,10677,2026-06-15 08:04:36,2026-06-16 03:04:36,completed,web
100963,10287,2026-06-15 20:33:00,2026-06-17 13:33:00,cancelled,web
100964,10667,2026-06-15 21:29:08,2026-06-16 20:29:08,completed,web
100965,10087,2026-06-15 03:52:29,2026-06-15 20:52:29,completed,web
100966,10290,2026-06-15 18:43:14,2026-06-16 08:43:14,completed,web
100967,10241,2026-06-15 03:32:50,2026-06-16 22:32:50,completed,web
100968,10185,2026-06-16 02:12:49,2026-06-16 15:12:49,completed,mobile_app
100969,10021,2026-06-16 12:05:34,2026-06-16 16:05:34,completed,mobile_app
100970,10424,2026-06-16 07:15:48,2026-06-16 19:15:48,completed,web
100971,10441,2026-06-16 19:21:29,2026-06-18 15:21:29,completed,web
100972,10037,2026-06-16 07:26:52,2026-06-16 08:26:52,completed,web
100973,10228,2026-06-16 19:06:02,2026-06-17 04:06:02,completed,mobile_app
100974,10502,2026-06-16 12:01:37,2026-06-16 14:01:37,completed,mobile_app
100975,10418,2026-06-16 21:19:11,2026-06-18 09:19:11,completed,web
100976,10389,2026-06-16 11:31:46,2026-06-16 14:31:46,completed,web
100977,10587,2026-06-16 19:16:01,2026-06-18 12:16:01,returned,web
100978,10109,2026-06-16 15:05:39,2026-06-18 03:05:39,completed,mobile_app
100979,10595,2026-06-16 17:39:24,2026-06-16 21:39:24,completed,web
100980,10332,2026-06-16 21:31:00,2026-06-18 11:31:00,completed,mobile_app
100981,10544,2026-06-16 09:36:57,2026-06-17 13:36:57,completed,mobile_app
100982,10395,2026-06-16 00:59:55,2026-06-17 19:59:55,completed,mobile_app
100983,10085,2026-06-16 08:33:49,2026-06-18 05:33:49,completed,mobile_app
100984,10090,2026-06-16 03:02:24,2026-06-16 05:02:24,returned,mobile_app
100985,10104,2026-06-16 19:54:06,2026-06-17 12:54:06,cancelled,web
100986,10652,2026-06-16 18:40:58,2026-06-17 09:40:58,completed,mobile_app
100987,10414,2026-06-16 06:16:59,2026-06-16 08:16:59,completed,web
100988,10594,2026-06-16 06:32:50,2026-06-17 07:32:50,completed,mobile_app
100989,10238,2026-06-16 05:44:47,2026-06-17 13:44:47,completed,mobile_app
100990,10698,2026-06-16 14:16:33,2026-06-18 09:16:33,completed,marketplace
100991,10267,2026-06-16 03:13:11,2026-06-17 07:13:11,completed,web
100992,10700,2026-06-16 06:26:43,2026-06-18 02:26:43,completed,marketplace
100993,10218,2026-06-16 21:09:17,2026-06-18 16:09:17,completed,mobile_app
100994,10348,2026-06-16 23:17:20,2026-06-18 15:17:20,completed,web
100995,10460,2026-06-16 05:31:22,2026-06-16 06:31:22,completed,web
100996,10626,2026-06-16 08:51:11,2026-06-17 11:51:11,completed,web
100997,10661,2026-06-16 18:16:13,2026-06-16 21:16:13,completed,marketplace
100998,10249,2026-06-16 16:12:29,2026-06-16 21:12:29,completed,web
100999,10138,2026-06-16 09:02:23,2026-06-18 00:02:23,completed,mobile_app
101000,10429,2026-06-16 07:46:03,2026-06-17 10:46:03,completed,marketplace
101001,10074,2026-06-16 20:15:14,2026-06-17 22:15:14,completed,web
101002,10356,2026-06-16 15:36:59,2026-06-16 18:36:59,completed,marketplace
101003,10357,2026-06-16 17:37:50,2026-06-18 17:37:50,cancelled,web
101004,10684,2026-06-16 00:06:13,2026-06-17 06:06:13,cancelled,mobile_app
101005,10347,2026-06-16 18:49:20,2026-06-17 01:49:20,completed,mobile_app
101006,10399,2026-06-16 09:03:53,2026-06-17 23:03:53,completed,web
101007,10198,2026-06-16 11:55:03,2026-06-17 04:55:03,completed,marketplace
101008,10634,2026-06-16 13:09:18,2026-06-17 14:09:18,completed,marketplace
101009,10038,2026-06-16 02:15:09,2026-06-17 17:15:09,completed,mobile_app
101010,10145,2026-06-16 11:55:46,2026-06-16 15:55:46,completed,web
101011,10606,2026-06-16 10:57:50,2026-06-17 06:57:50,completed,mobile_app
101012,10006,2026-06-16 22:19:58,2026-06-18 06:19:58,completed,web
101013,10502,2026-06-16 11:27:34,2026-06-17 11:27:34,completed,web
101014,10408,2026-06-16 11:13:58,2026-06-17 02:13:58,completed,web
101015,10267,2026-06-16 14:43:30,2026-06-16 23:43:30,cancelled,marketplace
101016,10672,2026-06-16 03:56:48,2026-06-17 01:56:48,completed,mobile_app
101017,10092,2026-06-16 05:50:06,2026-06-16 13:50:06,completed,web
101018,10446,2026-06-16 11:18:33,2026-06-17 08:18:33,completed,mobile_app
101019,10117,2026-06-16 03:21:37,2026-06-17 12:21:37,completed,mobile_app
101020,10467,2026-06-16 19:32:46,2026-06-18 02:32:46,completed,mobile_app
101021,10017,2026-06-17 16:14:33,2026-06-19 14:14:33,completed,web
101022,10262,2026-06-17 05:21:43,2026-06-17 16:21:43,completed,web
101023,10541,2026-06-17 14:02:56,2026-06-19 01:02:56,cancelled,web
101024,10545,2026-06-17 20:17:51,2026-06-18 11:17:51,completed,mobile_app
101025,10043,2026-06-17 23:44:46,2026-06-19 23:44:46,completed,web
101026,10373,2026-06-17 16:17:28,2026-06-19 03:17:28,completed,mobile_app
101027,10128,2026-06-17 07:30:37,2026-06-18 02:30:37,completed,mobile_app
101028,10106,2026-06-17 13:49:02,2026-06-17 18:49:02,completed,marketplace
101029,10544,2026-06-17 22:05:26,2026-06-18 14:05:26,completed,mobile_app
101030,10061,2026-06-17 11:49:58,2026-06-18 20:49:58,completed,mobile_app
101031,10396,2026-06-17 00:25:48,2026-06-18 21:25:48,completed,mobile_app
101032,10255,2026-06-17 18:43:15,2026-06-18 22:43:15,cancelled,web
101033,10461,2026-06-17 09:31:35,2026-06-17 13:31:35,completed,mobile_app
101034,10389,2026-06-17 17:17:53,2026-06-18 07:17:53,completed,web
101035,10438,2026-06-17 18:39:33,2026-06-19 05:39:33,completed,mobile_app
101036,10343,2026-06-17 21:04:21,2026-06-19 04:04:21,completed,web
101037,10375,2026-06-17 06:22:21,2026-06-17 20:22:21,completed,mobile_app
101038,10276,2026-06-17 05:29:45,2026-06-18 23:29:45,returned,mobile_app
101039,10241,2026-06-17 18:44:20,2026-06-19 16:44:20,cancelled,mobile_app
101040,10163,2026-06-17 15:48:01,2026-06-17 18:48:01,completed,marketplace
101041,10376,2026-06-17 19:56:33,2026-06-18 14:56:33,completed,web
101042,10259,2026-06-17 20:08:07,2026-06-18 17:08:07,completed,mobile_app
101043,10348,2026-06-17 20:02:13,2026-06-18 09:02:13,completed,web
101044,10515,2026-06-17 01:16:10,2026-06-19 00:16:10,completed,mobile_app
101045,10149,2026-06-17 10:09:22,2026-06-19 10:09:22,returned,mobile_app
101046,10682,2026-06-17 15:52:15,2026-06-19 10:52:15,completed,web
101047,10032,2026-06-17 13:30:23,2026-06-17 19:30:23,completed,mobile_app
101048,10427,2026-06-17 22:21:33,2026-06-19 12:21:33,completed,web
101049,10278,2026-06-17 15:39:07,2026-06-18 04:39:07,completed,web
101050,10641,2026-06-17 14:45:17,2026-06-19 05:45:17,completed,web
101051,10281,2026-06-17 18:56:02,2026-06-19 07:56:02,cancelled,web
101052,10280,2026-06-17 15:36:37,2026-06-18 21:36:37,completed,mobile_app
101053,10365,2026-06-17 15:42:52,2026-06-18 14:42:52,cancelled,web
101054,10308,2026-06-17 16:47:02,2026-06-19 01:47:02,completed,web
101055,10684,2026-06-17 23:28:58,2026-06-18 17:28:58,completed,web
101056,10226,2026-06-17 17:23:10,2026-06-19 07:23:10,completed,web
101057,10410,2026-06-17 04:48:07,2026-06-18 16:48:07,completed,web
101058,10473,2026-06-17 15:50:31,2026-06-18 00:50:31,completed,web
101059,10170,2026-06-17 00:39:27,2026-06-17 04:39:27,cancelled,web
101060,10016,2026-06-17 06:15:02,2026-06-17 15:15:02,completed,web
101061,10514,2026-06-17 18:56:19,2026-06-19 04:56:19,completed,web
101062,10577,2026-06-17 00:13:38,2026-06-17 04:13:38,completed,mobile_app
101063,10330,2026-06-17 11:28:05,2026-06-17 17:28:05,completed,mobile_app
101064,10383,2026-06-17 01:56:18,2026-06-17 10:56:18,completed,web
101065,10647,2026-06-17 00:32:07,2026-06-18 07:32:07,completed,web
101066,10004,2026-06-17 08:15:53,2026-06-17 18:15:53,completed,mobile_app
101067,10336,2026-06-17 04:47:16,2026-06-17 22:47:16,completed,marketplace
101068,10502,2026-06-17 19:36:11,2026-06-19 18:36:11,completed,mobile_app
101069,10084,2026-06-17 22:14:15,2026-06-19 18:14:15,completed,web
101070,10269,2026-06-17 12:17:03,2026-06-17 22:17:03,cancelled,web
101071,10382,2026-06-17 15:37:44,2026-06-19 05:37:44,completed,mobile_app
101072,10265,2026-06-17 14:46:41,2026-06-19 01:46:41,cancelled,web
101073,10422,2026-06-17 14:19:33,2026-06-19 06:19:33,completed,web
101074,10014,2026-06-17 00:21:15,2026-06-18 11:21:15,completed,marketplace
101075,10297,2026-06-17 18:28:40,2026-06-18 01:28:40,returned,mobile_app
101076,10505,2026-06-17 06:07:25,2026-06-18 08:07:25,completed,mobile_app
101077,10085,2026-06-17 06:26:56,2026-06-17 12:26:56,returned,mobile_app
101078,10204,2026-06-17 02:10:01,2026-06-18 05:10:01,completed,mobile_app
101079,10014,2026-06-17 12:38:05,2026-06-19 06:38:05,returned,mobile_app
101080,10065,2026-06-17 17:55:28,2026-06-18 22:55:28,completed,mobile_app
101081,10389,2026-06-17 01:45:10,2026-06-18 03:45:10,completed,web
101082,10290,2026-06-17 00:06:33,2026-06-17 09:06:33,completed,marketplace
101083,10020,2026-06-17 23:48:33,2026-06-19 15:48:33,completed,mobile_app
101084,10059,2026-06-17 13:36:34,2026-06-18 11:36:34,completed,web
101085,10550,2026-06-17 20:43:51,2026-06-17 21:43:51,returned,mobile_app
101086,10638,2026-06-17 02:08:25,2026-06-18 03:08:25,completed,mobile_app
101087,10613,2026-06-17 07:55:48,2026-06-18 20:55:48,completed,mobile_app
101088,10476,2026-06-17 14:17:42,2026-06-18 15:17:42,completed,mobile_app
101089,10062,2026-06-17 11:23:59,2026-06-18 13:23:59,completed,web
101090,10129,2026-06-17 22:51:18,2026-06-19 11:51:18,completed,mobile_app
101091,10697,2026-06-17 02:32:21,2026-06-17 05:32:21,completed,mobile_app
101092,10296,2026-06-17 20:14:07,2026-06-19 05:14:07,cancelled,web
101093,10233,2026-06-17 08:00:28,2026-06-19 00:00:28,completed,marketplace
101094,10049,2026-06-17 20:28:57,2026-06-19 07:28:57,completed,web
101095,10302,2026-06-17 15:15:29,2026-06-18 03:15:29,completed,mobile_app
101096,10166,2026-06-17 04:35:25,2026-06-18 09:35:25,completed,web
101097,10025,2026-06-17 23:33:28,2026-06-19 22:33:28,completed,mobile_app
101098,10606,2026-06-17 17:47:52,2026-06-19 13:47:52,completed,web
101099,10242,2026-06-17 07:41:53,2026-06-18 05:41:53,completed,mobile_app
101100,10698,2026-06-18 17:07:42,2026-06-20 14:07:42,completed,web
101101,10369,2026-06-18 21:59:10,2026-06-19 02:59:10,completed,mobile_app
101102,10087,2026-06-18 06:16:33,2026-06-19 00:16:33,completed,web
101103,10505,2026-06-18 20:04:06,2026-06-19 15:04:06,completed,mobile_app
101104,10360,2026-06-18 17:44:28,2026-06-20 11:44:28,returned,web
101105,10348,2026-06-18 13:06:13,2026-06-20 11:06:13,completed,web
101106,10450,2026-06-18 04:38:42,2026-06-18 18:38:42,completed,marketplace
101107,10683,2026-06-18 15:58:48,2026-06-19 00:58:48,completed,mobile_app
101108,10683,2026-06-18 18:19:33,2026-06-19 16:19:33,completed,marketplace
101109,10531,2026-06-18 12:32:25,2026-06-20 03:32:25,completed,web
101110,10566,2026-06-18 23:43:47,2026-06-20 14:43:47,completed,web
101111,10612,2026-06-18 19:19:44,2026-06-18 21:19:44,completed,web
101112,10675,2026-06-18 04:18:54,2026-06-18 05:18:54,completed,mobile_app
101113,10015,2026-06-18 14:19:04,2026-06-18 17:19:04,completed,web
101114,10010,2026-06-18 21:09:40,2026-06-19 14:09:40,completed,web
101115,10041,2026-06-18 22:00:53,2026-06-20 20:00:53,completed,web
101116,10644,2026-06-18 06:05:25,2026-06-18 15:05:25,completed,mobile_app
101117,10122,2026-06-18 10:45:34,2026-06-19 03:45:34,returned,web
101118,10246,2026-06-18 23:49:52,2026-06-19 20:49:52,completed,web
101119,10096,2026-06-18 19:26:06,2026-06-20 10:26:06,completed,marketplace
101120,10238,2026-06-18 23:57:27,2026-06-20 19:57:27,completed,web
101121,10042,2026-06-18 10:15:27,2026-06-18 22:15:27,returned,marketplace
101122,10048,2026-06-18 08:46:13,2026-06-20 06:46:13,completed,mobile_app
101123,10304,2026-06-18 20:31:27,2026-06-20 04:31:27,completed,web
101124,10481,2026-06-18 07:15:31,2026-06-18 23:15:31,completed,web
101125,10228,2026-06-18 15:41:19,2026-06-19 09:41:19,completed,web
101126,10008,2026-06-18 20:51:03,2026-06-20 12:51:03,completed,marketplace
101127,10427,2026-06-18 21:41:51,2026-06-19 21:41:51,completed,mobile_app
101128,10101,2026-06-18 00:29:35,2026-06-18 18:29:35,completed,web
101129,10534,2026-06-18 14:00:37,2026-06-19 09:00:37,completed,web
101130,10457,2026-06-18 04:14:09,2026-06-19 01:14:09,completed,marketplace
101131,10221,2026-06-18 23:56:57,2026-06-19 14:56:57,completed,web
101132,10001,2026-06-18 16:15:41,2026-06-20 04:15:41,completed,web
101133,10284,2026-06-18 06:24:57,2026-06-19 15:24:57,completed,mobile_app
101134,10462,2026-06-18 23:24:15,2026-06-20 17:24:15,returned,marketplace
101135,10297,2026-06-18 16:29:31,2026-06-19 20:29:31,completed,web
101136,10090,2026-06-18 10:08:44,2026-06-20 04:08:44,cancelled,mobile_app
101137,10321,2026-06-18 01:19:26,2026-06-18 11:19:26,completed,web
101138,10278,2026-06-18 04:21:57,2026-06-19 19:21:57,completed,web
101139,10694,2026-06-18 22:39:43,2026-06-20 20:39:43,completed,web
101140,10126,2026-06-18 13:35:59,2026-06-19 12:35:59,returned,mobile_app
101141,10530,2026-06-18 19:00:47,2026-06-19 07:00:47,completed,web
101142,10496,2026-06-18 12:53:24,2026-06-19 03:53:24,completed,web
101143,10540,2026-06-18 03:20:11,2026-06-19 15:20:11,cancelled,marketplace
101144,10109,2026-06-18 18:24:38,2026-06-19 07:24:38,completed,web
101145,10117,2026-06-18 12:53:48,2026-06-20 00:53:48,completed,web
101146,10455,2026-06-18 17:25:14,2026-06-19 22:25:14,completed,mobile_app
101147,10300,2026-06-18 05:09:24,2026-06-20 03:09:24,returned,mobile_app
101148,10622,2026-06-18 05:37:02,2026-06-20 00:37:02,completed,marketplace
101149,10399,2026-06-18 12:17:21,2026-06-20 06:17:21,completed,web
101150,10544,2026-06-18 23:35:02,2026-06-19 03:35:02,completed,web
101151,10011,2026-06-18 08:20:30,2026-06-19 04:20:30,completed,mobile_app
101152,10662,2026-06-18 14:36:38,2026-06-19 23:36:38,completed,mobile_app
101153,10002,2026-06-18 11:25:34,2026-06-19 18:25:34,completed,web
101154,10465,2026-06-18 02:27:00,2026-06-19 06:27:00,completed,marketplace
101155,10185,2026-06-18 12:00:46,2026-06-18 14:00:46,completed,mobile_app
101156,10638,2026-06-18 18:04:57,2026-06-19 06:04:57,completed,web
101157,10287,2026-06-18 03:29:55,2026-06-19 22:29:55,completed,web
101158,10649,2026-06-18 22:35:04,2026-06-20 09:35:04,completed,mobile_app
101159,10115,2026-06-18 17:51:37,2026-06-19 08:51:37,cancelled,web
101160,10218,2026-06-18 12:20:48,2026-06-19 22:20:48,completed,mobile_app
101161,10217,2026-06-18 11:14:30,2026-06-20 02:14:30,completed,web
101162,10429,2026-06-18 04:32:23,2026-06-18 15:32:23,completed,web
101163,10694,2026-06-18 09:54:49,2026-06-19 22:54:49,returned,mobile_app
101164,10646,2026-06-18 19:50:02,2026-06-19 23:50:02,completed,web
101165,10466,2026-06-18 15:17:02,2026-06-19 16:17:02,completed,marketplace
101166,10339,2026-06-18 00:50:21,2026-06-18 23:50:21,completed,web
101167,10610,2026-06-18 09:55:03,2026-06-20 01:55:03,completed,web
101168,10183,2026-06-18 13:50:27,2026-06-19 03:50:27,completed,web
101169,10425,2026-06-18 12:44:04,2026-06-19 22:44:04,completed,web
101170,10636,2026-06-18 11:25:58,2026-06-19 21:25:58,completed,mobile_app
101171,10347,2026-06-18 23:56:14,2026-06-19 19:56:14,completed,marketplace
101172,10386,2026-06-18 21:58:19,2026-06-20 12:58:19,completed,web
101173,10078,2026-06-19 09:36:16,2026-06-21 05:36:16,completed,mobile_app
101174,10415,2026-06-19 22:02:36,2026-06-21 21:02:36,completed,marketplace
101175,10193,2026-06-19 16:13:18,2026-06-21 13:13:18,completed,web
101176,10335,2026-06-19 04:48:09,2026-06-19 13:48:09,completed,web
101177,10507,2026-06-19 13:53:24,2026-06-19 23:53:24,cancelled,mobile_app
101178,10592,2026-06-19 03:52:57,2026-06-19 11:52:57,completed,web
101179,10658,2026-06-19 22:51:53,2026-06-21 05:51:53,completed,marketplace
101180,10329,2026-06-19 13:07:30,2026-06-20 02:07:30,completed,web
101181,10052,2026-06-19 19:44:06,2026-06-19 23:44:06,completed,marketplace
101182,10179,2026-06-19 04:56:30,2026-06-19 20:56:30,completed,web
101183,10408,2026-06-19 21:05:49,2026-06-21 21:05:49,completed,mobile_app
101184,10183,2026-06-19 10:12:56,2026-06-21 00:12:56,completed,marketplace
101185,10327,2026-06-19 10:24:52,2026-06-20 03:24:52,completed,web
101186,10421,2026-06-19 08:18:54,2026-06-20 08:18:54,completed,marketplace
101187,10038,2026-06-19 14:13:48,2026-06-20 19:13:48,completed,mobile_app
101188,10563,2026-06-19 00:20:21,2026-06-19 09:20:21,completed,web
101189,10526,2026-06-19 14:51:55,2026-06-19 19:51:55,completed,mobile_app
101190,10244,2026-06-19 15:55:49,2026-06-20 01:55:49,completed,mobile_app
101191,10012,2026-06-19 10:07:17,2026-06-20 00:07:17,completed,web
101192,10268,2026-06-19 01:41:56,2026-06-19 20:41:56,completed,web
101193,10633,2026-06-19 15:59:46,2026-06-21 14:59:46,completed,web
101194,10347,2026-06-19 03:51:16,2026-06-20 18:51:16,completed,marketplace
101195,10684,2026-06-19 08:16:44,2026-06-20 13:16:44,completed,web
101196,10127,2026-06-19 01:27:36,2026-06-20 15:27:36,completed,mobile_app
101197,10656,2026-06-19 18:27:50,2026-06-20 04:27:50,completed,marketplace
101198,10683,2026-06-19 03:04:40,2026-06-19 07:04:40,completed,web
101199,10457,2026-06-19 22:21:43,2026-06-20 03:21:43,completed,web
101200,10434,2026-06-19 21:46:55,2026-06-20 04:46:55,completed,mobile_app
101201,10561,2026-06-19 17:59:08,2026-06-20 05:59:08,completed,web
101202,10520,2026-06-19 00:46:53,2026-06-19 19:46:53,completed,web
101203,10145,2026-06-19 21:31:17,2026-06-20 22:31:17,cancelled,mobile_app
101204,10414,2026-06-19 07:07:04,2026-06-20 02:07:04,completed,web
101205,10575,2026-06-19 18:10:17,2026-06-21 08:10:17,completed,marketplace
101206,10244,2026-06-19 13:37:25,2026-06-20 14:37:25,completed,mobile_app
101207,10133,2026-06-19 18:05:21,2026-06-21 15:05:21,completed,marketplace
101208,10195,2026-06-19 15:04:38,2026-06-20 03:04:38,completed,web
101209,10696,2026-06-19 02:55:58,2026-06-20 01:55:58,cancelled,mobile_app
101210,10553,2026-06-19 20:51:05,2026-06-20 07:51:05,completed,web
101211,10266,2026-06-19 07:57:01,2026-06-20 21:57:01,completed,web
101212,10464,2026-06-19 10:48:03,2026-06-19 22:48:03,completed,web
101213,10692,2026-06-19 00:59:07,2026-06-20 12:59:07,completed,web
101214,10475,2026-06-19 01:35:15,2026-06-20 12:35:15,completed,marketplace
101215,10085,2026-06-19 06:26:10,2026-06-19 13:26:10,completed,marketplace
101216,10362,2026-06-19 04:06:05,2026-06-20 15:06:05,completed,web
101217,10265,2026-06-19 00:18:25,2026-06-20 14:18:25,completed,web
101218,10646,2026-06-19 11:07:34,2026-06-21 07:07:34,completed,web
101219,10558,2026-06-19 11:54:58,2026-06-20 12:54:58,completed,mobile_app
101220,10290,2026-06-19 21:41:31,2026-06-20 06:41:31,completed,web
101221,10153,2026-06-19 07:02:17,2026-06-20 03:02:17,completed,mobile_app
101222,10657,2026-06-19 04:06:20,2026-06-20 12:06:20,completed,marketplace
101223,10152,2026-06-19 10:06:36,2026-06-20 20:06:36,completed,web
101224,10240,2026-06-19 02:04:32,2026-06-20 06:04:32,completed,web
101225,10456,2026-06-19 12:39:51,2026-06-21 12:39:51,cancelled,web
101226,10146,2026-06-19 00:08:24,2026-06-19 03:08:24,completed,web
101227,10211,2026-06-19 00:04:10,2026-06-20 12:04:10,cancelled,mobile_app
101228,10548,2026-06-19 08:53:10,2026-06-19 20:53:10,completed,mobile_app
101229,10315,2026-06-19 12:14:29,2026-06-21 05:14:29,completed,marketplace
101230,10421,2026-06-19 18:25:01,2026-06-20 07:25:01,completed,marketplace
101231,10441,2026-06-19 06:48:08,2026-06-20 21:48:08,completed,mobile_app
101232,10240,2026-06-19 14:47:03,2026-06-20 21:47:03,returned,web
101233,10398,2026-06-19 21:11:24,2026-06-21 14:11:24,completed,marketplace
101234,10641,2026-06-19 04:38:23,2026-06-20 09:38:23,completed,marketplace
101235,10394,2026-06-19 15:15:19,2026-06-21 02:15:19,completed,mobile_app
101236,10029,2026-06-19 14:13:41,2026-06-21 11:13:41,completed,marketplace
101237,10081,2026-06-19 20:55:33,2026-06-20 05:55:33,completed,web
101238,10279,2026-06-19 12:30:13,2026-06-21 03:30:13,completed,web
101239,10265,2026-06-19 04:58:11,2026-06-20 19:58:11,completed,web
101240,10331,2026-06-19 15:24:10,2026-06-20 11:24:10,completed,web
101241,10653,2026-06-19 00:08:24,2026-06-20 15:08:24,completed,web
101242,10599,2026-06-19 10:02:29,2026-06-20 19:02:29,completed,web
101243,10510,2026-06-19 18:53:44,2026-06-20 16:53:44,returned,web
101244,10058,2026-06-19 01:01:04,2026-06-19 22:01:04,completed,web
101245,10645,2026-06-19 05:58:19,2026-06-20 11:58:19,completed,web
101246,10231,2026-06-19 19:49:10,2026-06-21 06:49:10,completed,mobile_app
101247,10388,2026-06-19 19:38:49,2026-06-20 08:38:49,completed,marketplace
101248,10355,2026-06-19 20:08:46,2026-06-20 12:08:46,completed,web
101249,10166,2026-06-19 12:57:27,2026-06-19 14:57:27,completed,marketplace
101250,10180,2026-06-19 18:18:03,2026-06-21 17:18:03,completed,marketplace
101251,10023,2026-06-20 15:34:23,2026-06-22 12:34:23,completed,web
101252,10268,2026-06-20 21:53:53,2026-06-21 00:53:53,completed,web
101253,10123,2026-06-20 13:37:30,2026-06-20 16:37:30,completed,web
101254,10591,2026-06-20 06:42:28,2026-06-20 18:42:28,cancelled,web
101255,10283,2026-06-20 16:00:16,2026-06-21 09:00:16,completed,web
101256,10303,2026-06-20 15:54:48,2026-06-20 22:54:48,completed,mobile_app
101257,10525,2026-06-20 03:42:00,2026-06-21 18:42:00,completed,web
101258,10585,2026-06-20 08:37:21,2026-06-22 01:37:21,cancelled,web
101259,10274,2026-06-20 11:49:22,2026-06-22 01:49:22,completed,mobile_app
101260,10209,2026-06-20 03:41:31,2026-06-21 12:41:31,completed,web
101261,10031,2026-06-20 01:54:05,2026-06-21 18:54:05,completed,web
101262,10479,2026-06-20 09:48:10,2026-06-21 09:48:10,completed,mobile_app
101263,10535,2026-06-20 10:46:10,2026-06-21 16:46:10,completed,web
101264,10023,2026-06-20 01:20:03,2026-06-21 09:20:03,completed,mobile_app
101265,10348,2026-06-20 03:01:38,2026-06-20 08:01:38,cancelled,mobile_app
101266,10495,2026-06-20 01:21:46,2026-06-21 10:21:46,completed,mobile_app
101267,10662,2026-06-20 17:28:23,2026-06-21 06:28:23,completed,web
101268,10063,2026-06-20 07:44:39,2026-06-22 06:44:39,cancelled,web
101269,10333,2026-06-20 10:09:57,2026-06-21 18:09:57,cancelled,web
101270,10384,2026-06-20 08:10:23,2026-06-21 10:10:23,completed,web
101271,10180,2026-06-20 22:11:40,2026-06-22 12:11:40,completed,mobile_app
101272,10401,2026-06-20 00:37:03,2026-06-20 15:37:03,completed,mobile_app
101273,10652,2026-06-20 10:34:37,2026-06-20 21:34:37,cancelled,mobile_app
101274,10470,2026-06-20 22:23:38,2026-06-22 12:23:38,completed,web
101275,10523,2026-06-20 23:07:25,2026-06-21 22:07:25,completed,mobile_app
101276,10671,2026-06-20 01:52:09,2026-06-20 06:52:09,completed,web
101277,10535,2026-06-20 19:40:37,2026-06-22 10:40:37,completed,marketplace
101278,10523,2026-06-20 03:36:00,2026-06-20 17:36:00,completed,web
101279,10405,2026-06-20 18:18:20,2026-06-21 22:18:20,completed,mobile_app
101280,10036,2026-06-20 19:36:57,2026-06-21 17:36:57,completed,mobile_app
101281,10223,2026-06-20 13:29:09,2026-06-22 01:29:09,completed,marketplace
101282,10412,2026-06-20 11:35:35,2026-06-22 07:35:35,completed,web
101283,10661,2026-06-20 04:34:29,2026-06-21 11:34:29,completed,web
101284,10142,2026-06-20 11:56:43,2026-06-20 18:56:43,completed,marketplace
101285,10163,2026-06-20 07:31:17,2026-06-21 05:31:17,completed,marketplace
101286,10503,2026-06-20 21:49:48,2026-06-21 13:49:48,completed,web
101287,10465,2026-06-20 12:09:20,2026-06-21 16:09:20,completed,web
101288,10610,2026-06-20 13:40:27,2026-06-21 21:40:27,completed,mobile_app
101289,10681,2026-06-20 14:18:16,2026-06-22 06:18:16,returned,web
101290,10514,2026-06-20 06:36:57,2026-06-20 17:36:57,completed,mobile_app
101291,10176,2026-06-20 10:44:24,2026-06-20 16:44:24,completed,web
101292,10341,2026-06-20 02:47:12,2026-06-20 09:47:12,completed,mobile_app
101293,10411,2026-06-20 14:54:46,2026-06-20 17:54:46,completed,marketplace
101294,10042,2026-06-20 18:32:10,2026-06-21 11:32:10,cancelled,mobile_app
101295,10654,2026-06-20 00:47:12,2026-06-21 13:47:12,completed,mobile_app
101296,10091,2026-06-20 22:49:02,2026-06-20 23:49:02,returned,mobile_app
101297,10073,2026-06-20 18:32:14,2026-06-21 12:32:14,completed,marketplace
101298,10192,2026-06-20 17:52:31,2026-06-21 11:52:31,completed,marketplace
101299,10352,2026-06-20 03:50:48,2026-06-20 21:50:48,completed,mobile_app
101300,10584,2026-06-20 17:06:29,2026-06-22 17:06:29,completed,web
101301,10443,2026-06-20 03:25:59,2026-06-20 04:25:59,completed,mobile_app
101302,10135,2026-06-20 00:50:39,2026-06-20 09:50:39,completed,web
101303,10202,2026-06-20 23:51:19,2026-06-21 14:51:19,completed,marketplace
101304,10389,2026-06-20 00:42:59,2026-06-21 21:42:59,completed,web
101305,10101,2026-06-20 20:03:19,2026-06-21 00:03:19,completed,mobile_app
101306,10141,2026-06-20 16:57:09,2026-06-22 15:57:09,completed,mobile_app
101307,10505,2026-06-20 13:35:15,2026-06-21 21:35:15,completed,mobile_app
101308,10542,2026-06-20 01:17:25,2026-06-21 02:17:25,completed,mobile_app
101309,10412,2026-06-20 05:26:10,2026-06-21 10:26:10,completed,mobile_app
101310,10582,2026-06-20 12:12:18,2026-06-21 04:12:18,completed,web
101311,10248,2026-06-20 17:19:23,2026-06-20 19:19:23,completed,web
101312,10163,2026-06-20 07:52:16,2026-06-20 13:52:16,completed,web
101313,10503,2026-06-20 17:12:26,2026-06-22 11:12:26,cancelled,web
101314,10526,2026-06-20 11:30:46,2026-06-22 09:30:46,cancelled,mobile_app
101315,10407,2026-06-20 17:15:23,2026-06-21 23:15:23,completed,web
101316,10434,2026-06-20 10:58:42,2026-06-20 19:58:42,completed,web
101317,10534,2026-06-20 07:48:57,2026-06-21 01:48:57,cancelled,mobile_app
101318,10282,2026-06-20 17:16:28,2026-06-21 18:16:28,cancelled,mobile_app
101319,10616,2026-06-20 11:29:53,2026-06-20 20:29:53,completed,web
101320,10006,2026-06-20 00:52:39,2026-06-21 20:52:39,returned,web
101321,10177,2026-06-20 03:18:36,2026-06-21 07:18:36,completed,mobile_app
101322,10433,2026-06-20 15:03:34,2026-06-22 03:03:34,completed,web
101323,10460,2026-06-20 16:36:33,2026-06-22 01:36:33,completed,mobile_app
101324,10561,2026-06-20 20:49:18,2026-06-21 15:49:18,completed,mobile_app
101325,10535,2026-06-21 07:20:24,2026-06-23 06:20:24,completed,mobile_app
101326,10151,2026-06-21 05:44:32,2026-06-22 18:44:32,completed,marketplace
101327,10239,2026-06-21 06:07:22,2026-06-21 17:07:22,completed,web
101328,10525,2026-06-21 00:04:19,2026-06-21 02:04:19,completed,mobile_app
101329,10034,2026-06-21 08:42:41,2026-06-23 00:42:41,completed,web
101330,10599,2026-06-21 00:05:47,2026-06-21 06:05:47,completed,web
101331,10401,2026-06-21 16:44:30,2026-06-23 08:44:30,completed,web
101332,10491,2026-06-21 19:56:16,2026-06-22 12:56:16,completed,web
101333,10344,2026-06-21 18:45:08,2026-06-22 09:45:08,completed,web
101334,10282,2026-06-21 03:00:11,2026-06-22 13:00:11,cancelled,marketplace
101335,10557,2026-06-21 12:00:17,2026-06-23 01:00:17,completed,marketplace
101336,10412,2026-06-21 02:29:27,2026-06-21 23:29:27,completed,mobile_app
101337,10326,2026-06-21 20:55:34,2026-06-22 13:55:34,completed,web
101338,10071,2026-06-21 23:26:45,2026-06-22 08:26:45,completed,mobile_app
101339,10234,2026-06-21 21:42:59,2026-06-22 16:42:59,cancelled,marketplace
101340,10354,2026-06-21 18:14:00,2026-06-23 02:14:00,cancelled,web
101341,10426,2026-06-21 23:11:55,2026-06-23 02:11:55,returned,web
101342,10294,2026-06-21 03:54:08,2026-06-22 23:54:08,completed,web
101343,10354,2026-06-21 20:33:05,2026-06-23 15:33:05,completed,marketplace
101344,10012,2026-06-21 07:58:33,2026-06-22 11:58:33,completed,web
101345,10397,2026-06-21 16:41:07,2026-06-21 22:41:07,completed,mobile_app
101346,10495,2026-06-21 02:29:57,2026-06-21 11:29:57,completed,web
101347,10682,2026-06-21 11:07:17,2026-06-21 21:07:17,completed,marketplace
101348,10181,2026-06-21 00:54:56,2026-06-21 06:54:56,completed,web
101349,10105,2026-06-21 07:27:44,2026-06-22 03:27:44,returned,web
101350,10085,2026-06-21 17:52:58,2026-06-23 04:52:58,returned,web
101351,10480,2026-06-21 12:46:57,2026-06-22 14:46:57,cancelled,marketplace
101352,10664,2026-06-21 22:42:09,2026-06-23 04:42:09,completed,mobile_app
101353,10390,2026-06-21 18:34:40,2026-06-23 07:34:40,completed,web
101354,10573,2026-06-21 07:37:36,2026-06-22 03:37:36,completed,mobile_app
101355,10592,2026-06-21 05:57:26,2026-06-22 18:57:26,completed,mobile_app
101356,10337,2026-06-21 23:24:15,2026-06-22 07:24:15,completed,web
101357,10698,2026-06-21 09:04:07,2026-06-23 04:04:07,completed,web
101358,10260,2026-06-21 18:13:14,2026-06-23 03:13:14,cancelled,mobile_app
101359,10134,2026-06-21 09:27:15,2026-06-21 11:27:15,cancelled,web
101360,10307,2026-06-21 05:51:42,2026-06-22 05:51:42,completed,web
101361,10290,2026-06-21 14:36:58,2026-06-23 06:36:58,completed,mobile_app
101362,10315,2026-06-21 14:01:09,2026-06-21 18:01:09,completed,web
101363,10211,2026-06-21 21:33:44,2026-06-22 01:33:44,completed,web
101364,10287,2026-06-21 03:36:03,2026-06-22 09:36:03,completed,mobile_app
101365,10112,2026-06-21 22:27:30,2026-06-22 02:27:30,returned,mobile_app
101366,10077,2026-06-21 19:04:26,2026-06-22 19:04:26,completed,marketplace
101367,10120,2026-06-21 04:20:47,2026-06-21 15:20:47,completed,mobile_app
101368,10127,2026-06-21 02:02:51,2026-06-22 08:02:51,completed,web
101369,10500,2026-06-21 04:02:37,2026-06-22 11:02:37,completed,marketplace
101370,10541,2026-06-21 23:04:25,2026-06-22 16:04:25,returned,web
101371,10648,2026-06-21 10:26:30,2026-06-23 06:26:30,completed,mobile_app
101372,10095,2026-06-21 10:40:25,2026-06-21 19:40:25,completed,web
101373,10322,2026-06-21 14:13:30,2026-06-22 15:13:30,completed,mobile_app
101374,10204,2026-06-21 02:24:49,2026-06-22 23:24:49,completed,web
101375,10100,2026-06-21 14:48:10,2026-06-22 00:48:10,cancelled,web
101376,10682,2026-06-21 23:37:16,2026-06-22 16:37:16,completed,marketplace
101377,10130,2026-06-21 22:34:25,2026-06-22 13:34:25,completed,mobile_app
101378,10148,2026-06-21 00:22:19,2026-06-21 07:22:19,completed,mobile_app
101379,10553,2026-06-21 02:35:41,2026-06-23 01:35:41,completed,web
101380,10416,2026-06-21 12:00:53,2026-06-23 00:00:53,completed,web
101381,10121,2026-06-21 18:09:21,2026-06-22 04:09:21,completed,web
101382,10632,2026-06-21 04:58:52,2026-06-21 09:58:52,completed,marketplace
101383,10644,2026-06-21 23:16:59,2026-06-23 18:16:59,completed,mobile_app
101384,10655,2026-06-21 13:27:51,2026-06-22 17:27:51,completed,mobile_app
101385,10129,2026-06-21 18:12:21,2026-06-22 18:12:21,completed,web
101386,10061,2026-06-21 17:31:05,2026-06-21 21:31:05,completed,web
101387,10057,2026-06-21 02:39:14,2026-06-22 11:39:14,completed,mobile_app
101388,10167,2026-06-21 19:13:36,2026-06-22 05:13:36,completed,marketplace
101389,10391,2026-06-21 15:10:07,2026-06-22 00:10:07,completed,web
101390,10345,2026-06-21 12:18:56,2026-06-23 00:18:56,completed,marketplace
101391,10069,2026-06-21 04:33:53,2026-06-22 14:33:53,completed,web
101392,10045,2026-06-21 14:19:21,2026-06-22 05:19:21,completed,web
101393,10256,2026-06-21 21:59:25,2026-06-23 04:59:25,completed,web
101394,10166,2026-06-21 16:21:40,2026-06-22 09:21:40,completed,mobile_app
101395,10446,2026-06-21 18:12:41,2026-06-23 00:12:41,completed,web
101396,10489,2026-06-21 21:21:39,2026-06-21 23:21:39,completed,web
101397,10436,2026-06-21 02:10:16,2026-06-21 14:10:16,completed,marketplace
101398,10086,2026-06-22 13:30:26,2026-06-23 21:30:26,completed,web
101399,10531,2026-06-22 10:43:24,2026-06-23 21:43:24,completed,web
101400,10429,2026-06-22 01:10:44,2026-06-22 08:10:44,completed,mobile_app
101401,10079,2026-06-22 14:28:23,2026-06-22 19:28:23,completed,web
101402,10305,2026-06-22 14:33:56,2026-06-23 19:33:56,cancelled,marketplace
101403,10047,2026-06-22 21:14:14,2026-06-23 09:14:14,completed,web
101404,10383,2026-06-22 05:49:19,2026-06-23 10:49:19,completed,web
101405,10628,2026-06-22 01:11:01,2026-06-22 22:11:01,completed,web
101406,10211,2026-06-22 11:50:04,2026-06-24 02:50:04,completed,web
101407,10312,2026-06-22 05:49:40,2026-06-22 13:49:40,cancelled,mobile_app
101408,10628,2026-06-22 15:37:41,2026-06-23 19:37:41,completed,mobile_app
101409,10592,2026-06-22 07:28:43,2026-06-23 00:28:43,completed,mobile_app
101410,10655,2026-06-22 10:58:18,2026-06-23 13:58:18,completed,mobile_app
101411,10353,2026-06-22 02:49:51,2026-06-22 22:49:51,cancelled,marketplace
101412,10606,2026-06-22 01:15:34,2026-06-22 13:15:34,completed,marketplace
101413,10467,2026-06-22 06:06:30,2026-06-22 11:06:30,completed,web
101414,10523,2026-06-22 01:12:56,2026-06-23 03:12:56,completed,mobile_app
101415,10283,2026-06-22 08:58:01,2026-06-22 19:58:01,completed,mobile_app
101416,10106,2026-06-22 23:29:15,2026-06-23 08:29:15,completed,mobile_app
101417,10022,2026-06-22 21:53:13,2026-06-23 01:53:13,completed,web
101418,10343,2026-06-22 16:44:25,2026-06-23 16:44:25,completed,web
101419,10392,2026-06-22 23:20:06,2026-06-23 13:20:06,completed,marketplace
101420,10024,2026-06-22 16:15:02,2026-06-23 07:15:02,completed,web
101421,10477,2026-06-22 17:14:16,2026-06-24 12:14:16,completed,marketplace
101422,10092,2026-06-22 04:23:09,2026-06-22 19:23:09,completed,web
101423,10664,2026-06-22 02:13:26,2026-06-24 00:13:26,completed,web
101424,10244,2026-06-22 11:34:14,2026-06-23 01:34:14,completed,mobile_app
101425,10232,2026-06-22 01:47:50,2026-06-23 06:47:50,completed,web
101426,10443,2026-06-22 04:46:48,2026-06-22 10:46:48,completed,mobile_app
101427,10358,2026-06-22 19:38:59,2026-06-24 09:38:59,completed,web
101428,10259,2026-06-22 06:11:42,2026-06-23 18:11:42,completed,web
101429,10690,2026-06-22 17:00:46,2026-06-24 12:00:46,completed,web
101430,10637,2026-06-22 13:04:51,2026-06-23 23:04:51,completed,web
101431,10568,2026-06-22 14:43:42,2026-06-22 16:43:42,completed,mobile_app
101432,10277,2026-06-22 13:11:42,2026-06-23 03:11:42,completed,marketplace
101433,10395,2026-06-22 06:17:04,2026-06-23 05:17:04,completed,web
101434,10599,2026-06-22 06:07:00,2026-06-23 02:07:00,completed,web
101435,10574,2026-06-22 05:55:02,2026-06-22 23:55:02,completed,web
101436,10015,2026-06-22 14:21:37,2026-06-24 11:21:37,completed,web
101437,10185,2026-06-22 01:54:56,2026-06-23 01:54:56,returned,web
101438,10096,2026-06-22 00:40:59,2026-06-23 16:40:59,completed,web
101439,10470,2026-06-22 06:28:03,2026-06-23 02:28:03,completed,mobile_app
101440,10456,2026-06-22 01:42:11,2026-06-22 03:42:11,completed,marketplace
101441,10107,2026-06-22 10:13:49,2026-06-24 06:13:49,completed,mobile_app
101442,10244,2026-06-22 00:32:10,2026-06-22 15:32:10,completed,web
101443,10092,2026-06-22 23:59:41,2026-06-23 14:59:41,completed,mobile_app
101444,10412,2026-06-22 23:24:28,2026-06-24 15:24:28,cancelled,web
101445,10260,2026-06-22 04:14:04,2026-06-22 17:14:04,cancelled,web
101446,10645,2026-06-22 15:21:51,2026-06-23 05:21:51,completed,mobile_app
101447,10659,2026-06-22 17:14:07,2026-06-23 15:14:07,completed,web
101448,10293,2026-06-22 06:16:41,2026-06-22 18:16:41,completed,web
101449,10071,2026-06-22 09:43:58,2026-06-23 17:43:58,completed,web
101450,10237,2026-06-22 18:14:24,2026-06-24 07:14:24,completed,web
101451,10434,2026-06-22 13:46:50,2026-06-22 22:46:50,completed,web
101452,10410,2026-06-22 02:18:06,2026-06-22 03:18:06,completed,mobile_app
101453,10367,2026-06-22 09:45:16,2026-06-23 11:45:16,completed,mobile_app
101454,10339,2026-06-22 21:10:25,2026-06-24 04:10:25,completed,mobile_app
101455,10266,2026-06-22 03:25:02,2026-06-23 09:25:02,completed,mobile_app
101456,10417,2026-06-22 17:00:57,2026-06-23 18:00:57,completed,mobile_app
101457,10312,2026-06-22 18:54:47,2026-06-24 04:54:47,completed,mobile_app
101458,10376,2026-06-22 18:49:27,2026-06-22 21:49:27,completed,mobile_app
101459,10292,2026-06-22 01:12:40,2026-06-22 04:12:40,completed,web
101460,10503,2026-06-22 08:56:37,2026-06-23 10:56:37,completed,web
101461,10580,2026-06-22 04:22:40,2026-06-22 13:22:40,completed,web
101462,10170,2026-06-22 23:23:17,2026-06-23 05:23:17,completed,mobile_app
101463,10682,2026-06-22 14:05:52,2026-06-23 04:05:52,completed,mobile_app
101464,10399,2026-06-22 18:20:22,2026-06-23 20:20:22,completed,web
101465,10418,2026-06-22 23:35:23,2026-06-24 03:35:23,completed,mobile_app
101466,10659,2026-06-22 14:38:39,2026-06-24 03:38:39,completed,marketplace
101467,10503,2026-06-22 22:25:02,2026-06-24 11:25:02,completed,mobile_app
101468,10467,2026-06-22 19:26:18,2026-06-23 15:26:18,completed,mobile_app
101469,10345,2026-06-22 21:31:50,2026-06-24 16:31:50,completed,web
101470,10538,2026-06-22 15:14:19,2026-06-23 16:14:19,completed,mobile_app
101471,10530,2026-06-22 00:04:21,2026-06-23 15:04:21,completed,mobile_app
101472,10090,2026-06-22 15:05:01,2026-06-22 16:05:01,completed,web
101473,10402,2026-06-22 12:30:54,2026-06-23 22:30:54,cancelled,mobile_app
101474,10594,2026-06-23 11:57:46,2026-06-24 16:57:46,completed,mobile_app
101475,10341,2026-06-23 22:58:01,2026-06-25 03:58:01,completed,marketplace
101476,10521,2026-06-23 23:19:27,2026-06-24 04:19:27,cancelled,web
101477,10211,2026-06-23 06:19:47,2026-06-24 01:19:47,completed,mobile_app
101478,10621,2026-06-23 06:41:37,2026-06-24 12:41:37,completed,mobile_app
101479,10671,2026-06-23 04:05:23,2026-06-24 05:05:23,completed,marketplace
101480,10055,2026-06-23 20:17:48,2026-06-24 05:17:48,completed,mobile_app
101481,10691,2026-06-23 15:20:17,2026-06-24 08:20:17,completed,web
101482,10079,2026-06-23 23:22:18,2026-06-25 09:22:18,completed,mobile_app
101483,10577,2026-06-23 07:49:33,2026-06-23 09:49:33,completed,mobile_app
101484,10172,2026-06-23 09:05:58,2026-06-25 03:05:58,completed,mobile_app
101485,10028,2026-06-23 11:13:34,2026-06-24 10:13:34,completed,web
101486,10528,2026-06-23 08:50:59,2026-06-25 05:50:59,cancelled,web
101487,10521,2026-06-23 13:27:03,2026-06-25 11:27:03,completed,web
101488,10292,2026-06-23 01:23:58,2026-06-24 07:23:58,completed,mobile_app
101489,10384,2026-06-23 20:38:30,2026-06-25 15:38:30,completed,marketplace
101490,10593,2026-06-23 19:05:38,2026-06-24 06:05:38,completed,marketplace
101491,10183,2026-06-23 21:14:28,2026-06-24 10:14:28,completed,marketplace
101492,10421,2026-06-23 21:24:28,2026-06-25 12:24:28,cancelled,mobile_app
101493,10107,2026-06-23 20:14:33,2026-06-25 18:14:33,completed,web
101494,10656,2026-06-23 19:07:17,2026-06-25 05:07:17,completed,marketplace
101495,10238,2026-06-23 05:38:04,2026-06-24 07:38:04,returned,web
101496,10077,2026-06-23 14:31:24,2026-06-25 06:31:24,completed,mobile_app
101497,10693,2026-06-23 07:25:55,2026-06-24 20:25:55,completed,web
101498,10280,2026-06-23 22:18:53,2026-06-25 16:18:53,completed,web
101499,10250,2026-06-23 22:36:46,2026-06-25 16:36:46,returned,web
101500,10115,2026-06-23 15:35:12,2026-06-23 22:35:12,completed,mobile_app
101501,10651,2026-06-23 01:14:10,2026-06-24 01:14:10,completed,web
101502,10393,2026-06-23 08:57:24,2026-06-23 09:57:24,completed,web
101503,10217,2026-06-23 12:07:53,2026-06-23 22:07:53,returned,mobile_app
101504,10068,2026-06-23 09:22:47,2026-06-23 20:22:47,completed,web
101505,10363,2026-06-23 18:04:14,2026-06-24 17:04:14,returned,web
101506,10321,2026-06-23 05:20:16,2026-06-24 21:20:16,completed,mobile_app
101507,10475,2026-06-23 06:54:47,2026-06-23 18:54:47,completed,mobile_app
101508,10233,2026-06-23 19:27:43,2026-06-24 04:27:43,completed,mobile_app
101509,10357,2026-06-23 15:03:23,2026-06-25 06:03:23,completed,web
101510,10466,2026-06-23 17:35:49,2026-06-25 12:35:49,completed,web
101511,10162,2026-06-23 22:01:40,2026-06-25 10:01:40,completed,mobile_app
101512,10697,2026-06-23 11:41:08,2026-06-24 16:41:08,cancelled,web
101513,10128,2026-06-23 01:42:26,2026-06-24 08:42:26,completed,web
101514,10412,2026-06-23 11:20:26,2026-06-24 07:20:26,completed,web
101515,10069,2026-06-23 19:52:36,2026-06-24 01:52:36,completed,mobile_app
101516,10298,2026-06-23 01:27:10,2026-06-24 01:27:10,completed,marketplace
101517,10296,2026-06-23 00:27:11,2026-06-23 21:27:11,completed,web
101518,10318,2026-06-23 07:31:25,2026-06-25 06:31:25,cancelled,web
101519,10551,2026-06-23 00:45:08,2026-06-24 09:45:08,completed,marketplace
101520,10289,2026-06-23 21:49:35,2026-06-24 03:49:35,completed,mobile_app
101521,10614,2026-06-23 14:11:31,2026-06-23 21:11:31,completed,web
101522,10279,2026-06-23 14:32:22,2026-06-25 09:32:22,completed,web
101523,10027,2026-06-23 21:52:04,2026-06-25 17:52:04,cancelled,web
101524,10531,2026-06-23 19:21:47,2026-06-25 15:21:47,completed,mobile_app
101525,10573,2026-06-23 15:20:10,2026-06-24 23:20:10,cancelled,mobile_app
101526,10125,2026-06-23 13:59:39,2026-06-25 00:59:39,completed,web
101527,10467,2026-06-23 07:52:02,2026-06-24 17:52:02,cancelled,web
101528,10024,2026-06-23 14:24:39,2026-06-23 15:24:39,completed,web
101529,10334,2026-06-23 15:37:01,2026-06-23 16:37:01,completed,mobile_app
101530,10172,2026-06-23 08:38:17,2026-06-23 18:38:17,completed,web
101531,10624,2026-06-23 16:45:02,2026-06-25 05:45:02,completed,web
101532,10157,2026-06-23 22:41:34,2026-06-25 02:41:34,completed,web
101533,10053,2026-06-23 21:30:02,2026-06-24 00:30:02,returned,web
101534,10478,2026-06-23 20:17:44,2026-06-25 08:17:44,completed,web
101535,10337,2026-06-23 12:01:16,2026-06-24 14:01:16,completed,web
101536,10072,2026-06-23 18:01:26,2026-06-25 15:01:26,completed,web
101537,10275,2026-06-23 11:16:19,2026-06-23 13:16:19,completed,web
101538,10528,2026-06-23 04:46:21,2026-06-23 09:46:21,completed,web
101539,10663,2026-06-23 02:28:13,2026-06-24 22:28:13,completed,mobile_app
101540,10153,2026-06-24 07:36:58,2026-06-25 04:36:58,completed,web
101541,10019,2026-06-24 17:01:21,2026-06-25 14:01:21,completed,mobile_app
101542,10139,2026-06-24 20:57:22,2026-06-26 00:57:22,completed,marketplace
101543,10670,2026-06-24 16:44:53,2026-06-24 17:44:53,completed,web
101544,10122,2026-06-24 19:44:09,2026-06-24 20:44:09,completed,mobile_app
101545,10461,2026-06-24 15:44:46,2026-06-25 05:44:46,completed,web
101546,10353,2026-06-24 20:24:48,2026-06-25 17:24:48,cancelled,web
101547,10644,2026-06-24 22:28:32,2026-06-26 16:28:32,completed,web
101548,10253,2026-06-24 08:08:58,2026-06-25 06:08:58,completed,mobile_app
101549,10350,2026-06-24 03:25:10,2026-06-24 04:25:10,completed,web
101550,10679,2026-06-24 10:48:38,2026-06-24 15:48:38,completed,mobile_app
101551,10238,2026-06-24 11:57:05,2026-06-26 08:57:05,completed,web
101552,10524,2026-06-24 08:03:04,2026-06-24 09:03:04,completed,mobile_app
101553,10421,2026-06-24 06:42:37,2026-06-25 10:42:37,completed,marketplace
101554,10023,2026-06-24 02:44:47,2026-06-26 01:44:47,completed,mobile_app
101555,10048,2026-06-24 12:11:56,2026-06-24 23:11:56,completed,mobile_app
101556,10370,2026-06-24 09:50:22,2026-06-26 03:50:22,completed,marketplace
101557,10183,2026-06-24 00:05:17,2026-06-25 04:05:17,completed,mobile_app
101558,10589,2026-06-24 18:30:31,2026-06-25 17:30:31,completed,mobile_app
101559,10071,2026-06-24 11:28:15,2026-06-26 05:28:15,completed,mobile_app
101560,10193,2026-06-24 17:38:11,2026-06-26 04:38:11,completed,mobile_app
101561,10171,2026-06-24 11:28:06,2026-06-24 12:28:06,completed,marketplace
101562,10268,2026-06-24 08:05:54,2026-06-25 01:05:54,returned,marketplace
101563,10335,2026-06-24 19:25:48,2026-06-25 00:25:48,completed,mobile_app
101564,10520,2026-06-24 05:00:18,2026-06-25 19:00:18,cancelled,marketplace
101565,10155,2026-06-24 12:24:56,2026-06-25 18:24:56,completed,mobile_app
101566,10168,2026-06-24 16:23:35,2026-06-26 03:23:35,completed,mobile_app
101567,10202,2026-06-24 14:07:27,2026-06-25 15:07:27,completed,mobile_app
101568,10359,2026-06-24 14:15:03,2026-06-26 10:15:03,completed,web
101569,10480,2026-06-24 07:01:10,2026-06-25 18:01:10,cancelled,web
101570,10373,2026-06-24 07:19:48,2026-06-24 15:19:48,completed,web
101571,10677,2026-06-24 03:36:10,2026-06-25 02:36:10,completed,marketplace
101572,10427,2026-06-24 11:44:27,2026-06-25 10:44:27,completed,marketplace
101573,10504,2026-06-24 00:12:29,2026-06-25 01:12:29,completed,mobile_app
101574,10365,2026-06-24 10:36:04,2026-06-25 09:36:04,completed,web
101575,10691,2026-06-24 09:20:44,2026-06-25 02:20:44,cancelled,web
101576,10423,2026-06-24 07:20:22,2026-06-25 18:20:22,completed,marketplace
101577,10357,2026-06-24 01:31:31,2026-06-25 06:31:31,completed,web
101578,10265,2026-06-24 09:44:58,2026-06-24 23:44:58,completed,mobile_app
101579,10377,2026-06-24 01:45:58,2026-06-26 01:45:58,completed,mobile_app
101580,10407,2026-06-24 07:44:24,2026-06-25 21:44:24,completed,web
101581,10017,2026-06-24 12:15:23,2026-06-26 00:15:23,returned,web
101582,10450,2026-06-24 10:52:47,2026-06-24 13:52:47,completed,web
101583,10411,2026-06-24 18:32:53,2026-06-24 19:32:53,returned,mobile_app
101584,10364,2026-06-24 19:58:13,2026-06-26 14:58:13,completed,marketplace
101585,10676,2026-06-24 08:29:34,2026-06-25 07:29:34,returned,marketplace
101586,10349,2026-06-24 06:57:42,2026-06-24 16:57:42,completed,web
101587,10043,2026-06-24 19:23:27,2026-06-25 19:23:27,completed,mobile_app
101588,10102,2026-06-24 18:14:08,2026-06-26 17:14:08,completed,web
101589,10355,2026-06-24 20:46:23,2026-06-25 12:46:23,completed,mobile_app
101590,10323,2026-06-24 19:58:30,2026-06-26 11:58:30,completed,mobile_app
101591,10291,2026-06-24 07:38:17,2026-06-25 12:38:17,completed,web
101592,10452,2026-06-24 23:55:40,2026-06-26 19:55:40,returned,web
101593,10198,2026-06-24 17:03:58,2026-06-25 03:03:58,completed,web
101594,10690,2026-06-24 20:30:10,2026-06-26 12:30:10,completed,mobile_app
101595,10408,2026-06-24 22:44:37,2026-06-26 12:44:37,completed,web
101596,10606,2026-06-24 02:03:40,2026-06-25 06:03:40,completed,web
101597,10200,2026-06-24 20:06:16,2026-06-26 02:06:16,completed,marketplace
101598,10647,2026-06-24 07:22:25,2026-06-24 12:22:25,completed,marketplace
101599,10463,2026-06-25 02:21:33,2026-06-26 17:21:33,completed,web
101600,10211,2026-06-25 07:38:57,2026-06-26 19:38:57,completed,mobile_app
101601,10693,2026-06-25 17:26:21,2026-06-26 03:26:21,completed,web
101602,10226,2026-06-25 01:00:51,2026-06-25 23:00:51,completed,mobile_app
101603,10515,2026-06-25 18:35:44,2026-06-25 20:35:44,completed,mobile_app
101604,10223,2026-06-25 16:33:16,2026-06-26 07:33:16,completed,web
101605,10091,2026-06-25 08:24:33,2026-06-27 06:24:33,completed,mobile_app
101606,10347,2026-06-25 18:52:49,2026-06-26 09:52:49,completed,marketplace
101607,10550,2026-06-25 16:06:07,2026-06-25 23:06:07,completed,mobile_app
101608,10666,2026-06-25 04:37:23,2026-06-26 14:37:23,completed,web
101609,10425,2026-06-25 18:32:08,2026-06-26 01:32:08,completed,marketplace
101610,10136,2026-06-25 05:32:53,2026-06-26 23:32:53,cancelled,mobile_app
101611,10058,2026-06-25 21:54:31,2026-06-26 00:54:31,completed,mobile_app
101612,10619,2026-06-25 05:10:28,2026-06-26 01:10:28,completed,mobile_app
101613,10170,2026-06-25 10:41:02,2026-06-26 01:41:02,completed,mobile_app
101614,10669,2026-06-25 02:25:02,2026-06-25 11:25:02,completed,mobile_app
101615,10082,2026-06-25 16:29:36,2026-06-26 03:29:36,completed,mobile_app
101616,10083,2026-06-25 01:22:27,2026-06-25 07:22:27,completed,web
101617,10257,2026-06-25 08:15:06,2026-06-25 14:15:06,completed,web
101618,10047,2026-06-25 13:59:31,2026-06-27 11:59:31,completed,web
101619,10606,2026-06-25 12:59:18,2026-06-27 06:59:18,completed,web
101620,10102,2026-06-25 12:15:28,2026-06-25 23:15:28,completed,marketplace
101621,10056,2026-06-25 23:30:10,2026-06-26 18:30:10,completed,marketplace
101622,10087,2026-06-25 14:04:32,2026-06-25 18:04:32,completed,mobile_app
101623,10227,2026-06-25 10:28:42,2026-06-25 19:28:42,completed,mobile_app
101624,10319,2026-06-25 05:31:05,2026-06-26 22:31:05,completed,web
101625,10545,2026-06-25 21:50:14,2026-06-27 00:50:14,completed,web
101626,10415,2026-06-25 04:51:56,2026-06-25 19:51:56,completed,web
101627,10020,2026-06-25 15:19:38,2026-06-27 07:19:38,completed,mobile_app
101628,10325,2026-06-25 23:08:37,2026-06-27 01:08:37,completed,web
101629,10487,2026-06-25 02:16:53,2026-06-26 04:16:53,completed,marketplace
101630,10644,2026-06-25 01:54:47,2026-06-26 02:54:47,completed,web
101631,10049,2026-06-25 12:57:43,2026-06-25 23:57:43,completed,mobile_app
101632,10471,2026-06-25 07:52:35,2026-06-26 19:52:35,cancelled,web
101633,10343,2026-06-25 05:07:19,2026-06-26 16:07:19,completed,web
101634,10389,2026-06-25 09:12:00,2026-06-26 03:12:00,cancelled,web
101635,10576,2026-06-25 13:01:11,2026-06-26 06:01:11,completed,mobile_app
101636,10008,2026-06-25 10:32:27,2026-06-26 07:32:27,completed,web
101637,10462,2026-06-25 01:53:05,2026-06-26 01:53:05,completed,mobile_app
101638,10324,2026-06-25 11:21:37,2026-06-25 17:21:37,completed,web
101639,10584,2026-06-25 16:36:22,2026-06-27 08:36:22,completed,mobile_app
101640,10619,2026-06-25 14:48:06,2026-06-27 08:48:06,completed,mobile_app
101641,10562,2026-06-25 08:53:52,2026-06-27 07:53:52,cancelled,web
101642,10481,2026-06-25 00:41:12,2026-06-25 09:41:12,completed,web
101643,10162,2026-06-25 03:45:13,2026-06-25 20:45:13,completed,web
101644,10203,2026-06-25 18:54:26,2026-06-26 03:54:26,completed,marketplace
101645,10366,2026-06-25 04:45:03,2026-06-25 16:45:03,completed,web
101646,10073,2026-06-25 01:41:16,2026-06-25 09:41:16,completed,mobile_app
101647,10132,2026-06-25 07:00:23,2026-06-25 19:00:23,completed,web
101648,10481,2026-06-25 14:59:25,2026-06-26 12:59:25,completed,web
101649,10265,2026-06-25 22:11:16,2026-06-25 23:11:16,completed,web
101650,10463,2026-06-25 12:59:01,2026-06-26 18:59:01,completed,mobile_app
101651,10505,2026-06-25 22:38:24,2026-06-26 13:38:24,completed,web
101652,10389,2026-06-25 09:44:23,2026-06-26 10:44:23,completed,marketplace
101653,10129,2026-06-25 22:33:30,2026-06-27 01:33:30,cancelled,web
101654,10177,2026-06-25 13:30:10,2026-06-26 18:30:10,completed,mobile_app
101655,10469,2026-06-25 20:04:38,2026-06-27 20:04:38,cancelled,web
101656,10029,2026-06-25 10:50:34,2026-06-26 17:50:34,completed,web
101657,10359,2026-06-25 07:44:13,2026-06-26 02:44:13,returned,web
101658,10471,2026-06-25 15:02:07,2026-06-26 17:02:07,completed,mobile_app
101659,10430,2026-06-25 22:25:28,2026-06-27 09:25:28,completed,mobile_app
101660,10607,2026-06-26 03:01:58,2026-06-27 12:01:58,completed,mobile_app
101661,10683,2026-06-26 13:49:07,2026-06-28 10:49:07,completed,web
101662,10222,2026-06-26 20:14:27,2026-06-27 21:14:27,cancelled,mobile_app
101663,10671,2026-06-26 10:50:39,2026-06-27 15:50:39,completed,web
101664,10472,2026-06-26 23:02:26,2026-06-28 20:02:26,completed,web
101665,10053,2026-06-26 10:56:36,2026-06-27 12:56:36,completed,mobile_app
101666,10534,2026-06-26 23:22:32,2026-06-28 00:22:32,completed,mobile_app
101667,10442,2026-06-26 07:57:12,2026-06-27 22:57:12,completed,web
101668,10193,2026-06-26 01:00:09,2026-06-27 23:00:09,completed,web
101669,10573,2026-06-26 09:53:58,2026-06-28 04:53:58,completed,web
101670,10321,2026-06-26 20:30:39,2026-06-28 17:30:39,completed,web
101671,10443,2026-06-26 19:49:16,2026-06-27 21:49:16,completed,web
101672,10459,2026-06-26 01:43:53,2026-06-27 19:43:53,completed,marketplace
101673,10015,2026-06-26 15:10:56,2026-06-27 17:10:56,cancelled,marketplace
101674,10250,2026-06-26 11:00:31,2026-06-26 21:00:31,completed,marketplace
101675,10634,2026-06-26 20:35:17,2026-06-27 03:35:17,returned,web
101676,10023,2026-06-26 04:55:25,2026-06-26 11:55:25,completed,mobile_app
101677,10086,2026-06-26 00:09:24,2026-06-27 10:09:24,completed,mobile_app
101678,10411,2026-06-26 11:32:44,2026-06-27 19:32:44,completed,marketplace
101679,10188,2026-06-26 18:34:16,2026-06-27 19:34:16,completed,web
101680,10230,2026-06-26 01:21:56,2026-06-27 09:21:56,cancelled,web
101681,10491,2026-06-26 12:12:56,2026-06-26 16:12:56,completed,web
101682,10658,2026-06-26 06:05:17,2026-06-26 18:05:17,returned,mobile_app
101683,10550,2026-06-26 02:22:00,2026-06-27 08:22:00,cancelled,mobile_app
101684,10337,2026-06-26 18:26:52,2026-06-28 09:26:52,completed,web
101685,10690,2026-06-26 15:45:13,2026-06-28 10:45:13,completed,marketplace
101686,10214,2026-06-26 06:42:27,2026-06-28 05:42:27,completed,web
101687,10286,2026-06-26 14:44:56,2026-06-27 07:44:56,completed,web
101688,10283,2026-06-26 23:48:29,2026-06-27 07:48:29,cancelled,mobile_app
101689,10436,2026-06-26 09:29:27,2026-06-28 06:29:27,completed,mobile_app
101690,10117,2026-06-26 17:41:22,2026-06-27 03:41:22,completed,web
101691,10322,2026-06-26 12:47:09,2026-06-28 07:47:09,cancelled,web
101692,10388,2026-06-26 05:38:39,2026-06-27 16:38:39,completed,web
101693,10587,2026-06-26 21:31:10,2026-06-27 00:31:10,completed,web
101694,10100,2026-06-26 08:18:27,2026-06-26 15:18:27,completed,mobile_app
101695,10677,2026-06-26 15:53:56,2026-06-28 08:53:56,completed,mobile_app
101696,10302,2026-06-26 01:03:48,2026-06-27 12:03:48,completed,web
101697,10250,2026-06-26 08:49:56,2026-06-28 00:49:56,completed,web
101698,10364,2026-06-26 04:41:34,2026-06-26 16:41:34,completed,web
101699,10336,2026-06-26 18:07:17,2026-06-28 06:07:17,returned,mobile_app
101700,10455,2026-06-26 21:42:33,2026-06-27 18:42:33,completed,mobile_app
101701,10474,2026-06-26 19:49:59,2026-06-27 07:49:59,completed,mobile_app
101702,10265,2026-06-26 13:04:52,2026-06-27 23:04:52,cancelled,mobile_app
101703,10016,2026-06-26 08:45:34,2026-06-27 02:45:34,completed,web
101704,10411,2026-06-26 21:23:57,2026-06-27 01:23:57,cancelled,web
101705,10512,2026-06-26 14:30:28,2026-06-27 01:30:28,completed,mobile_app
101706,10239,2026-06-26 19:21:05,2026-06-27 07:21:05,completed,web
101707,10500,2026-06-26 00:10:24,2026-06-26 18:10:24,completed,web
101708,10128,2026-06-26 21:51:29,2026-06-28 08:51:29,completed,web
101709,10694,2026-06-26 00:32:39,2026-06-26 11:32:39,completed,web
101710,10171,2026-06-26 12:18:14,2026-06-27 07:18:14,completed,web
101711,10079,2026-06-26 22:28:22,2026-06-28 03:28:22,completed,web
101712,10454,2026-06-26 16:53:38,2026-06-27 04:53:38,completed,marketplace
101713,10210,2026-06-26 21:59:43,2026-06-26 22:59:43,completed,web
101714,10666,2026-06-26 00:16:34,2026-06-26 03:16:34,completed,web
101715,10027,2026-06-26 17:49:07,2026-06-26 23:49:07,completed,mobile_app
101716,10098,2026-06-26 15:39:58,2026-06-27 01:39:58,completed,web
101717,10692,2026-06-26 13:24:55,2026-06-28 04:24:55,completed,web
101718,10336,2026-06-26 07:54:28,2026-06-26 22:54:28,completed,web
101719,10369,2026-06-26 02:44:51,2026-06-27 03:44:51,completed,web
101720,10616,2026-06-26 07:07:45,2026-06-28 04:07:45,completed,marketplace
101721,10696,2026-06-26 02:26:08,2026-06-27 15:26:08,completed,web
101722,10033,2026-06-26 02:42:02,2026-06-27 18:42:02,completed,web
101723,10634,2026-06-26 22:47:39,2026-06-28 03:47:39,completed,web
101724,10191,2026-06-26 17:42:19,2026-06-27 16:42:19,completed,mobile_app
101725,10241,2026-06-26 10:21:27,2026-06-27 10:21:27,completed,web
101726,10603,2026-06-26 20:44:44,2026-06-28 09:44:44,completed,marketplace
101727,10588,2026-06-26 05:12:49,2026-06-27 04:12:49,completed,mobile_app
101728,10433,2026-06-26 09:23:17,2026-06-28 04:23:17,completed,mobile_app
101729,10013,2026-06-26 03:25:53,2026-06-26 21:25:53,completed,mobile_app
101730,10292,2026-06-26 14:18:20,2026-06-27 18:18:20,completed,web
101731,10458,2026-06-27 08:01:55,2026-06-28 00:01:55,returned,web
101732,10004,2026-06-27 21:25:59,2026-06-28 08:25:59,completed,web
101733,10472,2026-06-27 04:43:08,2026-06-28 07:43:08,returned,web
101734,10685,2026-06-27 16:17:09,2026-06-29 14:17:09,cancelled,web
101735,10578,2026-06-27 09:22:18,2026-06-28 03:22:18,completed,marketplace
101736,10571,2026-06-27 00:09:32,2026-06-27 13:09:32,completed,web
101737,10511,2026-06-27 20:39:08,2026-06-28 05:39:08,completed,web
101738,10333,2026-06-27 16:29:07,2026-06-28 02:29:07,completed,mobile_app
101739,10664,2026-06-27 11:31:44,2026-06-28 13:31:44,completed,web
101740,10272,2026-06-27 15:31:21,2026-06-27 23:31:21,completed,web
101741,10157,2026-06-27 18:51:34,2026-06-28 12:51:34,completed,web
101742,10503,2026-06-27 06:03:28,2026-06-29 03:03:28,cancelled,mobile_app
101743,10008,2026-06-27 12:13:03,2026-06-28 05:13:03,completed,mobile_app
101744,10028,2026-06-27 00:52:29,2026-06-28 00:52:29,completed,marketplace
101745,10214,2026-06-27 09:31:22,2026-06-27 15:31:22,completed,marketplace
101746,10309,2026-06-27 19:41:35,2026-06-28 09:41:35,cancelled,marketplace
101747,10202,2026-06-27 02:13:48,2026-06-27 20:13:48,completed,web
101748,10262,2026-06-27 07:46:33,2026-06-27 20:46:33,completed,mobile_app
101749,10147,2026-06-27 18:24:41,2026-06-27 21:24:41,completed,mobile_app
101750,10156,2026-06-27 10:15:40,2026-06-28 18:15:40,completed,mobile_app
101751,10276,2026-06-27 14:44:17,2026-06-29 00:44:17,cancelled,mobile_app
101752,10291,2026-06-27 14:10:21,2026-06-29 00:10:21,completed,marketplace
101753,10005,2026-06-27 15:58:00,2026-06-29 15:58:00,completed,mobile_app
101754,10188,2026-06-27 01:31:03,2026-06-27 03:31:03,completed,web
101755,10149,2026-06-27 08:59:23,2026-06-28 00:59:23,completed,marketplace
101756,10107,2026-06-27 05:10:15,2026-06-29 02:10:15,completed,web
101757,10584,2026-06-27 17:39:13,2026-06-28 07:39:13,completed,web
101758,10583,2026-06-27 15:39:20,2026-06-29 09:39:20,completed,web
101759,10129,2026-06-27 05:59:35,2026-06-28 15:59:35,completed,web
101760,10141,2026-06-27 17:00:25,2026-06-27 18:00:25,completed,mobile_app
101761,10442,2026-06-27 20:13:39,2026-06-28 07:13:39,cancelled,marketplace
101762,10415,2026-06-27 17:30:10,2026-06-28 18:30:10,completed,web
101763,10270,2026-06-27 07:02:37,2026-06-28 02:02:37,completed,web
101764,10590,2026-06-27 15:33:13,2026-06-29 11:33:13,cancelled,mobile_app
101765,10427,2026-06-27 14:39:34,2026-06-28 17:39:34,completed,web
101766,10528,2026-06-27 00:38:09,2026-06-28 00:38:09,completed,web
101767,10126,2026-06-27 03:12:46,2026-06-27 20:12:46,completed,web
101768,10348,2026-06-27 01:49:22,2026-06-27 23:49:22,completed,web
101769,10065,2026-06-27 02:31:15,2026-06-27 12:31:15,completed,web
101770,10529,2026-06-27 20:49:09,2026-06-29 15:49:09,completed,web
101771,10221,2026-06-27 11:36:05,2026-06-28 20:36:05,completed,mobile_app
101772,10413,2026-06-27 20:46:10,2026-06-29 09:46:10,completed,web
101773,10315,2026-06-27 15:02:34,2026-06-28 16:02:34,returned,marketplace
101774,10275,2026-06-27 23:56:06,2026-06-28 23:56:06,completed,web
101775,10164,2026-06-27 18:08:01,2026-06-28 13:08:01,completed,web
101776,10330,2026-06-27 21:27:11,2026-06-28 19:27:11,completed,web
101777,10187,2026-06-27 23:51:51,2026-06-29 00:51:51,cancelled,mobile_app
101778,10050,2026-06-27 21:25:54,2026-06-29 09:25:54,completed,web
101779,10118,2026-06-27 01:37:59,2026-06-28 19:37:59,completed,marketplace
101780,10318,2026-06-27 06:32:35,2026-06-27 10:32:35,completed,mobile_app
101781,10233,2026-06-27 15:11:17,2026-06-28 07:11:17,completed,mobile_app
101782,10500,2026-06-27 02:59:53,2026-06-27 11:59:53,completed,mobile_app
101783,10217,2026-06-27 11:02:07,2026-06-29 08:02:07,completed,marketplace
101784,10584,2026-06-27 07:43:19,2026-06-29 07:43:19,completed,web
101785,10206,2026-06-27 21:16:55,2026-06-29 21:16:55,returned,web
101786,10110,2026-06-27 14:45:54,2026-06-28 18:45:54,completed,web
101787,10310,2026-06-27 19:50:01,2026-06-29 14:50:01,completed,mobile_app
101788,10155,2026-06-27 16:44:38,2026-06-28 04:44:38,cancelled,mobile_app
101789,10332,2026-06-27 00:24:27,2026-06-28 21:24:27,completed,web
101790,10067,2026-06-27 19:34:47,2026-06-27 20:34:47,returned,web
101791,10098,2026-06-27 22:39:50,2026-06-29 04:39:50,completed,web
101792,10057,2026-06-27 00:54:28,2026-06-27 13:54:28,completed,marketplace
101793,10308,2026-06-27 10:35:29,2026-06-28 15:35:29,completed,web
101794,10594,2026-06-27 19:27:22,2026-06-28 01:27:22,completed,mobile_app
101795,10079,2026-06-27 09:32:06,2026-06-29 07:32:06,completed,mobile_app
101796,10465,2026-06-27 08:28:48,2026-06-27 18:28:48,completed,mobile_app
101797,10690,2026-06-27 23:04:09,2026-06-29 17:04:09,completed,mobile_app
101798,10336,2026-06-27 05:26:00,2026-06-27 16:26:00,returned,web
101799,10601,2026-06-27 20:25:04,2026-06-28 07:25:04,completed,marketplace
101800,10192,2026-06-27 09:31:38,2026-06-28 10:31:38,completed,mobile_app
101801,10598,2026-06-27 13:14:02,2026-06-29 13:14:02,completed,mobile_app
101802,10370,2026-06-27 09:18:36,2026-06-28 10:18:36,completed,mobile_app
101803,10656,2026-06-27 12:01:33,2026-06-28 06:01:33,completed,web
101804,10696,2026-06-27 12:53:11,2026-06-28 21:53:11,cancelled,web
101805,10021,2026-06-27 12:51:31,2026-06-28 16:51:31,completed,mobile_app
101806,10218,2026-06-27 17:12:45,2026-06-29 00:12:45,completed,web
101807,10084,2026-06-27 07:57:11,2026-06-29 01:57:11,completed,web
101808,10658,2026-06-27 19:29:58,2026-06-27 21:29:58,completed,mobile_app
101809,10008,2026-06-27 01:51:42,2026-06-27 19:51:42,completed,web
101810,10011,2026-06-27 09:49:02,2026-06-28 08:49:02,completed,mobile_app
101811,10137,2026-06-28 00:10:37,2026-06-28 22:10:37,completed,web
101812,10246,2026-06-28 08:15:50,2026-06-28 17:15:50,cancelled,marketplace
101813,10054,2026-06-28 06:50:53,2026-06-30 05:50:53,completed,mobile_app
101814,10350,2026-06-28 01:03:46,2026-06-28 12:03:46,completed,web
101815,10524,2026-06-28 15:48:22,2026-06-29 16:48:22,completed,marketplace
101816,10487,2026-06-28 12:41:26,2026-06-28 18:41:26,completed,web
101817,10507,2026-06-28 12:31:31,2026-06-29 09:31:31,completed,mobile_app
101818,10015,2026-06-28 04:56:28,2026-06-29 15:56:28,completed,mobile_app
101819,10005,2026-06-28 03:28:33,2026-06-28 12:28:33,returned,mobile_app
101820,10132,2026-06-28 06:19:40,2026-06-28 08:19:40,completed,mobile_app
101821,10344,2026-06-28 22:37:32,2026-06-30 02:37:32,cancelled,mobile_app
101822,10259,2026-06-28 22:31:03,2026-06-29 03:31:03,completed,web
101823,10409,2026-06-28 19:39:19,2026-06-29 04:39:19,completed,marketplace
101824,10578,2026-06-28 10:12:32,2026-06-29 20:12:32,completed,marketplace
101825,10070,2026-06-28 02:04:55,2026-06-29 17:04:55,completed,mobile_app
101826,10614,2026-06-28 20:07:59,2026-06-30 19:07:59,completed,web
101827,10398,2026-06-28 16:04:36,2026-06-29 04:04:36,completed,mobile_app
101828,10043,2026-06-28 22:53:26,2026-06-29 04:53:26,completed,mobile_app
101829,10238,2026-06-28 01:23:18,2026-06-28 12:23:18,completed,mobile_app
101830,10311,2026-06-28 21:16:57,2026-06-30 17:16:57,completed,marketplace
101831,10155,2026-06-28 18:32:26,2026-06-29 22:32:26,completed,web
101832,10678,2026-06-28 03:33:58,2026-06-28 19:33:58,completed,web
101833,10213,2026-06-28 20:33:59,2026-06-30 01:33:59,completed,web
101834,10590,2026-06-28 02:56:53,2026-06-28 15:56:53,completed,web
101835,10467,2026-06-28 04:46:01,2026-06-29 05:46:01,completed,mobile_app
101836,10384,2026-06-28 23:13:37,2026-06-29 03:13:37,completed,web
101837,10223,2026-06-28 08:39:21,2026-06-28 12:39:21,completed,web
101838,10105,2026-06-28 02:30:18,2026-06-30 01:30:18,completed,web
101839,10564,2026-06-28 02:36:34,2026-06-28 23:36:34,completed,web
101840,10384,2026-06-28 05:48:49,2026-06-28 12:48:49,completed,web
101841,10237,2026-06-28 02:47:45,2026-06-29 22:47:45,cancelled,web
101842,10239,2026-06-28 08:38:57,2026-06-30 04:38:57,completed,mobile_app
101843,10320,2026-06-28 21:51:13,2026-06-30 21:51:13,completed,mobile_app
101844,10547,2026-06-28 02:56:29,2026-06-30 00:56:29,completed,web
101845,10402,2026-06-28 15:47:26,2026-06-30 03:47:26,completed,web
101846,10561,2026-06-28 21:16:04,2026-06-30 13:16:04,completed,web
101847,10072,2026-06-28 14:23:49,2026-06-29 15:23:49,completed,mobile_app
101848,10116,2026-06-28 18:14:30,2026-06-29 04:14:30,completed,mobile_app
101849,10254,2026-06-28 13:53:47,2026-06-29 18:53:47,cancelled,mobile_app
101850,10657,2026-06-28 23:51:28,2026-06-29 18:51:28,cancelled,mobile_app
101851,10056,2026-06-28 16:38:30,2026-06-28 23:38:30,completed,mobile_app
101852,10362,2026-06-28 08:15:22,2026-06-29 10:15:22,completed,marketplace
101853,10299,2026-06-28 14:08:15,2026-06-30 01:08:15,completed,marketplace
101854,10595,2026-06-28 13:44:27,2026-06-29 04:44:27,completed,web
101855,10560,2026-06-28 14:37:13,2026-06-30 11:37:13,completed,mobile_app
101856,10143,2026-06-28 17:34:09,2026-06-29 18:34:09,cancelled,web
101857,10422,2026-06-28 13:43:49,2026-06-30 09:43:49,completed,web
101858,10159,2026-06-28 05:42:42,2026-06-28 13:42:42,completed,mobile_app
101859,10463,2026-06-28 14:34:51,2026-06-29 21:34:51,completed,web
101860,10558,2026-06-28 23:53:25,2026-06-30 12:53:25,completed,web
101861,10531,2026-06-28 11:29:42,2026-06-28 20:29:42,completed,web
101862,10481,2026-06-28 15:12:03,2026-06-30 15:12:03,completed,web
101863,10194,2026-06-28 11:24:35,2026-06-29 03:24:35,completed,web
101864,10189,2026-06-28 12:49:49,2026-06-29 00:49:49,completed,mobile_app
101865,10517,2026-06-28 07:41:30,2026-06-30 04:41:30,completed,mobile_app
101866,10588,2026-06-28 23:24:39,2026-06-30 07:24:39,completed,web
101867,10249,2026-06-28 11:59:38,2026-06-28 14:59:38,completed,mobile_app
101868,10188,2026-06-28 05:56:49,2026-06-30 05:56:49,completed,web
101869,10259,2026-06-28 21:45:41,2026-06-30 09:45:41,cancelled,mobile_app
101870,10525,2026-06-28 21:58:55,2026-06-29 07:58:55,completed,marketplace
101871,10400,2026-06-28 09:15:00,2026-06-29 12:15:00,completed,marketplace
101872,10666,2026-06-28 09:24:03,2026-06-28 23:24:03,completed,mobile_app
101873,10226,2026-06-28 08:49:26,2026-06-29 15:49:26,completed,mobile_app
101874,10041,2026-06-28 13:11:35,2026-06-30 03:11:35,cancelled,mobile_app
101875,10653,2026-06-28 22:15:21,2026-06-29 10:15:21,completed,mobile_app
101876,10228,2026-06-28 02:25:21,2026-06-28 16:25:21,cancelled,marketplace
101877,10027,2026-06-28 10:41:40,2026-06-30 08:41:40,returned,marketplace
101878,10664,2026-06-28 03:25:28,2026-06-29 13:25:28,completed,marketplace
101879,10209,2026-06-28 11:14:01,2026-06-28 18:14:01,cancelled,marketplace
101880,10057,2026-06-28 20:07:29,2026-06-29 14:07:29,cancelled,web
101881,10307,2026-06-28 04:17:48,2026-06-29 13:17:48,completed,web
101882,10008,2026-06-28 22:18:26,2026-06-29 17:18:26,completed,web
101883,10019,2026-06-29 11:19:29,2026-06-29 20:19:29,completed,web
101884,10484,2026-06-29 18:30:59,2026-06-30 06:30:59,cancelled,web
101885,10403,2026-06-29 13:57:23,2026-06-30 07:57:23,completed,web
101886,10156,2026-06-29 15:45:25,2026-06-30 19:45:25,completed,mobile_app
101887,10105,2026-06-29 19:43:30,2026-06-30 08:43:30,completed,mobile_app
101888,10396,2026-06-29 04:37:02,2026-06-30 21:37:02,completed,marketplace
101889,10500,2026-06-29 06:50:18,2026-06-29 19:50:18,completed,web
101890,10232,2026-06-29 09:22:11,2026-06-30 09:22:11,completed,web
101891,10653,2026-06-29 06:25:46,2026-06-30 22:25:46,completed,marketplace
101892,10669,2026-06-29 21:01:49,2026-06-30 08:01:49,cancelled,marketplace
101893,10593,2026-06-29 15:21:45,2026-06-30 05:21:45,completed,web
101894,10267,2026-06-29 16:40:18,2026-07-01 04:40:18,completed,mobile_app
101895,10477,2026-06-29 04:57:54,2026-06-30 10:57:54,completed,web
101896,10254,2026-06-29 13:44:12,2026-06-30 17:44:12,completed,web
101897,10448,2026-06-29 23:23:30,2026-07-01 03:23:30,completed,mobile_app
101898,10305,2026-06-29 00:57:29,2026-06-29 14:57:29,returned,mobile_app
101899,10087,2026-06-29 13:03:08,2026-07-01 12:03:08,completed,web
101900,10146,2026-06-29 13:59:38,2026-06-30 08:59:38,completed,web
101901,10350,2026-06-29 18:49:40,2026-06-30 12:49:40,completed,web
101902,10316,2026-06-29 06:28:43,2026-06-30 10:28:43,completed,web
101903,10302,2026-06-29 19:37:16,2026-07-01 17:37:16,completed,marketplace
101904,10533,2026-06-29 18:43:12,2026-06-29 23:43:12,returned,mobile_app
101905,10180,2026-06-29 14:01:50,2026-06-30 23:01:50,completed,web
101906,10270,2026-06-29 15:59:36,2026-06-30 16:59:36,completed,mobile_app
101907,10283,2026-06-29 23:24:00,2026-06-30 23:24:00,cancelled,web
101908,10311,2026-06-29 01:52:44,2026-07-01 01:52:44,returned,web
101909,10267,2026-06-29 14:40:17,2026-07-01 05:40:17,completed,web
101910,10586,2026-06-29 08:05:43,2026-07-01 04:05:43,completed,web
101911,10284,2026-06-29 13:00:35,2026-06-30 17:00:35,completed,web
101912,10468,2026-06-29 19:35:40,2026-06-29 22:35:40,completed,mobile_app
101913,10255,2026-06-29 23:40:05,2026-06-30 18:40:05,completed,mobile_app
101914,10526,2026-06-29 01:00:04,2026-06-29 17:00:04,returned,web
101915,10087,2026-06-29 15:20:14,2026-06-29 21:20:14,completed,web
101916,10195,2026-06-29 17:09:19,2026-07-01 11:09:19,completed,mobile_app
101917,10682,2026-06-29 20:47:18,2026-07-01 20:47:18,completed,web
101918,10325,2026-06-29 08:49:01,2026-07-01 07:49:01,completed,web
101919,10082,2026-06-29 08:57:23,2026-06-29 20:57:23,completed,marketplace
101920,10145,2026-06-29 16:58:53,2026-07-01 05:58:53,completed,mobile_app
101921,10286,2026-06-29 15:20:35,2026-07-01 06:20:35,completed,mobile_app
101922,10638,2026-06-29 03:42:23,2026-06-30 00:42:23,completed,mobile_app
101923,10041,2026-06-29 17:07:34,2026-06-29 23:07:34,completed,mobile_app
101924,10181,2026-06-29 19:56:09,2026-07-01 17:56:09,cancelled,mobile_app
101925,10249,2026-06-29 23:22:15,2026-06-30 17:22:15,completed,mobile_app
101926,10038,2026-06-29 10:24:16,2026-06-30 07:24:16,completed,web
101927,10526,2026-06-29 01:59:42,2026-06-29 15:59:42,completed,marketplace
101928,10452,2026-06-29 20:05:20,2026-06-30 02:05:20,completed,web
101929,10415,2026-06-29 00:05:49,2026-06-30 15:05:49,completed,web
101930,10151,2026-06-29 17:30:26,2026-06-30 16:30:26,completed,marketplace
101931,10023,2026-06-29 03:16:59,2026-06-30 03:16:59,returned,web
101932,10403,2026-06-29 19:27:39,2026-06-30 18:27:39,completed,web
101933,10211,2026-06-29 21:55:46,2026-07-01 13:55:46,completed,mobile_app
101934,10262,2026-06-30 06:13:08,2026-07-01 18:13:08,returned,marketplace
101935,10632,2026-06-30 13:43:06,2026-07-02 05:43:06,completed,web
101936,10307,2026-06-30 19:56:32,2026-06-30 22:56:32,cancelled,mobile_app
101937,10306,2026-06-30 13:28:13,2026-07-02 13:28:13,completed,mobile_app
101938,10288,2026-06-30 14:37:15,2026-07-01 06:37:15,completed,web
101939,10479,2026-06-30 10:48:26,2026-07-01 15:48:26,completed,mobile_app
101940,10010,2026-06-30 11:23:27,2026-07-01 14:23:27,completed,mobile_app
101941,10352,2026-06-30 20:19:45,2026-07-01 08:19:45,completed,mobile_app
101942,10340,2026-06-30 09:43:03,2026-06-30 13:43:03,completed,web
101943,10210,2026-06-30 23:19:39,2026-07-02 15:19:39,completed,web
101944,10299,2026-06-30 04:52:43,2026-06-30 12:52:43,completed,web
101945,10085,2026-06-30 23:02:24,2026-07-01 22:02:24,completed,marketplace
101946,10156,2026-06-30 05:18:57,2026-06-30 18:18:57,completed,mobile_app
101947,10601,2026-06-30 23:03:34,2026-07-02 16:03:34,cancelled,web
101948,10157,2026-06-30 07:19:36,2026-06-30 09:19:36,completed,web
101949,10415,2026-06-30 09:15:03,2026-07-01 21:15:03,completed,web
101950,10049,2026-06-30 06:46:54,2026-06-30 09:46:54,cancelled,web
101951,10648,2026-06-30 09:32:40,2026-07-01 08:32:40,completed,mobile_app
101952,10566,2026-06-30 09:21:48,2026-07-02 02:21:48,cancelled,mobile_app
101953,10569,2026-06-30 11:59:12,2026-07-01 10:59:12,completed,web
101954,10264,2026-06-30 18:35:05,2026-07-01 19:35:05,completed,web
101955,10180,2026-06-30 15:10:16,2026-07-01 00:10:16,completed,mobile_app
101956,10462,2026-06-30 20:14:37,2026-07-01 14:14:37,completed,web
101957,10503,2026-06-30 00:36:25,2026-06-30 08:36:25,completed,mobile_app
101958,10277,2026-06-30 20:44:10,2026-07-01 01:44:10,completed,mobile_app
101959,10101,2026-06-30 21:25:39,2026-07-01 03:25:39,completed,marketplace
101960,10178,2026-06-30 12:03:54,2026-06-30 21:03:54,completed,mobile_app
101961,10263,2026-06-30 18:49:33,2026-07-02 11:49:33,completed,mobile_app
101962,10369,2026-06-30 06:45:23,2026-06-30 17:45:23,cancelled,mobile_app
101963,10632,2026-06-30 19:11:07,2026-07-01 11:11:07,completed,web
101964,10433,2026-06-30 10:51:02,2026-07-01 14:51:02,completed,web
101965,10427,2026-06-30 10:08:29,2026-07-01 22:08:29,completed,web
101966,10639,2026-06-30 12:32:49,2026-07-02 10:32:49,completed,web
101967,10483,2026-06-30 03:10:01,2026-06-30 08:10:01,returned,mobile_app
101968,10292,2026-06-30 16:09:24,2026-07-01 00:09:24,completed,mobile_app
101969,10152,2026-06-30 14:47:29,2026-07-01 11:47:29,completed,web
101970,10022,2026-06-30 14:41:01,2026-07-02 05:41:01,completed,web
101971,10346,2026-06-30 03:07:34,2026-07-01 00:07:34,completed,mobile_app
101972,10684,2026-06-30 07:49:36,2026-07-02 02:49:36,completed,mobile_app
101973,10157,2026-06-30 03:00:54,2026-07-01 12:00:54,completed,marketplace
101974,10518,2026-06-30 00:10:56,2026-06-30 22:10:56,completed,marketplace
101975,10427,2026-06-30 14:34:20,2026-07-01 22:34:20,returned,web
101976,10458,2026-06-30 08:55:18,2026-07-01 10:55:18,completed,web
101977,10377,2026-06-30 07:30:28,2026-07-02 04:30:28,completed,marketplace
101978,10300,2026-06-30 19:19:21,2026-07-01 18:19:21,completed,web
101979,10204,2026-06-30 11:41:11,2026-07-02 05:41:11,completed,mobile_app
101980,10494,2026-06-30 16:31:45,2026-07-01 13:31:45,completed,mobile_app
101981,10145,2026-06-30 07:55:13,2026-07-01 07:55:13,returned,web
101982,10669,2026-06-30 17:29:39,2026-06-30 23:29:39,completed,mobile_app
101983,10606,2026-06-30 10:05:51,2026-07-01 06:05:51,completed,mobile_app
101984,10121,2026-06-30 22:34:13,2026-07-02 08:34:13,completed,mobile_app
101985,10473,2026-06-30 21:12:09,2026-07-02 04:12:09,cancelled,web
101986,10602,2026-06-30 23:15:08,2026-07-01 14:15:08,completed,marketplace
101987,10031,2026-06-30 14:56:48,2026-07-01 02:56:48,completed,marketplace
101988,10302,2026-06-30 10:51:59,2026-07-01 09:51:59,cancelled,web
101989,10375,2026-06-30 16:50:00,2026-07-01 07:50:00,completed,mobile_app
101990,10028,2026-06-30 06:17:48,2026-07-01 06:17:48,completed,web
101991,10601,2026-06-30 17:45:36,2026-07-01 19:45:36,completed,mobile_app
101992,10441,2026-06-30 20:07:21,2026-07-02 16:07:21,completed,mobile_app
101993,10455,2026-06-30 01:36:47,2026-07-01 11:36:47,completed,mobile_app
101994,10143,2026-06-30 08:40:39,2026-07-02 08:40:39,completed,mobile_app
101995,10409,2026-06-30 17:48:32,2026-07-02 14:48:32,completed,web
101996,10217,2026-06-30 12:22:50,2026-07-01 22:22:50,returned,mobile_app
101997,10471,2026-06-30 06:57:09,2026-07-01 07:57:09,completed,web
101998,10096,2026-06-30 03:49:04,2026-06-30 06:49:04,completed,marketplace
101999,10591,2026-06-30 19:15:37,2026-07-02 15:15:37,completed,web
102000,10176,2026-06-30 12:51:00,2026-07-01 16:51:00,returned,web
102001,10454,2026-06-30 01:39:20,2026-07-01 07:39:20,completed,web
102002,10596,2026-06-30 07:03:28,2026-06-30 12:03:28,completed,web
102003,10089,2026-06-30 17:55:52,2026-07-02 09:55:52,completed,web
102004,10060,2026-06-30 15:04:29,2026-06-30 20:04:29,completed,marketplace
102005,10376,2026-06-30 01:52:36,2026-07-01 21:52:36,cancelled,mobile_app
102006,10185,2026-06-30 06:36:26,2026-07-02 01:36:26,returned,web
102007,10110,2026-06-30 03:13:14,2026-07-01 23:13:14,completed,web
102008,10164,2026-06-30 11:44:00,2026-07-01 12:44:00,cancelled,web
102009,10060,2026-06-30 05:20:34,2026-07-01 21:20:34,completed,marketplace
102010,10400,2026-06-30 22:54:19,2026-07-01 22:54:19,completed,mobile_app
102011,10561,2026-06-30 18:57:38,2026-07-02 15:57:38,completed,mobile_app
102012,10428,2026-07-01 19:39:22,2026-07-03 09:39:22,completed,web
102013,10210,2026-07-01 04:53:59,2026-07-01 09:53:59,completed,web
102014,10552,2026-07-01 16:07:33,2026-07-02 06:07:33,completed,marketplace
102015,10381,2026-07-01 10:35:52,2026-07-02 17:35:52,completed,web
102016,10430,2026-07-01 16:55:52,2026-07-03 16:55:52,completed,mobile_app
102017,10389,2026-07-01 23:10:28,2026-07-02 06:10:28,completed,web
102018,10381,2026-07-01 20:25:20,2026-07-02 16:25:20,completed,web
102019,10155,2026-07-01 14:05:40,2026-07-03 08:05:40,completed,web
102020,10390,2026-07-01 21:26:18,2026-07-02 23:26:18,completed,web
102021,10183,2026-07-01 01:12:30,2026-07-03 00:12:30,returned,mobile_app
102022,10166,2026-07-01 16:24:24,2026-07-02 00:24:24,completed,mobile_app
102023,10313,2026-07-01 21:06:06,2026-07-01 22:06:06,completed,web
102024,10340,2026-07-01 09:03:52,2026-07-02 11:03:52,completed,mobile_app
102025,10459,2026-07-01 20:02:22,2026-07-03 02:02:22,completed,web
102026,10226,2026-07-01 08:26:36,2026-07-02 08:26:36,completed,mobile_app
102027,10063,2026-07-01 03:04:30,2026-07-02 01:04:30,completed,marketplace
102028,10458,2026-07-01 04:26:46,2026-07-01 15:26:46,completed,mobile_app
102029,10196,2026-07-01 06:53:44,2026-07-02 04:53:44,completed,web
102030,10511,2026-07-01 02:57:55,2026-07-02 23:57:55,completed,web
102031,10606,2026-07-01 11:02:55,2026-07-02 04:02:55,completed,marketplace
102032,10601,2026-07-01 22:58:52,2026-07-02 19:58:52,completed,web
102033,10006,2026-07-01 16:30:47,2026-07-02 18:30:47,completed,web
102034,10366,2026-07-01 16:34:03,2026-07-03 11:34:03,completed,mobile_app
102035,10598,2026-07-01 12:08:10,2026-07-02 20:08:10,cancelled,marketplace
102036,10522,2026-07-01 19:45:51,2026-07-03 06:45:51,completed,marketplace
102037,10480,2026-07-01 00:42:40,2026-07-01 19:42:40,completed,web
102038,10461,2026-07-01 21:06:25,2026-07-02 17:06:25,completed,mobile_app
102039,10605,2026-07-01 20:58:34,2026-07-02 16:58:34,completed,marketplace
102040,10325,2026-07-01 18:37:54,2026-07-03 00:37:54,completed,web
102041,10658,2026-07-01 09:46:14,2026-07-03 05:46:14,returned,web
102042,10320,2026-07-01 19:14:21,2026-07-03 19:14:21,completed,web
102043,10365,2026-07-01 14:55:08,2026-07-02 21:55:08,completed,web
102044,10386,2026-07-01 20:34:15,2026-07-02 23:34:15,cancelled,web
102045,10233,2026-07-01 02:32:23,2026-07-01 08:32:23,completed,web
102046,10683,2026-07-01 20:10:00,2026-07-02 08:10:00,completed,web
102047,10269,2026-07-01 01:53:20,2026-07-01 15:53:20,completed,mobile_app
102048,10427,2026-07-01 22:16:52,2026-07-02 07:16:52,completed,web
102049,10127,2026-07-01 11:07:25,2026-07-02 20:07:25,completed,web
102050,10388,2026-07-01 12:14:43,2026-07-02 19:14:43,completed,mobile_app
102051,10611,2026-07-01 18:56:34,2026-07-02 11:56:34,completed,web
102052,10467,2026-07-01 11:47:45,2026-07-02 16:47:45,completed,web
102053,10436,2026-07-01 01:31:50,2026-07-02 15:31:50,completed,marketplace
102054,10048,2026-07-01 03:23:13,2026-07-03 01:23:13,completed,marketplace
102055,10585,2026-07-01 20:36:08,2026-07-03 03:36:08,completed,web
102056,10623,2026-07-01 06:19:24,2026-07-01 14:19:24,completed,web
102057,10014,2026-07-01 19:43:48,2026-07-01 20:43:48,completed,web
102058,10249,2026-07-01 17:45:19,2026-07-03 13:45:19,completed,web
102059,10581,2026-07-01 22:33:20,2026-07-03 19:33:20,completed,web
102060,10361,2026-07-01 14:46:22,2026-07-03 03:46:22,completed,web
102061,10128,2026-07-01 02:01:01,2026-07-02 00:01:01,completed,web
102062,10313,2026-07-01 08:39:43,2026-07-01 22:39:43,completed,web
102063,10282,2026-07-01 21:38:31,2026-07-02 06:38:31,completed,web
102064,10117,2026-07-01 22:36:30,2026-07-01 23:36:30,completed,web
102065,10030,2026-07-01 17:35:58,2026-07-01 19:35:58,completed,mobile_app
102066,10653,2026-07-01 05:38:01,2026-07-03 04:38:01,completed,web
102067,10102,2026-07-01 09:46:52,2026-07-01 22:46:52,completed,mobile_app
102068,10571,2026-07-01 11:44:58,2026-07-01 16:44:58,completed,web
102069,10337,2026-07-01 21:54:05,2026-07-01 23:54:05,completed,marketplace
102070,10014,2026-07-01 10:53:14,2026-07-02 16:53:14,completed,mobile_app
102071,10232,2026-07-01 02:33:06,2026-07-02 20:33:06,completed,mobile_app
102072,10041,2026-07-01 07:11:33,2026-07-02 05:11:33,completed,marketplace
102073,10286,2026-07-01 17:21:02,2026-07-02 19:21:02,completed,mobile_app
102074,10027,2026-07-01 09:50:17,2026-07-03 03:50:17,cancelled,web
102075,10696,2026-07-01 01:50:27,2026-07-03 00:50:27,completed,web
102076,10081,2026-07-01 17:34:58,2026-07-02 20:34:58,completed,web
102077,10020,2026-07-01 15:01:19,2026-07-02 06:01:19,completed,web
102078,10390,2026-07-01 04:08:16,2026-07-01 16:08:16,completed,mobile_app
102079,10348,2026-07-02 20:48:37,2026-07-02 21:48:37,returned,marketplace
102080,10538,2026-07-02 19:12:18,2026-07-03 13:12:18,returned,web
102081,10285,2026-07-02 23:34:13,2026-07-04 15:34:13,completed,web
102082,10491,2026-07-02 12:50:56,2026-07-04 03:50:56,completed,web
102083,10533,2026-07-02 16:55:44,2026-07-03 08:55:44,completed,web
102084,10528,2026-07-02 20:55:20,2026-07-04 13:55:20,completed,web
102085,10460,2026-07-02 10:57:46,2026-07-03 19:57:46,completed,web
102086,10123,2026-07-02 22:32:45,2026-07-03 08:32:45,completed,mobile_app
102087,10641,2026-07-02 07:09:09,2026-07-02 22:09:09,completed,mobile_app
102088,10679,2026-07-02 21:28:47,2026-07-04 18:28:47,cancelled,web
102089,10362,2026-07-02 03:35:24,2026-07-02 19:35:24,cancelled,web
102090,10175,2026-07-02 11:17:41,2026-07-02 23:17:41,completed,web
102091,10061,2026-07-02 12:37:41,2026-07-02 17:37:41,completed,web
102092,10319,2026-07-02 17:44:54,2026-07-03 17:44:54,completed,marketplace
102093,10071,2026-07-02 23:05:06,2026-07-03 03:05:06,returned,web
102094,10396,2026-07-02 02:35:33,2026-07-03 18:35:33,completed,web
102095,10138,2026-07-02 03:19:04,2026-07-04 02:19:04,completed,marketplace
102096,10052,2026-07-02 11:17:20,2026-07-03 04:17:20,completed,marketplace
102097,10012,2026-07-02 18:44:53,2026-07-03 03:44:53,completed,marketplace
102098,10109,2026-07-02 14:56:47,2026-07-02 19:56:47,completed,mobile_app
102099,10510,2026-07-02 15:52:03,2026-07-03 12:52:03,cancelled,web
102100,10005,2026-07-02 18:14:23,2026-07-04 13:14:23,completed,mobile_app
102101,10038,2026-07-02 00:52:22,2026-07-03 09:52:22,cancelled,web
102102,10595,2026-07-02 21:50:29,2026-07-04 06:50:29,completed,mobile_app
102103,10064,2026-07-02 14:02:57,2026-07-04 02:02:57,cancelled,mobile_app
102104,10147,2026-07-02 03:13:32,2026-07-03 23:13:32,completed,web
102105,10615,2026-07-02 01:16:51,2026-07-03 02:16:51,completed,web
102106,10320,2026-07-02 17:25:35,2026-07-02 20:25:35,completed,web
102107,10187,2026-07-02 10:17:36,2026-07-03 20:17:36,completed,web
102108,10233,2026-07-02 18:56:53,2026-07-04 08:56:53,completed,mobile_app
102109,10331,2026-07-02 16:48:03,2026-07-03 09:48:03,cancelled,web
102110,10249,2026-07-02 18:45:15,2026-07-03 23:45:15,completed,web
102111,10306,2026-07-02 13:18:19,2026-07-03 03:18:19,completed,marketplace
102112,10497,2026-07-02 07:37:40,2026-07-02 17:37:40,completed,web
102113,10292,2026-07-02 12:03:41,2026-07-03 02:03:41,completed,web
102114,10694,2026-07-02 18:01:37,2026-07-04 01:01:37,completed,web
102115,10418,2026-07-02 02:05:46,2026-07-03 02:05:46,completed,marketplace
102116,10185,2026-07-02 10:46:09,2026-07-02 13:46:09,completed,mobile_app
102117,10370,2026-07-02 14:37:00,2026-07-03 06:37:00,completed,mobile_app
102118,10668,2026-07-02 09:03:21,2026-07-04 04:03:21,completed,web
102119,10179,2026-07-02 22:23:40,2026-07-03 13:23:40,completed,marketplace
102120,10647,2026-07-02 09:53:02,2026-07-03 10:53:02,completed,web
102121,10614,2026-07-02 12:15:48,2026-07-03 09:15:48,completed,mobile_app
102122,10547,2026-07-02 08:10:19,2026-07-03 03:10:19,cancelled,web
102123,10136,2026-07-02 06:42:56,2026-07-04 01:42:56,completed,web
102124,10235,2026-07-02 00:26:09,2026-07-03 03:26:09,completed,web
102125,10436,2026-07-02 07:55:09,2026-07-03 15:55:09,completed,mobile_app
102126,10493,2026-07-02 21:15:07,2026-07-03 10:15:07,completed,web
102127,10524,2026-07-02 10:15:42,2026-07-02 20:15:42,completed,web
102128,10443,2026-07-02 19:32:25,2026-07-03 21:32:25,completed,web
102129,10424,2026-07-02 13:21:42,2026-07-02 18:21:42,completed,mobile_app
102130,10322,2026-07-02 22:00:04,2026-07-04 17:00:04,completed,mobile_app
102131,10543,2026-07-02 18:15:14,2026-07-04 18:15:14,completed,web
102132,10613,2026-07-02 11:28:50,2026-07-03 12:28:50,completed,marketplace
102133,10654,2026-07-02 10:32:20,2026-07-02 13:32:20,completed,web
102134,10291,2026-07-02 03:46:24,2026-07-03 15:46:24,completed,mobile_app
102135,10040,2026-07-02 05:42:02,2026-07-02 13:42:02,completed,web
102136,10630,2026-07-02 20:50:41,2026-07-03 00:50:41,completed,mobile_app
102137,10304,2026-07-02 09:53:40,2026-07-02 18:53:40,completed,marketplace
102138,10318,2026-07-02 09:47:11,2026-07-03 15:47:11,completed,mobile_app
102139,10267,2026-07-03 22:30:33,2026-07-05 14:30:33,completed,marketplace
102140,10021,2026-07-03 14:18:55,2026-07-05 06:18:55,completed,web
102141,10663,2026-07-03 14:01:43,2026-07-04 01:01:43,completed,web
102142,10162,2026-07-03 02:57:24,2026-07-04 13:57:24,completed,mobile_app
102143,10346,2026-07-03 14:08:41,2026-07-03 16:08:41,cancelled,web
102144,10424,2026-07-03 20:26:27,2026-07-05 13:26:27,completed,mobile_app
102145,10459,2026-07-03 01:56:59,2026-07-04 07:56:59,cancelled,mobile_app
102146,10496,2026-07-03 23:48:20,2026-07-05 12:48:20,completed,marketplace
102147,10363,2026-07-03 16:06:19,2026-07-05 14:06:19,completed,mobile_app
102148,10204,2026-07-03 12:10:02,2026-07-04 16:10:02,completed,web
102149,10010,2026-07-03 20:33:29,2026-07-05 17:33:29,completed,marketplace
102150,10087,2026-07-03 00:57:55,2026-07-04 23:57:55,completed,web
102151,10200,2026-07-03 11:19:38,2026-07-05 01:19:38,completed,mobile_app
102152,10610,2026-07-03 04:03:56,2026-07-04 20:03:56,returned,web
102153,10421,2026-07-03 09:56:28,2026-07-05 07:56:28,completed,mobile_app
102154,10512,2026-07-03 23:59:17,2026-07-05 11:59:17,completed,web
102155,10477,2026-07-03 20:59:23,2026-07-04 04:59:23,completed,marketplace
102156,10670,2026-07-03 23:20:28,2026-07-04 14:20:28,completed,mobile_app
102157,10459,2026-07-03 14:18:57,2026-07-05 04:18:57,completed,mobile_app
102158,10522,2026-07-03 14:35:13,2026-07-05 04:35:13,completed,mobile_app
102159,10026,2026-07-03 21:49:11,2026-07-04 14:49:11,completed,mobile_app
102160,10029,2026-07-03 13:11:03,2026-07-05 04:11:03,completed,mobile_app
102161,10184,2026-07-03 02:55:12,2026-07-03 10:55:12,completed,mobile_app
102162,10335,2026-07-03 16:44:10,2026-07-04 09:44:10,completed,mobile_app
102163,10140,2026-07-03 19:19:40,2026-07-05 14:19:40,completed,marketplace
102164,10363,2026-07-03 02:14:02,2026-07-03 19:14:02,completed,mobile_app
102165,10195,2026-07-03 15:15:17,2026-07-04 00:15:17,completed,web
102166,10474,2026-07-03 14:57:06,2026-07-03 20:57:06,completed,mobile_app
102167,10116,2026-07-03 22:51:25,2026-07-04 14:51:25,completed,web
102168,10297,2026-07-03 15:49:16,2026-07-04 07:49:16,completed,web
102169,10576,2026-07-03 23:07:19,2026-07-05 05:07:19,completed,marketplace
102170,10145,2026-07-03 22:01:40,2026-07-05 11:01:40,completed,web
102171,10700,2026-07-03 22:55:48,2026-07-05 20:55:48,completed,mobile_app
102172,10153,2026-07-03 11:15:15,2026-07-04 02:15:15,completed,web
102173,10459,2026-07-03 11:40:05,2026-07-04 18:40:05,completed,web
102174,10484,2026-07-03 23:18:46,2026-07-05 20:18:46,cancelled,marketplace
102175,10528,2026-07-03 09:42:03,2026-07-04 01:42:03,returned,web
102176,10381,2026-07-03 00:49:07,2026-07-03 13:49:07,completed,web
102177,10464,2026-07-03 11:37:54,2026-07-05 03:37:54,completed,mobile_app
102178,10472,2026-07-03 11:29:58,2026-07-03 16:29:58,completed,mobile_app
102179,10228,2026-07-03 17:27:26,2026-07-04 19:27:26,completed,marketplace
102180,10698,2026-07-03 15:41:43,2026-07-04 02:41:43,completed,web
102181,10128,2026-07-03 09:04:29,2026-07-04 18:04:29,completed,mobile_app
102182,10052,2026-07-03 06:14:10,2026-07-03 09:14:10,completed,marketplace
102183,10495,2026-07-03 12:51:27,2026-07-04 07:51:27,completed,mobile_app
102184,10228,2026-07-03 22:28:15,2026-07-04 00:28:15,completed,mobile_app
102185,10659,2026-07-03 15:54:19,2026-07-04 02:54:19,completed,web
102186,10199,2026-07-03 12:52:11,2026-07-05 08:52:11,completed,mobile_app
102187,10159,2026-07-03 04:10:50,2026-07-05 01:10:50,completed,mobile_app
102188,10588,2026-07-03 01:44:06,2026-07-04 04:44:06,completed,web
102189,10026,2026-07-03 00:06:09,2026-07-03 13:06:09,completed,mobile_app
102190,10064,2026-07-03 15:49:42,2026-07-04 01:49:42,completed,mobile_app
102191,10115,2026-07-03 22:17:24,2026-07-05 10:17:24,completed,web
102192,10375,2026-07-03 02:20:24,2026-07-04 03:20:24,returned,web
102193,10229,2026-07-03 10:27:49,2026-07-05 10:27:49,completed,web
102194,10674,2026-07-03 14:49:34,2026-07-05 04:49:34,completed,marketplace
102195,10231,2026-07-03 23:49:06,2026-07-05 02:49:06,completed,mobile_app
102196,10279,2026-07-03 04:50:53,2026-07-04 16:50:53,completed,marketplace
102197,10468,2026-07-04 23:09:16,2026-07-05 22:09:16,completed,marketplace
102198,10191,2026-07-04 21:41:34,2026-07-05 04:41:34,completed,web
102199,10254,2026-07-04 01:28:12,2026-07-05 06:28:12,completed,web
102200,10677,2026-07-04 21:35:26,2026-07-06 08:35:26,completed,web
102201,10288,2026-07-04 13:16:11,2026-07-05 01:16:11,completed,web
102202,10091,2026-07-04 03:12:48,2026-07-04 16:12:48,completed,mobile_app
102203,10110,2026-07-04 03:11:43,2026-07-04 04:11:43,returned,mobile_app
102204,10203,2026-07-04 07:20:00,2026-07-05 17:20:00,completed,mobile_app
102205,10573,2026-07-04 16:41:37,2026-07-06 16:41:37,completed,web
102206,10370,2026-07-04 10:13:20,2026-07-04 17:13:20,completed,mobile_app
102207,10582,2026-07-04 04:36:39,2026-07-05 21:36:39,completed,marketplace
102208,10221,2026-07-04 07:41:28,2026-07-05 15:41:28,completed,mobile_app
102209,10540,2026-07-04 18:39:38,2026-07-06 05:39:38,completed,mobile_app
102210,10024,2026-07-04 08:50:12,2026-07-05 21:50:12,completed,web
102211,10018,2026-07-04 21:12:15,2026-07-06 20:12:15,returned,mobile_app
102212,10174,2026-07-04 09:11:55,2026-07-05 05:11:55,cancelled,web
102213,10549,2026-07-04 23:49:06,2026-07-06 04:49:06,completed,mobile_app
102214,10139,2026-07-04 20:40:08,2026-07-06 02:40:08,completed,mobile_app
102215,10235,2026-07-04 08:07:04,2026-07-05 16:07:04,cancelled,web
102216,10525,2026-07-04 11:09:44,2026-07-05 19:09:44,completed,mobile_app
102217,10077,2026-07-04 16:57:19,2026-07-04 23:57:19,returned,marketplace
102218,10525,2026-07-04 14:07:23,2026-07-05 00:07:23,completed,web
102219,10177,2026-07-04 21:24:13,2026-07-05 06:24:13,completed,marketplace
102220,10312,2026-07-04 05:01:59,2026-07-06 01:01:59,cancelled,mobile_app
102221,10054,2026-07-04 04:19:41,2026-07-05 09:19:41,completed,web
102222,10153,2026-07-04 10:37:55,2026-07-06 02:37:55,completed,web
102223,10425,2026-07-04 12:32:57,2026-07-04 15:32:57,completed,marketplace
102224,10443,2026-07-04 02:40:52,2026-07-04 22:40:52,completed,web
102225,10594,2026-07-04 23:06:53,2026-07-06 19:06:53,completed,mobile_app
102226,10430,2026-07-04 23:53:31,2026-07-05 01:53:31,completed,web
102227,10700,2026-07-04 00:09:32,2026-07-05 00:09:32,cancelled,web
102228,10581,2026-07-04 17:44:29,2026-07-06 08:44:29,completed,mobile_app
102229,10247,2026-07-04 14:55:31,2026-07-05 03:55:31,completed,mobile_app
102230,10196,2026-07-04 14:34:29,2026-07-06 13:34:29,completed,mobile_app
102231,10233,2026-07-04 13:38:09,2026-07-06 09:38:09,returned,web
102232,10297,2026-07-04 00:51:53,2026-07-04 05:51:53,cancelled,marketplace
102233,10646,2026-07-04 22:16:03,2026-07-06 02:16:03,completed,mobile_app
102234,10026,2026-07-04 21:24:52,2026-07-05 02:24:52,completed,mobile_app
102235,10311,2026-07-04 04:05:42,2026-07-05 02:05:42,completed,web
102236,10613,2026-07-04 05:17:27,2026-07-05 23:17:27,completed,web
102237,10046,2026-07-04 17:52:35,2026-07-06 04:52:35,completed,marketplace
102238,10471,2026-07-04 02:52:54,2026-07-04 13:52:54,returned,web
102239,10637,2026-07-04 21:06:08,2026-07-06 21:06:08,completed,marketplace
102240,10385,2026-07-04 16:01:06,2026-07-06 09:01:06,completed,web
102241,10492,2026-07-04 09:29:52,2026-07-04 10:29:52,completed,mobile_app
102242,10619,2026-07-04 15:48:02,2026-07-06 07:48:02,completed,mobile_app
102243,10127,2026-07-04 04:57:49,2026-07-04 14:57:49,completed,marketplace
102244,10351,2026-07-04 00:02:51,2026-07-05 08:02:51,completed,web
102245,10423,2026-07-04 02:42:14,2026-07-05 20:42:14,completed,web
102246,10425,2026-07-04 23:09:18,2026-07-06 05:09:18,completed,mobile_app
102247,10418,2026-07-04 04:51:42,2026-07-05 04:51:42,completed,web
102248,10231,2026-07-04 03:05:07,2026-07-04 09:05:07,completed,marketplace
102249,10290,2026-07-04 17:09:31,2026-07-06 02:09:31,completed,mobile_app
102250,10158,2026-07-04 23:37:27,2026-07-05 03:37:27,completed,web
102251,10584,2026-07-04 21:04:48,2026-07-06 02:04:48,completed,mobile_app
102252,10199,2026-07-04 02:27:10,2026-07-05 15:27:10,completed,marketplace
102253,10287,2026-07-04 20:13:00,2026-07-04 22:13:00,completed,mobile_app
102254,10440,2026-07-04 20:35:01,2026-07-06 16:35:01,completed,mobile_app
102255,10470,2026-07-04 17:08:11,2026-07-06 09:08:11,completed,mobile_app
102256,10127,2026-07-04 15:22:26,2026-07-06 15:22:26,completed,marketplace
102257,10018,2026-07-04 09:23:25,2026-07-04 20:23:25,completed,web
102258,10654,2026-07-04 16:02:57,2026-07-06 12:02:57,completed,marketplace
102259,10152,2026-07-04 08:21:56,2026-07-05 12:21:56,cancelled,mobile_app
102260,10306,2026-07-04 16:17:07,2026-07-05 00:17:07,completed,mobile_app
102261,10265,2026-07-04 22:24:18,2026-07-06 08:24:18,completed,mobile_app
102262,10633,2026-07-04 07:41:53,2026-07-05 05:41:53,returned,mobile_app
102263,10212,2026-07-04 09:40:03,2026-07-05 22:40:03,completed,mobile_app
102264,10280,2026-07-04 03:58:43,2026-07-04 11:58:43,completed,web
102265,10358,2026-07-04 21:42:58,2026-07-05 08:42:58,completed,web
102266,10261,2026-07-04 01:54:17,2026-07-05 07:54:17,completed,mobile_app
102267,10008,2026-07-05 01:27:07,2026-07-05 11:27:07,cancelled,mobile_app
102268,10042,2026-07-05 00:18:54,2026-07-05 22:18:54,completed,web
102269,10668,2026-07-05 17:07:46,2026-07-06 10:07:46,returned,mobile_app
102270,10094,2026-07-05 03:46:31,2026-07-06 15:46:31,completed,marketplace
102271,10031,2026-07-05 19:29:27,2026-07-06 13:29:27,completed,web
102272,10292,2026-07-05 22:33:41,2026-07-07 08:33:41,cancelled,mobile_app
102273,10159,2026-07-05 09:23:34,2026-07-06 04:23:34,cancelled,marketplace
102274,10192,2026-07-05 21:09:44,2026-07-06 11:09:44,returned,web
102275,10177,2026-07-05 07:36:07,2026-07-05 23:36:07,completed,mobile_app
102276,10405,2026-07-05 10:25:31,2026-07-06 17:25:31,completed,mobile_app
102277,10461,2026-07-05 14:54:45,2026-07-06 16:54:45,completed,web
102278,10248,2026-07-05 01:01:39,2026-07-05 23:01:39,completed,mobile_app
102279,10683,2026-07-05 16:21:58,2026-07-06 12:21:58,completed,web
102280,10036,2026-07-05 02:27:15,2026-07-06 19:27:15,completed,mobile_app
102281,10696,2026-07-05 06:50:48,2026-07-05 13:50:48,cancelled,web
102282,10141,2026-07-05 06:46:20,2026-07-06 14:46:20,completed,mobile_app
102283,10644,2026-07-05 08:26:02,2026-07-06 05:26:02,completed,mobile_app
102284,10364,2026-07-05 20:03:37,2026-07-06 08:03:37,completed,web
102285,10296,2026-07-05 13:52:48,2026-07-05 16:52:48,completed,marketplace
102286,10587,2026-07-05 19:09:00,2026-07-06 07:09:00,completed,mobile_app
102287,10143,2026-07-05 22:27:37,2026-07-07 04:27:37,completed,web
102288,10156,2026-07-05 19:02:24,2026-07-06 14:02:24,completed,web
102289,10495,2026-07-05 19:43:05,2026-07-06 17:43:05,completed,web
102290,10059,2026-07-05 05:26:40,2026-07-06 12:26:40,completed,web
102291,10677,2026-07-05 14:48:26,2026-07-07 01:48:26,completed,web
102292,10137,2026-07-05 13:24:31,2026-07-06 11:24:31,completed,marketplace
102293,10629,2026-07-05 18:11:37,2026-07-05 21:11:37,completed,web
102294,10482,2026-07-05 17:06:19,2026-07-06 02:06:19,completed,mobile_app
102295,10133,2026-07-05 00:49:28,2026-07-05 11:49:28,completed,mobile_app
102296,10618,2026-07-05 14:56:50,2026-07-07 13:56:50,completed,mobile_app
102297,10457,2026-07-05 17:21:18,2026-07-07 04:21:18,returned,marketplace
102298,10043,2026-07-05 14:33:13,2026-07-06 20:33:13,cancelled,web
102299,10208,2026-07-05 10:08:28,2026-07-06 03:08:28,completed,mobile_app
102300,10591,2026-07-05 22:42:16,2026-07-07 19:42:16,completed,web
102301,10175,2026-07-05 05:53:11,2026-07-06 21:53:11,completed,web
102302,10253,2026-07-05 15:21:19,2026-07-06 23:21:19,completed,web
102303,10223,2026-07-05 08:12:22,2026-07-06 00:12:22,completed,mobile_app
102304,10581,2026-07-05 03:19:02,2026-07-06 04:19:02,cancelled,web
102305,10619,2026-07-05 11:40:04,2026-07-06 23:40:04,cancelled,mobile_app
102306,10082,2026-07-05 07:57:13,2026-07-06 01:57:13,completed,mobile_app
102307,10137,2026-07-05 23:52:54,2026-07-06 10:52:54,completed,mobile_app
102308,10425,2026-07-05 16:50:44,2026-07-07 06:50:44,completed,mobile_app
102309,10022,2026-07-05 20:45:16,2026-07-06 20:45:16,completed,web
102310,10042,2026-07-05 20:30:12,2026-07-06 02:30:12,completed,web
102311,10255,2026-07-05 02:42:19,2026-07-06 18:42:19,completed,web
102312,10189,2026-07-05 05:13:17,2026-07-05 09:13:17,completed,marketplace
102313,10544,2026-07-05 22:13:07,2026-07-06 10:13:07,completed,web
102314,10568,2026-07-05 17:14:33,2026-07-07 09:14:33,completed,marketplace
102315,10293,2026-07-05 13:11:37,2026-07-06 05:11:37,completed,web
102316,10669,2026-07-05 20:58:01,2026-07-06 08:58:01,completed,mobile_app
102317,10089,2026-07-05 12:52:24,2026-07-06 09:52:24,completed,mobile_app
102318,10634,2026-07-05 22:07:43,2026-07-06 04:07:43,cancelled,web
102319,10429,2026-07-05 09:32:19,2026-07-07 07:32:19,completed,web
102320,10501,2026-07-05 15:44:36,2026-07-06 21:44:36,completed,web
102321,10415,2026-07-05 04:13:21,2026-07-05 14:13:21,completed,web
102322,10023,2026-07-05 18:17:43,2026-07-06 09:17:43,completed,web
102323,10399,2026-07-05 19:08:17,2026-07-05 23:08:17,returned,mobile_app
102324,10179,2026-07-05 06:51:15,2026-07-06 19:51:15,completed,web
102325,10074,2026-07-05 14:17:32,2026-07-07 13:17:32,returned,mobile_app
102326,10044,2026-07-05 22:47:35,2026-07-06 02:47:35,completed,marketplace
102327,10512,2026-07-05 10:34:44,2026-07-05 12:34:44,completed,web
102328,10671,2026-07-05 13:23:38,2026-07-06 21:23:38,completed,web
102329,10373,2026-07-05 13:02:17,2026-07-07 07:02:17,completed,web
102330,10289,2026-07-05 14:21:31,2026-07-06 03:21:31,completed,mobile_app
102331,10022,2026-07-05 13:48:11,2026-07-06 03:48:11,completed,web
102332,10582,2026-07-05 22:07:10,2026-07-07 13:07:10,completed,marketplace
102333,10403,2026-07-05 19:02:19,2026-07-05 21:02:19,completed,mobile_app
102334,10190,2026-07-06 14:47:24,2026-07-08 01:47:24,completed,mobile_app
102335,10140,2026-07-06 22:41:04,2026-07-07 09:41:04,cancelled,web
102336,10353,2026-07-06 05:10:30,2026-07-07 02:10:30,completed,marketplace
102337,10654,2026-07-06 22:34:51,2026-07-08 11:34:51,completed,marketplace
102338,10345,2026-07-06 19:56:41,2026-07-07 08:56:41,completed,web
102339,10660,2026-07-06 14:58:16,2026-07-07 14:58:16,completed,mobile_app
102340,10087,2026-07-06 09:40:32,2026-07-07 00:40:32,completed,web
102341,10448,2026-07-06 12:07:16,2026-07-06 23:07:16,completed,mobile_app
102342,10276,2026-07-06 04:02:16,2026-07-06 22:02:16,completed,web
102343,10460,2026-07-06 07:47:52,2026-07-06 12:47:52,completed,web
102344,10262,2026-07-06 03:15:08,2026-07-06 14:15:08,completed,web
102345,10267,2026-07-06 06:23:16,2026-07-07 15:23:16,completed,marketplace
102346,10040,2026-07-06 18:11:53,2026-07-07 12:11:53,completed,mobile_app
102347,10076,2026-07-06 12:18:17,2026-07-07 11:18:17,completed,mobile_app
102348,10325,2026-07-06 08:01:47,2026-07-07 09:01:47,returned,mobile_app
102349,10468,2026-07-06 07:33:38,2026-07-07 17:33:38,completed,web
102350,10611,2026-07-06 16:25:11,2026-07-08 06:25:11,completed,web
102351,10323,2026-07-06 01:12:24,2026-07-06 06:12:24,completed,web
102352,10573,2026-07-06 06:52:28,2026-07-07 13:52:28,cancelled,mobile_app
102353,10193,2026-07-06 12:02:28,2026-07-08 01:02:28,completed,web
102354,10480,2026-07-06 15:34:25,2026-07-07 10:34:25,completed,web
102355,10081,2026-07-06 15:50:32,2026-07-07 13:50:32,completed,web
102356,10544,2026-07-06 23:36:21,2026-07-07 13:36:21,returned,web
102357,10289,2026-07-06 14:54:07,2026-07-08 02:54:07,completed,web
102358,10587,2026-07-06 17:42:35,2026-07-08 13:42:35,completed,marketplace
102359,10413,2026-07-06 23:09:55,2026-07-08 04:09:55,completed,web
102360,10622,2026-07-06 10:59:09,2026-07-06 16:59:09,completed,mobile_app
102361,10684,2026-07-06 07:21:15,2026-07-07 14:21:15,completed,web
102362,10281,2026-07-06 04:32:23,2026-07-06 08:32:23,completed,marketplace
102363,10387,2026-07-06 17:11:52,2026-07-06 23:11:52,completed,web
102364,10652,2026-07-06 21:38:44,2026-07-08 20:38:44,completed,marketplace
102365,10095,2026-07-06 09:16:08,2026-07-08 03:16:08,completed,web
102366,10309,2026-07-06 20:59:31,2026-07-07 16:59:31,completed,web
102367,10302,2026-07-06 18:05:48,2026-07-08 13:05:48,returned,web
102368,10165,2026-07-06 20:24:01,2026-07-07 04:24:01,completed,mobile_app
102369,10678,2026-07-06 03:09:03,2026-07-08 02:09:03,completed,mobile_app
102370,10599,2026-07-06 14:59:53,2026-07-07 00:59:53,completed,mobile_app
102371,10193,2026-07-06 23:32:29,2026-07-08 05:32:29,returned,web
102372,10630,2026-07-06 00:30:18,2026-07-08 00:30:18,completed,web
102373,10405,2026-07-06 22:59:33,2026-07-08 21:59:33,completed,web
102374,10048,2026-07-06 20:46:34,2026-07-08 05:46:34,returned,web
102375,10296,2026-07-06 16:01:45,2026-07-08 12:01:45,cancelled,web
102376,10255,2026-07-06 09:47:41,2026-07-07 11:47:41,completed,web
102377,10121,2026-07-06 03:16:11,2026-07-07 12:16:11,completed,web
102378,10401,2026-07-06 12:44:38,2026-07-06 15:44:38,completed,web
102379,10353,2026-07-06 15:55:39,2026-07-07 17:55:39,returned,mobile_app
102380,10022,2026-07-06 01:12:06,2026-07-07 07:12:06,returned,mobile_app
102381,10573,2026-07-06 16:55:46,2026-07-07 23:55:46,completed,web
102382,10334,2026-07-06 20:55:34,2026-07-06 22:55:34,completed,web
102383,10026,2026-07-06 07:54:15,2026-07-06 16:54:15,returned,web
102384,10588,2026-07-06 03:42:50,2026-07-06 18:42:50,completed,mobile_app
102385,10168,2026-07-06 16:13:48,2026-07-07 05:13:48,completed,web
102386,10427,2026-07-06 23:06:20,2026-07-07 05:06:20,completed,web
102387,10132,2026-07-06 21:34:12,2026-07-08 19:34:12,completed,mobile_app
102388,10217,2026-07-06 23:59:00,2026-07-07 01:59:00,completed,marketplace
102389,10404,2026-07-06 03:29:24,2026-07-07 22:29:24,completed,mobile_app
102390,10408,2026-07-06 07:13:00,2026-07-07 22:13:00,completed,web
102391,10452,2026-07-06 23:08:37,2026-07-07 02:08:37,completed,web
102392,10654,2026-07-06 02:55:25,2026-07-06 04:55:25,completed,web
102393,10187,2026-07-06 12:34:38,2026-07-06 18:34:38,completed,mobile_app
102394,10161,2026-07-06 14:44:16,2026-07-06 17:44:16,completed,web
102395,10060,2026-07-06 21:00:29,2026-07-08 01:00:29,completed,web
102396,10552,2026-07-06 11:18:07,2026-07-07 18:18:07,completed,web
102397,10123,2026-07-06 08:48:41,2026-07-07 13:48:41,cancelled,web
102398,10440,2026-07-06 00:15:46,2026-07-07 13:15:46,completed,web
102399,10645,2026-07-06 01:57:02,2026-07-06 07:57:02,completed,web
102400,10644,2026-07-06 08:03:45,2026-07-06 19:03:45,completed,web
102401,10353,2026-07-06 06:11:23,2026-07-06 20:11:23,returned,web
102402,10456,2026-07-06 03:29:47,2026-07-06 06:29:47,completed,mobile_app
102403,10566,2026-07-06 16:06:21,2026-07-08 16:06:21,completed,web
102404,10193,2026-07-06 22:51:46,2026-07-08 17:51:46,completed,web
102405,10307,2026-07-06 17:38:03,2026-07-06 21:38:03,returned,mobile_app
102406,10082,2026-07-06 23:14:49,2026-07-07 06:14:49,returned,web
102407,10573,2026-07-06 15:14:09,2026-07-08 04:14:09,completed,mobile_app
102408,10563,2026-07-06 19:38:41,2026-07-08 07:38:41,completed,marketplace
102409,10242,2026-07-06 12:33:09,2026-07-06 18:33:09,cancelled,mobile_app
102410,10198,2026-07-06 21:36:20,2026-07-08 08:36:20,completed,mobile_app
102411,10046,2026-07-07 02:06:10,2026-07-07 05:06:10,completed,mobile_app
102412,10650,2026-07-07 06:01:19,2026-07-07 21:01:19,completed,web
102413,10592,2026-07-07 14:09:30,2026-07-08 06:09:30,completed,mobile_app
102414,10054,2026-07-07 11:17:57,2026-07-08 06:17:57,completed,web
102415,10679,2026-07-07 17:21:53,2026-07-08 22:21:53,completed,web
102416,10447,2026-07-07 15:30:40,2026-07-08 03:30:40,completed,web
102417,10134,2026-07-07 11:23:46,2026-07-08 23:23:46,returned,mobile_app
102418,10522,2026-07-07 04:27:52,2026-07-08 19:27:52,completed,web
102419,10123,2026-07-07 00:02:46,2026-07-07 15:02:46,completed,mobile_app
102420,10143,2026-07-07 21:20:24,2026-07-09 04:20:24,completed,web
102421,10081,2026-07-07 16:57:19,2026-07-09 03:57:19,completed,web
102422,10198,2026-07-07 21:45:46,2026-07-09 10:45:46,completed,mobile_app
102423,10577,2026-07-07 01:19:02,2026-07-07 23:19:02,cancelled,web
102424,10331,2026-07-07 19:22:43,2026-07-09 04:22:43,completed,web
102425,10680,2026-07-07 21:45:08,2026-07-09 19:45:08,completed,web
102426,10373,2026-07-07 21:31:02,2026-07-08 06:31:02,completed,web
102427,10570,2026-07-07 20:28:52,2026-07-08 13:28:52,cancelled,web
102428,10308,2026-07-07 17:09:19,2026-07-09 03:09:19,completed,mobile_app
102429,10506,2026-07-07 14:32:33,2026-07-09 11:32:33,completed,marketplace
102430,10363,2026-07-07 15:37:52,2026-07-09 11:37:52,completed,web
102431,10428,2026-07-07 02:18:39,2026-07-07 10:18:39,completed,mobile_app
102432,10030,2026-07-07 08:04:12,2026-07-07 20:04:12,completed,web
102433,10029,2026-07-07 08:03:08,2026-07-08 03:03:08,completed,mobile_app
102434,10315,2026-07-07 22:02:18,2026-07-08 05:02:18,returned,mobile_app
102435,10520,2026-07-07 03:14:32,2026-07-07 07:14:32,completed,mobile_app
102436,10212,2026-07-07 14:49:15,2026-07-09 01:49:15,completed,mobile_app
102437,10660,2026-07-07 09:56:45,2026-07-08 06:56:45,completed,web
102438,10377,2026-07-07 18:15:32,2026-07-08 03:15:32,completed,mobile_app
102439,10139,2026-07-07 19:53:35,2026-07-08 18:53:35,cancelled,mobile_app
102440,10636,2026-07-07 11:06:23,2026-07-09 03:06:23,completed,mobile_app
102441,10642,2026-07-07 16:07:53,2026-07-08 04:07:53,cancelled,web
102442,10304,2026-07-07 22:01:14,2026-07-09 13:01:14,completed,mobile_app
102443,10043,2026-07-07 18:02:09,2026-07-09 11:02:09,completed,web
102444,10042,2026-07-07 14:06:19,2026-07-08 19:06:19,completed,marketplace
102445,10296,2026-07-07 14:31:40,2026-07-08 03:31:40,completed,web
102446,10341,2026-07-07 17:35:23,2026-07-08 01:35:23,completed,web
102447,10288,2026-07-07 01:37:52,2026-07-08 01:37:52,completed,mobile_app
102448,10252,2026-07-07 07:23:37,2026-07-08 05:23:37,completed,mobile_app
102449,10045,2026-07-07 22:32:53,2026-07-08 23:32:53,completed,marketplace
102450,10008,2026-07-07 22:47:22,2026-07-09 21:47:22,completed,marketplace
102451,10332,2026-07-07 09:54:37,2026-07-08 12:54:37,completed,web
102452,10545,2026-07-07 00:14:28,2026-07-07 10:14:28,completed,marketplace
102453,10080,2026-07-07 02:44:04,2026-07-07 04:44:04,completed,mobile_app
102454,10248,2026-07-07 17:32:19,2026-07-09 04:32:19,completed,web
102455,10036,2026-07-07 22:40:19,2026-07-09 18:40:19,returned,marketplace
102456,10181,2026-07-07 05:28:59,2026-07-07 16:28:59,cancelled,marketplace
102457,10655,2026-07-07 07:54:08,2026-07-08 07:54:08,completed,mobile_app
102458,10452,2026-07-07 10:56:28,2026-07-08 21:56:28,completed,web
102459,10353,2026-07-07 04:40:11,2026-07-07 17:40:11,completed,web
102460,10006,2026-07-07 06:47:33,2026-07-08 04:47:33,completed,web
102461,10249,2026-07-07 06:47:49,2026-07-08 13:47:49,completed,web
102462,10074,2026-07-07 18:13:28,2026-07-09 17:13:28,completed,mobile_app
102463,10578,2026-07-07 14:12:01,2026-07-09 05:12:01,completed,web
102464,10048,2026-07-07 17:30:14,2026-07-09 15:30:14,completed,marketplace
102465,10322,2026-07-07 00:33:15,2026-07-07 06:33:15,completed,web
102466,10210,2026-07-08 11:08:13,2026-07-09 17:08:13,completed,web
102467,10483,2026-07-08 21:08:24,2026-07-09 08:08:24,cancelled,mobile_app
102468,10318,2026-07-08 21:49:57,2026-07-10 21:49:57,completed,mobile_app
102469,10432,2026-07-08 03:21:40,2026-07-09 10:21:40,completed,mobile_app
102470,10409,2026-07-08 05:35:12,2026-07-08 22:35:12,completed,web
102471,10440,2026-07-08 21:14:23,2026-07-09 11:14:23,cancelled,web
102472,10358,2026-07-08 09:36:48,2026-07-09 14:36:48,completed,web
102473,10281,2026-07-08 16:52:08,2026-07-09 23:52:08,completed,mobile_app
102474,10616,2026-07-08 14:38:39,2026-07-10 10:38:39,completed,marketplace
102475,10421,2026-07-08 04:22:27,2026-07-08 16:22:27,cancelled,mobile_app
102476,10457,2026-07-08 19:33:29,2026-07-10 07:33:29,completed,mobile_app
102477,10461,2026-07-08 23:26:30,2026-07-10 03:26:30,completed,mobile_app
102478,10620,2026-07-08 12:49:38,2026-07-08 19:49:38,returned,web
102479,10558,2026-07-08 10:05:22,2026-07-09 22:05:22,completed,web
102480,10006,2026-07-08 03:12:59,2026-07-10 01:12:59,completed,web
102481,10266,2026-07-08 12:18:28,2026-07-09 12:18:28,completed,mobile_app
102482,10110,2026-07-08 07:35:38,2026-07-09 10:35:38,completed,web
102483,10272,2026-07-08 17:55:36,2026-07-09 17:55:36,completed,mobile_app
102484,10646,2026-07-08 03:15:04,2026-07-09 18:15:04,completed,web
102485,10141,2026-07-08 10:50:30,2026-07-09 18:50:30,completed,marketplace
102486,10674,2026-07-08 14:47:00,2026-07-08 16:47:00,completed,web
102487,10508,2026-07-08 19:08:23,2026-07-09 15:08:23,returned,web
102488,10329,2026-07-08 21:18:00,2026-07-09 03:18:00,completed,web
102489,10587,2026-07-08 00:40:31,2026-07-09 17:40:31,completed,marketplace
102490,10351,2026-07-08 13:53:13,2026-07-10 02:53:13,completed,web
102491,10321,2026-07-08 06:35:53,2026-07-09 12:35:53,completed,web
102492,10480,2026-07-08 20:39:58,2026-07-09 07:39:58,completed,marketplace
102493,10100,2026-07-08 12:13:13,2026-07-10 04:13:13,completed,web
102494,10264,2026-07-08 20:05:28,2026-07-10 14:05:28,completed,mobile_app
102495,10161,2026-07-08 12:29:20,2026-07-09 19:29:20,completed,web
102496,10280,2026-07-08 10:40:49,2026-07-10 07:40:49,completed,marketplace
102497,10088,2026-07-08 21:38:45,2026-07-09 14:38:45,completed,mobile_app
102498,10636,2026-07-08 12:42:07,2026-07-10 05:42:07,completed,mobile_app
102499,10019,2026-07-08 23:35:05,2026-07-10 16:35:05,completed,web
102500,10574,2026-07-08 21:51:50,2026-07-10 09:51:50,completed,mobile_app
102501,10377,2026-07-08 00:58:57,2026-07-08 23:58:57,completed,web
102502,10058,2026-07-08 13:32:22,2026-07-10 03:32:22,cancelled,web
102503,10256,2026-07-08 01:33:42,2026-07-08 19:33:42,completed,mobile_app
102504,10504,2026-07-08 03:10:50,2026-07-10 02:10:50,completed,marketplace
102505,10276,2026-07-08 01:40:14,2026-07-08 11:40:14,completed,web
102506,10381,2026-07-08 17:00:47,2026-07-09 21:00:47,completed,web
102507,10090,2026-07-08 12:13:17,2026-07-08 16:13:17,completed,mobile_app
102508,10676,2026-07-08 17:34:59,2026-07-09 01:34:59,completed,mobile_app
102509,10188,2026-07-08 20:35:58,2026-07-09 09:35:58,completed,mobile_app
102510,10405,2026-07-08 21:28:57,2026-07-09 19:28:57,completed,web
102511,10405,2026-07-08 17:07:32,2026-07-10 00:07:32,completed,web
102512,10253,2026-07-08 21:50:05,2026-07-10 20:50:05,completed,web
102513,10201,2026-07-08 17:54:45,2026-07-09 17:54:45,completed,mobile_app
102514,10581,2026-07-08 14:58:20,2026-07-09 19:58:20,cancelled,web
102515,10290,2026-07-08 01:05:27,2026-07-08 19:05:27,completed,web
102516,10516,2026-07-08 23:30:05,2026-07-10 09:30:05,completed,mobile_app
102517,10088,2026-07-08 16:50:12,2026-07-09 14:50:12,completed,mobile_app
102518,10692,2026-07-08 02:06:10,2026-07-08 15:06:10,completed,web
102519,10603,2026-07-08 03:00:40,2026-07-10 03:00:40,completed,mobile_app
102520,10653,2026-07-08 23:59:35,2026-07-09 20:59:35,completed,marketplace
102521,10548,2026-07-08 00:11:05,2026-07-08 22:11:05,completed,web
102522,10346,2026-07-08 04:44:42,2026-07-09 19:44:42,completed,mobile_app
102523,10120,2026-07-08 08:57:08,2026-07-09 10:57:08,completed,web
102524,10698,2026-07-08 07:35:25,2026-07-08 09:35:25,cancelled,web
102525,10688,2026-07-08 02:51:14,2026-07-09 13:51:14,completed,web
102526,10200,2026-07-08 10:57:26,2026-07-08 18:57:26,completed,mobile_app
102527,10354,2026-07-08 10:49:30,2026-07-10 08:49:30,completed,web
102528,10250,2026-07-08 23:13:55,2026-07-09 15:13:55,completed,mobile_app
102529,10614,2026-07-08 06:50:14,2026-07-08 15:50:14,completed,web
102530,10515,2026-07-08 18:21:58,2026-07-09 18:21:58,completed,web
102531,10031,2026-07-08 12:19:21,2026-07-09 04:19:21,completed,web
102532,10418,2026-07-08 18:16:12,2026-07-09 01:16:12,completed,mobile_app
102533,10335,2026-07-08 04:11:30,2026-07-09 01:11:30,cancelled,mobile_app
102534,10232,2026-07-08 12:06:13,2026-07-09 15:06:13,completed,mobile_app
102535,10602,2026-07-09 13:24:29,2026-07-10 22:24:29,cancelled,mobile_app
102536,10598,2026-07-09 22:50:58,2026-07-11 06:50:58,completed,web
102537,10133,2026-07-09 05:24:09,2026-07-11 05:24:09,completed,mobile_app
102538,10318,2026-07-09 10:20:51,2026-07-10 06:20:51,completed,mobile_app
102539,10562,2026-07-09 20:31:17,2026-07-10 23:31:17,completed,mobile_app
102540,10277,2026-07-09 16:23:55,2026-07-10 09:23:55,completed,mobile_app
102541,10540,2026-07-09 13:07:24,2026-07-09 18:07:24,completed,marketplace
102542,10393,2026-07-09 12:14:51,2026-07-10 07:14:51,completed,web
102543,10236,2026-07-09 20:19:30,2026-07-11 15:19:30,returned,web
102544,10417,2026-07-09 15:06:03,2026-07-11 03:06:03,completed,mobile_app
102545,10015,2026-07-09 01:51:00,2026-07-09 07:51:00,completed,web
102546,10074,2026-07-09 05:46:37,2026-07-11 03:46:37,completed,mobile_app
102547,10285,2026-07-09 02:29:47,2026-07-10 05:29:47,completed,web
102548,10122,2026-07-09 01:12:59,2026-07-10 13:12:59,completed,web
102549,10012,2026-07-09 01:35:29,2026-07-09 20:35:29,completed,web
102550,10219,2026-07-09 08:50:49,2026-07-09 11:50:49,completed,web
102551,10133,2026-07-09 18:53:14,2026-07-11 12:53:14,completed,marketplace
102552,10208,2026-07-09 10:18:56,2026-07-10 15:18:56,returned,mobile_app
102553,10429,2026-07-09 10:53:07,2026-07-09 16:53:07,completed,web
102554,10295,2026-07-09 05:25:16,2026-07-10 08:25:16,completed,web
102555,10555,2026-07-09 14:47:56,2026-07-11 05:47:56,completed,mobile_app
102556,10446,2026-07-09 16:09:07,2026-07-10 12:09:07,completed,web
102557,10583,2026-07-09 22:12:15,2026-07-11 11:12:15,completed,mobile_app
102558,10242,2026-07-09 14:41:11,2026-07-10 00:41:11,completed,web
102559,10463,2026-07-09 00:24:16,2026-07-10 13:24:16,completed,mobile_app
102560,10575,2026-07-09 02:19:32,2026-07-09 10:19:32,returned,mobile_app
102561,10519,2026-07-09 22:56:34,2026-07-11 16:56:34,returned,web
102562,10027,2026-07-09 17:01:43,2026-07-11 01:01:43,completed,mobile_app
102563,10558,2026-07-09 11:53:51,2026-07-10 03:53:51,completed,web
102564,10567,2026-07-09 16:21:37,2026-07-11 10:21:37,completed,mobile_app
102565,10268,2026-07-09 14:24:11,2026-07-10 21:24:11,completed,mobile_app
102566,10513,2026-07-09 15:04:54,2026-07-10 02:04:54,cancelled,web
102567,10112,2026-07-09 07:01:21,2026-07-10 00:01:21,cancelled,web
102568,10263,2026-07-09 15:42:10,2026-07-10 21:42:10,completed,mobile_app
102569,10669,2026-07-09 12:23:27,2026-07-11 05:23:27,completed,web
102570,10312,2026-07-09 22:47:19,2026-07-10 11:47:19,completed,marketplace
102571,10280,2026-07-09 01:44:01,2026-07-09 10:44:01,completed,web
102572,10068,2026-07-09 01:34:24,2026-07-09 11:34:24,completed,web
102573,10288,2026-07-09 21:07:51,2026-07-11 00:07:51,completed,web
102574,10072,2026-07-09 22:35:21,2026-07-10 06:35:21,completed,mobile_app
102575,10460,2026-07-09 00:13:37,2026-07-10 07:13:37,completed,mobile_app
102576,10300,2026-07-09 05:05:41,2026-07-10 17:05:41,completed,mobile_app
102577,10337,2026-07-09 16:16:30,2026-07-10 02:16:30,completed,web
102578,10700,2026-07-09 03:10:01,2026-07-10 07:10:01,completed,web
102579,10254,2026-07-09 03:08:50,2026-07-10 02:08:50,cancelled,web
102580,10294,2026-07-09 12:19:11,2026-07-10 18:19:11,completed,marketplace
102581,10592,2026-07-09 15:53:49,2026-07-09 18:53:49,completed,web
102582,10104,2026-07-09 06:28:28,2026-07-10 16:28:28,completed,web
102583,10302,2026-07-09 13:17:18,2026-07-10 02:17:18,completed,mobile_app
102584,10398,2026-07-09 09:55:35,2026-07-11 08:55:35,completed,mobile_app
102585,10054,2026-07-09 17:13:27,2026-07-10 22:13:27,completed,mobile_app
102586,10645,2026-07-09 05:23:06,2026-07-10 07:23:06,completed,mobile_app
102587,10054,2026-07-09 04:01:06,2026-07-09 14:01:06,completed,mobile_app
102588,10141,2026-07-09 18:21:55,2026-07-10 15:21:55,completed,web
102589,10608,2026-07-09 07:23:38,2026-07-09 08:23:38,completed,web
102590,10476,2026-07-09 21:01:52,2026-07-10 16:01:52,completed,web
102591,10664,2026-07-09 16:03:01,2026-07-10 04:03:01,completed,web
102592,10621,2026-07-09 17:08:15,2026-07-11 11:08:15,completed,mobile_app
102593,10162,2026-07-09 12:54:38,2026-07-10 20:54:38,completed,marketplace
102594,10407,2026-07-09 02:04:58,2026-07-11 01:04:58,completed,web
102595,10326,2026-07-09 10:28:06,2026-07-09 12:28:06,completed,mobile_app
102596,10400,2026-07-09 10:46:39,2026-07-10 09:46:39,cancelled,mobile_app
102597,10224,2026-07-09 06:33:03,2026-07-10 13:33:03,cancelled,mobile_app
102598,10253,2026-07-09 14:57:07,2026-07-09 23:57:07,completed,marketplace
102599,10289,2026-07-09 00:57:38,2026-07-09 15:57:38,returned,web
102600,10217,2026-07-09 00:07:37,2026-07-09 05:07:37,completed,mobile_app
102601,10599,2026-07-09 06:07:11,2026-07-10 05:07:11,completed,marketplace
102602,10541,2026-07-09 16:53:56,2026-07-10 17:53:56,completed,mobile_app
102603,10555,2026-07-09 01:01:32,2026-07-10 06:01:32,returned,web
102604,10628,2026-07-09 04:04:49,2026-07-09 15:04:49,returned,web
102605,10123,2026-07-09 08:44:38,2026-07-11 07:44:38,completed,mobile_app
102606,10158,2026-07-09 09:40:23,2026-07-11 08:40:23,cancelled,mobile_app
102607,10674,2026-07-09 18:04:55,2026-07-10 23:04:55,completed,marketplace
102608,10073,2026-07-09 22:40:51,2026-07-10 20:40:51,completed,mobile_app
102609,10472,2026-07-10 21:29:25,2026-07-11 05:29:25,completed,web
102610,10624,2026-07-10 02:14:31,2026-07-10 19:14:31,completed,web
102611,10187,2026-07-10 21:18:32,2026-07-11 11:18:32,completed,web
102612,10096,2026-07-10 11:41:05,2026-07-11 21:41:05,completed,web
102613,10192,2026-07-10 21:46:50,2026-07-12 09:46:50,completed,marketplace
102614,10206,2026-07-10 05:44:22,2026-07-12 00:44:22,completed,mobile_app
102615,10193,2026-07-10 06:00:53,2026-07-10 15:00:53,completed,mobile_app
102616,10008,2026-07-10 08:53:40,2026-07-11 02:53:40,completed,mobile_app
102617,10628,2026-07-10 02:52:18,2026-07-10 16:52:18,completed,web
102618,10473,2026-07-10 07:30:52,2026-07-11 16:30:52,completed,marketplace
102619,10366,2026-07-10 05:07:24,2026-07-11 11:07:24,cancelled,web
102620,10577,2026-07-10 16:24:35,2026-07-11 19:24:35,completed,web
102621,10218,2026-07-10 00:10:24,2026-07-11 11:10:24,completed,web
102622,10626,2026-07-10 23:25:07,2026-07-11 17:25:07,cancelled,mobile_app
102623,10550,2026-07-10 21:35:26,2026-07-12 13:35:26,completed,web
102624,10596,2026-07-10 19:05:56,2026-07-12 04:05:56,completed,mobile_app
102625,10615,2026-07-10 21:20:37,2026-07-12 02:20:37,completed,marketplace
102626,10601,2026-07-10 02:49:26,2026-07-10 23:49:26,completed,mobile_app
102627,10024,2026-07-10 01:56:14,2026-07-11 04:56:14,completed,web
102628,10026,2026-07-10 12:26:25,2026-07-11 13:26:25,completed,mobile_app
102629,10085,2026-07-10 16:11:43,2026-07-11 11:11:43,completed,web
102630,10173,2026-07-10 12:23:52,2026-07-11 05:23:52,completed,web
102631,10176,2026-07-10 20:46:40,2026-07-11 01:46:40,completed,web
102632,10194,2026-07-10 03:06:34,2026-07-10 04:06:34,completed,marketplace
102633,10544,2026-07-10 13:56:36,2026-07-12 04:56:36,completed,web
102634,10664,2026-07-10 04:26:10,2026-07-12 00:26:10,completed,web
102635,10066,2026-07-10 02:27:06,2026-07-11 06:27:06,completed,mobile_app
102636,10172,2026-07-10 11:59:08,2026-07-11 07:59:08,completed,mobile_app
102637,10276,2026-07-10 23:40:50,2026-07-12 12:40:50,completed,mobile_app
102638,10595,2026-07-10 18:41:10,2026-07-12 15:41:10,returned,mobile_app
102639,10600,2026-07-10 16:23:31,2026-07-10 19:23:31,completed,web
102640,10159,2026-07-10 18:57:12,2026-07-11 18:57:12,completed,mobile_app
102641,10005,2026-07-10 16:38:28,2026-07-11 13:38:28,cancelled,marketplace
102642,10697,2026-07-10 03:34:54,2026-07-11 13:34:54,completed,web
102643,10058,2026-07-10 06:13:10,2026-07-10 22:13:10,cancelled,web
102644,10420,2026-07-10 02:58:25,2026-07-10 13:58:25,completed,web
102645,10526,2026-07-10 05:47:10,2026-07-11 09:47:10,completed,web
102646,10502,2026-07-10 04:54:04,2026-07-12 03:54:04,completed,web
102647,10153,2026-07-10 01:26:45,2026-07-10 23:26:45,completed,web
102648,10525,2026-07-10 01:18:11,2026-07-11 01:18:11,cancelled,marketplace
102649,10614,2026-07-10 10:19:39,2026-07-10 19:19:39,completed,web
102650,10242,2026-07-10 19:21:50,2026-07-11 09:21:50,completed,mobile_app
102651,10552,2026-07-10 07:59:34,2026-07-10 14:59:34,completed,mobile_app
102652,10539,2026-07-10 06:58:47,2026-07-11 23:58:47,returned,web
102653,10040,2026-07-10 12:49:34,2026-07-11 18:49:34,cancelled,mobile_app
102654,10472,2026-07-10 08:33:56,2026-07-10 14:33:56,completed,mobile_app
102655,10158,2026-07-10 02:04:34,2026-07-11 09:04:34,completed,marketplace
102656,10107,2026-07-10 07:12:08,2026-07-11 13:12:08,completed,web
102657,10232,2026-07-10 19:54:34,2026-07-11 16:54:34,cancelled,marketplace
102658,10406,2026-07-10 10:10:31,2026-07-11 04:10:31,completed,mobile_app
102659,10132,2026-07-10 07:08:29,2026-07-10 20:08:29,completed,mobile_app
102660,10081,2026-07-10 03:59:43,2026-07-12 01:59:43,cancelled,marketplace
102661,10185,2026-07-10 03:54:18,2026-07-11 07:54:18,completed,web
102662,10313,2026-07-10 05:07:17,2026-07-10 14:07:17,completed,web
102663,10564,2026-07-10 07:52:54,2026-07-11 18:52:54,completed,web
102664,10386,2026-07-10 08:22:34,2026-07-11 04:22:34,completed,mobile_app
102665,10383,2026-07-10 11:32:52,2026-07-11 15:32:52,returned,web
102666,10528,2026-07-10 19:28:48,2026-07-11 06:28:48,completed,marketplace
102667,10177,2026-07-10 09:26:42,2026-07-10 11:26:42,completed,web
102668,10543,2026-07-10 01:21:46,2026-07-10 10:21:46,cancelled,web
102669,10141,2026-07-10 03:10:35,2026-07-10 12:10:35,completed,mobile_app
102670,10634,2026-07-10 00:23:28,2026-07-10 09:23:28,completed,marketplace
102671,10452,2026-07-10 07:27:40,2026-07-10 16:27:40,completed,web
102672,10474,2026-07-10 10:42:45,2026-07-10 11:42:45,completed,web
102673,10094,2026-07-10 20:47:51,2026-07-11 00:47:51,completed,mobile_app
102674,10086,2026-07-10 04:45:01,2026-07-11 12:45:01,completed,web
102675,10034,2026-07-10 17:52:50,2026-07-12 17:52:50,completed,web
102676,10086,2026-07-10 23:53:40,2026-07-11 13:53:40,completed,mobile_app
102677,10428,2026-07-10 23:09:03,2026-07-11 02:09:03,completed,web
102678,10215,2026-07-11 14:55:24,2026-07-11 20:55:24,cancelled,mobile_app
102679,10455,2026-07-11 11:20:54,2026-07-11 14:20:54,completed,web
102680,10140,2026-07-11 20:42:24,2026-07-13 07:42:24,completed,mobile_app
102681,10286,2026-07-11 10:09:19,2026-07-13 01:09:19,completed,web
102682,10178,2026-07-11 11:30:44,2026-07-12 14:30:44,completed,web
102683,10673,2026-07-11 01:59:09,2026-07-12 18:59:09,completed,web
102684,10353,2026-07-11 02:00:31,2026-07-12 01:00:31,completed,web
102685,10572,2026-07-11 16:23:25,2026-07-13 02:23:25,completed,mobile_app
102686,10366,2026-07-11 05:59:53,2026-07-13 04:59:53,completed,web
102687,10202,2026-07-11 04:32:37,2026-07-11 23:32:37,completed,web
102688,10697,2026-07-11 00:50:12,2026-07-11 20:50:12,returned,mobile_app
102689,10017,2026-07-11 05:25:21,2026-07-11 14:25:21,returned,mobile_app
102690,10628,2026-07-11 19:58:27,2026-07-12 01:58:27,completed,web
102691,10556,2026-07-11 08:24:28,2026-07-12 05:24:28,completed,web
102692,10319,2026-07-11 16:52:42,2026-07-12 12:52:42,completed,mobile_app
102693,10303,2026-07-11 02:10:43,2026-07-12 19:10:43,completed,mobile_app
102694,10086,2026-07-11 16:06:14,2026-07-13 16:06:14,completed,mobile_app
102695,10669,2026-07-11 10:17:09,2026-07-11 18:17:09,completed,web
102696,10062,2026-07-11 13:31:44,2026-07-11 21:31:44,completed,web
102697,10531,2026-07-11 00:47:07,2026-07-11 16:47:07,completed,marketplace
102698,10165,2026-07-11 10:46:39,2026-07-13 07:46:39,completed,web
102699,10421,2026-07-11 07:28:55,2026-07-12 05:28:55,completed,web
102700,10124,2026-07-11 03:43:49,2026-07-12 05:43:49,completed,mobile_app
102701,10314,2026-07-11 02:44:41,2026-07-11 22:44:41,returned,web
102702,10624,2026-07-11 20:24:30,2026-07-12 05:24:30,completed,web
102703,10209,2026-07-11 22:36:58,2026-07-13 14:36:58,completed,web
102704,10250,2026-07-11 11:27:13,2026-07-12 08:27:13,completed,mobile_app
102705,10173,2026-07-11 13:25:32,2026-07-11 20:25:32,completed,web
102706,10281,2026-07-11 13:29:14,2026-07-12 12:29:14,completed,mobile_app
102707,10342,2026-07-11 18:03:10,2026-07-13 02:03:10,completed,mobile_app
102708,10557,2026-07-11 10:43:45,2026-07-12 09:43:45,cancelled,web
102709,10622,2026-07-11 14:13:06,2026-07-13 04:13:06,completed,web
102710,10655,2026-07-11 00:19:01,2026-07-12 11:19:01,completed,marketplace
102711,10560,2026-07-11 20:28:44,2026-07-13 14:28:44,completed,marketplace
102712,10656,2026-07-11 00:53:12,2026-07-12 00:53:12,completed,web
102713,10375,2026-07-11 17:03:57,2026-07-13 06:03:57,completed,web
102714,10172,2026-07-11 23:37:56,2026-07-13 23:37:56,completed,mobile_app
102715,10267,2026-07-11 09:44:13,2026-07-12 15:44:13,cancelled,mobile_app
102716,10225,2026-07-11 21:32:13,2026-07-13 10:32:13,cancelled,web
102717,10081,2026-07-11 22:41:21,2026-07-13 04:41:21,completed,mobile_app
102718,10404,2026-07-11 15:59:59,2026-07-13 01:59:59,completed,web
102719,10188,2026-07-11 14:06:25,2026-07-12 17:06:25,completed,marketplace
102720,10475,2026-07-11 10:07:39,2026-07-12 11:07:39,completed,web
102721,10026,2026-07-11 18:22:24,2026-07-12 02:22:24,completed,marketplace
102722,10268,2026-07-11 19:21:56,2026-07-12 06:21:56,completed,web
102723,10579,2026-07-11 15:17:30,2026-07-12 09:17:30,completed,web
102724,10462,2026-07-11 04:50:57,2026-07-12 14:50:57,completed,marketplace
102725,10125,2026-07-11 13:48:42,2026-07-12 18:48:42,completed,mobile_app
102726,10443,2026-07-11 19:00:09,2026-07-13 08:00:09,completed,mobile_app
102727,10202,2026-07-11 13:09:02,2026-07-12 20:09:02,cancelled,web
102728,10188,2026-07-11 22:40:18,2026-07-12 13:40:18,completed,web
102729,10502,2026-07-11 18:49:49,2026-07-12 05:49:49,completed,mobile_app
102730,10141,2026-07-11 00:40:29,2026-07-11 04:40:29,completed,web
102731,10324,2026-07-11 05:42:08,2026-07-11 13:42:08,returned,mobile_app
102732,10346,2026-07-11 04:47:03,2026-07-11 09:47:03,completed,mobile_app
102733,10562,2026-07-11 06:05:34,2026-07-12 18:05:34,completed,mobile_app
102734,10337,2026-07-11 02:26:26,2026-07-11 03:26:26,completed,web
102735,10441,2026-07-11 18:46:30,2026-07-13 02:46:30,completed,web
102736,10356,2026-07-11 11:03:21,2026-07-12 06:03:21,completed,mobile_app
102737,10110,2026-07-11 19:40:02,2026-07-12 14:40:02,cancelled,mobile_app
102738,10642,2026-07-11 20:09:00,2026-07-13 15:09:00,completed,web
102739,10355,2026-07-11 17:43:51,2026-07-12 10:43:51,cancelled,mobile_app
102740,10579,2026-07-11 20:14:24,2026-07-13 08:14:24,cancelled,mobile_app
102741,10359,2026-07-11 22:35:42,2026-07-12 04:35:42,completed,web
102742,10151,2026-07-11 16:17:47,2026-07-13 10:17:47,completed,mobile_app
102743,10360,2026-07-11 20:56:05,2026-07-12 04:56:05,completed,web
102744,10267,2026-07-11 08:59:14,2026-07-12 13:59:14,returned,mobile_app
102745,10364,2026-07-11 21:27:05,2026-07-12 20:27:05,completed,web
102746,10344,2026-07-11 05:04:52,2026-07-11 20:04:52,completed,mobile_app
102747,10176,2026-07-11 00:10:36,2026-07-11 22:10:36,completed,web
102748,10396,2026-07-11 06:36:46,2026-07-12 07:36:46,completed,web
102749,10488,2026-07-11 12:08:51,2026-07-12 23:08:51,cancelled,web
102750,10308,2026-07-11 08:57:09,2026-07-12 10:57:09,completed,web
102751,10433,2026-07-12 09:43:11,2026-07-14 05:43:11,completed,mobile_app
102752,10451,2026-07-12 03:36:57,2026-07-12 19:36:57,completed,web
102753,10280,2026-07-12 02:53:19,2026-07-13 21:53:19,completed,web
102754,10327,2026-07-12 03:00:06,2026-07-13 20:00:06,completed,mobile_app
102755,10467,2026-07-12 11:50:02,2026-07-13 11:50:02,completed,mobile_app
102756,10414,2026-07-12 18:11:06,2026-07-13 12:11:06,completed,web
102757,10637,2026-07-12 18:13:30,2026-07-13 21:13:30,completed,web
102758,10298,2026-07-12 04:57:52,2026-07-12 19:57:52,completed,mobile_app
102759,10148,2026-07-12 00:31:14,2026-07-12 08:31:14,completed,web
102760,10410,2026-07-12 04:01:18,2026-07-13 10:01:18,completed,mobile_app
102761,10584,2026-07-12 21:26:54,2026-07-14 10:26:54,completed,web
102762,10123,2026-07-12 17:53:48,2026-07-14 12:53:48,cancelled,marketplace
102763,10167,2026-07-12 01:42:23,2026-07-12 10:42:23,completed,web
102764,10074,2026-07-12 06:44:14,2026-07-13 06:44:14,completed,web
102765,10247,2026-07-12 05:13:40,2026-07-13 01:13:40,completed,mobile_app
102766,10274,2026-07-12 13:10:23,2026-07-13 16:10:23,completed,marketplace
102767,10040,2026-07-12 23:29:47,2026-07-14 19:29:47,completed,web
102768,10310,2026-07-12 07:21:38,2026-07-12 23:21:38,completed,web
102769,10269,2026-07-12 00:43:17,2026-07-12 07:43:17,cancelled,marketplace
102770,10581,2026-07-12 11:38:34,2026-07-14 08:38:34,completed,web
102771,10483,2026-07-12 07:01:18,2026-07-13 13:01:18,completed,marketplace
102772,10629,2026-07-12 20:49:16,2026-07-13 09:49:16,cancelled,mobile_app
102773,10399,2026-07-12 15:43:46,2026-07-13 07:43:46,returned,mobile_app
102774,10112,2026-07-12 19:33:31,2026-07-13 12:33:31,completed,web
102775,10554,2026-07-12 21:50:43,2026-07-14 11:50:43,completed,marketplace
102776,10671,2026-07-12 07:08:00,2026-07-14 03:08:00,completed,marketplace
102777,10116,2026-07-12 17:40:02,2026-07-13 23:40:02,returned,web
102778,10268,2026-07-12 23:50:49,2026-07-14 07:50:49,returned,mobile_app
102779,10126,2026-07-12 00:19:43,2026-07-13 19:19:43,completed,web
102780,10082,2026-07-12 23:11:25,2026-07-13 02:11:25,completed,mobile_app
102781,10031,2026-07-12 15:28:28,2026-07-14 08:28:28,completed,mobile_app
102782,10181,2026-07-12 04:40:06,2026-07-14 00:40:06,completed,mobile_app
102783,10253,2026-07-12 02:13:53,2026-07-12 21:13:53,completed,mobile_app
102784,10553,2026-07-12 00:31:38,2026-07-14 00:31:38,completed,mobile_app
102785,10621,2026-07-12 22:08:25,2026-07-13 00:08:25,completed,web
102786,10330,2026-07-12 00:52:32,2026-07-12 01:52:32,cancelled,web
102787,10523,2026-07-12 08:47:37,2026-07-12 17:47:37,cancelled,mobile_app
102788,10372,2026-07-12 15:55:53,2026-07-13 14:55:53,completed,web
102789,10440,2026-07-12 17:02:41,2026-07-13 05:02:41,cancelled,marketplace
102790,10681,2026-07-12 21:07:14,2026-07-14 10:07:14,completed,mobile_app
102791,10542,2026-07-12 05:03:17,2026-07-13 04:03:17,returned,web
102792,10422,2026-07-12 15:53:54,2026-07-14 07:53:54,completed,marketplace
102793,10234,2026-07-12 17:13:37,2026-07-14 15:13:37,completed,marketplace
102794,10318,2026-07-12 03:59:31,2026-07-13 08:59:31,completed,web
102795,10312,2026-07-12 10:28:45,2026-07-12 16:28:45,completed,mobile_app
102796,10631,2026-07-12 23:47:28,2026-07-13 20:47:28,completed,mobile_app
102797,10167,2026-07-12 09:08:43,2026-07-13 11:08:43,cancelled,web
102798,10696,2026-07-12 21:25:01,2026-07-13 07:25:01,completed,web
102799,10473,2026-07-12 05:43:25,2026-07-12 09:43:25,completed,mobile_app
102800,10525,2026-07-12 06:51:28,2026-07-13 06:51:28,completed,web
102801,10175,2026-07-12 07:42:28,2026-07-12 16:42:28,completed,web
102802,10455,2026-07-12 13:27:34,2026-07-12 21:27:34,completed,web
102803,10348,2026-07-12 23:13:07,2026-07-13 11:13:07,completed,mobile_app
102804,10372,2026-07-12 12:10:02,2026-07-13 15:10:02,completed,mobile_app
102805,10647,2026-07-12 02:28:30,2026-07-13 11:28:30,completed,web
102806,10623,2026-07-12 11:54:47,2026-07-12 12:54:47,completed,web
102807,10008,2026-07-12 20:31:58,2026-07-13 05:31:58,completed,web
102808,10034,2026-07-12 23:20:39,2026-07-14 07:20:39,completed,web
102809,10479,2026-07-12 07:47:29,2026-07-13 23:47:29,completed,mobile_app
102810,10421,2026-07-12 06:30:53,2026-07-12 16:30:53,completed,web
102811,10530,2026-07-12 22:04:04,2026-07-14 13:04:04,completed,mobile_app
102812,10006,2026-07-12 09:28:38,2026-07-13 13:28:38,completed,mobile_app
102813,10627,2026-07-12 10:42:22,2026-07-13 12:42:22,completed,web
102814,10427,2026-07-12 15:41:24,2026-07-13 16:41:24,returned,mobile_app
102815,10334,2026-07-12 11:15:40,2026-07-13 14:15:40,completed,mobile_app
102816,10495,2026-07-12 06:00:48,2026-07-12 18:00:48,completed,web
102817,10395,2026-07-12 17:45:42,2026-07-13 13:45:42,completed,mobile_app
102818,10302,2026-07-12 09:13:22,2026-07-13 13:13:22,completed,web
102819,10127,2026-07-12 14:03:57,2026-07-12 18:03:57,completed,marketplace
102820,10018,2026-07-12 06:10:04,2026-07-12 23:10:04,completed,mobile_app
102821,10411,2026-07-12 09:56:32,2026-07-13 21:56:32,completed,marketplace
102822,10565,2026-07-12 19:49:22,2026-07-13 21:49:22,completed,mobile_app
102823,10568,2026-07-12 23:29:54,2026-07-13 13:29:54,completed,web
102824,10179,2026-07-13 05:49:24,2026-07-13 07:49:24,cancelled,web
102825,10190,2026-07-13 00:12:53,2026-07-13 16:12:53,completed,mobile_app
102826,10285,2026-07-13 14:22:50,2026-07-15 10:22:50,completed,web
102827,10230,2026-07-13 06:06:55,2026-07-13 18:06:55,completed,web
102828,10069,2026-07-13 00:39:41,2026-07-13 16:39:41,cancelled,web
102829,10559,2026-07-13 23:53:23,2026-07-15 23:53:23,completed,web
102830,10646,2026-07-13 19:16:55,2026-07-14 09:16:55,completed,mobile_app
102831,10507,2026-07-13 15:51:03,2026-07-13 23:51:03,completed,web
102832,10339,2026-07-13 09:15:59,2026-07-15 01:15:59,completed,web
102833,10143,2026-07-13 04:07:24,2026-07-15 00:07:24,completed,web
102834,10591,2026-07-13 09:39:33,2026-07-14 20:39:33,completed,web
102835,10099,2026-07-13 01:33:47,2026-07-13 07:33:47,cancelled,web
102836,10618,2026-07-13 06:01:48,2026-07-15 06:01:48,completed,web
102837,10349,2026-07-13 19:33:07,2026-07-14 04:33:07,completed,marketplace
102838,10235,2026-07-13 14:27:12,2026-07-14 01:27:12,cancelled,web
102839,10416,2026-07-13 20:52:33,2026-07-15 03:52:33,completed,mobile_app
102840,10153,2026-07-13 02:12:29,2026-07-13 04:12:29,completed,web
102841,10486,2026-07-13 08:28:18,2026-07-14 17:28:18,completed,web
102842,10148,2026-07-13 23:40:50,2026-07-14 17:40:50,completed,mobile_app
102843,10579,2026-07-13 06:04:48,2026-07-14 21:04:48,completed,marketplace
102844,10471,2026-07-13 04:17:20,2026-07-14 16:17:20,completed,marketplace
102845,10179,2026-07-13 02:18:05,2026-07-13 19:18:05,completed,web
102846,10123,2026-07-13 11:27:41,2026-07-15 07:27:41,completed,web
102847,10157,2026-07-13 14:18:15,2026-07-14 13:18:15,completed,marketplace
102848,10656,2026-07-13 02:02:21,2026-07-14 21:02:21,completed,mobile_app
102849,10681,2026-07-13 19:44:54,2026-07-15 05:44:54,returned,web
102850,10477,2026-07-13 12:12:24,2026-07-14 20:12:24,completed,mobile_app
102851,10482,2026-07-13 12:19:05,2026-07-15 01:19:05,completed,web
102852,10243,2026-07-13 16:22:42,2026-07-14 14:22:42,completed,web
102853,10487,2026-07-13 08:22:26,2026-07-14 17:22:26,completed,marketplace
102854,10576,2026-07-13 02:09:35,2026-07-14 01:09:35,completed,mobile_app
102855,10660,2026-07-13 13:08:05,2026-07-14 21:08:05,completed,web
102856,10585,2026-07-13 22:49:44,2026-07-15 19:49:44,completed,marketplace
102857,10123,2026-07-13 15:25:33,2026-07-15 06:25:33,completed,mobile_app
102858,10410,2026-07-13 04:55:36,2026-07-13 20:55:36,completed,mobile_app
102859,10268,2026-07-13 08:43:44,2026-07-14 20:43:44,completed,mobile_app
102860,10144,2026-07-13 17:13:59,2026-07-14 08:13:59,completed,mobile_app
102861,10664,2026-07-13 02:09:06,2026-07-14 23:09:06,completed,marketplace
102862,10246,2026-07-13 06:26:46,2026-07-14 09:26:46,returned,web
102863,10657,2026-07-13 07:05:53,2026-07-13 10:05:53,completed,web
102864,10498,2026-07-13 11:09:31,2026-07-14 06:09:31,completed,marketplace
102865,10350,2026-07-13 09:38:51,2026-07-14 22:38:51,completed,web
102866,10252,2026-07-13 22:46:20,2026-07-14 23:46:20,completed,web
102867,10632,2026-07-13 04:28:44,2026-07-14 07:28:44,returned,web
102868,10166,2026-07-13 18:14:41,2026-07-14 06:14:41,returned,web
102869,10665,2026-07-13 23:29:20,2026-07-14 07:29:20,completed,web
102870,10295,2026-07-13 17:28:48,2026-07-14 05:28:48,cancelled,marketplace
102871,10637,2026-07-13 03:20:31,2026-07-14 05:20:31,completed,marketplace
102872,10457,2026-07-13 00:28:56,2026-07-15 00:28:56,completed,mobile_app
102873,10050,2026-07-13 22:48:56,2026-07-15 22:48:56,completed,web
102874,10228,2026-07-13 18:53:29,2026-07-15 09:53:29,cancelled,marketplace
102875,10327,2026-07-13 03:02:27,2026-07-13 04:02:27,completed,web
102876,10120,2026-07-13 20:18:47,2026-07-15 12:18:47,cancelled,mobile_app
102877,10316,2026-07-13 22:28:04,2026-07-14 08:28:04,completed,web
102878,10520,2026-07-13 01:10:49,2026-07-14 19:10:49,cancelled,web
102879,10556,2026-07-13 23:21:40,2026-07-15 07:21:40,completed,web
102880,10575,2026-07-13 11:43:32,2026-07-15 09:43:32,completed,marketplace
102881,10242,2026-07-13 07:46:02,2026-07-14 15:46:02,cancelled,mobile_app
102882,10170,2026-07-13 17:05:02,2026-07-15 08:05:02,completed,mobile_app
102883,10525,2026-07-13 22:02:10,2026-07-15 18:02:10,completed,mobile_app
102884,10386,2026-07-13 02:01:37,2026-07-14 00:01:37,returned,marketplace
102885,10592,2026-07-13 20:04:51,2026-07-15 12:04:51,completed,mobile_app
102886,10654,2026-07-13 13:00:22,2026-07-14 19:00:22,completed,marketplace
102887,10361,2026-07-13 03:10:12,2026-07-14 12:10:12,completed,web
102888,10099,2026-07-13 10:24:08,2026-07-14 20:24:08,cancelled,web
102889,10599,2026-07-13 13:35:55,2026-07-14 00:35:55,completed,mobile_app
102890,10234,2026-07-13 15:11:43,2026-07-14 15:11:43,cancelled,mobile_app
102891,10375,2026-07-13 20:23:37,2026-07-15 19:23:37,completed,web
102892,10650,2026-07-13 01:52:14,2026-07-14 09:52:14,completed,mobile_app
102893,10261,2026-07-13 22:43:31,2026-07-14 15:43:31,completed,mobile_app
102894,10241,2026-07-13 12:21:28,2026-07-14 17:21:28,completed,web
102895,10397,2026-07-13 15:06:15,2026-07-14 12:06:15,completed,web
102896,10423,2026-07-13 22:08:47,2026-07-14 23:08:47,cancelled,mobile_app
102897,10460,2026-07-13 04:45:49,2026-07-15 04:45:49,completed,web
102898,10603,2026-07-14 07:26:43,2026-07-15 10:26:43,completed,web
102899,10642,2026-07-14 13:55:21,2026-07-16 04:55:21,cancelled,marketplace
102900,10255,2026-07-14 03:43:43,2026-07-15 19:43:43,completed,web
102901,10675,2026-07-14 08:25:30,2026-07-15 08:25:30,completed,web
102902,10649,2026-07-14 01:58:26,2026-07-15 21:58:26,completed,web
102903,10395,2026-07-14 02:25:57,2026-07-14 18:25:57,completed,marketplace
102904,10608,2026-07-14 12:27:15,2026-07-15 18:27:15,completed,web
102905,10083,2026-07-14 09:06:33,2026-07-15 18:06:33,cancelled,web
102906,10632,2026-07-14 03:55:39,2026-07-14 12:55:39,cancelled,web
102907,10157,2026-07-14 19:33:52,2026-07-15 04:33:52,completed,web
102908,10659,2026-07-14 11:20:06,2026-07-15 21:20:06,returned,web
102909,10125,2026-07-14 15:23:09,2026-07-15 20:23:09,completed,web
102910,10041,2026-07-14 18:27:39,2026-07-15 05:27:39,completed,web
102911,10662,2026-07-14 21:13:52,2026-07-16 01:13:52,completed,mobile_app
102912,10034,2026-07-14 16:49:27,2026-07-15 03:49:27,completed,web
102913,10670,2026-07-14 21:56:22,2026-07-16 11:56:22,cancelled,mobile_app
102914,10173,2026-07-14 21:12:13,2026-07-16 19:12:13,completed,mobile_app
102915,10265,2026-07-14 15:44:56,2026-07-15 12:44:56,completed,web
102916,10686,2026-07-14 13:40:41,2026-07-15 13:40:41,completed,web
102917,10127,2026-07-14 12:37:16,2026-07-14 20:37:16,completed,marketplace
102918,10018,2026-07-14 08:19:11,2026-07-14 18:19:11,completed,mobile_app
102919,10119,2026-07-14 18:01:58,2026-07-16 15:01:58,completed,marketplace
102920,10020,2026-07-14 10:51:08,2026-07-15 18:51:08,completed,mobile_app
102921,10487,2026-07-14 17:31:42,2026-07-15 05:31:42,completed,web
102922,10423,2026-07-14 04:34:09,2026-07-15 06:34:09,completed,web
102923,10604,2026-07-14 13:03:18,2026-07-14 21:03:18,completed,mobile_app
102924,10348,2026-07-14 15:05:40,2026-07-16 05:05:40,completed,marketplace
102925,10116,2026-07-14 02:36:44,2026-07-15 16:36:44,completed,web
102926,10080,2026-07-14 15:38:35,2026-07-15 20:38:35,cancelled,mobile_app
102927,10235,2026-07-14 22:50:44,2026-07-16 01:50:44,completed,mobile_app
102928,10604,2026-07-14 05:53:58,2026-07-14 09:53:58,completed,web
102929,10436,2026-07-14 12:39:13,2026-07-16 11:39:13,completed,web
102930,10042,2026-07-14 17:34:25,2026-07-16 07:34:25,completed,marketplace
102931,10092,2026-07-14 08:52:24,2026-07-16 04:52:24,completed,mobile_app
102932,10347,2026-07-14 06:51:55,2026-07-15 13:51:55,completed,web
102933,10306,2026-07-14 18:57:47,2026-07-14 23:57:47,completed,web
102934,10572,2026-07-14 07:54:14,2026-07-14 18:54:14,completed,web
102935,10662,2026-07-14 16:11:00,2026-07-16 13:11:00,completed,marketplace
102936,10021,2026-07-14 12:26:06,2026-07-14 18:26:06,completed,web
102937,10374,2026-07-14 21:12:54,2026-07-16 16:12:54,completed,marketplace
102938,10037,2026-07-14 07:36:46,2026-07-15 11:36:46,completed,web
102939,10235,2026-07-14 02:40:51,2026-07-14 13:40:51,completed,web
102940,10012,2026-07-14 21:53:22,2026-07-14 23:53:22,completed,mobile_app
102941,10154,2026-07-14 07:18:48,2026-07-15 00:18:48,completed,mobile_app
102942,10417,2026-07-14 16:26:35,2026-07-16 06:26:35,completed,mobile_app
102943,10215,2026-07-14 16:33:28,2026-07-15 22:33:28,completed,mobile_app
102944,10464,2026-07-14 10:38:07,2026-07-16 01:38:07,completed,web
102945,10235,2026-07-14 18:18:21,2026-07-14 19:18:21,cancelled,marketplace
102946,10579,2026-07-14 18:04:57,2026-07-16 07:04:57,completed,web
102947,10383,2026-07-14 15:04:14,2026-07-15 00:04:14,completed,mobile_app
102948,10268,2026-07-14 20:29:17,2026-07-15 13:29:17,completed,mobile_app
102949,10510,2026-07-14 17:29:08,2026-07-15 20:29:08,completed,marketplace
102950,10242,2026-07-14 12:29:51,2026-07-14 14:29:51,completed,mobile_app
102951,10083,2026-07-14 20:32:46,2026-07-16 20:32:46,completed,mobile_app
102952,10055,2026-07-14 04:15:38,2026-07-14 23:15:38,completed,web
102953,10061,2026-07-14 14:55:08,2026-07-16 00:55:08,completed,web
102954,10673,2026-07-14 01:03:29,2026-07-14 16:03:29,cancelled,marketplace
102955,10401,2026-07-14 22:29:36,2026-07-16 05:29:36,completed,web
102956,10509,2026-07-14 16:09:29,2026-07-15 09:09:29,completed,mobile_app
102957,10567,2026-07-14 17:51:15,2026-07-15 06:51:15,completed,mobile_app
102958,10262,2026-07-14 14:17:21,2026-07-16 05:17:21,completed,web
102959,10374,2026-07-14 19:26:06,2026-07-15 06:26:06,completed,web
102960,10178,2026-07-15 11:56:02,2026-07-16 07:56:02,completed,web
102961,10485,2026-07-15 22:09:03,2026-07-17 21:09:03,completed,web
102962,10408,2026-07-15 07:37:57,2026-07-16 04:37:57,completed,web
102963,10287,2026-07-15 10:18:20,2026-07-16 12:18:20,completed,mobile_app
102964,10274,2026-07-15 22:00:17,2026-07-16 12:00:17,completed,web
102965,10688,2026-07-15 00:28:59,2026-07-15 09:28:59,completed,marketplace
102966,10110,2026-07-15 03:09:09,2026-07-16 17:09:09,returned,mobile_app
102967,10556,2026-07-15 21:02:16,2026-07-17 16:02:16,completed,mobile_app
102968,10641,2026-07-15 22:45:01,2026-07-17 12:45:01,completed,web
102969,10569,2026-07-15 15:39:47,2026-07-17 08:39:47,completed,web
102970,10104,2026-07-15 07:21:18,2026-07-16 03:21:18,completed,web
102971,10211,2026-07-15 07:55:56,2026-07-16 02:55:56,completed,web
102972,10298,2026-07-15 20:41:51,2026-07-17 13:41:51,completed,mobile_app
102973,10263,2026-07-15 06:04:28,2026-07-16 13:04:28,cancelled,web
102974,10327,2026-07-15 16:21:01,2026-07-16 21:21:01,completed,web
102975,10144,2026-07-15 19:19:15,2026-07-17 00:19:15,returned,web
102976,10353,2026-07-15 08:40:24,2026-07-15 09:40:24,completed,web
102977,10632,2026-07-15 21:38:59,2026-07-16 08:38:59,cancelled,web
102978,10668,2026-07-15 20:58:42,2026-07-17 03:58:42,completed,marketplace
102979,10505,2026-07-15 12:56:28,2026-07-16 08:56:28,completed,marketplace
102980,10639,2026-07-15 05:04:44,2026-07-16 23:04:44,completed,mobile_app
102981,10276,2026-07-15 04:05:08,2026-07-16 08:05:08,completed,web
102982,10153,2026-07-15 11:38:32,2026-07-16 06:38:32,completed,mobile_app
102983,10118,2026-07-15 00:20:11,2026-07-16 11:20:11,returned,web
102984,10309,2026-07-15 06:27:42,2026-07-16 03:27:42,completed,mobile_app
102985,10336,2026-07-15 13:43:10,2026-07-16 05:43:10,completed,marketplace
102986,10598,2026-07-15 01:57:05,2026-07-15 22:57:05,completed,marketplace
102987,10675,2026-07-15 06:03:02,2026-07-17 02:03:02,returned,mobile_app
102988,10626,2026-07-15 16:50:46,2026-07-16 09:50:46,returned,web
102989,10388,2026-07-15 12:32:39,2026-07-16 06:32:39,completed,web
102990,10252,2026-07-15 20:49:21,2026-07-16 02:49:21,returned,mobile_app
102991,10488,2026-07-15 14:15:48,2026-07-16 06:15:48,completed,mobile_app
102992,10504,2026-07-15 12:26:30,2026-07-15 17:26:30,completed,mobile_app
102993,10102,2026-07-15 01:51:46,2026-07-16 00:51:46,cancelled,web
102994,10182,2026-07-15 06:56:46,2026-07-16 02:56:46,completed,marketplace
102995,10229,2026-07-15 13:50:47,2026-07-15 20:50:47,completed,web
102996,10564,2026-07-15 19:39:25,2026-07-17 06:39:25,completed,web
102997,10422,2026-07-15 19:04:22,2026-07-17 06:04:22,completed,web
102998,10497,2026-07-15 06:26:51,2026-07-17 00:26:51,completed,mobile_app
102999,10540,2026-07-15 07:22:03,2026-07-16 19:22:03,completed,web
103000,10070,2026-07-15 18:43:10,2026-07-16 10:43:10,completed,marketplace
103001,10225,2026-07-15 10:14:28,2026-07-17 03:14:28,completed,web
103002,10129,2026-07-15 03:33:54,2026-07-15 19:33:54,completed,mobile_app
103003,10403,2026-07-15 11:08:31,2026-07-15 12:08:31,completed,mobile_app
103004,10694,2026-07-15 05:32:37,2026-07-16 18:32:37,completed,web
103005,10417,2026-07-15 01:35:35,2026-07-15 05:35:35,completed,web
103006,10231,2026-07-15 23:11:51,2026-07-16 16:11:51,completed,mobile_app
103007,10355,2026-07-15 13:49:32,2026-07-15 22:49:32,cancelled,marketplace
103008,10036,2026-07-15 19:52:04,2026-07-16 16:52:04,completed,marketplace
103009,10300,2026-07-15 07:41:56,2026-07-16 20:41:56,completed,web
103010,10218,2026-07-15 02:46:36,2026-07-16 20:46:36,completed,marketplace
103011,10471,2026-07-16 12:35:58,2026-07-18 12:35:58,completed,web
103012,10435,2026-07-16 08:31:08,2026-07-18 03:31:08,cancelled,web
103013,10195,2026-07-16 12:59:30,2026-07-16 17:59:30,completed,web
103014,10197,2026-07-16 06:35:23,2026-07-17 20:35:23,completed,marketplace
103015,10179,2026-07-16 15:11:04,2026-07-17 02:11:04,completed,web
103016,10560,2026-07-16 04:56:48,2026-07-17 19:56:48,completed,web
103017,10540,2026-07-16 05:31:57,2026-07-16 21:31:57,completed,mobile_app
103018,10112,2026-07-16 09:21:11,2026-07-17 23:21:11,completed,mobile_app
103019,10256,2026-07-16 00:41:51,2026-07-16 02:41:51,completed,mobile_app
103020,10039,2026-07-16 01:42:15,2026-07-16 03:42:15,completed,web
103021,10370,2026-07-16 03:51:08,2026-07-16 05:51:08,completed,mobile_app
103022,10247,2026-07-16 06:12:14,2026-07-17 22:12:14,completed,web
103023,10040,2026-07-16 20:40:48,2026-07-17 01:40:48,completed,web
103024,10204,2026-07-16 14:21:45,2026-07-17 23:21:45,completed,mobile_app
103025,10667,2026-07-16 04:55:07,2026-07-17 05:55:07,completed,mobile_app
103026,10582,2026-07-16 07:40:17,2026-07-16 17:40:17,completed,web
103027,10116,2026-07-16 14:38:31,2026-07-17 16:38:31,completed,mobile_app
103028,10696,2026-07-16 20:24:44,2026-07-18 08:24:44,completed,marketplace
103029,10357,2026-07-16 19:03:02,2026-07-17 16:03:02,completed,web
103030,10061,2026-07-16 22:19:43,2026-07-17 12:19:43,completed,marketplace
103031,10516,2026-07-16 12:35:14,2026-07-18 03:35:14,completed,mobile_app
103032,10507,2026-07-16 16:34:36,2026-07-17 10:34:36,returned,mobile_app
103033,10121,2026-07-16 21:25:31,2026-07-17 00:25:31,returned,mobile_app
103034,10393,2026-07-16 14:10:34,2026-07-17 12:10:34,returned,mobile_app
103035,10684,2026-07-16 21:08:14,2026-07-17 01:08:14,completed,mobile_app
103036,10374,2026-07-16 22:45:06,2026-07-17 12:45:06,completed,web
103037,10202,2026-07-16 15:26:59,2026-07-18 04:26:59,returned,mobile_app
103038,10266,2026-07-16 09:00:07,2026-07-16 14:00:07,completed,web
103039,10135,2026-07-16 16:21:24,2026-07-17 00:21:24,cancelled,marketplace
103040,10544,2026-07-16 20:08:32,2026-07-18 10:08:32,returned,mobile_app
103041,10080,2026-07-16 19:26:36,2026-07-18 13:26:36,completed,web
103042,10117,2026-07-16 12:39:30,2026-07-18 00:39:30,completed,mobile_app
103043,10023,2026-07-16 04:30:50,2026-07-17 04:30:50,completed,mobile_app
103044,10476,2026-07-16 00:10:26,2026-07-17 23:10:26,completed,web
103045,10475,2026-07-16 16:11:05,2026-07-18 07:11:05,completed,web
103046,10396,2026-07-16 05:36:07,2026-07-16 19:36:07,completed,mobile_app
103047,10127,2026-07-16 05:25:56,2026-07-17 05:25:56,cancelled,web
103048,10189,2026-07-16 18:31:20,2026-07-18 00:31:20,cancelled,mobile_app
103049,10639,2026-07-16 06:49:37,2026-07-18 06:49:37,returned,mobile_app
103050,10370,2026-07-16 16:43:59,2026-07-17 13:43:59,completed,web
103051,10240,2026-07-16 09:21:49,2026-07-16 20:21:49,completed,web
103052,10488,2026-07-16 15:56:25,2026-07-17 01:56:25,completed,marketplace
103053,10239,2026-07-16 14:56:36,2026-07-17 09:56:36,cancelled,web
103054,10500,2026-07-16 19:56:35,2026-07-18 03:56:35,completed,marketplace
103055,10143,2026-07-16 15:57:42,2026-07-18 15:57:42,completed,web
103056,10170,2026-07-16 02:25:48,2026-07-16 22:25:48,completed,marketplace
103057,10672,2026-07-16 10:17:41,2026-07-17 16:17:41,completed,marketplace
103058,10600,2026-07-16 11:39:38,2026-07-18 08:39:38,completed,web
103059,10501,2026-07-16 17:09:29,2026-07-17 02:09:29,completed,web
103060,10099,2026-07-16 00:09:17,2026-07-18 00:09:17,completed,mobile_app
103061,10621,2026-07-16 10:06:17,2026-07-17 01:06:17,completed,mobile_app
103062,10645,2026-07-16 12:07:17,2026-07-17 00:07:17,completed,web
103063,10197,2026-07-16 20:23:32,2026-07-17 19:23:32,completed,web
103064,10037,2026-07-16 16:02:12,2026-07-18 16:02:12,completed,web
103065,10464,2026-07-16 13:35:52,2026-07-17 15:35:52,completed,mobile_app
103066,10229,2026-07-16 21:27:24,2026-07-17 09:27:24,completed,marketplace
103067,10427,2026-07-16 08:58:30,2026-07-16 10:58:30,completed,web
103068,10366,2026-07-16 16:15:54,2026-07-17 16:15:54,completed,web
103069,10564,2026-07-16 16:32:31,2026-07-17 10:32:31,completed,mobile_app
103070,10389,2026-07-16 22:44:02,2026-07-18 02:44:02,returned,mobile_app
103071,10540,2026-07-16 10:05:37,2026-07-16 15:05:37,completed,web
103072,10263,2026-07-16 03:27:03,2026-07-16 04:27:03,returned,web
103073,10433,2026-07-16 09:55:13,2026-07-17 21:55:13,completed,mobile_app
103074,10303,2026-07-16 09:05:33,2026-07-16 10:05:33,completed,mobile_app
103075,10306,2026-07-16 00:26:02,2026-07-17 18:26:02,completed,marketplace
103076,10459,2026-07-16 12:22:33,2026-07-18 00:22:33,returned,mobile_app
103077,10020,2026-07-16 12:25:31,2026-07-17 22:25:31,returned,mobile_app
103078,10660,2026-07-16 02:29:36,2026-07-17 23:29:36,completed,web
103079,10153,2026-07-16 05:51:11,2026-07-17 00:51:11,cancelled,marketplace
103080,10542,2026-07-16 16:38:24,2026-07-17 10:38:24,completed,mobile_app
103081,10472,2026-07-16 05:24:41,2026-07-16 20:24:41,completed,web
103082,10068,2026-07-17 18:39:06,2026-07-18 08:39:06,completed,web
103083,10359,2026-07-17 12:48:19,2026-07-18 13:48:19,completed,web
103084,10027,2026-07-17 00:50:10,2026-07-17 10:50:10,completed,marketplace
103085,10183,2026-07-17 13:15:19,2026-07-18 13:15:19,completed,web
103086,10450,2026-07-17 11:45:24,2026-07-18 00:45:24,completed,mobile_app
103087,10359,2026-07-17 23:03:52,2026-07-18 17:03:52,completed,mobile_app
103088,10478,2026-07-17 21:27:48,2026-07-19 01:27:48,completed,mobile_app
103089,10340,2026-07-17 15:06:06,2026-07-18 21:06:06,completed,web
103090,10491,2026-07-17 06:20:08,2026-07-17 21:20:08,completed,marketplace
103091,10336,2026-07-17 12:21:01,2026-07-18 19:21:01,completed,mobile_app
103092,10305,2026-07-17 00:58:24,2026-07-18 13:58:24,completed,web
103093,10452,2026-07-17 10:06:22,2026-07-19 04:06:22,completed,web
103094,10353,2026-07-17 08:40:38,2026-07-17 16:40:38,completed,mobile_app
103095,10606,2026-07-17 23:11:52,2026-07-19 03:11:52,completed,web
103096,10356,2026-07-17 02:53:36,2026-07-17 06:53:36,completed,web
103097,10167,2026-07-17 00:38:58,2026-07-18 18:38:58,completed,mobile_app
103098,10337,2026-07-17 05:11:13,2026-07-17 19:11:13,completed,mobile_app
103099,10282,2026-07-17 12:20:43,2026-07-17 19:20:43,completed,mobile_app
103100,10048,2026-07-17 08:16:29,2026-07-17 21:16:29,completed,mobile_app
103101,10208,2026-07-17 06:25:14,2026-07-17 08:25:14,completed,mobile_app
103102,10582,2026-07-17 11:19:33,2026-07-18 18:19:33,completed,web
103103,10686,2026-07-17 12:23:28,2026-07-19 06:23:28,completed,mobile_app
103104,10135,2026-07-17 23:29:54,2026-07-18 18:29:54,completed,web
103105,10636,2026-07-17 08:11:08,2026-07-18 05:11:08,cancelled,mobile_app
103106,10568,2026-07-17 02:21:12,2026-07-18 14:21:12,completed,web
103107,10053,2026-07-17 01:52:51,2026-07-17 19:52:51,completed,web
103108,10463,2026-07-17 13:48:05,2026-07-18 12:48:05,cancelled,web
103109,10568,2026-07-17 00:44:24,2026-07-18 22:44:24,completed,mobile_app
103110,10591,2026-07-17 18:22:20,2026-07-19 13:22:20,completed,web
103111,10124,2026-07-17 11:46:23,2026-07-17 18:46:23,completed,web
103112,10556,2026-07-17 18:36:50,2026-07-19 16:36:50,completed,web
103113,10344,2026-07-17 14:20:52,2026-07-19 12:20:52,completed,mobile_app
103114,10138,2026-07-17 16:55:15,2026-07-18 14:55:15,completed,web
103115,10698,2026-07-17 13:35:08,2026-07-19 09:35:08,completed,web
103116,10683,2026-07-17 14:07:36,2026-07-18 12:07:36,completed,mobile_app
103117,10409,2026-07-17 15:55:57,2026-07-18 08:55:57,completed,web
103118,10316,2026-07-17 14:21:25,2026-07-19 12:21:25,completed,marketplace
103119,10198,2026-07-17 16:43:42,2026-07-18 03:43:42,completed,web
103120,10196,2026-07-17 01:50:08,2026-07-18 00:50:08,completed,mobile_app
103121,10220,2026-07-17 11:51:59,2026-07-19 10:51:59,completed,mobile_app
103122,10446,2026-07-17 20:23:51,2026-07-19 20:23:51,completed,web
103123,10610,2026-07-17 09:45:31,2026-07-18 12:45:31,returned,mobile_app
103124,10381,2026-07-17 06:24:35,2026-07-18 11:24:35,cancelled,web
103125,10400,2026-07-17 22:01:58,2026-07-19 00:01:58,completed,marketplace
103126,10688,2026-07-17 14:12:07,2026-07-17 22:12:07,completed,mobile_app
103127,10282,2026-07-17 18:35:01,2026-07-19 18:35:01,completed,marketplace
103128,10586,2026-07-17 17:20:45,2026-07-19 12:20:45,completed,mobile_app
103129,10195,2026-07-17 21:08:39,2026-07-18 23:08:39,completed,web
103130,10162,2026-07-17 17:15:54,2026-07-18 05:15:54,completed,mobile_app
103131,10126,2026-07-17 20:53:39,2026-07-19 17:53:39,completed,mobile_app
103132,10278,2026-07-17 17:08:50,2026-07-18 20:08:50,completed,web
103133,10433,2026-07-17 10:27:14,2026-07-18 18:27:14,completed,web
103134,10075,2026-07-17 13:37:54,2026-07-19 03:37:54,completed,web
103135,10393,2026-07-17 12:13:59,2026-07-17 23:13:59,completed,web
103136,10471,2026-07-17 15:55:01,2026-07-19 10:55:01,completed,web
103137,10660,2026-07-17 12:59:28,2026-07-18 23:59:28,returned,marketplace
103138,10039,2026-07-17 14:55:31,2026-07-18 01:55:31,completed,web
103139,10029,2026-07-17 18:55:47,2026-07-17 19:55:47,completed,marketplace
103140,10157,2026-07-17 19:09:47,2026-07-19 06:09:47,completed,web
103141,10471,2026-07-17 12:19:17,2026-07-19 06:19:17,completed,web
103142,10187,2026-07-17 17:42:44,2026-07-18 10:42:44,completed,web
103143,10584,2026-07-18 15:32:17,2026-07-19 16:32:17,completed,mobile_app
103144,10563,2026-07-18 10:56:07,2026-07-19 15:56:07,completed,web
103145,10144,2026-07-18 15:40:13,2026-07-19 02:40:13,cancelled,mobile_app
103146,10001,2026-07-18 23:15:31,2026-07-19 18:15:31,completed,marketplace
103147,10008,2026-07-18 11:37:56,2026-07-18 12:37:56,cancelled,web
103148,10080,2026-07-18 20:31:21,2026-07-20 11:31:21,completed,web
103149,10078,2026-07-18 13:44:59,2026-07-20 00:44:59,completed,mobile_app
103150,10073,2026-07-18 16:03:51,2026-07-20 02:03:51,completed,web
103151,10286,2026-07-18 16:28:54,2026-07-19 00:28:54,completed,mobile_app
103152,10655,2026-07-18 08:51:11,2026-07-19 05:51:11,completed,web
103153,10230,2026-07-18 05:09:20,2026-07-18 23:09:20,completed,mobile_app
103154,10171,2026-07-18 02:57:47,2026-07-19 15:57:47,cancelled,mobile_app
103155,10685,2026-07-18 06:49:22,2026-07-18 09:49:22,completed,mobile_app
103156,10019,2026-07-18 10:26:12,2026-07-18 18:26:12,completed,web
103157,10639,2026-07-18 20:39:13,2026-07-19 11:39:13,completed,web
103158,10033,2026-07-18 12:14:30,2026-07-19 12:14:30,completed,marketplace
103159,10647,2026-07-18 21:18:38,2026-07-18 23:18:38,completed,mobile_app
103160,10097,2026-07-18 20:05:55,2026-07-20 17:05:55,completed,mobile_app
103161,10242,2026-07-18 14:00:39,2026-07-20 03:00:39,completed,web
103162,10200,2026-07-18 23:23:45,2026-07-19 23:23:45,completed,mobile_app
103163,10371,2026-07-18 00:59:25,2026-07-18 02:59:25,completed,marketplace
103164,10241,2026-07-18 05:45:53,2026-07-19 06:45:53,completed,web
103165,10088,2026-07-18 15:29:12,2026-07-18 20:29:12,completed,web
103166,10579,2026-07-18 05:59:33,2026-07-19 22:59:33,completed,web
103167,10518,2026-07-18 16:45:39,2026-07-20 01:45:39,completed,mobile_app
103168,10688,2026-07-18 20:02:50,2026-07-19 20:02:50,completed,web
103169,10242,2026-07-18 18:59:23,2026-07-20 10:59:23,completed,marketplace
103170,10441,2026-07-18 02:59:17,2026-07-18 05:59:17,completed,web
103171,10369,2026-07-18 03:53:12,2026-07-19 15:53:12,completed,web
103172,10605,2026-07-18 18:57:28,2026-07-19 09:57:28,cancelled,web
103173,10052,2026-07-18 17:13:34,2026-07-19 09:13:34,completed,web
103174,10215,2026-07-18 07:26:03,2026-07-19 11:26:03,returned,mobile_app
103175,10427,2026-07-18 17:17:13,2026-07-19 16:17:13,completed,mobile_app
103176,10063,2026-07-18 10:34:50,2026-07-18 11:34:50,completed,web
103177,10004,2026-07-18 01:25:24,2026-07-19 22:25:24,completed,mobile_app
103178,10019,2026-07-18 11:50:42,2026-07-18 21:50:42,completed,web
103179,10249,2026-07-18 00:46:29,2026-07-18 08:46:29,completed,web
103180,10010,2026-07-18 21:06:42,2026-07-19 23:06:42,completed,web
103181,10189,2026-07-18 22:55:34,2026-07-20 02:55:34,completed,web
103182,10460,2026-07-18 12:13:22,2026-07-18 15:13:22,completed,marketplace
103183,10464,2026-07-18 01:21:07,2026-07-19 02:21:07,cancelled,web
103184,10434,2026-07-18 23:51:46,2026-07-20 11:51:46,completed,web
103185,10220,2026-07-18 11:50:25,2026-07-20 11:50:25,completed,web
103186,10057,2026-07-18 23:24:16,2026-07-19 16:24:16,completed,web
103187,10306,2026-07-18 01:16:56,2026-07-20 00:16:56,completed,web
103188,10584,2026-07-18 00:39:42,2026-07-19 23:39:42,completed,mobile_app
103189,10327,2026-07-18 01:51:15,2026-07-19 10:51:15,completed,marketplace
103190,10215,2026-07-18 04:12:45,2026-07-19 07:12:45,cancelled,marketplace
103191,10672,2026-07-18 03:40:57,2026-07-19 00:40:57,completed,web
103192,10090,2026-07-18 05:38:08,2026-07-18 20:38:08,cancelled,web
103193,10381,2026-07-18 06:16:12,2026-07-18 17:16:12,completed,mobile_app
103194,10315,2026-07-18 22:27:37,2026-07-19 06:27:37,completed,web
103195,10370,2026-07-18 03:25:27,2026-07-18 06:25:27,cancelled,marketplace
103196,10375,2026-07-18 16:18:13,2026-07-19 19:18:13,completed,web
103197,10334,2026-07-18 05:13:20,2026-07-19 08:13:20,completed,mobile_app
103198,10517,2026-07-18 04:10:08,2026-07-20 03:10:08,completed,mobile_app
103199,10293,2026-07-18 19:56:12,2026-07-20 00:56:12,completed,web
103200,10012,2026-07-18 17:18:08,2026-07-18 18:18:08,completed,mobile_app
103201,10655,2026-07-18 04:30:49,2026-07-18 17:30:49,completed,web
103202,10562,2026-07-18 05:13:12,2026-07-19 09:13:12,completed,mobile_app
103203,10017,2026-07-18 04:49:30,2026-07-19 21:49:30,cancelled,web
103204,10254,2026-07-18 19:42:11,2026-07-18 23:42:11,completed,mobile_app
103205,10450,2026-07-18 15:58:08,2026-07-18 20:58:08,completed,web
103206,10079,2026-07-18 23:54:18,2026-07-20 07:54:18,completed,mobile_app
103207,10395,2026-07-18 16:25:53,2026-07-19 02:25:53,completed,marketplace
103208,10497,2026-07-18 10:36:37,2026-07-20 02:36:37,completed,web
103209,10234,2026-07-18 23:18:27,2026-07-19 18:18:27,completed,mobile_app
103210,10538,2026-07-18 07:03:32,2026-07-18 20:03:32,completed,web
103211,10455,2026-07-18 14:53:11,2026-07-20 12:53:11,completed,mobile_app
103212,10540,2026-07-18 04:29:39,2026-07-20 02:29:39,cancelled,mobile_app
103213,10020,2026-07-18 06:53:46,2026-07-20 00:53:46,completed,web
103214,10352,2026-07-18 21:44:08,2026-07-20 07:44:08,completed,mobile_app
103215,10121,2026-07-18 08:46:24,2026-07-19 19:46:24,completed,marketplace
103216,10403,2026-07-18 21:06:35,2026-07-18 23:06:35,completed,mobile_app
103217,10346,2026-07-18 05:08:20,2026-07-19 23:08:20,completed,web
103218,10614,2026-07-19 12:15:56,2026-07-21 00:15:56,completed,marketplace
103219,10196,2026-07-19 12:16:57,2026-07-20 15:16:57,completed,web
103220,10087,2026-07-19 22:20:19,2026-07-21 06:20:19,cancelled,marketplace
103221,10228,2026-07-19 01:21:11,2026-07-20 17:21:11,completed,web
103222,10665,2026-07-19 01:48:23,2026-07-19 15:48:23,returned,web
103223,10520,2026-07-19 04:08:24,2026-07-20 09:08:24,completed,marketplace
103224,10562,2026-07-19 21:03:53,2026-07-21 13:03:53,completed,web
103225,10096,2026-07-19 17:33:45,2026-07-20 05:33:45,completed,marketplace
103226,10026,2026-07-19 06:07:31,2026-07-20 17:07:31,completed,web
103227,10588,2026-07-19 06:17:45,2026-07-20 12:17:45,completed,mobile_app
103228,10057,2026-07-19 21:34:40,2026-07-21 17:34:40,completed,web
103229,10432,2026-07-19 19:33:06,2026-07-20 15:33:06,completed,web
103230,10400,2026-07-19 20:53:53,2026-07-20 14:53:53,completed,mobile_app
103231,10045,2026-07-19 08:49:03,2026-07-20 07:49:03,completed,web
103232,10511,2026-07-19 13:08:19,2026-07-21 13:08:19,completed,web
103233,10614,2026-07-19 03:27:30,2026-07-19 08:27:30,completed,mobile_app
103234,10187,2026-07-19 21:08:31,2026-07-19 23:08:31,completed,web
103235,10624,2026-07-19 07:36:07,2026-07-19 08:36:07,completed,mobile_app
103236,10672,2026-07-19 20:38:43,2026-07-20 21:38:43,completed,mobile_app
103237,10026,2026-07-19 04:15:31,2026-07-19 23:15:31,completed,web
103238,10391,2026-07-19 04:24:29,2026-07-20 18:24:29,completed,web
103239,10606,2026-07-19 13:10:45,2026-07-19 18:10:45,completed,mobile_app
103240,10429,2026-07-19 23:13:02,2026-07-21 02:13:02,completed,marketplace
103241,10310,2026-07-19 08:41:17,2026-07-20 01:41:17,completed,web
103242,10512,2026-07-19 03:33:40,2026-07-20 06:33:40,completed,web
103243,10140,2026-07-19 13:20:15,2026-07-20 18:20:15,cancelled,web
103244,10580,2026-07-19 03:06:40,2026-07-19 16:06:40,completed,web
103245,10379,2026-07-19 05:56:32,2026-07-19 13:56:32,completed,web
103246,10100,2026-07-19 14:36:05,2026-07-21 02:36:05,completed,marketplace
103247,10594,2026-07-19 02:25:41,2026-07-21 01:25:41,completed,web
103248,10396,2026-07-19 15:09:47,2026-07-19 20:09:47,completed,marketplace
103249,10384,2026-07-19 11:33:32,2026-07-20 22:33:32,completed,web
103250,10198,2026-07-19 17:56:48,2026-07-19 23:56:48,completed,web
103251,10402,2026-07-19 03:46:09,2026-07-20 08:46:09,completed,web
103252,10611,2026-07-19 23:39:53,2026-07-20 10:39:53,completed,web
103253,10666,2026-07-19 15:21:38,2026-07-19 17:21:38,completed,web
103254,10427,2026-07-19 02:05:03,2026-07-20 07:05:03,completed,mobile_app
103255,10338,2026-07-19 11:32:43,2026-07-21 06:32:43,cancelled,web
103256,10214,2026-07-19 04:37:16,2026-07-19 08:37:16,completed,mobile_app
103257,10521,2026-07-19 21:45:28,2026-07-20 04:45:28,completed,mobile_app
103258,10038,2026-07-19 14:13:57,2026-07-19 19:13:57,completed,mobile_app
103259,10664,2026-07-19 21:08:05,2026-07-19 22:08:05,completed,web
103260,10618,2026-07-19 23:19:46,2026-07-20 15:19:46,completed,mobile_app
103261,10074,2026-07-19 16:29:18,2026-07-19 20:29:18,completed,web
103262,10439,2026-07-19 10:19:16,2026-07-20 18:19:16,completed,web
103263,10498,2026-07-19 22:09:44,2026-07-21 02:09:44,completed,mobile_app
103264,10269,2026-07-19 02:47:07,2026-07-20 23:47:07,completed,web
103265,10521,2026-07-19 11:55:22,2026-07-20 23:55:22,completed,mobile_app
103266,10574,2026-07-19 20:33:31,2026-07-21 19:33:31,completed,mobile_app
103267,10157,2026-07-19 14:26:39,2026-07-21 14:26:39,returned,marketplace
103268,10490,2026-07-19 01:16:58,2026-07-21 00:16:58,completed,mobile_app
103269,10099,2026-07-19 01:57:48,2026-07-19 14:57:48,completed,web
103270,10377,2026-07-19 21:56:33,2026-07-21 09:56:33,completed,web
103271,10513,2026-07-19 18:53:59,2026-07-20 22:53:59,completed,web
103272,10530,2026-07-20 10:10:04,2026-07-21 18:10:04,completed,mobile_app
103273,10656,2026-07-20 06:32:59,2026-07-20 13:32:59,cancelled,mobile_app
103274,10552,2026-07-20 01:15:46,2026-07-20 17:15:46,completed,marketplace
103275,10389,2026-07-20 22:29:11,2026-07-21 17:29:11,completed,web
103276,10271,2026-07-20 12:00:54,2026-07-22 06:00:54,completed,mobile_app
103277,10638,2026-07-20 17:54:07,2026-07-22 15:54:07,completed,mobile_app
103278,10335,2026-07-20 12:40:43,2026-07-21 03:40:43,completed,mobile_app
103279,10324,2026-07-20 08:42:52,2026-07-20 15:42:52,completed,mobile_app
103280,10201,2026-07-20 13:34:44,2026-07-22 09:34:44,returned,web
103281,10527,2026-07-20 07:41:13,2026-07-22 06:41:13,completed,web
103282,10605,2026-07-20 09:04:32,2026-07-21 06:04:32,completed,marketplace
103283,10249,2026-07-20 12:51:42,2026-07-21 17:51:42,completed,marketplace
103284,10090,2026-07-20 15:26:47,2026-07-22 15:26:47,completed,mobile_app
103285,10166,2026-07-20 07:36:52,2026-07-21 07:36:52,completed,web
103286,10664,2026-07-20 21:47:35,2026-07-21 13:47:35,completed,mobile_app
103287,10026,2026-07-20 19:47:47,2026-07-21 10:47:47,completed,mobile_app
103288,10574,2026-07-20 11:08:54,2026-07-21 08:08:54,completed,web
103289,10055,2026-07-20 11:40:57,2026-07-21 10:40:57,cancelled,web
103290,10097,2026-07-20 08:27:33,2026-07-21 05:27:33,completed,web
103291,10086,2026-07-20 02:33:14,2026-07-21 06:33:14,returned,mobile_app
103292,10282,2026-07-20 00:35:15,2026-07-21 03:35:15,completed,mobile_app
103293,10407,2026-07-20 15:40:59,2026-07-20 22:40:59,completed,marketplace
103294,10402,2026-07-20 06:55:44,2026-07-20 10:55:44,completed,web
103295,10097,2026-07-20 07:41:23,2026-07-20 14:41:23,completed,mobile_app
103296,10420,2026-07-20 05:14:18,2026-07-21 07:14:18,completed,web
103297,10670,2026-07-20 09:49:51,2026-07-21 01:49:51,cancelled,web
103298,10131,2026-07-20 14:00:08,2026-07-21 19:00:08,completed,mobile_app
103299,10048,2026-07-20 22:37:27,2026-07-22 10:37:27,completed,mobile_app
103300,10551,2026-07-20 10:06:35,2026-07-21 07:06:35,completed,marketplace
103301,10234,2026-07-20 09:35:42,2026-07-20 21:35:42,completed,web
103302,10286,2026-07-20 03:05:30,2026-07-21 03:05:30,returned,marketplace
103303,10184,2026-07-20 04:15:41,2026-07-21 22:15:41,completed,web
103304,10148,2026-07-20 02:36:18,2026-07-20 19:36:18,completed,marketplace
103305,10106,2026-07-20 01:53:57,2026-07-21 08:53:57,completed,web
103306,10219,2026-07-20 13:05:00,2026-07-21 06:05:00,completed,web
103307,10566,2026-07-20 10:39:49,2026-07-21 03:39:49,completed,mobile_app
103308,10654,2026-07-20 10:45:56,2026-07-21 21:45:56,completed,mobile_app
103309,10524,2026-07-20 21:09:07,2026-07-21 16:09:07,completed,web
103310,10140,2026-07-20 19:18:33,2026-07-22 02:18:33,completed,mobile_app
103311,10583,2026-07-20 12:50:55,2026-07-22 07:50:55,completed,web
103312,10390,2026-07-20 12:18:48,2026-07-21 17:18:48,returned,marketplace
103313,10437,2026-07-20 14:06:01,2026-07-20 21:06:01,cancelled,mobile_app
103314,10254,2026-07-20 17:10:41,2026-07-21 17:10:41,completed,web
103315,10295,2026-07-20 13:49:31,2026-07-21 08:49:31,completed,web
103316,10544,2026-07-20 03:12:16,2026-07-20 19:12:16,completed,marketplace
103317,10050,2026-07-20 05:43:13,2026-07-21 11:43:13,completed,mobile_app
103318,10410,2026-07-20 10:53:54,2026-07-21 23:53:54,returned,marketplace
103319,10583,2026-07-20 12:22:12,2026-07-21 23:22:12,completed,web
103320,10007,2026-07-20 20:24:06,2026-07-22 05:24:06,completed,web
103321,10540,2026-07-20 23:15:02,2026-07-22 06:15:02,completed,web
103322,10629,2026-07-20 19:20:16,2026-07-21 11:20:16,completed,web
103323,10516,2026-07-20 16:33:02,2026-07-21 01:33:02,completed,mobile_app
103324,10107,2026-07-21 02:05:19,2026-07-21 08:05:19,completed,mobile_app
103325,10449,2026-07-21 23:36:58,2026-07-22 07:36:58,completed,web
103326,10473,2026-07-21 20:56:27,2026-07-23 13:56:27,completed,web
103327,10457,2026-07-21 17:39:21,2026-07-22 13:39:21,completed,marketplace
103328,10200,2026-07-21 04:54:24,2026-07-23 04:54:24,returned,web
103329,10399,2026-07-21 10:16:25,2026-07-23 02:16:25,completed,mobile_app
103330,10001,2026-07-21 09:47:49,2026-07-23 08:47:49,completed,web
103331,10273,2026-07-21 09:53:04,2026-07-21 10:53:04,returned,mobile_app
103332,10397,2026-07-21 17:17:13,2026-07-22 14:17:13,completed,mobile_app
103333,10115,2026-07-21 14:40:32,2026-07-22 17:40:32,completed,marketplace
103334,10080,2026-07-21 21:50:51,2026-07-22 16:50:51,returned,web
103335,10128,2026-07-21 03:44:09,2026-07-21 18:44:09,completed,web
103336,10372,2026-07-21 21:21:03,2026-07-22 10:21:03,completed,marketplace
103337,10580,2026-07-21 06:19:14,2026-07-21 18:19:14,completed,web
103338,10152,2026-07-21 17:20:46,2026-07-23 00:20:46,completed,mobile_app
103339,10474,2026-07-21 19:04:26,2026-07-22 09:04:26,completed,mobile_app
103340,10310,2026-07-21 20:54:23,2026-07-22 08:54:23,cancelled,mobile_app
103341,10198,2026-07-21 13:48:40,2026-07-23 06:48:40,completed,web
103342,10187,2026-07-21 09:34:11,2026-07-21 14:34:11,completed,marketplace
103343,10409,2026-07-21 12:42:08,2026-07-21 18:42:08,completed,mobile_app
103344,10172,2026-07-21 13:22:41,2026-07-22 14:22:41,completed,marketplace
103345,10293,2026-07-21 20:18:08,2026-07-23 19:18:08,completed,web
103346,10041,2026-07-21 22:51:28,2026-07-22 19:51:28,completed,web
103347,10192,2026-07-21 02:53:16,2026-07-22 15:53:16,returned,web
103348,10250,2026-07-21 12:50:02,2026-07-22 16:50:02,completed,web
103349,10362,2026-07-21 08:57:34,2026-07-21 18:57:34,completed,web
103350,10263,2026-07-21 19:10:09,2026-07-22 13:10:09,completed,marketplace
103351,10667,2026-07-21 06:02:04,2026-07-22 13:02:04,completed,web
103352,10120,2026-07-21 21:43:44,2026-07-23 13:43:44,completed,marketplace
103353,10117,2026-07-21 11:31:56,2026-07-21 16:31:56,completed,mobile_app
103354,10444,2026-07-21 00:17:22,2026-07-21 07:17:22,completed,mobile_app
103355,10700,2026-07-21 16:37:00,2026-07-22 04:37:00,completed,web
103356,10496,2026-07-21 13:01:11,2026-07-21 19:01:11,completed,mobile_app
103357,10402,2026-07-21 11:46:15,2026-07-22 11:46:15,completed,web
103358,10163,2026-07-21 10:01:15,2026-07-21 16:01:15,completed,marketplace
103359,10552,2026-07-21 03:46:26,2026-07-23 00:46:26,completed,marketplace
103360,10456,2026-07-21 03:33:26,2026-07-21 22:33:26,completed,mobile_app
103361,10072,2026-07-21 05:45:17,2026-07-21 16:45:17,cancelled,marketplace
103362,10156,2026-07-21 12:11:01,2026-07-23 09:11:01,completed,mobile_app
103363,10580,2026-07-21 03:02:19,2026-07-22 15:02:19,completed,mobile_app
103364,10180,2026-07-21 03:01:06,2026-07-23 03:01:06,cancelled,web
103365,10538,2026-07-21 22:50:00,2026-07-22 08:50:00,completed,web
103366,10695,2026-07-21 17:38:55,2026-07-22 20:38:55,completed,web
103367,10644,2026-07-21 05:26:57,2026-07-22 04:26:57,completed,web
103368,10329,2026-07-21 02:04:17,2026-07-21 19:04:17,completed,mobile_app
103369,10355,2026-07-21 18:52:04,2026-07-23 02:52:04,completed,web
103370,10356,2026-07-21 13:55:58,2026-07-23 01:55:58,completed,web
103371,10054,2026-07-21 12:53:35,2026-07-21 15:53:35,cancelled,mobile_app
103372,10682,2026-07-21 09:33:46,2026-07-22 04:33:46,completed,web
103373,10145,2026-07-21 05:16:38,2026-07-22 13:16:38,completed,mobile_app
103374,10065,2026-07-21 02:21:33,2026-07-21 10:21:33,completed,web
103375,10233,2026-07-21 01:33:56,2026-07-21 18:33:56,completed,web
103376,10154,2026-07-21 19:37:24,2026-07-23 13:37:24,completed,web
103377,10115,2026-07-21 13:06:19,2026-07-21 23:06:19,completed,mobile_app
103378,10559,2026-07-21 01:43:29,2026-07-21 09:43:29,completed,marketplace
103379,10492,2026-07-21 00:13:02,2026-07-22 05:13:02,completed,marketplace
103380,10258,2026-07-21 22:45:37,2026-07-23 05:45:37,completed,web
103381,10543,2026-07-21 21:59:42,2026-07-22 09:59:42,completed,mobile_app
103382,10203,2026-07-21 00:23:18,2026-07-22 14:23:18,returned,mobile_app
103383,10380,2026-07-21 22:39:07,2026-07-22 13:39:07,completed,web
103384,10392,2026-07-21 10:26:01,2026-07-23 03:26:01,completed,marketplace
103385,10319,2026-07-21 03:17:55,2026-07-21 14:17:55,completed,web
103386,10417,2026-07-21 03:29:47,2026-07-22 15:29:47,completed,mobile_app
103387,10659,2026-07-21 14:41:18,2026-07-22 01:41:18,cancelled,mobile_app
103388,10658,2026-07-21 22:32:20,2026-07-23 14:32:20,completed,web
103389,10489,2026-07-21 15:51:34,2026-07-22 01:51:34,completed,marketplace
103390,10140,2026-07-21 14:02:42,2026-07-21 18:02:42,completed,web
103391,10404,2026-07-21 02:12:24,2026-07-21 14:12:24,completed,web
103392,10480,2026-07-21 22:22:16,2026-07-23 14:22:16,completed,web
103393,10260,2026-07-21 04:16:09,2026-07-21 08:16:09,completed,mobile_app
103394,10260,2026-07-21 08:46:08,2026-07-22 21:46:08,completed,web
103395,10434,2026-07-21 11:24:09,2026-07-23 09:24:09,completed,web
103396,10121,2026-07-21 20:34:46,2026-07-23 16:34:46,cancelled,web
103397,10538,2026-07-21 01:51:16,2026-07-21 22:51:16,completed,mobile_app
103398,10094,2026-07-21 15:29:24,2026-07-21 23:29:24,completed,marketplace
103399,10422,2026-07-21 04:18:21,2026-07-22 15:18:21,cancelled,marketplace
103400,10261,2026-07-21 19:44:16,2026-07-21 20:44:16,completed,mobile_app
103401,10263,2026-07-21 05:59:35,2026-07-21 06:59:35,completed,web
103402,10673,2026-07-21 19:31:26,2026-07-22 16:31:26,completed,mobile_app
103403,10458,2026-07-21 00:29:24,2026-07-21 08:29:24,completed,web
103404,10136,2026-07-22 04:37:49,2026-07-24 02:37:49,completed,marketplace
103405,10504,2026-07-22 13:36:19,2026-07-23 17:36:19,completed,mobile_app
103406,10385,2026-07-22 16:18:49,2026-07-23 22:18:49,completed,mobile_app
103407,10149,2026-07-22 06:29:12,2026-07-23 21:29:12,completed,web
103408,10371,2026-07-22 10:48:58,2026-07-22 19:48:58,completed,mobile_app
103409,10530,2026-07-22 15:40:49,2026-07-23 19:40:49,completed,web
103410,10284,2026-07-22 13:34:27,2026-07-24 01:34:27,returned,mobile_app
103411,10004,2026-07-22 13:53:20,2026-07-24 07:53:20,completed,marketplace
103412,10512,2026-07-22 14:57:31,2026-07-23 06:57:31,completed,marketplace
103413,10521,2026-07-22 19:07:12,2026-07-23 11:07:12,completed,web
103414,10035,2026-07-22 05:35:27,2026-07-22 22:35:27,completed,web
103415,10225,2026-07-22 23:45:00,2026-07-23 02:45:00,completed,mobile_app
103416,10347,2026-07-22 18:19:50,2026-07-23 08:19:50,completed,marketplace
103417,10423,2026-07-22 06:54:51,2026-07-22 09:54:51,cancelled,mobile_app
103418,10160,2026-07-22 06:10:46,2026-07-23 14:10:46,completed,web
103419,10628,2026-07-22 18:27:34,2026-07-24 12:27:34,completed,mobile_app
103420,10662,2026-07-22 18:24:15,2026-07-22 23:24:15,completed,marketplace
103421,10151,2026-07-22 19:03:46,2026-07-23 06:03:46,completed,web
103422,10410,2026-07-22 13:44:30,2026-07-22 15:44:30,completed,web
103423,10667,2026-07-22 00:18:19,2026-07-22 03:18:19,completed,mobile_app
103424,10354,2026-07-22 09:24:39,2026-07-23 19:24:39,completed,marketplace
103425,10681,2026-07-22 07:00:17,2026-07-23 04:00:17,completed,mobile_app
103426,10038,2026-07-22 15:06:37,2026-07-23 12:06:37,completed,marketplace
103427,10142,2026-07-22 18:09:25,2026-07-22 19:09:25,completed,mobile_app
103428,10049,2026-07-22 08:46:55,2026-07-22 17:46:55,completed,web
103429,10550,2026-07-22 19:40:46,2026-07-23 02:40:46,returned,web
103430,10634,2026-07-22 12:18:51,2026-07-22 21:18:51,completed,web
103431,10287,2026-07-22 19:49:44,2026-07-23 10:49:44,completed,mobile_app
103432,10568,2026-07-22 01:09:57,2026-07-22 02:09:57,completed,marketplace
103433,10526,2026-07-22 00:29:36,2026-07-22 22:29:36,completed,web
103434,10416,2026-07-22 17:41:12,2026-07-23 14:41:12,completed,mobile_app
103435,10271,2026-07-22 10:56:53,2026-07-23 08:56:53,completed,mobile_app
103436,10606,2026-07-22 22:06:14,2026-07-24 04:06:14,completed,web
103437,10520,2026-07-22 15:57:27,2026-07-23 06:57:27,completed,mobile_app
103438,10492,2026-07-22 22:03:26,2026-07-23 07:03:26,completed,web
103439,10044,2026-07-22 03:09:47,2026-07-23 03:09:47,completed,web
103440,10396,2026-07-22 21:06:12,2026-07-23 07:06:12,completed,web
103441,10292,2026-07-22 15:01:19,2026-07-23 16:01:19,cancelled,mobile_app
103442,10162,2026-07-22 20:37:41,2026-07-23 02:37:41,cancelled,web
103443,10435,2026-07-22 11:19:21,2026-07-23 03:19:21,cancelled,web
103444,10107,2026-07-22 04:44:37,2026-07-23 12:44:37,completed,mobile_app
103445,10211,2026-07-22 20:46:31,2026-07-24 02:46:31,completed,mobile_app
103446,10386,2026-07-22 03:51:32,2026-07-23 08:51:32,completed,web
103447,10452,2026-07-22 09:12:18,2026-07-22 19:12:18,completed,web
103448,10347,2026-07-22 12:19:18,2026-07-23 16:19:18,completed,mobile_app
103449,10606,2026-07-22 12:49:44,2026-07-24 00:49:44,completed,mobile_app
103450,10003,2026-07-22 02:09:37,2026-07-22 07:09:37,completed,mobile_app
103451,10026,2026-07-22 00:44:43,2026-07-22 16:44:43,cancelled,mobile_app
103452,10458,2026-07-22 16:37:20,2026-07-24 00:37:20,completed,mobile_app
103453,10418,2026-07-22 23:09:59,2026-07-24 01:09:59,completed,mobile_app
103454,10035,2026-07-22 02:42:41,2026-07-23 17:42:41,completed,mobile_app
103455,10565,2026-07-22 02:24:14,2026-07-22 19:24:14,completed,web
103456,10441,2026-07-22 22:00:25,2026-07-23 02:00:25,completed,marketplace
103457,10060,2026-07-22 03:13:32,2026-07-23 13:13:32,completed,mobile_app
103458,10116,2026-07-22 23:41:22,2026-07-23 14:41:22,completed,web
103459,10101,2026-07-22 21:30:53,2026-07-24 15:30:53,completed,web
103460,10099,2026-07-22 09:48:41,2026-07-24 01:48:41,completed,web
103461,10056,2026-07-22 06:38:39,2026-07-23 23:38:39,completed,web
103462,10180,2026-07-22 17:45:09,2026-07-22 19:45:09,completed,web
103463,10134,2026-07-23 06:31:41,2026-07-25 04:31:41,cancelled,mobile_app
103464,10212,2026-07-23 17:52:47,2026-07-25 02:52:47,completed,mobile_app
103465,10589,2026-07-23 22:35:06,2026-07-25 02:35:06,completed,mobile_app
103466,10575,2026-07-23 10:56:32,2026-07-24 04:56:32,completed,web
103467,10183,2026-07-23 05:35:34,2026-07-24 07:35:34,completed,mobile_app
103468,10401,2026-07-23 11:25:11,2026-07-24 06:25:11,completed,web
103469,10282,2026-07-23 20:54:12,2026-07-24 11:54:12,returned,web
103470,10175,2026-07-23 03:27:01,2026-07-24 04:27:01,completed,web
103471,10240,2026-07-23 01:34:40,2026-07-24 11:34:40,completed,web
103472,10086,2026-07-23 02:03:12,2026-07-24 01:03:12,completed,web
103473,10619,2026-07-23 23:39:12,2026-07-24 12:39:12,completed,web
103474,10527,2026-07-23 20:15:13,2026-07-25 09:15:13,completed,marketplace
103475,10381,2026-07-23 18:46:22,2026-07-25 01:46:22,completed,web
103476,10345,2026-07-23 19:37:35,2026-07-25 14:37:35,completed,web
103477,10384,2026-07-23 23:42:08,2026-07-25 17:42:08,completed,mobile_app
103478,10097,2026-07-23 13:59:39,2026-07-24 06:59:39,completed,mobile_app
103479,10009,2026-07-23 02:42:39,2026-07-24 07:42:39,completed,marketplace
103480,10509,2026-07-23 16:11:27,2026-07-25 12:11:27,completed,web
103481,10498,2026-07-23 19:20:32,2026-07-24 04:20:32,completed,marketplace
103482,10470,2026-07-23 14:51:41,2026-07-25 13:51:41,completed,web
103483,10377,2026-07-23 01:59:15,2026-07-23 17:59:15,completed,web
103484,10224,2026-07-23 23:48:47,2026-07-25 05:48:47,completed,web
103485,10381,2026-07-23 13:12:26,2026-07-24 02:12:26,completed,mobile_app
103486,10476,2026-07-23 15:46:23,2026-07-25 07:46:23,completed,web
103487,10289,2026-07-23 11:18:33,2026-07-25 04:18:33,completed,web
103488,10049,2026-07-23 08:01:15,2026-07-24 14:01:15,completed,web
103489,10405,2026-07-23 02:33:34,2026-07-24 05:33:34,completed,web
103490,10090,2026-07-23 12:48:07,2026-07-24 19:48:07,cancelled,web
103491,10172,2026-07-23 09:48:03,2026-07-24 15:48:03,completed,mobile_app
103492,10549,2026-07-23 15:00:55,2026-07-25 04:00:55,completed,marketplace
103493,10018,2026-07-23 15:17:55,2026-07-24 01:17:55,completed,web
103494,10414,2026-07-23 18:30:42,2026-07-24 04:30:42,cancelled,web
103495,10224,2026-07-23 19:35:02,2026-07-24 07:35:02,completed,web
103496,10563,2026-07-23 00:26:40,2026-07-23 03:26:40,cancelled,mobile_app
103497,10377,2026-07-23 21:29:46,2026-07-23 23:29:46,returned,web
103498,10389,2026-07-23 10:05:10,2026-07-23 21:05:10,completed,marketplace
103499,10508,2026-07-23 22:10:39,2026-07-24 06:10:39,completed,mobile_app
103500,10060,2026-07-23 10:08:30,2026-07-23 21:08:30,completed,mobile_app
103501,10289,2026-07-23 23:47:56,2026-07-24 04:47:56,completed,web
103502,10121,2026-07-23 16:01:24,2026-07-24 12:01:24,completed,web
103503,10604,2026-07-23 19:53:28,2026-07-24 02:53:28,completed,mobile_app
103504,10529,2026-07-23 20:33:27,2026-07-25 18:33:27,cancelled,mobile_app
103505,10369,2026-07-23 21:43:07,2026-07-25 13:43:07,completed,mobile_app
103506,10569,2026-07-23 03:29:45,2026-07-24 09:29:45,completed,mobile_app
103507,10185,2026-07-23 18:53:30,2026-07-24 17:53:30,completed,mobile_app
103508,10087,2026-07-23 17:38:27,2026-07-25 07:38:27,completed,marketplace
103509,10493,2026-07-23 08:23:28,2026-07-23 14:23:28,completed,web
103510,10030,2026-07-23 15:50:43,2026-07-24 01:50:43,completed,mobile_app
103511,10354,2026-07-23 18:25:29,2026-07-24 06:25:29,cancelled,marketplace
103512,10192,2026-07-23 14:41:29,2026-07-24 07:41:29,completed,marketplace
103513,10041,2026-07-23 06:01:22,2026-07-23 18:01:22,completed,web
103514,10106,2026-07-23 06:37:13,2026-07-24 16:37:13,completed,mobile_app
103515,10420,2026-07-23 14:45:36,2026-07-23 21:45:36,completed,mobile_app
103516,10220,2026-07-23 13:24:48,2026-07-24 05:24:48,completed,web
103517,10221,2026-07-23 05:21:34,2026-07-23 22:21:34,completed,mobile_app
103518,10532,2026-07-23 20:58:31,2026-07-24 17:58:31,cancelled,marketplace
103519,10577,2026-07-23 00:41:31,2026-07-24 22:41:31,completed,web
103520,10152,2026-07-23 10:39:12,2026-07-25 06:39:12,completed,mobile_app
103521,10469,2026-07-23 06:53:28,2026-07-25 06:53:28,cancelled,web
103522,10309,2026-07-23 13:22:08,2026-07-23 22:22:08,completed,mobile_app
103523,10009,2026-07-23 03:00:38,2026-07-24 09:00:38,returned,web
103524,10568,2026-07-23 23:09:10,2026-07-25 23:09:10,returned,web
103525,10062,2026-07-23 19:50:10,2026-07-25 15:50:10,completed,web
103526,10008,2026-07-23 19:06:54,2026-07-25 16:06:54,completed,marketplace
103527,10262,2026-07-24 06:24:07,2026-07-26 00:24:07,completed,mobile_app
103528,10054,2026-07-24 16:29:22,2026-07-25 16:29:22,completed,mobile_app
103529,10181,2026-07-24 05:37:55,2026-07-24 15:37:55,cancelled,web
103530,10610,2026-07-24 04:26:33,2026-07-24 08:26:33,completed,web
103531,10097,2026-07-24 07:22:11,2026-07-25 00:22:11,completed,web
103532,10624,2026-07-24 18:53:06,2026-07-26 10:53:06,completed,web
103533,10451,2026-07-24 00:32:08,2026-07-24 12:32:08,completed,web
103534,10531,2026-07-24 08:56:13,2026-07-24 21:56:13,completed,mobile_app
103535,10457,2026-07-24 06:24:55,2026-07-24 09:24:55,completed,mobile_app
103536,10473,2026-07-24 06:07:14,2026-07-25 17:07:14,completed,mobile_app
103537,10181,2026-07-24 01:07:50,2026-07-24 07:07:50,completed,marketplace
103538,10662,2026-07-24 07:26:22,2026-07-24 09:26:22,completed,web
103539,10247,2026-07-24 04:53:27,2026-07-24 17:53:27,completed,web
103540,10366,2026-07-24 02:45:51,2026-07-25 11:45:51,completed,web
103541,10302,2026-07-24 01:41:55,2026-07-25 08:41:55,completed,mobile_app
103542,10322,2026-07-24 20:14:54,2026-07-24 23:14:54,completed,web
103543,10560,2026-07-24 03:48:55,2026-07-25 04:48:55,completed,web
103544,10596,2026-07-24 04:50:23,2026-07-25 14:50:23,completed,web
103545,10543,2026-07-24 02:53:21,2026-07-25 18:53:21,completed,mobile_app
103546,10116,2026-07-24 13:52:25,2026-07-25 19:52:25,completed,web
103547,10239,2026-07-24 20:55:39,2026-07-25 03:55:39,completed,marketplace
103548,10534,2026-07-24 11:47:28,2026-07-25 13:47:28,completed,marketplace
103549,10153,2026-07-24 07:50:23,2026-07-24 10:50:23,completed,web
103550,10491,2026-07-24 08:36:01,2026-07-24 11:36:01,completed,marketplace
103551,10217,2026-07-24 20:04:34,2026-07-26 20:04:34,completed,mobile_app
103552,10220,2026-07-24 00:59:28,2026-07-25 02:59:28,completed,mobile_app
103553,10460,2026-07-24 20:58:42,2026-07-25 04:58:42,completed,web
103554,10273,2026-07-24 03:39:32,2026-07-25 22:39:32,completed,web
103555,10325,2026-07-24 10:40:58,2026-07-25 17:40:58,returned,web
103556,10430,2026-07-24 20:30:54,2026-07-25 21:30:54,completed,web
103557,10265,2026-07-24 03:42:45,2026-07-25 23:42:45,completed,web
103558,10575,2026-07-24 08:46:50,2026-07-25 02:46:50,completed,web
103559,10334,2026-07-24 13:28:38,2026-07-25 13:28:38,cancelled,mobile_app
103560,10515,2026-07-24 18:16:38,2026-07-26 12:16:38,completed,marketplace
103561,10326,2026-07-24 12:40:20,2026-07-25 22:40:20,completed,mobile_app
103562,10441,2026-07-24 01:10:39,2026-07-24 23:10:39,completed,web
103563,10614,2026-07-24 23:12:21,2026-07-26 16:12:21,cancelled,marketplace
103564,10244,2026-07-24 05:10:36,2026-07-24 22:10:36,cancelled,mobile_app
103565,10375,2026-07-24 10:36:43,2026-07-26 09:36:43,completed,marketplace
103566,10380,2026-07-24 21:08:03,2026-07-24 22:08:03,completed,marketplace
103567,10656,2026-07-24 04:55:25,2026-07-26 01:55:25,completed,web
103568,10371,2026-07-24 00:54:11,2026-07-24 11:54:11,completed,web
103569,10649,2026-07-24 10:49:05,2026-07-24 20:49:05,completed,mobile_app
103570,10172,2026-07-24 15:34:44,2026-07-25 03:34:44,completed,web
103571,10201,2026-07-24 09:16:11,2026-07-25 14:16:11,completed,web
103572,10391,2026-07-24 22:21:25,2026-07-26 10:21:25,completed,web
103573,10168,2026-07-24 07:41:33,2026-07-25 23:41:33,completed,mobile_app
103574,10175,2026-07-24 23:43:42,2026-07-25 22:43:42,completed,web
103575,10549,2026-07-24 14:04:14,2026-07-25 17:04:14,completed,mobile_app
103576,10039,2026-07-24 11:07:49,2026-07-26 00:07:49,completed,mobile_app
103577,10472,2026-07-24 06:12:45,2026-07-24 14:12:45,completed,web
103578,10300,2026-07-24 11:44:08,2026-07-24 21:44:08,completed,web
103579,10178,2026-07-24 04:17:23,2026-07-24 12:17:23,completed,marketplace
103580,10593,2026-07-24 01:33:17,2026-07-24 23:33:17,completed,web
103581,10044,2026-07-24 23:12:18,2026-07-26 01:12:18,completed,mobile_app
103582,10450,2026-07-24 17:49:33,2026-07-26 07:49:33,cancelled,web
103583,10295,2026-07-24 00:53:31,2026-07-25 14:53:31,completed,marketplace
103584,10347,2026-07-24 18:02:05,2026-07-25 15:02:05,completed,mobile_app
103585,10188,2026-07-24 07:57:11,2026-07-25 00:57:11,completed,marketplace
103586,10475,2026-07-24 11:53:10,2026-07-25 08:53:10,completed,mobile_app
103587,10235,2026-07-24 16:09:50,2026-07-26 13:09:50,completed,mobile_app
103588,10677,2026-07-24 05:49:50,2026-07-24 17:49:50,completed,marketplace
103589,10437,2026-07-24 07:49:43,2026-07-25 18:49:43,completed,web
103590,10140,2026-07-24 10:27:29,2026-07-25 09:27:29,completed,marketplace
103591,10372,2026-07-24 03:57:21,2026-07-24 22:57:21,completed,web
103592,10441,2026-07-24 15:12:10,2026-07-25 20:12:10,cancelled,marketplace
103593,10222,2026-07-24 00:30:08,2026-07-25 18:30:08,completed,mobile_app
103594,10446,2026-07-25 18:27:46,2026-07-26 01:27:46,completed,web
103595,10552,2026-07-25 20:14:02,2026-07-26 07:14:02,completed,web
103596,10555,2026-07-25 07:20:26,2026-07-26 20:20:26,completed,web
103597,10070,2026-07-25 21:27:43,2026-07-27 07:27:43,completed,mobile_app
103598,10102,2026-07-25 23:22:52,2026-07-27 23:22:52,completed,web
103599,10420,2026-07-25 07:11:38,2026-07-26 10:11:38,completed,mobile_app
103600,10039,2026-07-25 04:47:15,2026-07-25 15:47:15,cancelled,mobile_app
103601,10637,2026-07-25 19:28:34,2026-07-26 07:28:34,completed,web
103602,10699,2026-07-25 08:53:47,2026-07-25 13:53:47,completed,marketplace
103603,10340,2026-07-25 00:31:23,2026-07-26 03:31:23,completed,marketplace
103604,10366,2026-07-25 03:12:24,2026-07-26 14:12:24,completed,web
103605,10523,2026-07-25 23:05:26,2026-07-26 03:05:26,completed,mobile_app
103606,10195,2026-07-25 08:55:23,2026-07-26 11:55:23,completed,mobile_app
103607,10194,2026-07-25 10:56:28,2026-07-26 13:56:28,completed,web
103608,10569,2026-07-25 18:08:32,2026-07-25 23:08:32,completed,mobile_app
103609,10483,2026-07-25 02:49:12,2026-07-26 14:49:12,completed,marketplace
103610,10395,2026-07-25 01:21:09,2026-07-25 14:21:09,returned,mobile_app
103611,10250,2026-07-25 14:39:41,2026-07-26 19:39:41,completed,mobile_app
103612,10201,2026-07-25 22:15:13,2026-07-27 18:15:13,cancelled,web
103613,10612,2026-07-25 01:47:33,2026-07-26 08:47:33,completed,web
103614,10134,2026-07-25 08:52:20,2026-07-26 15:52:20,completed,mobile_app
103615,10370,2026-07-25 19:05:57,2026-07-26 04:05:57,completed,mobile_app
103616,10363,2026-07-25 19:30:18,2026-07-27 04:30:18,returned,marketplace
103617,10164,2026-07-25 06:55:17,2026-07-26 07:55:17,completed,web
103618,10088,2026-07-25 14:11:49,2026-07-25 18:11:49,completed,web
103619,10266,2026-07-25 07:35:05,2026-07-26 21:35:05,completed,web
103620,10190,2026-07-25 11:04:08,2026-07-26 04:04:08,completed,web
103621,10239,2026-07-25 18:39:35,2026-07-26 15:39:35,completed,web
103622,10136,2026-07-25 22:22:52,2026-07-27 04:22:52,completed,marketplace
103623,10438,2026-07-25 07:32:09,2026-07-25 21:32:09,completed,mobile_app
103624,10114,2026-07-25 17:08:48,2026-07-27 07:08:48,completed,web
103625,10577,2026-07-25 16:19:20,2026-07-26 13:19:20,completed,web
103626,10301,2026-07-25 18:02:14,2026-07-25 19:02:14,completed,mobile_app
103627,10602,2026-07-25 19:03:19,2026-07-26 14:03:19,completed,web
103628,10116,2026-07-25 14:51:20,2026-07-27 10:51:20,cancelled,marketplace
103629,10089,2026-07-25 10:40:41,2026-07-26 10:40:41,completed,web
103630,10480,2026-07-25 22:33:58,2026-07-26 20:33:58,returned,web
103631,10015,2026-07-25 00:46:44,2026-07-25 16:46:44,completed,marketplace
103632,10422,2026-07-25 19:54:21,2026-07-27 18:54:21,completed,mobile_app
103633,10388,2026-07-25 01:19:04,2026-07-25 20:19:04,completed,mobile_app
103634,10468,2026-07-25 09:28:11,2026-07-25 18:28:11,completed,mobile_app
103635,10227,2026-07-25 22:17:57,2026-07-26 09:17:57,completed,web
103636,10283,2026-07-25 07:50:39,2026-07-25 12:50:39,returned,mobile_app
103637,10046,2026-07-25 12:01:40,2026-07-27 03:01:40,completed,mobile_app
103638,10123,2026-07-25 14:06:12,2026-07-27 02:06:12,completed,web
103639,10390,2026-07-25 01:54:55,2026-07-25 17:54:55,completed,web
103640,10609,2026-07-25 07:20:40,2026-07-27 06:20:40,completed,marketplace
103641,10349,2026-07-25 02:53:48,2026-07-26 09:53:48,completed,web
103642,10148,2026-07-25 05:56:35,2026-07-26 21:56:35,completed,marketplace
103643,10535,2026-07-25 05:02:00,2026-07-26 19:02:00,completed,web
103644,10229,2026-07-25 18:57:56,2026-07-27 03:57:56,completed,mobile_app
103645,10621,2026-07-25 02:51:57,2026-07-25 22:51:57,returned,web
103646,10668,2026-07-25 10:35:45,2026-07-26 04:35:45,completed,web
103647,10246,2026-07-25 05:28:54,2026-07-26 08:28:54,completed,web
103648,10200,2026-07-25 16:36:57,2026-07-25 22:36:57,completed,marketplace
103649,10677,2026-07-25 08:42:36,2026-07-25 19:42:36,completed,marketplace
103650,10369,2026-07-25 18:00:55,2026-07-25 19:00:55,completed,marketplace
103651,10303,2026-07-25 22:51:43,2026-07-26 19:51:43,completed,web
103652,10575,2026-07-25 14:40:55,2026-07-26 17:40:55,completed,mobile_app
103653,10653,2026-07-25 14:17:03,2026-07-27 01:17:03,completed,web
103654,10078,2026-07-25 04:43:36,2026-07-26 20:43:36,completed,mobile_app
103655,10483,2026-07-26 20:38:40,2026-07-26 22:38:40,completed,mobile_app
103656,10700,2026-07-26 09:20:47,2026-07-28 03:20:47,returned,web
103657,10527,2026-07-26 01:45:43,2026-07-27 19:45:43,cancelled,web
103658,10176,2026-07-26 09:16:19,2026-07-26 20:16:19,cancelled,mobile_app
103659,10590,2026-07-26 15:14:48,2026-07-26 18:14:48,completed,marketplace
103660,10556,2026-07-26 09:55:01,2026-07-26 17:55:01,cancelled,marketplace
103661,10015,2026-07-26 03:23:35,2026-07-26 15:23:35,completed,web
103662,10018,2026-07-26 11:18:45,2026-07-26 13:18:45,cancelled,web
103663,10085,2026-07-26 15:04:45,2026-07-28 13:04:45,cancelled,mobile_app
103664,10380,2026-07-26 01:55:53,2026-07-26 20:55:53,completed,web
103665,10642,2026-07-26 17:43:30,2026-07-28 12:43:30,cancelled,web
103666,10292,2026-07-26 13:27:05,2026-07-27 13:27:05,completed,web
103667,10684,2026-07-26 10:12:38,2026-07-27 13:12:38,completed,web
103668,10262,2026-07-26 21:55:04,2026-07-28 06:55:04,returned,mobile_app
103669,10499,2026-07-26 07:43:09,2026-07-28 00:43:09,completed,web
103670,10689,2026-07-26 15:23:41,2026-07-28 09:23:41,completed,web
103671,10413,2026-07-26 16:33:07,2026-07-26 21:33:07,completed,web
103672,10433,2026-07-26 05:02:40,2026-07-26 09:02:40,completed,mobile_app
103673,10254,2026-07-26 22:27:28,2026-07-28 15:27:28,completed,mobile_app
103674,10441,2026-07-26 21:32:57,2026-07-28 14:32:57,completed,web
103675,10369,2026-07-26 09:56:05,2026-07-27 00:56:05,completed,marketplace
103676,10074,2026-07-26 09:15:15,2026-07-26 13:15:15,completed,mobile_app
103677,10223,2026-07-26 17:11:28,2026-07-27 09:11:28,completed,web
103678,10464,2026-07-26 05:47:28,2026-07-26 15:47:28,cancelled,web
103679,10354,2026-07-26 13:55:44,2026-07-27 22:55:44,completed,web
103680,10021,2026-07-26 21:38:15,2026-07-28 11:38:15,completed,mobile_app
103681,10230,2026-07-26 19:38:32,2026-07-27 18:38:32,completed,mobile_app
103682,10546,2026-07-26 20:36:09,2026-07-27 08:36:09,completed,mobile_app
103683,10310,2026-07-26 13:09:24,2026-07-28 03:09:24,completed,marketplace
103684,10333,2026-07-26 12:25:57,2026-07-26 23:25:57,cancelled,mobile_app
103685,10025,2026-07-26 19:27:10,2026-07-28 04:27:10,completed,web
103686,10365,2026-07-26 01:15:29,2026-07-27 20:15:29,completed,marketplace
103687,10223,2026-07-26 16:50:48,2026-07-27 06:50:48,returned,mobile_app
103688,10073,2026-07-26 06:06:26,2026-07-27 02:06:26,completed,mobile_app
103689,10660,2026-07-26 23:08:09,2026-07-28 06:08:09,completed,web
103690,10586,2026-07-26 14:28:29,2026-07-27 02:28:29,completed,mobile_app
103691,10504,2026-07-26 17:36:02,2026-07-26 19:36:02,completed,web
103692,10459,2026-07-26 19:47:44,2026-07-28 15:47:44,completed,marketplace
103693,10054,2026-07-26 05:45:53,2026-07-26 08:45:53,returned,web
103694,10057,2026-07-26 05:24:06,2026-07-28 00:24:06,completed,web
103695,10424,2026-07-26 13:54:27,2026-07-27 06:54:27,completed,marketplace
103696,10609,2026-07-26 08:37:30,2026-07-27 14:37:30,completed,mobile_app
103697,10471,2026-07-26 18:20:31,2026-07-28 01:20:31,completed,mobile_app
103698,10445,2026-07-26 15:36:12,2026-07-28 02:36:12,completed,mobile_app
103699,10427,2026-07-26 22:52:49,2026-07-28 21:52:49,completed,web
103700,10463,2026-07-26 22:30:01,2026-07-28 12:30:01,completed,mobile_app
103701,10254,2026-07-26 11:27:00,2026-07-26 14:27:00,completed,mobile_app
103702,10459,2026-07-26 09:36:08,2026-07-27 20:36:08,completed,web
103703,10604,2026-07-26 07:21:58,2026-07-27 23:21:58,completed,web
103704,10535,2026-07-26 05:04:44,2026-07-26 12:04:44,completed,web
103705,10506,2026-07-26 08:11:47,2026-07-26 10:11:47,completed,mobile_app
103706,10425,2026-07-26 18:16:53,2026-07-27 14:16:53,completed,mobile_app
103707,10086,2026-07-26 17:36:40,2026-07-27 00:36:40,completed,web
103708,10621,2026-07-26 19:19:33,2026-07-28 14:19:33,cancelled,marketplace
103709,10598,2026-07-26 00:14:21,2026-07-27 11:14:21,cancelled,web
103710,10259,2026-07-26 12:44:24,2026-07-27 08:44:24,cancelled,web
103711,10016,2026-07-26 16:10:29,2026-07-28 03:10:29,cancelled,mobile_app
103712,10577,2026-07-26 03:13:11,2026-07-27 04:13:11,completed,web
103713,10693,2026-07-26 22:23:33,2026-07-28 16:23:33,completed,marketplace
103714,10317,2026-07-26 22:58:48,2026-07-27 08:58:48,completed,web
103715,10262,2026-07-26 03:19:48,2026-07-27 21:19:48,completed,mobile_app
103716,10613,2026-07-27 21:06:17,2026-07-27 23:06:17,completed,web
103717,10140,2026-07-27 00:58:21,2026-07-28 13:58:21,returned,mobile_app
103718,10551,2026-07-27 07:16:58,2026-07-28 20:16:58,completed,web
103719,10652,2026-07-27 18:09:35,2026-07-29 11:09:35,completed,marketplace
103720,10492,2026-07-27 17:52:06,2026-07-28 09:52:06,completed,web
103721,10650,2026-07-27 07:19:10,2026-07-28 17:19:10,completed,web
103722,10245,2026-07-27 06:16:16,2026-07-28 04:16:16,completed,web
103723,10686,2026-07-27 05:37:12,2026-07-28 10:37:12,completed,web
103724,10658,2026-07-27 18:58:36,2026-07-29 13:58:36,completed,mobile_app
103725,10375,2026-07-27 09:30:40,2026-07-28 15:30:40,cancelled,web
103726,10294,2026-07-27 04:10:50,2026-07-27 16:10:50,completed,web
103727,10627,2026-07-27 05:13:39,2026-07-28 01:13:39,completed,web
103728,10081,2026-07-27 16:00:22,2026-07-28 14:00:22,completed,mobile_app
103729,10548,2026-07-27 01:41:29,2026-07-27 17:41:29,completed,web
103730,10685,2026-07-27 10:26:49,2026-07-28 21:26:49,completed,mobile_app
103731,10700,2026-07-27 11:15:29,2026-07-28 15:15:29,completed,mobile_app
103732,10025,2026-07-27 03:45:26,2026-07-28 17:45:26,completed,mobile_app
103733,10297,2026-07-27 08:05:48,2026-07-29 03:05:48,completed,mobile_app
103734,10097,2026-07-27 08:34:00,2026-07-28 05:34:00,returned,mobile_app
103735,10510,2026-07-27 17:17:16,2026-07-28 22:17:16,completed,marketplace
103736,10067,2026-07-27 00:09:49,2026-07-27 07:09:49,completed,mobile_app
103737,10556,2026-07-27 19:09:24,2026-07-28 08:09:24,completed,web
103738,10593,2026-07-27 22:29:25,2026-07-28 19:29:25,completed,mobile_app
103739,10086,2026-07-27 15:19:12,2026-07-28 00:19:12,completed,mobile_app
103740,10232,2026-07-27 20:01:47,2026-07-28 17:01:47,cancelled,web
103741,10450,2026-07-27 00:15:07,2026-07-27 01:15:07,completed,web
103742,10589,2026-07-27 00:22:01,2026-07-27 04:22:01,completed,marketplace
103743,10409,2026-07-27 17:01:00,2026-07-29 11:01:00,completed,web
103744,10202,2026-07-27 21:03:36,2026-07-28 01:03:36,returned,web
103745,10421,2026-07-27 20:20:17,2026-07-28 18:20:17,completed,mobile_app
103746,10490,2026-07-27 22:25:09,2026-07-29 13:25:09,completed,web
103747,10379,2026-07-27 16:35:08,2026-07-28 02:35:08,completed,marketplace
103748,10655,2026-07-27 02:58:21,2026-07-27 04:58:21,completed,web
103749,10531,2026-07-27 22:11:57,2026-07-29 02:11:57,completed,web
103750,10086,2026-07-27 21:41:32,2026-07-29 06:41:32,completed,mobile_app
103751,10104,2026-07-27 20:28:38,2026-07-28 04:28:38,returned,web
103752,10533,2026-07-27 19:30:59,2026-07-28 13:30:59,completed,mobile_app
103753,10187,2026-07-27 06:41:37,2026-07-28 16:41:37,completed,marketplace
103754,10627,2026-07-27 06:45:00,2026-07-27 10:45:00,returned,mobile_app
103755,10043,2026-07-27 07:39:27,2026-07-29 02:39:27,returned,mobile_app
103756,10072,2026-07-27 04:41:28,2026-07-29 01:41:28,completed,mobile_app
103757,10110,2026-07-27 12:21:33,2026-07-29 00:21:33,completed,web
103758,10346,2026-07-27 00:10:11,2026-07-27 23:10:11,completed,web
103759,10092,2026-07-27 01:50:34,2026-07-28 01:50:34,completed,mobile_app
103760,10440,2026-07-27 16:40:41,2026-07-27 20:40:41,completed,marketplace
103761,10243,2026-07-27 02:04:03,2026-07-28 23:04:03,completed,mobile_app
103762,10093,2026-07-27 02:55:51,2026-07-27 19:55:51,completed,marketplace
103763,10485,2026-07-27 20:31:21,2026-07-28 19:31:21,completed,web
103764,10498,2026-07-27 06:49:01,2026-07-28 13:49:01,cancelled,web
103765,10115,2026-07-27 13:59:59,2026-07-28 22:59:59,completed,web
103766,10338,2026-07-27 04:03:43,2026-07-27 08:03:43,completed,web
103767,10690,2026-07-27 09:04:39,2026-07-28 14:04:39,completed,mobile_app
103768,10264,2026-07-27 10:25:07,2026-07-27 11:25:07,completed,web
103769,10301,2026-07-27 14:02:26,2026-07-28 03:02:26,completed,web
103770,10389,2026-07-27 19:01:34,2026-07-28 21:01:34,completed,mobile_app
103771,10205,2026-07-27 22:27:30,2026-07-29 11:27:30,completed,web
103772,10589,2026-07-27 08:57:43,2026-07-29 02:57:43,cancelled,web
103773,10312,2026-07-27 02:56:54,2026-07-27 09:56:54,completed,mobile_app
103774,10462,2026-07-27 13:47:58,2026-07-28 06:47:58,completed,mobile_app
103775,10203,2026-07-27 23:09:04,2026-07-29 06:09:04,completed,web
103776,10479,2026-07-27 11:31:09,2026-07-27 15:31:09,completed,mobile_app
103777,10279,2026-07-27 02:27:06,2026-07-28 07:27:06,cancelled,mobile_app
103778,10398,2026-07-28 11:35:53,2026-07-29 19:35:53,completed,web
103779,10031,2026-07-28 22:36:58,2026-07-30 03:36:58,completed,web
103780,10650,2026-07-28 06:12:36,2026-07-28 12:12:36,completed,web
103781,10269,2026-07-28 12:41:25,2026-07-29 08:41:25,completed,web
103782,10149,2026-07-28 18:47:56,2026-07-30 18:47:56,completed,web
103783,10181,2026-07-28 06:31:20,2026-07-29 12:31:20,completed,web
103784,10066,2026-07-28 04:34:17,2026-07-29 07:34:17,completed,web
103785,10547,2026-07-28 19:06:08,2026-07-28 22:06:08,completed,marketplace
103786,10057,2026-07-28 09:58:06,2026-07-29 03:58:06,completed,mobile_app
103787,10603,2026-07-28 13:20:56,2026-07-28 18:20:56,completed,mobile_app
103788,10054,2026-07-28 05:29:18,2026-07-30 04:29:18,completed,mobile_app
103789,10697,2026-07-28 17:17:19,2026-07-29 06:17:19,completed,mobile_app
103790,10499,2026-07-28 10:27:37,2026-07-28 20:27:37,completed,marketplace
103791,10430,2026-07-28 01:39:18,2026-07-28 06:39:18,completed,marketplace
103792,10432,2026-07-28 17:54:23,2026-07-29 17:54:23,completed,web
103793,10686,2026-07-28 05:36:04,2026-07-28 19:36:04,completed,mobile_app
103794,10083,2026-07-28 07:22:14,2026-07-28 08:22:14,cancelled,web
103795,10011,2026-07-28 00:33:54,2026-07-29 20:33:54,completed,mobile_app
103796,10022,2026-07-28 23:04:37,2026-07-29 02:04:37,returned,mobile_app
103797,10028,2026-07-28 05:57:50,2026-07-29 00:57:50,completed,web
103798,10228,2026-07-28 20:54:15,2026-07-28 23:54:15,completed,mobile_app
103799,10635,2026-07-28 03:18:35,2026-07-30 01:18:35,completed,web
103800,10028,2026-07-28 05:15:28,2026-07-29 17:15:28,completed,web
103801,10582,2026-07-28 05:41:13,2026-07-28 21:41:13,completed,web
103802,10055,2026-07-28 00:59:29,2026-07-28 09:59:29,completed,web
103803,10429,2026-07-28 12:13:14,2026-07-28 23:13:14,completed,mobile_app
103804,10484,2026-07-28 19:33:52,2026-07-30 10:33:52,completed,marketplace
103805,10488,2026-07-28 23:22:20,2026-07-30 14:22:20,completed,web
103806,10378,2026-07-28 06:50:00,2026-07-30 05:50:00,cancelled,marketplace
103807,10562,2026-07-28 15:37:52,2026-07-29 01:37:52,completed,web
103808,10424,2026-07-28 07:04:20,2026-07-28 17:04:20,returned,web
103809,10298,2026-07-28 19:17:58,2026-07-29 08:17:58,completed,mobile_app
103810,10005,2026-07-28 05:15:46,2026-07-28 07:15:46,completed,mobile_app
103811,10153,2026-07-28 06:15:14,2026-07-28 17:15:14,completed,web
103812,10609,2026-07-28 12:41:12,2026-07-29 15:41:12,completed,marketplace
103813,10237,2026-07-28 12:27:07,2026-07-30 11:27:07,completed,marketplace
103814,10371,2026-07-28 00:47:15,2026-07-28 03:47:15,completed,mobile_app
103815,10552,2026-07-28 12:34:27,2026-07-29 19:34:27,completed,web
103816,10663,2026-07-28 20:22:22,2026-07-29 01:22:22,completed,mobile_app
103817,10077,2026-07-28 22:56:29,2026-07-29 09:56:29,completed,mobile_app
103818,10075,2026-07-28 13:51:55,2026-07-28 16:51:55,cancelled,mobile_app
103819,10683,2026-07-28 13:26:03,2026-07-30 06:26:03,completed,mobile_app
103820,10317,2026-07-28 02:15:39,2026-07-29 02:15:39,cancelled,web
103821,10038,2026-07-28 14:51:37,2026-07-30 08:51:37,completed,mobile_app
103822,10236,2026-07-28 09:42:28,2026-07-29 04:42:28,completed,mobile_app
103823,10148,2026-07-28 15:39:43,2026-07-30 14:39:43,completed,mobile_app
103824,10221,2026-07-28 10:51:48,2026-07-30 07:51:48,cancelled,mobile_app
103825,10065,2026-07-28 22:09:43,2026-07-30 18:09:43,completed,mobile_app
103826,10590,2026-07-28 13:17:41,2026-07-28 18:17:41,completed,mobile_app
103827,10254,2026-07-28 10:02:08,2026-07-29 05:02:08,completed,web
103828,10347,2026-07-29 22:50:15,2026-07-31 04:50:15,completed,marketplace
103829,10162,2026-07-29 03:58:24,2026-07-29 03:58:24,pending,marketplace
103830,10138,2026-07-29 23:46:18,2026-07-29 23:46:18,pending,web
103831,10419,2026-07-29 02:35:56,2026-07-30 15:35:56,completed,web
103832,10417,2026-07-29 10:31:41,2026-07-29 10:31:41,pending,web
103833,10504,2026-07-29 07:32:04,2026-07-29 07:32:04,pending,mobile_app
103834,10652,2026-07-29 18:41:53,2026-07-29 18:41:53,pending,web
103835,10666,2026-07-29 23:34:26,2026-07-29 23:34:26,pending,web
103836,10109,2026-07-29 09:40:43,2026-07-30 16:40:43,cancelled,web
103837,10506,2026-07-29 04:10:54,2026-07-29 04:10:54,pending,web
103838,10580,2026-07-29 03:30:11,2026-07-29 03:30:11,pending,mobile_app
103839,10567,2026-07-29 00:22:45,2026-07-30 08:22:45,returned,web
103840,10572,2026-07-29 18:05:13,2026-07-29 18:05:13,pending,marketplace
103841,10645,2026-07-29 19:52:11,2026-07-31 18:52:11,completed,mobile_app
103842,10048,2026-07-29 22:11:55,2026-07-29 22:11:55,pending,mobile_app
103843,10382,2026-07-29 03:36:33,2026-07-30 17:36:33,cancelled,mobile_app
103844,10490,2026-07-29 02:08:42,2026-07-29 02:08:42,pending,mobile_app
103845,10632,2026-07-29 21:22:49,2026-07-29 21:22:49,pending,mobile_app
103846,10464,2026-07-29 05:27:43,2026-07-29 18:27:43,completed,web
103847,10145,2026-07-29 23:28:31,2026-07-29 23:28:31,pending,web
103848,10361,2026-07-29 20:35:24,2026-07-31 02:35:24,completed,web
103849,10580,2026-07-29 18:07:12,2026-07-30 19:07:12,completed,web
103850,10637,2026-07-29 22:11:51,2026-07-30 04:11:51,completed,mobile_app
103851,10436,2026-07-29 09:03:50,2026-07-31 07:03:50,completed,web
103852,10344,2026-07-29 11:50:49,2026-07-30 12:50:49,completed,mobile_app
103853,10240,2026-07-29 20:11:42,2026-07-29 20:11:42,pending,mobile_app
103854,10595,2026-07-29 15:00:00,2026-07-29 15:00:00,pending,mobile_app
103855,10050,2026-07-29 23:35:57,2026-07-31 01:35:57,completed,mobile_app
103856,10075,2026-07-29 00:57:54,2026-07-29 04:57:54,completed,mobile_app
103857,10641,2026-07-29 06:48:06,2026-07-29 06:48:06,pending,mobile_app
103858,10460,2026-07-29 02:50:01,2026-07-29 02:50:01,pending,mobile_app
103859,10119,2026-07-29 21:16:34,2026-07-30 23:16:34,completed,web
103860,10538,2026-07-29 19:32:13,2026-07-29 19:32:13,pending,web
103861,10594,2026-07-29 16:22:51,2026-07-29 16:22:51,pending,mobile_app
103862,10207,2026-07-29 12:20:32,2026-07-29 19:20:32,completed,web
103863,10358,2026-07-29 01:54:33,2026-07-30 13:54:33,completed,web
103864,10023,2026-07-29 11:49:57,2026-07-30 03:49:57,cancelled,web
103865,10559,2026-07-29 06:13:04,2026-07-29 06:13:04,pending,mobile_app
103866,10456,2026-07-29 18:18:20,2026-07-29 18:18:20,pending,web
103867,10402,2026-07-29 14:35:00,2026-07-29 14:35:00,pending,mobile_app
103868,10409,2026-07-29 10:31:10,2026-07-30 12:31:10,completed,mobile_app
103869,10077,2026-07-29 16:09:44,2026-07-29 16:09:44,pending,web
103870,10222,2026-07-29 06:33:23,2026-07-29 06:33:23,pending,web
103871,10296,2026-07-29 18:27:52,2026-07-31 10:27:52,cancelled,mobile_app
103872,10504,2026-07-29 12:49:33,2026-07-29 12:49:33,pending,mobile_app
103873,10283,2026-07-29 20:15:36,2026-07-29 20:15:36,pending,web
103874,10383,2026-07-29 08:26:28,2026-07-29 08:26:28,pending,mobile_app
103875,10435,2026-07-29 08:06:32,2026-07-30 04:06:32,completed,web
103876,10394,2026-07-29 06:02:30,2026-07-30 04:02:30,completed,web
103877,10636,2026-07-29 11:33:15,2026-07-29 11:33:15,pending,marketplace
103878,10495,2026-07-29 11:33:14,2026-07-29 11:33:14,pending,mobile_app
103879,10406,2026-07-29 04:45:43,2026-07-30 02:45:43,completed,web
103880,10429,2026-07-29 20:54:29,2026-07-29 20:54:29,pending,web
103881,10283,2026-07-29 22:06:21,2026-07-29 22:06:21,pending,marketplace
103882,10014,2026-07-29 20:14:22,2026-07-30 01:14:22,completed,web
103883,10092,2026-07-29 00:49:58,2026-07-29 00:49:58,pending,web
103884,10252,2026-07-29 22:04:13,2026-07-29 22:04:13,pending,mobile_app
103885,10287,2026-07-29 20:23:29,2026-07-29 20:23:29,pending,web
103886,10496,2026-07-29 19:09:51,2026-07-30 08:09:51,completed,mobile_app
103887,10049,2026-07-29 00:01:16,2026-07-29 00:01:16,pending,web
103888,10202,2026-07-29 09:47:54,2026-07-29 09:47:54,pending,web
103889,10555,2026-07-29 08:09:06,2026-07-29 08:09:06,pending,web
103890,10678,2026-07-29 09:37:38,2026-07-30 20:37:38,completed,web
103891,10286,2026-07-29 18:02:20,2026-07-29 18:02:20,pending,web
103892,10037,2026-07-29 02:54:49,2026-07-29 02:54:49,pending,web
103893,10309,2026-07-29 02:14:08,2026-07-29 23:14:08,completed,web
103894,10115,2026-07-30 04:36:08,2026-07-30 04:36:08,pending,web
103895,10322,2026-07-30 10:18:29,2026-07-30 10:18:29,pending,marketplace
103896,10150,2026-07-30 15:42:42,2026-07-31 06:42:42,completed,marketplace
103897,10149,2026-07-30 09:10:06,2026-07-30 09:10:06,pending,mobile_app
103898,10606,2026-07-30 08:59:08,2026-07-31 07:59:08,completed,web
103899,10534,2026-07-30 01:47:14,2026-07-30 04:47:14,completed,web
103900,10376,2026-07-30 02:28:41,2026-07-31 08:28:41,completed,web
103901,10362,2026-07-30 19:40:01,2026-07-30 19:40:01,pending,mobile_app
103902,10410,2026-07-30 08:10:53,2026-07-30 08:10:53,pending,mobile_app
103903,10314,2026-07-30 10:12:19,2026-07-30 10:12:19,pending,mobile_app
103904,10137,2026-07-30 22:38:22,2026-07-30 22:38:22,pending,mobile_app
103905,10247,2026-07-30 06:01:39,2026-07-30 06:01:39,pending,mobile_app
103906,10462,2026-07-30 17:29:30,2026-07-31 15:29:30,completed,marketplace
103907,10124,2026-07-30 07:42:18,2026-07-30 07:42:18,pending,web
103908,10002,2026-07-30 10:37:22,2026-07-30 10:37:22,pending,mobile_app
103909,10289,2026-07-30 14:29:00,2026-07-30 14:29:00,pending,marketplace
103910,10045,2026-07-30 21:00:52,2026-07-31 23:00:52,completed,web
103911,10053,2026-07-30 06:36:09,2026-07-30 06:36:09,pending,web
103912,10667,2026-07-30 03:20:58,2026-07-31 16:20:58,completed,web
103913,10029,2026-07-30 21:45:35,2026-07-30 21:45:35,pending,marketplace
103914,10659,2026-07-30 08:06:30,2026-07-31 06:06:30,completed,web
103915,10130,2026-07-30 20:35:59,2026-07-30 20:35:59,pending,web
103916,10562,2026-07-30 04:15:31,2026-07-30 04:15:31,pending,mobile_app
103917,10237,2026-07-30 07:01:58,2026-07-30 07:01:58,pending,web
103918,10196,2026-07-30 08:51:00,2026-07-31 23:59:59,completed,marketplace
103919,10166,2026-07-30 02:30:45,2026-07-30 02:30:45,pending,mobile_app
103920,10697,2026-07-30 17:28:46,2026-07-30 17:28:46,pending,web
103921,10595,2026-07-30 12:00:21,2026-07-30 12:00:21,pending,web
103922,10424,2026-07-30 11:21:21,2026-07-31 20:21:21,cancelled,marketplace
103923,10365,2026-07-30 15:01:08,2026-07-31 23:59:59,completed,web
103924,10640,2026-07-30 10:43:24,2026-07-30 10:43:24,pending,mobile_app
103925,10691,2026-07-30 09:41:51,2026-07-30 09:41:51,pending,marketplace
103926,10309,2026-07-30 20:57:57,2026-07-30 20:57:57,pending,web
103927,10671,2026-07-30 22:23:54,2026-07-30 22:23:54,pending,mobile_app
103928,10674,2026-07-30 15:30:11,2026-07-30 15:30:11,pending,mobile_app
103929,10431,2026-07-30 09:50:01,2026-07-30 15:50:01,completed,mobile_app
103930,10418,2026-07-30 07:08:14,2026-07-30 07:08:14,pending,mobile_app
103931,10470,2026-07-30 22:59:13,2026-07-31 07:59:13,completed,mobile_app
103932,10259,2026-07-30 13:48:32,2026-07-30 13:48:32,pending,web
103933,10553,2026-07-30 20:53:48,2026-07-30 20:53:48,pending,mobile_app
103934,10690,2026-07-30 07:53:21,2026-07-31 23:53:21,completed,web
103935,10586,2026-07-30 23:51:21,2026-07-30 23:51:21,pending,mobile_app
103936,10347,2026-07-30 01:12:54,2026-07-30 23:12:54,completed,web
103937,10564,2026-07-30 11:13:24,2026-07-31 22:13:24,returned,mobile_app
103938,10065,2026-07-30 09:38:18,2026-07-30 09:38:18,pending,mobile_app
103939,10279,2026-07-30 10:17:49,2026-07-30 10:17:49,pending,web
103940,10643,2026-07-30 03:34:24,2026-07-31 21:34:24,completed,mobile_app
103941,10494,2026-07-30 16:02:31,2026-07-31 23:59:59,completed,marketplace
103942,10114,2026-07-30 18:21:38,2026-07-31 23:59:59,completed,web
103943,10332,2026-07-30 19:20:10,2026-07-30 19:20:10,pending,web
103944,10321,2026-07-30 06:58:50,2026-07-30 06:58:50,pending,web
103945,10643,2026-07-30 23:23:28,2026-07-31 13:23:28,completed,mobile_app
103946,10669,2026-07-30 21:34:23,2026-07-30 21:34:23,pending,mobile_app
103947,10332,2026-07-30 13:01:39,2026-07-30 13:01:39,pending,mobile_app
103948,10008,2026-07-30 21:12:51,2026-07-30 21:12:51,pending,web
103949,10214,2026-07-30 11:46:01,2026-07-31 05:46:01,completed,web
103950,10212,2026-07-30 03:55:38,2026-07-30 03:55:38,pending,web
103951,10179,2026-07-30 09:07:12,2026-07-31 11:07:12,completed,mobile_app
103952,10139,2026-07-30 02:11:49,2026-07-30 02:11:49,pending,web
103953,10156,2026-07-30 12:16:45,2026-07-31 13:16:45,completed,mobile_app
103954,10691,2026-07-30 18:23:51,2026-07-30 18:23:51,pending,web
103955,10217,2026-07-30 23:19:36,2026-07-30 23:19:36,pending,mobile_app
103956,10664,2026-07-30 05:53:28,2026-07-30 05:53:28,pending,web
103957,10215,2026-07-30 17:51:25,2026-07-30 17:51:25,pending,web
103958,10238,2026-07-30 13:35:06,2026-07-30 13:35:06,pending,web
103959,10425,2026-07-30 06:05:50,2026-07-31 23:05:50,completed,web
103960,10396,2026-07-30 05:09:13,2026-07-30 05:09:13,pending,mobile_app
103961,10355,2026-07-30 23:48:11,2026-07-31 09:48:11,completed,web
103962,10062,2026-07-30 04:59:41,2026-07-30 18:59:41,completed,web
103963,10100,2026-07-30 04:07:07,2026-07-30 04:07:07,pending,web
103964,10700,2026-07-30 16:55:44,2026-07-31 23:59:59,completed,web
103965,10685,2026-07-30 15:33:43,2026-07-30 15:33:43,pending,web
103966,10227,2026-07-30 06:41:35,2026-07-30 06:41:35,pending,mobile_app
103967,10379,2026-07-30 00:33:40,2026-07-30 19:33:40,completed,mobile_app
103968,10455,2026-07-30 06:55:03,2026-07-30 06:55:03,pending,web
103969,10018,2026-07-30 10:17:31,2026-07-30 10:17:31,pending,web
103970,10149,2026-07-30 20:45:00,2026-07-31 23:59:59,completed,marketplace
103971,10040,2026-07-30 07:43:32,2026-07-30 07:43:32,pending,marketplace
103972,10064,2026-07-30 04:04:40,2026-07-31 23:59:59,completed,mobile_app
103973,10289,2026-07-31 11:43:20,2026-07-31 23:59:59,cancelled,web
103974,10591,2026-07-31 11:00:27,2026-07-31 11:00:27,pending,mobile_app
103975,10407,2026-07-31 10:14:11,2026-07-31 10:14:11,pending,mobile_app
103976,10204,2026-07-31 23:31:30,2026-07-31 23:59:59,completed,marketplace
103977,10145,2026-07-31 18:31:50,2026-07-31 23:59:59,completed,marketplace
103978,10180,2026-07-31 10:26:04,2026-07-31 10:26:04,pending,mobile_app
103979,10383,2026-07-31 23:28:11,2026-07-31 23:28:11,pending,mobile_app
103980,10297,2026-07-31 08:33:29,2026-07-31 23:59:59,completed,mobile_app
103981,10109,2026-07-31 07:46:39,2026-07-31 23:59:59,completed,web
103982,10129,2026-07-31 17:20:14,2026-07-31 23:59:59,completed,mobile_app
103983,10104,2026-07-31 17:39:21,2026-07-31 17:39:21,pending,mobile_app
103984,10366,2026-07-31 06:23:11,2026-07-31 06:23:11,pending,web
103985,10082,2026-07-31 12:26:57,2026-07-31 23:26:57,cancelled,web
103986,10508,2026-07-31 05:40:07,2026-07-31 19:40:07,completed,web
103987,10552,2026-07-31 04:37:50,2026-07-31 04:37:50,pending,web
103988,10155,2026-07-31 13:41:21,2026-07-31 13:41:21,pending,mobile_app
103989,10200,2026-07-31 20:52:59,2026-07-31 20:52:59,pending,web
103990,10464,2026-07-31 07:06:15,2026-07-31 23:59:59,completed,web
103991,10328,2026-07-31 12:13:34,2026-07-31 23:59:59,completed,mobile_app
103992,10056,2026-07-31 03:46:03,2026-07-31 06:46:03,completed,mobile_app
103993,10208,2026-07-31 02:07:44,2026-07-31 18:07:44,completed,marketplace
103994,10077,2026-07-31 11:28:13,2026-07-31 11:28:13,pending,web
103995,10081,2026-07-31 08:31:57,2026-07-31 08:31:57,pending,web
103996,10321,2026-07-31 16:34:54,2026-07-31 16:34:54,pending,web
103997,10140,2026-07-31 14:34:16,2026-07-31 14:34:16,pending,web
103998,10080,2026-07-31 17:09:17,2026-07-31 23:59:59,completed,marketplace
103999,10029,2026-07-31 07:34:06,2026-07-31 07:34:06,pending,web
104000,10360,2026-07-31 20:02:03,2026-07-31 23:59:59,completed,web
104001,10574,2026-07-31 15:13:23,2026-07-31 15:13:23,pending,mobile_app
104002,10565,2026-07-31 07:09:00,2026-07-31 11:09:00,completed,web
104003,10320,2026-07-31 02:39:09,2026-07-31 02:39:09,pending,marketplace
104004,10339,2026-07-31 06:04:43,2026-07-31 09:04:43,completed,web
104005,10277,2026-07-31 08:39:11,2026-07-31 23:59:59,completed,web
104006,10540,2026-07-31 00:20:59,2026-07-31 00:20:59,pending,mobile_app
104007,10353,2026-07-31 14:43:07,2026-07-31 14:43:07,pending,web
104008,10436,2026-07-31 12:39:25,2026-07-31 23:59:59,completed,web
104009,10406,2026-07-31 16:07:55,2026-07-31 16:07:55,pending,marketplace
104010,10272,2026-07-31 08:34:34,2026-07-31 08:34:34,pending,web
104011,10278,2026-07-31 17:10:53,2026-07-31 17:10:53,pending,web
104012,10652,2026-07-31 14:46:30,2026-07-31 14:46:30,pending,mobile_app
104013,10459,2026-07-31 01:48:03,2026-07-31 01:48:03,pending,web
104014,10259,2026-07-31 08:05:13,2026-07-31 08:05:13,pending,web
104015,10440,2026-07-31 16:22:06,2026-07-31 23:59:59,completed,web
104016,10637,2026-07-31 22:39:00,2026-07-31 22:39:00,pending,mobile_app
104017,10613,2026-07-31 22:14:11,2026-07-31 22:14:11,pending,mobile_app
104018,10362,2026-07-31 07:48:04,2026-07-31 07:48:04,pending,web
104019,10458,2026-07-31 22:16:19,2026-07-31 22:16:19,pending,mobile_app
104020,10190,2026-07-31 21:50:16,2026-07-31 21:50:16,pending,mobile_app
104021,10505,2026-07-31 15:55:55,2026-07-31 15:55:55,pending,web
104022,10067,2026-07-31 09:25:46,2026-07-31 09:25:46,pending,web
104023,10146,2026-07-31 14:17:06,2026-07-31 23:59:59,completed,mobile_app
104024,10394,2026-07-31 11:49:57,2026-07-31 23:59:59,completed,web
104025,10396,2026-07-31 17:26:10,2026-07-31 17:26:10,pending,mobile_app
104026,10517,2026-07-31 04:19:15,2026-07-31 04:19:15,pending,web
104027,10672,2026-07-31 14:57:23,2026-07-31 23:59:59,completed,mobile_app
104028,10112,2026-07-31 22:34:31,2026-07-31 23:59:59,completed,marketplace
104029,10562,2026-07-31 13:46:16,2026-07-31 13:46:16,pending,web
104030,10663,2026-07-31 09:47:28,2026-07-31 09:47:28,pending,mobile_app
104031,10680,2026-07-31 06:35:37,2026-07-31 06:35:37,pending,marketplace
104032,10159,2026-07-31 03:22:23,2026-07-31 23:59:59,cancelled,mobile_app
104033,10063,2026-07-31 00:32:12,2026-07-31 00:32:12,pending,web
104034,10588,2026-07-31 11:44:47,2026-07-31 11:44:47,pending,web
104035,10103,2026-07-31 02:50:03,2026-07-31 07:50:03,returned,marketplace
104036,10282,2026-07-31 22:52:21,2026-07-31 22:52:21,pending,web
104037,10334,2026-07-31 18:25:10,2026-07-31 23:59:59,completed,web
