order_item_id,order_id,product_id,quantity,unit_price,discount_pct
1,100001,1006,1,38.50,0.10
2,100001,1080,1,19.14,0.05
3,100002,1022,1,27.34,0.00
4,100003,1015,1,22.31,0.00
5,100004,1079,2,74.62,0.00
6,100004,1067,1,33.59,0.00
7,100004,1041,2,81.45,0.05
8,100005,1025,1,24.20,0.00
9,100006,1064,1,42.55,0.00
10,100007,1016,1,23.24,0.00
11,100007,1037,1,145.98,0.00
12,100007,1066,2,18.19,0.10
13,100008,1054,3,61.29,0.00
14,100008,1064,2,42.55,0.00
15,100009,1014,2,56.86,0.00
16,100010,1035,1,51.62,0.00
17,100010,1043,4,185.49,0.15
18,100011,1017,1,25.52,0.00
19,100011,1037,1,145.98,0.00
20,100011,1010,1,42.65,0.10
21,100012,1052,1,67.85,0.20
22,100012,1027,1,123.47,0.20
23,100012,1052,1,67.85,0.20
24,100013,1078,1,68.03,0.15
25,100013,1013,2,19.73,0.10
26,100013,1026,1,22.74,0.05
27,100013,1061,1,10.53,0.10
28,100014,1055,1,50.44,0.10
29,100015,1064,1,42.55,0.15
30,100016,1039,1,125.57,0.00
31,100016,1039,2,125.57,0.10
32,100016,1055,1,50.44,0.00
33,100017,1013,1,19.73,0.15
34,100018,1015,2,22.31,0.05
35,100018,1023,2,10.70,0.20
36,100019,1059,2,46.39,0.05
37,100019,1080,2,19.14,0.00
38,100020,1014,1,56.86,0.00
39,100021,1052,3,67.85,0.15
40,100021,1078,2,68.03,0.00
41,100022,1015,2,22.31,0.15
42,100023,1069,1,49.10,0.00
43,100024,1057,4,56.24,0.05
44,100024,1003,3,25.07,0.10
45,100024,1032,1,104.13,0.10
46,100024,1051,1,25.37,0.00
47,100025,1075,1,74.40,0.10
48,100025,1038,1,46.33,0.05
49,100025,1063,1,14.47,0.15
50,100026,1071,1,31.77,0.15
51,100026,1054,3,61.29,0.00
52,100027,1021,1,16.90,0.00
53,100028,1044,3,12.75,0.20
54,100028,1060,1,63.95,0.00
55,100028,1050,4,79.54,0.20
56,100028,1047,2,70.37,0.20
57,100029,1017,1,25.52,0.00
58,100029,1078,1,68.03,0.20
59,100030,1046,3,47.85,0.00
60,100030,1021,1,16.90,0.20
61,100030,1065,1,56.22,0.00
62,100030,1044,1,12.75,0.10
63,100031,1046,2,47.85,0.20
64,100032,1014,2,56.86,0.05
65,100032,1059,4,46.39,0.20
66,100033,1072,1,25.15,0.00
67,100033,1022,2,27.34,0.20
68,100033,1027,3,123.47,0.00
69,100033,1038,2,46.33,0.20
70,100034,1018,1,17.88,0.00
71,100035,1044,1,12.75,0.00
72,100035,1011,1,47.68,0.15
73,100035,1054,1,61.29,0.15
74,100036,1055,1,50.44,0.05
75,100037,1002,2,20.29,0.10
76,100038,1008,1,25.87,0.00
77,100039,1067,4,33.59,0.05
78,100039,1052,3,67.85,0.15
79,100039,1071,3,31.77,0.15
80,100040,1019,2,18.46,0.05
81,100040,1027,3,123.47,0.10
82,100041,1039,1,125.57,0.10
83,100042,1070,1,14.18,0.00
84,100042,1066,1,18.19,0.10
85,100043,1034,1,68.99,0.20
86,100043,1039,2,125.57,0.10
87,100044,1007,2,45.10,0.00
88,100045,1075,1,74.40,0.15
89,100045,1069,2,49.10,0.00
90,100045,1045,1,85.65,0.15
91,100045,1074,2,27.33,0.15
92,100046,1047,1,70.37,0.00
93,100046,1055,2,50.44,0.00
94,100047,1048,2,18.53,0.05
95,100048,1055,4,50.44,0.15
96,100048,1063,2,14.47,0.05
97,100049,1066,3,18.19,0.00
98,100050,1016,2,23.24,0.05
99,100050,1015,1,22.31,0.10
100,100051,1039,1,125.57,0.00
101,100051,1019,1,18.46,0.10
102,100051,1054,1,61.29,0.00
103,100051,1037,1,145.98,0.20
104,100052,1062,1,48.81,0.10
105,100053,1017,2,25.52,0.10
106,100053,1059,2,46.39,0.15
107,100053,1058,1,26.06,0.15
108,100054,1051,1,25.37,0.00
109,100055,1040,1,123.72,0.00
110,100055,1072,1,25.15,0.10
111,100056,1065,3,56.22,0.00
112,100056,1069,1,49.10,0.00
113,100056,1036,2,193.46,0.00
114,100057,1006,1,38.50,0.00
115,100058,1015,4,22.31,0.10
116,100059,1053,2,33.56,0.00
117,100060,1019,1,18.46,0.00
118,100061,1077,1,10.69,0.05
119,100062,1071,1,31.77,0.05
120,100063,1013,1,19.73,0.10
121,100063,1017,1,25.52,0.05
122,100063,1058,1,26.06,0.15
123,100063,1065,1,56.22,0.00
124,100064,1072,1,25.15,0.00
125,100065,1062,1,48.81,0.00
126,100065,1049,4,53.08,0.20
127,100065,1028,1,191.46,0.10
128,100065,1037,1,145.98,0.15
129,100066,1018,2,17.88,0.00
130,100067,1034,4,68.99,0.15
131,100067,1058,1,26.06,0.15
132,100067,1042,1,205.47,0.05
133,100067,1077,1,10.69,0.15
134,100068,1023,1,10.70,0.15
135,100068,1063,2,14.47,0.10
136,100068,1011,2,47.68,0.15
137,100068,1010,1,42.65,0.20
138,100069,1023,2,10.70,0.20
139,100070,1003,2,25.07,0.15
140,100071,1029,1,162.75,0.05
141,100071,1047,1,70.37,0.05
142,100071,1078,1,68.03,0.00
143,100072,1025,2,24.20,0.10
144,100073,1034,3,68.99,0.20
145,100074,1069,2,49.10,0.15
146,100074,1072,3,25.15,0.00
147,100075,1056,2,26.43,0.05
148,100075,1036,1,193.46,0.10
149,100075,1060,1,63.95,0.10
150,100075,1006,3,38.50,0.00
151,100076,1025,1,24.20,0.10
152,100077,1026,1,22.74,0.00
153,100077,1009,2,40.20,0.00
154,100077,1004,1,16.52,0.20
155,100077,1004,1,16.52,0.15
156,100078,1007,2,45.10,0.10
157,100079,1058,1,26.06,0.00
158,100080,1057,1,56.24,0.10
159,100081,1049,1,53.08,0.10
160,100082,1060,2,63.95,0.10
161,100082,1080,1,19.14,0.15
162,100083,1077,2,10.69,0.10
163,100084,1080,1,19.14,0.00
164,100085,1046,1,47.85,0.10
165,100085,1019,1,18.46,0.00
166,100086,1019,1,18.46,0.10
167,100086,1072,3,25.15,0.05
168,100087,1044,1,12.75,0.05
169,100087,1060,1,63.95,0.00
170,100087,1075,1,74.40,0.00
171,100088,1006,1,38.50,0.00
172,100088,1029,2,162.75,0.05
173,100088,1080,1,19.14,0.05
174,100089,1002,1,20.29,0.00
175,100090,1047,1,70.37,0.00
176,100090,1026,1,22.74,0.00
177,100091,1026,1,22.74,0.20
178,100092,1015,1,22.31,0.00
179,100092,1040,1,123.72,0.00
180,100093,1009,1,40.20,0.00
181,100093,1025,1,24.20,0.05
182,100093,1048,1,18.53,0.05
183,100094,1020,1,41.32,0.00
184,100094,1036,3,193.46,0.20
185,100095,1079,1,74.62,0.10
186,100095,1050,2,79.54,0.15
187,100095,1066,1,18.19,0.10
188,100096,1064,1,42.55,0.10
189,100096,1052,2,67.85,0.20
190,100097,1031,1,146.40,0.00
191,100097,1055,3,50.44,0.10
192,100098,1057,1,56.24,0.00
193,100099,1056,1,26.43,0.20
194,100099,1064,1,42.55,0.05
195,100100,1011,1,47.68,0.10
196,100101,1010,1,42.65,0.10
197,100102,1036,1,193.46,0.10
198,100102,1018,4,17.88,0.20
199,100103,1052,3,67.85,0.20
200,100104,1020,3,41.32,0.00
201,100104,1030,2,125.08,0.00
202,100104,1061,1,10.53,0.10
203,100105,1025,1,24.20,0.15
204,100106,1017,1,25.52,0.15
205,100107,1052,2,67.85,0.15
206,100108,1018,1,17.88,0.00
207,100109,1049,1,53.08,0.05
208,100110,1058,2,26.06,0.00
209,100110,1012,1,6.77,0.15
210,100111,1026,1,22.74,0.05
211,100112,1048,1,18.53,0.00
212,100112,1042,3,205.47,0.05
213,100113,1009,1,40.20,0.20
214,100113,1027,1,123.47,0.00
215,100114,1040,1,123.72,0.10
216,100114,1059,1,46.39,0.00
217,100115,1043,3,185.49,0.05
218,100116,1059,1,46.39,0.20
219,100116,1039,1,125.57,0.20
220,100117,1024,2,31.59,0.00
221,100117,1051,2,25.37,0.00
222,100118,1028,3,191.46,0.05
223,100118,1071,1,31.77,0.00
224,100118,1010,2,42.65,0.10
225,100118,1042,1,205.47,0.00
226,100119,1060,1,63.95,0.15
227,100119,1052,3,67.85,0.05
228,100120,1060,1,63.95,0.00
229,100121,1036,2,193.46,0.00
230,100122,1022,1,27.34,0.20
231,100122,1002,2,20.29,0.00
232,100123,1028,1,191.46,0.00
233,100123,1067,2,33.59,0.15
234,100124,1049,2,53.08,0.00
235,100125,1044,2,12.75,0.15
236,100125,1009,1,40.20,0.00
237,100125,1022,2,27.34,0.00
238,100125,1054,1,61.29,0.20
239,100126,1051,3,25.37,0.00
240,100126,1030,1,125.08,0.00
241,100126,1042,1,205.47,0.05
242,100126,1041,1,81.45,0.00
243,100127,1009,3,40.20,0.05
244,100128,1073,1,39.75,0.00
245,100128,1077,1,10.69,0.15
246,100128,1050,2,79.54,0.20
247,100129,1062,1,48.81,0.00
248,100129,1078,3,68.03,0.05
249,100129,1049,1,53.08,0.15
250,100130,1016,1,23.24,0.15
251,100130,1055,2,50.44,0.10
252,100131,1027,2,123.47,0.00
253,100132,1006,1,38.50,0.05
254,100133,1070,1,14.18,0.15
255,100134,1001,1,17.80,0.05
256,100135,1023,1,10.70,0.20
257,100136,1026,1,22.74,0.00
258,100137,1035,3,51.62,0.05
259,100137,1011,4,47.68,0.00
260,100138,1056,2,26.43,0.20
261,100138,1062,1,48.81,0.05
262,100139,1023,1,10.70,0.05
263,100140,1018,2,17.88,0.00
264,100141,1052,3,67.85,0.05
265,100142,1005,4,56.52,0.00
266,100143,1045,1,85.65,0.05
267,100143,1048,2,18.53,0.15
268,100143,1050,3,79.54,0.15
269,100144,1019,1,18.46,0.05
270,100144,1019,1,18.46,0.10
271,100145,1051,2,25.37,0.00
272,100145,1067,3,33.59,0.05
273,100145,1022,2,27.34,0.00
274,100145,1039,1,125.57,0.10
275,100146,1012,1,6.77,0.10
276,100146,1045,2,85.65,0.00
277,100146,1027,3,123.47,0.05
278,100146,1040,1,123.72,0.00
279,100147,1037,2,145.98,0.00
280,100148,1015,1,22.31,0.20
281,100149,1034,4,68.99,0.20
282,100149,1053,1,33.56,0.10
283,100149,1014,3,56.86,0.00
284,100150,1075,1,74.40,0.05
285,100151,1006,1,38.50,0.10
286,100151,1001,1,17.80,0.10
287,100151,1035,3,51.62,0.05
288,100152,1041,2,81.45,0.00
289,100153,1001,1,17.80,0.15
290,100153,1052,2,67.85,0.00
291,100153,1004,2,16.52,0.20
292,100154,1061,1,10.53,0.15
293,100154,1025,1,24.20,0.15
294,100155,1057,1,56.24,0.05
295,100155,1052,2,67.85,0.20
296,100156,1013,2,19.73,0.00
297,100156,1078,1,68.03,0.00
298,100156,1067,3,33.59,0.20
299,100157,1071,4,31.77,0.05
300,100157,1022,3,27.34,0.00
301,100158,1012,1,6.77,0.15
302,100158,1004,1,16.52,0.00
303,100158,1050,2,79.54,0.00
304,100158,1033,2,210.53,0.15
305,100159,1043,3,185.49,0.10
306,100160,1049,2,53.08,0.20
307,100160,1072,4,25.15,0.05
308,100161,1076,3,69.88,0.15
309,100162,1001,1,17.80,0.10
310,100162,1069,1,49.10,0.05
311,100163,1078,1,68.03,0.00
312,100164,1038,2,46.33,0.05
313,100164,1059,1,46.39,0.00
314,100164,1019,2,18.46,0.20
315,100165,1074,1,27.33,0.20
316,100166,1020,2,41.32,0.00
317,100166,1029,2,162.75,0.00
318,100166,1023,3,10.70,0.15
319,100167,1003,1,25.07,0.00
320,100168,1037,1,145.98,0.00
321,100168,1071,1,31.77,0.00
322,100169,1059,2,46.39,0.10
323,100169,1018,1,17.88,0.05
324,100170,1047,2,70.37,0.10
325,100170,1014,2,56.86,0.20
326,100171,1008,1,25.87,0.05
327,100172,1020,2,41.32,0.05
328,100172,1032,1,104.13,0.00
329,100173,1049,2,53.08,0.20
330,100173,1012,2,6.77,0.20
331,100174,1011,1,47.68,0.15
332,100175,1013,2,19.73,0.00
333,100175,1050,1,79.54,0.15
334,100176,1069,1,49.10,0.20
335,100176,1003,1,25.07,0.20
336,100177,1016,2,23.24,0.00
337,100177,1016,1,23.24,0.10
338,100178,1027,2,123.47,0.00
339,100179,1039,1,125.57,0.10
340,100180,1067,3,33.59,0.00
341,100181,1046,2,47.85,0.10
342,100181,1027,2,123.47,0.15
343,100182,1018,2,17.88,0.00
344,100182,1076,1,69.88,0.00
345,100182,1080,1,19.14,0.10
346,100183,1033,2,210.53,0.15
347,100184,1025,2,24.20,0.10
348,100184,1066,2,18.19,0.05
349,100184,1020,1,41.32,0.20
350,100184,1056,1,26.43,0.10
351,100185,1009,1,40.20,0.00
352,100185,1047,3,70.37,0.20
353,100186,1029,1,162.75,0.00
354,100187,1013,1,19.73,0.15
355,100187,1074,3,27.33,0.10
356,100187,1035,2,51.62,0.00
357,100188,1069,1,49.10,0.20
358,100188,1052,1,67.85,0.00
359,100188,1034,1,68.99,0.10
360,100189,1048,2,18.53,0.00
361,100190,1060,1,63.95,0.00
362,100191,1040,1,123.72,0.00
363,100191,1012,2,6.77,0.00
364,100191,1031,3,146.40,0.00
365,100192,1002,4,20.29,0.05
366,100192,1066,3,18.19,0.00
367,100193,1052,1,67.85,0.00
368,100193,1001,2,17.80,0.15
369,100194,1068,2,35.89,0.00
370,100194,1078,1,68.03,0.00
371,100194,1068,3,35.89,0.00
372,100194,1010,1,42.65,0.00
373,100195,1015,1,22.31,0.15
374,100196,1034,1,68.99,0.15
375,100196,1073,1,39.75,0.00
376,100197,1001,2,17.80,0.00
377,100198,1046,1,47.85,0.05
378,100199,1063,1,14.47,0.20
379,100200,1024,1,31.59,0.00
380,100201,1056,1,26.43,0.20
381,100202,1043,3,185.49,0.00
382,100203,1064,2,42.55,0.15
383,100203,1017,1,25.52,0.20
384,100204,1015,4,22.31,0.20
385,100205,1007,2,45.10,0.00
386,100205,1055,4,50.44,0.15
387,100206,1032,2,104.13,0.15
388,100206,1066,1,18.19,0.00
389,100206,1015,3,22.31,0.15
390,100207,1065,2,56.22,0.00
391,100208,1036,4,193.46,0.00
392,100209,1068,1,35.89,0.15
393,100210,1007,1,45.10,0.00
394,100211,1007,1,45.10,0.00
395,100212,1056,1,26.43,0.05
396,100212,1047,1,70.37,0.00
397,100213,1047,2,70.37,0.10
398,100213,1068,2,35.89,0.00
399,100214,1078,1,68.03,0.10
400,100215,1044,1,12.75,0.05
401,100215,1026,1,22.74,0.00
402,100216,1072,4,25.15,0.00
403,100216,1058,2,26.06,0.00
404,100216,1056,1,26.43,0.05
405,100217,1017,1,25.52,0.10
406,100217,1008,2,25.87,0.15
407,100218,1022,1,27.34,0.10
408,100218,1050,1,79.54,0.05
409,100218,1052,2,67.85,0.00
410,100218,1024,1,31.59,0.10
411,100219,1068,1,35.89,0.20
412,100219,1029,1,162.75,0.00
413,100220,1019,3,18.46,0.00
414,100221,1027,1,123.47,0.00
415,100222,1071,1,31.77,0.00
416,100222,1053,3,33.56,0.00
417,100222,1042,4,205.47,0.15
418,100222,1002,2,20.29,0.00
419,100223,1075,1,74.40,0.15
420,100223,1049,3,53.08,0.00
421,100223,1078,1,68.03,0.20
422,100223,1057,1,56.24,0.00
423,100224,1056,1,26.43,0.05
424,100225,1073,1,39.75,0.15
425,100226,1051,2,25.37,0.00
426,100227,1052,1,67.85,0.10
427,100227,1018,2,17.88,0.20
428,100228,1006,1,38.50,0.20
429,100228,1011,1,47.68,0.15
430,100228,1077,1,10.69,0.00
431,100229,1018,1,17.88,0.10
432,100230,1035,2,51.62,0.00
433,100231,1054,1,61.29,0.00
434,100231,1004,1,16.52,0.05
435,100231,1019,1,18.46,0.00
436,100232,1022,4,27.34,0.00
437,100233,1011,3,47.68,0.10
438,100234,1020,3,41.32,0.15
439,100234,1039,2,125.57,0.00
440,100235,1010,2,42.65,0.20
441,100235,1020,2,41.32,0.00
442,100235,1041,1,81.45,0.05
443,100235,1062,2,48.81,0.00
444,100236,1017,1,25.52,0.05
445,100237,1043,1,185.49,0.15
446,100238,1069,2,49.10,0.05
447,100238,1011,1,47.68,0.05
448,100239,1047,1,70.37,0.20
449,100240,1045,1,85.65,0.20
450,100241,1032,1,104.13,0.00
451,100241,1008,2,25.87,0.00
452,100241,1019,1,18.46,0.00
453,100241,1055,1,50.44,0.15
454,100242,1047,1,70.37,0.00
455,100243,1018,2,17.88,0.15
456,100244,1002,1,20.29,0.00
457,100244,1008,3,25.87,0.00
458,100245,1059,1,46.39,0.20
459,100246,1012,1,6.77,0.00
460,100247,1072,2,25.15,0.00
461,100247,1060,1,63.95,0.15
462,100247,1052,2,67.85,0.00
463,100248,1047,2,70.37,0.20
464,100249,1077,1,10.69,0.00
465,100250,1073,1,39.75,0.10
466,100251,1046,2,47.85,0.05
467,100252,1013,1,19.73,0.15
468,100252,1065,1,56.22,0.20
469,100252,1020,1,41.32,0.20
470,100252,1049,1,53.08,0.20
471,100253,1012,4,6.77,0.00
472,100253,1028,2,191.46,0.15
473,100253,1019,2,18.46,0.00
474,100254,1044,1,12.75,0.00
475,100254,1044,1,12.75,0.10
476,100254,1056,1,26.43,0.15
477,100254,1050,1,79.54,0.10
478,100255,1002,1,20.29,0.20
479,100255,1040,1,123.72,0.20
480,100256,1009,1,40.20,0.00
481,100257,1061,4,10.53,0.20
482,100258,1047,3,70.37,0.05
483,100258,1053,3,33.56,0.15
484,100259,1053,1,33.56,0.00
485,100260,1072,1,25.15,0.20
486,100261,1050,3,79.54,0.15
487,100262,1014,1,56.86,0.15
488,100262,1014,3,56.86,0.05
489,100262,1056,1,26.43,0.00
490,100263,1061,1,10.53,0.05
491,100263,1005,1,56.52,0.05
492,100264,1049,1,53.08,0.20
493,100264,1047,2,70.37,0.05
494,100265,1035,1,51.62,0.00
495,100265,1011,1,47.68,0.00
496,100266,1028,2,191.46,0.00
497,100267,1022,1,27.34,0.05
498,100267,1062,1,48.81,0.15
499,100267,1021,4,16.90,0.05
500,100268,1026,1,22.74,0.15
501,100268,1075,2,74.40,0.00
502,100268,1041,1,81.45,0.05
503,100269,1034,1,68.99,0.00
504,100269,1058,3,26.06,0.20
505,100270,1025,1,24.20,0.10
506,100271,1074,4,27.33,0.00
507,100272,1064,2,42.55,0.05
508,100272,1053,1,33.56,0.00
509,100272,1070,1,14.18,0.20
510,100273,1077,1,10.69,0.05
511,100274,1080,3,19.14,0.20
512,100274,1013,4,19.73,0.20
513,100275,1080,3,19.14,0.00
514,100276,1028,1,191.46,0.05
515,100276,1071,1,31.77,0.00
516,100276,1061,4,10.53,0.00
517,100277,1001,3,17.80,0.20
518,100277,1029,1,162.75,0.00
519,100278,1054,1,61.29,0.00
520,100279,1043,1,185.49,0.10
521,100279,1056,1,26.43,0.05
522,100280,1017,3,25.52,0.05
523,100280,1023,1,10.70,0.00
524,100281,1016,2,23.24,0.20
525,100282,1012,1,6.77,0.05
526,100283,1011,1,47.68,0.00
527,100283,1017,4,25.52,0.15
528,100284,1032,2,104.13,0.20
529,100284,1049,2,53.08,0.15
530,100285,1075,3,74.40,0.00
531,100285,1059,3,46.39,0.00
532,100286,1047,3,70.37,0.00
533,100286,1051,1,25.37,0.20
534,100287,1049,3,53.08,0.15
535,100287,1058,2,26.06,0.00
536,100288,1005,1,56.52,0.00
537,100288,1045,1,85.65,0.10
538,100289,1025,2,24.20,0.10
539,100289,1003,1,25.07,0.20
540,100289,1020,1,41.32,0.00
541,100289,1015,3,22.31,0.00
542,100290,1036,1,193.46,0.00
543,100291,1066,3,18.19,0.00
544,100291,1033,1,210.53,0.15
545,100292,1063,1,14.47,0.05
546,100292,1055,1,50.44,0.00
547,100292,1041,2,81.45,0.10
548,100293,1009,1,40.20,0.00
549,100293,1066,1,18.19,0.05
550,100294,1051,1,25.37,0.00
551,100294,1042,1,205.47,0.00
552,100295,1041,1,81.45,0.00
553,100296,1072,1,25.15,0.00
554,100296,1078,1,68.03,0.00
555,100296,1014,1,56.86,0.15
556,100297,1041,2,81.45,0.00
557,100297,1026,1,22.74,0.05
558,100297,1064,1,42.55,0.00
559,100298,1031,1,146.40,0.00
560,100298,1003,2,25.07,0.20
561,100299,1005,3,56.52,0.10
562,100299,1006,1,38.50,0.00
563,100299,1009,1,40.20,0.20
564,100299,1054,2,61.29,0.00
565,100300,1007,1,45.10,0.15
566,100300,1059,1,46.39,0.15
567,100301,1002,1,20.29,0.00
568,100302,1069,4,49.10,0.15
569,100302,1007,1,45.10,0.20
570,100302,1006,1,38.50,0.00
571,100303,1022,3,27.34,0.10
572,100304,1053,2,33.56,0.15
573,100304,1016,1,23.24,0.00
574,100304,1074,1,27.33,0.05
575,100305,1038,2,46.33,0.00
576,100306,1010,4,42.65,0.00
577,100306,1028,1,191.46,0.00
578,100307,1068,1,35.89,0.00
579,100307,1040,2,123.72,0.15
580,100307,1020,2,41.32,0.00
581,100308,1066,1,18.19,0.05
582,100308,1025,1,24.20,0.05
583,100308,1022,2,27.34,0.20
584,100309,1031,1,146.40,0.05
585,100309,1024,1,31.59,0.05
586,100310,1056,1,26.43,0.05
587,100311,1007,2,45.10,0.15
588,100312,1078,1,68.03,0.05
589,100313,1005,1,56.52,0.00
590,100314,1052,1,67.85,0.00
591,100314,1029,2,162.75,0.15
592,100315,1077,1,10.69,0.00
593,100316,1031,1,146.40,0.15
594,100316,1009,1,40.20,0.00
595,100317,1023,4,10.70,0.00
596,100318,1032,1,104.13,0.00
597,100318,1003,1,25.07,0.00
598,100319,1043,1,185.49,0.15
599,100320,1046,1,47.85,0.00
600,100320,1067,2,33.59,0.20
601,100321,1019,4,18.46,0.20
602,100321,1029,2,162.75,0.00
603,100322,1047,1,70.37,0.00
604,100322,1025,3,24.20,0.05
605,100322,1014,4,56.86,0.15
606,100322,1070,3,14.18,0.05
607,100323,1076,1,69.88,0.00
608,100324,1016,1,23.24,0.05
609,100324,1073,4,39.75,0.20
610,100324,1045,1,85.65,0.00
611,100325,1072,2,25.15,0.00
612,100326,1037,2,145.98,0.00
613,100327,1007,1,45.10,0.00
614,100327,1037,2,145.98,0.10
615,100327,1072,1,25.15,0.00
616,100328,1038,1,46.33,0.05
617,100328,1046,1,47.85,0.15
618,100328,1050,1,79.54,0.00
619,100328,1034,3,68.99,0.10
620,100329,1018,2,17.88,0.00
621,100329,1033,1,210.53,0.10
622,100329,1026,1,22.74,0.00
623,100330,1056,1,26.43,0.10
624,100331,1055,1,50.44,0.05
625,100331,1060,1,63.95,0.10
626,100332,1032,1,104.13,0.00
627,100333,1051,1,25.37,0.15
628,100334,1008,1,25.87,0.15
629,100335,1008,1,25.87,0.10
630,100335,1066,2,18.19,0.00
631,100336,1020,1,41.32,0.00
632,100337,1078,3,68.03,0.10
633,100338,1051,1,25.37,0.00
634,100338,1039,1,125.57,0.00
635,100339,1079,1,74.62,0.00
636,100339,1003,1,25.07,0.20
637,100339,1031,1,146.40,0.15
638,100340,1076,1,69.88,0.15
639,100341,1019,1,18.46,0.05
640,100341,1016,1,23.24,0.00
641,100341,1075,1,74.40,0.15
642,100342,1059,1,46.39,0.00
643,100342,1046,1,47.85,0.20
644,100343,1023,2,10.70,0.00
645,100343,1073,1,39.75,0.15
646,100344,1062,1,48.81,0.05
647,100345,1068,1,35.89,0.15
648,100345,1042,1,205.47,0.10
649,100345,1045,1,85.65,0.20
650,100346,1014,1,56.86,0.15
651,100347,1023,2,10.70,0.05
652,100348,1010,1,42.65,0.00
653,100348,1078,2,68.03,0.00
654,100348,1023,1,10.70,0.15
655,100349,1033,1,210.53,0.15
656,100350,1025,1,24.20,0.00
657,100350,1013,1,19.73,0.20
658,100351,1044,1,12.75,0.15
659,100351,1068,1,35.89,0.20
660,100351,1027,1,123.47,0.05
661,100352,1057,1,56.24,0.05
662,100352,1010,1,42.65,0.00
663,100352,1067,1,33.59,0.00
664,100353,1038,3,46.33,0.00
665,100354,1074,1,27.33,0.10
666,100355,1015,1,22.31,0.00
667,100355,1004,1,16.52,0.05
668,100356,1043,3,185.49,0.15
669,100356,1008,1,25.87,0.00
670,100357,1054,1,61.29,0.10
671,100358,1005,1,56.52,0.00
672,100359,1026,1,22.74,0.20
673,100360,1017,1,25.52,0.05
674,100361,1048,1,18.53,0.00
675,100361,1056,3,26.43,0.00
676,100361,1030,1,125.08,0.00
677,100361,1030,1,125.08,0.20
678,100362,1008,1,25.87,0.00
679,100363,1032,4,104.13,0.00
680,100363,1078,1,68.03,0.15
681,100364,1046,3,47.85,0.20
682,100365,1032,1,104.13,0.00
683,100366,1080,1,19.14,0.00
684,100367,1027,1,123.47,0.15
685,100367,1019,1,18.46,0.00
686,100368,1035,1,51.62,0.05
687,100368,1039,2,125.57,0.00
688,100368,1008,1,25.87,0.10
689,100369,1027,1,123.47,0.15
690,100370,1004,3,16.52,0.20
691,100370,1044,3,12.75,0.00
692,100370,1076,1,69.88,0.00
693,100371,1008,2,25.87,0.10
694,100371,1050,4,79.54,0.15
695,100371,1037,3,145.98,0.10
696,100371,1060,1,63.95,0.15
697,100372,1031,1,146.40,0.00
698,100372,1036,2,193.46,0.00
699,100372,1011,4,47.68,0.20
700,100372,1070,1,14.18,0.10
701,100373,1078,1,68.03,0.00
702,100374,1002,1,20.29,0.00
703,100375,1011,1,47.68,0.10
704,100375,1071,1,31.77,0.00
705,100376,1030,2,125.08,0.00
706,100376,1080,2,19.14,0.00
707,100377,1041,1,81.45,0.15
708,100378,1046,1,47.85,0.00
709,100379,1010,1,42.65,0.00
710,100380,1037,1,145.98,0.00
711,100380,1078,2,68.03,0.00
712,100381,1006,1,38.50,0.00
713,100382,1066,2,18.19,0.15
714,100382,1045,3,85.65,0.05
715,100383,1011,4,47.68,0.00
716,100383,1073,1,39.75,0.10
717,100383,1071,2,31.77,0.10
718,100383,1016,2,23.24,0.10
719,100384,1025,2,24.20,0.00
720,100385,1015,2,22.31,0.05
721,100386,1062,2,48.81,0.05
722,100386,1054,1,61.29,0.20
723,100386,1017,3,25.52,0.00
724,100386,1053,2,33.56,0.15
725,100387,1053,1,33.56,0.00
726,100388,1002,1,20.29,0.05
727,100388,1034,2,68.99,0.15
728,100388,1061,2,10.53,0.00
729,100389,1068,3,35.89,0.05
730,100390,1044,3,12.75,0.00
731,100391,1046,3,47.85,0.05
732,100391,1058,2,26.06,0.05
733,100392,1066,1,18.19,0.00
734,100392,1076,1,69.88,0.15
735,100392,1059,1,46.39,0.05
736,100393,1039,1,125.57,0.00
737,100394,1037,1,145.98,0.00
738,100394,1023,4,10.70,0.00
739,100394,1027,1,123.47,0.00
740,100394,1074,3,27.33,0.00
741,100395,1029,3,162.75,0.00
742,100395,1034,4,68.99,0.20
743,100396,1066,2,18.19,0.00
744,100396,1077,3,10.69,0.10
745,100397,1074,1,27.33,0.05
746,100398,1016,1,23.24,0.05
747,100398,1064,1,42.55,0.20
748,100399,1029,2,162.75,0.00
749,100399,1021,1,16.90,0.00
750,100399,1059,2,46.39,0.10
751,100400,1067,1,33.59,0.20
752,100400,1072,2,25.15,0.15
753,100400,1005,3,56.52,0.15
754,100400,1002,1,20.29,0.10
755,100401,1024,2,31.59,0.00
756,100401,1017,1,25.52,0.00
757,100402,1023,1,10.70,0.15
758,100402,1034,2,68.99,0.15
759,100403,1039,2,125.57,0.00
760,100403,1063,1,14.47,0.15
761,100403,1051,1,25.37,0.10
762,100403,1062,1,48.81,0.00
763,100404,1015,1,22.31,0.00
764,100404,1015,1,22.31,0.05
765,100405,1004,1,16.52,0.10
766,100405,1028,3,191.46,0.20
767,100406,1051,2,25.37,0.05
768,100407,1006,1,38.50,0.05
769,100408,1079,2,74.62,0.00
770,100408,1078,1,68.03,0.15
771,100409,1071,1,31.77,0.00
772,100410,1051,3,25.37,0.00
773,100410,1038,2,46.33,0.00
774,100410,1043,1,185.49,0.10
775,100411,1065,1,56.22,0.05
776,100411,1006,1,38.50,0.00
777,100412,1016,2,23.24,0.05
778,100413,1065,2,56.22,0.20
779,100414,1076,2,69.88,0.00
780,100415,1036,1,193.46,0.00
781,100416,1053,1,33.56,0.05
782,100417,1051,4,25.37,0.20
783,100417,1070,2,14.18,0.05
784,100418,1062,1,48.81,0.15
785,100419,1022,1,27.34,0.05
786,100420,1073,2,39.75,0.00
787,100420,1064,1,42.55,0.00
788,100421,1001,1,17.80,0.00
789,100422,1060,2,63.95,0.10
790,100423,1002,1,20.29,0.15
791,100424,1022,2,27.34,0.10
792,100425,1016,1,23.24,0.00
793,100426,1038,1,46.33,0.00
794,100427,1043,3,185.49,0.15
795,100428,1020,1,41.32,0.00
796,100429,1008,2,25.87,0.10
797,100430,1002,3,20.29,0.00
798,100431,1033,1,210.53,0.15
799,100431,1026,1,22.74,0.00
800,100431,1014,2,56.86,0.00
801,100432,1050,1,79.54,0.20
802,100432,1076,2,69.88,0.20
803,100433,1012,3,6.77,0.10
804,100433,1019,1,18.46,0.05
805,100433,1001,1,17.80,0.00
806,100433,1018,1,17.88,0.05
807,100434,1051,1,25.37,0.05
808,100435,1078,2,68.03,0.00
809,100436,1033,2,210.53,0.10
810,100436,1056,2,26.43,0.00
811,100437,1079,1,74.62,0.00
812,100438,1047,1,70.37,0.00
813,100439,1002,2,20.29,0.00
814,100439,1036,2,193.46,0.05
815,100440,1061,4,10.53,0.15
816,100440,1059,1,46.39,0.05
817,100440,1070,2,14.18,0.00
818,100441,1017,1,25.52,0.20
819,100441,1016,1,23.24,0.15
820,100442,1079,2,74.62,0.00
821,100442,1041,3,81.45,0.00
822,100442,1076,2,69.88,0.00
823,100443,1008,1,25.87,0.20
824,100443,1065,1,56.22,0.00
825,100444,1053,1,33.56,0.15
826,100444,1001,1,17.80,0.10
827,100445,1060,1,63.95,0.00
828,100446,1022,2,27.34,0.00
829,100447,1025,2,24.20,0.15
830,100448,1073,1,39.75,0.00
831,100449,1057,1,56.24,0.05
832,100450,1022,1,27.34,0.20
833,100450,1075,1,74.40,0.10
834,100450,1073,1,39.75,0.15
835,100451,1065,1,56.22,0.15
836,100452,1005,3,56.52,0.10
837,100452,1024,1,31.59,0.05
838,100453,1042,2,205.47,0.15
839,100453,1046,3,47.85,0.00
840,100453,1021,1,16.90,0.00
841,100453,1044,2,12.75,0.00
842,100454,1057,2,56.24,0.05
843,100454,1076,1,69.88,0.05
844,100454,1052,1,67.85,0.00
845,100455,1030,2,125.08,0.10
846,100456,1004,1,16.52,0.00
847,100457,1018,1,17.88,0.00
848,100457,1007,4,45.10,0.00
849,100457,1019,2,18.46,0.05
850,100457,1051,1,25.37,0.00
851,100458,1027,1,123.47,0.15
852,100459,1013,1,19.73,0.15
853,100460,1032,2,104.13,0.00
854,100460,1050,1,79.54,0.20
855,100461,1055,1,50.44,0.10
856,100461,1010,1,42.65,0.15
857,100462,1047,1,70.37,0.20
858,100463,1018,1,17.88,0.00
859,100463,1028,1,191.46,0.00
860,100464,1062,1,48.81,0.05
861,100465,1011,1,47.68,0.15
862,100465,1013,2,19.73,0.05
863,100466,1002,1,20.29,0.15
864,100466,1052,1,67.85,0.00
865,100467,1058,1,26.06,0.20
866,100467,1061,2,10.53,0.20
867,100467,1069,4,49.10,0.00
868,100468,1001,1,17.80,0.15
869,100469,1007,1,45.10,0.00
870,100469,1016,3,23.24,0.05
871,100470,1038,2,46.33,0.00
872,100471,1039,2,125.57,0.10
873,100472,1011,1,47.68,0.00
874,100473,1080,1,19.14,0.20
875,100473,1068,1,35.89,0.00
876,100474,1013,1,19.73,0.15
877,100474,1011,1,47.68,0.15
878,100475,1011,2,47.68,0.05
879,100476,1032,2,104.13,0.00
880,100476,1048,1,18.53,0.00
881,100477,1078,1,68.03,0.00
882,100477,1037,1,145.98,0.05
883,100478,1077,2,10.69,0.15
884,100479,1079,1,74.62,0.15
885,100480,1061,3,10.53,0.00
886,100480,1044,1,12.75,0.00
887,100481,1022,2,27.34,0.00
888,100481,1052,1,67.85,0.20
889,100482,1068,1,35.89,0.00
890,100483,1080,1,19.14,0.05
891,100483,1054,4,61.29,0.00
892,100484,1049,2,53.08,0.20
893,100484,1016,1,23.24,0.00
894,100485,1052,1,67.85,0.00
895,100485,1028,1,191.46,0.10
896,100485,1036,1,193.46,0.00
897,100486,1029,3,162.75,0.05
898,100486,1060,1,63.95,0.05
899,100487,1060,2,63.95,0.15
900,100488,1004,2,16.52,0.00
901,100489,1003,1,25.07,0.00
902,100489,1022,1,27.34,0.05
903,100490,1071,1,31.77,0.00
904,100490,1021,1,16.90,0.15
905,100491,1038,1,46.33,0.00
906,100492,1031,2,146.40,0.05
907,100493,1021,1,16.90,0.15
908,100493,1009,1,40.20,0.00
909,100493,1053,3,33.56,0.05
910,100494,1078,2,68.03,0.10
911,100494,1004,1,16.52,0.20
912,100495,1066,2,18.19,0.05
913,100496,1015,2,22.31,0.00
914,100496,1053,2,33.56,0.00
915,100497,1059,3,46.39,0.05
916,100497,1032,2,104.13,0.00
917,100498,1077,1,10.69,0.00
918,100498,1019,1,18.46,0.00
919,100499,1021,1,16.90,0.00
920,100499,1061,2,10.53,0.15
921,100499,1038,1,46.33,0.20
922,100499,1017,1,25.52,0.00
923,100500,1019,1,18.46,0.00
924,100500,1047,2,70.37,0.15
925,100501,1076,3,69.88,0.00
926,100501,1067,1,33.59,0.20
927,100502,1049,1,53.08,0.00
928,100502,1044,1,12.75,0.00
929,100503,1046,1,47.85,0.10
930,100503,1002,2,20.29,0.20
931,100504,1013,4,19.73,0.10
932,100505,1011,4,47.68,0.00
933,100505,1058,1,26.06,0.00
934,100506,1032,1,104.13,0.15
935,100506,1059,1,46.39,0.10
936,100507,1009,3,40.20,0.00
937,100507,1067,1,33.59,0.00
938,100507,1030,1,125.08,0.20
939,100508,1010,1,42.65,0.00
940,100509,1063,1,14.47,0.00
941,100510,1025,1,24.20,0.15
942,100511,1064,2,42.55,0.00
943,100511,1065,1,56.22,0.00
944,100512,1065,1,56.22,0.05
945,100512,1015,4,22.31,0.00
946,100513,1009,2,40.20,0.15
947,100514,1024,1,31.59,0.00
948,100514,1030,1,125.08,0.10
949,100515,1079,1,74.62,0.15
950,100516,1079,2,74.62,0.00
951,100516,1067,4,33.59,0.15
952,100516,1077,2,10.69,0.20
953,100517,1048,1,18.53,0.00
954,100517,1046,2,47.85,0.00
955,100517,1058,1,26.06,0.10
956,100518,1018,4,17.88,0.20
957,100519,1038,2,46.33,0.00
958,100519,1042,1,205.47,0.05
959,100520,1057,3,56.24,0.00
960,100520,1010,1,42.65,0.00
961,100521,1063,1,14.47,0.10
962,100522,1048,1,18.53,0.00
963,100523,1053,2,33.56,0.20
964,100523,1020,1,41.32,0.10
965,100523,1026,1,22.74,0.05
966,100523,1032,1,104.13,0.10
967,100524,1009,3,40.20,0.15
968,100525,1042,1,205.47,0.05
969,100526,1003,1,25.07,0.15
970,100526,1053,1,33.56,0.20
971,100527,1003,1,25.07,0.00
972,100527,1065,3,56.22,0.00
973,100528,1073,1,39.75,0.10
974,100528,1015,1,22.31,0.20
975,100529,1010,2,42.65,0.05
976,100529,1036,1,193.46,0.15
977,100529,1020,2,41.32,0.00
978,100529,1024,2,31.59,0.00
979,100530,1003,1,25.07,0.00
980,100531,1020,1,41.32,0.00
981,100532,1074,3,27.33,0.15
982,100532,1074,1,27.33,0.20
983,100532,1019,1,18.46,0.00
984,100533,1009,1,40.20,0.00
985,100533,1030,2,125.08,0.00
986,100534,1046,1,47.85,0.05
987,100534,1016,2,23.24,0.05
988,100534,1004,1,16.52,0.15
989,100534,1027,1,123.47,0.05
990,100535,1023,1,10.70,0.10
991,100536,1078,1,68.03,0.00
992,100536,1054,1,61.29,0.00
993,100537,1001,1,17.80,0.05
994,100537,1052,4,67.85,0.00
995,100538,1039,1,125.57,0.15
996,100538,1011,2,47.68,0.20
997,100538,1050,3,79.54,0.00
998,100539,1073,1,39.75,0.10
999,100540,1038,1,46.33,0.05
1000,100540,1021,1,16.90,0.00
1001,100540,1067,4,33.59,0.15
1002,100541,1027,1,123.47,0.15
1003,100542,1061,1,10.53,0.20
1004,100543,1022,1,27.34,0.00
1005,100543,1045,3,85.65,0.00
1006,100544,1069,1,49.10,0.20
1007,100545,1017,1,25.52,0.10
1008,100545,1047,4,70.37,0.15
1009,100545,1013,1,19.73,0.15
1010,100545,1074,1,27.33,0.00
1011,100546,1013,2,19.73,0.00
1012,100547,1043,2,185.49,0.05
1013,100547,1076,1,69.88,0.10
1014,100548,1005,2,56.52,0.20
1015,100548,1050,2,79.54,0.20
1016,100549,1021,1,16.90,0.00
1017,100549,1074,1,27.33,0.20
1018,100549,1045,1,85.65,0.20
1019,100550,1057,1,56.24,0.00
1020,100551,1063,2,14.47,0.05
1021,100551,1013,2,19.73,0.00
1022,100551,1067,1,33.59,0.20
1023,100552,1059,2,46.39,0.00
1024,100553,1011,4,47.68,0.10
1025,100554,1029,2,162.75,0.00
1026,100554,1046,1,47.85,0.20
1027,100554,1020,1,41.32,0.10
1028,100555,1068,1,35.89,0.00
1029,100555,1013,2,19.73,0.15
1030,100556,1079,1,74.62,0.00
1031,100556,1036,1,193.46,0.05
1032,100556,1038,1,46.33,0.10
1033,100556,1054,3,61.29,0.05
1034,100557,1072,2,25.15,0.00
1035,100558,1062,2,48.81,0.20
1036,100559,1032,2,104.13,0.00
1037,100559,1029,4,162.75,0.00
1038,100560,1027,1,123.47,0.15
1039,100560,1036,2,193.46,0.00
1040,100561,1030,2,125.08,0.00
1041,100561,1016,1,23.24,0.10
1042,100562,1006,1,38.50,0.00
1043,100563,1063,2,14.47,0.00
1044,100563,1067,1,33.59,0.15
1045,100564,1056,1,26.43,0.15
1046,100564,1014,3,56.86,0.00
1047,100565,1046,1,47.85,0.00
1048,100565,1063,1,14.47,0.05
1049,100565,1029,1,162.75,0.15
1050,100566,1073,1,39.75,0.10
1051,100566,1049,1,53.08,0.00
1052,100567,1031,1,146.40,0.15
1053,100567,1078,1,68.03,0.05
1054,100567,1006,1,38.50,0.20
1055,100567,1057,3,56.24,0.10
1056,100568,1004,1,16.52,0.00
1057,100569,1004,2,16.52,0.20
1058,100570,1036,1,193.46,0.00
1059,100570,1042,1,205.47,0.15
1060,100570,1034,2,68.99,0.00
1061,100570,1027,1,123.47,0.20
1062,100571,1023,2,10.70,0.20
1063,100571,1012,1,6.77,0.10
1064,100571,1069,2,49.10,0.20
1065,100572,1052,1,67.85,0.05
1066,100573,1057,3,56.24,0.20
1067,100574,1065,2,56.22,0.10
1068,100575,1012,1,6.77,0.10
1069,100576,1050,1,79.54,0.15
1070,100577,1006,1,38.50,0.00
1071,100578,1029,1,162.75,0.20
1072,100579,1062,2,48.81,0.05
1073,100579,1072,1,25.15,0.10
1074,100579,1025,1,24.20,0.20
1075,100580,1034,2,68.99,0.00
1076,100580,1034,1,68.99,0.00
1077,100580,1031,1,146.40,0.00
1078,100580,1010,4,42.65,0.00
1079,100581,1065,2,56.22,0.10
1080,100581,1041,1,81.45,0.20
1081,100581,1078,1,68.03,0.00
1082,100581,1071,2,31.77,0.00
1083,100582,1076,1,69.88,0.00
1084,100583,1019,1,18.46,0.00
1085,100584,1056,2,26.43,0.00
1086,100584,1051,1,25.37,0.05
1087,100585,1066,3,18.19,0.00
1088,100585,1070,4,14.18,0.10
1089,100586,1016,2,23.24,0.00
1090,100587,1077,2,10.69,0.00
1091,100588,1013,3,19.73,0.10
1092,100589,1013,1,19.73,0.00
1093,100590,1045,4,85.65,0.15
1094,100591,1078,1,68.03,0.10
1095,100592,1001,1,17.80,0.00
1096,100592,1004,2,16.52,0.10
1097,100593,1024,1,31.59,0.00
1098,100593,1013,3,19.73,0.00
1099,100594,1023,1,10.70,0.20
1100,100594,1057,1,56.24,0.00
1101,100594,1069,3,49.10,0.20
1102,100595,1067,1,33.59,0.00
1103,100596,1071,2,31.77,0.20
1104,100596,1058,3,26.06,0.15
1105,100596,1071,1,31.77,0.00
1106,100596,1047,1,70.37,0.20
1107,100597,1062,2,48.81,0.15
1108,100597,1076,1,69.88,0.10
1109,100597,1012,2,6.77,0.00
1110,100597,1068,1,35.89,0.15
1111,100598,1018,1,17.88,0.00
1112,100599,1063,1,14.47,0.10
1113,100599,1062,2,48.81,0.00
1114,100600,1025,3,24.20,0.00
1115,100600,1076,2,69.88,0.10
1116,100600,1070,1,14.18,0.00
1117,100601,1069,1,49.10,0.20
1118,100602,1006,3,38.50,0.00
1119,100602,1059,3,46.39,0.00
1120,100603,1002,1,20.29,0.05
1121,100603,1027,3,123.47,0.00
1122,100604,1023,4,10.70,0.20
1123,100604,1030,1,125.08,0.20
1124,100604,1052,1,67.85,0.00
1125,100605,1074,2,27.33,0.15
1126,100606,1002,1,20.29,0.05
1127,100607,1077,1,10.69,0.15
1128,100607,1051,1,25.37,0.20
1129,100608,1021,3,16.90,0.05
1130,100609,1051,1,25.37,0.00
1131,100610,1026,4,22.74,0.10
1132,100610,1064,1,42.55,0.10
1133,100610,1005,1,56.52,0.00
1134,100611,1009,1,40.20,0.10
1135,100611,1048,1,18.53,0.00
1136,100611,1057,1,56.24,0.00
1137,100612,1020,1,41.32,0.00
1138,100612,1023,1,10.70,0.00
1139,100613,1025,1,24.20,0.15
1140,100614,1037,1,145.98,0.00
1141,100614,1071,4,31.77,0.00
1142,100615,1042,1,205.47,0.00
1143,100615,1014,2,56.86,0.00
1144,100616,1029,2,162.75,0.00
1145,100617,1074,2,27.33,0.00
1146,100617,1079,1,74.62,0.15
1147,100618,1062,3,48.81,0.00
1148,100618,1059,1,46.39,0.00
1149,100619,1033,3,210.53,0.00
1150,100619,1003,1,25.07,0.00
1151,100619,1019,1,18.46,0.05
1152,100619,1070,3,14.18,0.05
1153,100620,1058,1,26.06,0.05
1154,100621,1027,1,123.47,0.15
1155,100621,1025,1,24.20,0.20
1156,100622,1048,2,18.53,0.00
1157,100622,1051,1,25.37,0.00
1158,100622,1070,2,14.18,0.00
1159,100623,1050,3,79.54,0.05
1160,100624,1035,4,51.62,0.15
1161,100624,1073,2,39.75,0.15
1162,100625,1032,3,104.13,0.00
1163,100626,1005,2,56.52,0.20
1164,100626,1009,1,40.20,0.00
1165,100627,1020,4,41.32,0.00
1166,100628,1061,1,10.53,0.00
1167,100628,1038,1,46.33,0.20
1168,100628,1072,1,25.15,0.00
1169,100629,1061,2,10.53,0.00
1170,100629,1032,4,104.13,0.15
1171,100630,1049,1,53.08,0.20
1172,100631,1024,1,31.59,0.00
1173,100631,1063,3,14.47,0.10
1174,100632,1039,2,125.57,0.00
1175,100633,1011,1,47.68,0.20
1176,100633,1064,1,42.55,0.10
1177,100633,1054,4,61.29,0.00
1178,100634,1041,3,81.45,0.00
1179,100635,1059,2,46.39,0.00
1180,100636,1039,1,125.57,0.05
1181,100636,1049,1,53.08,0.15
1182,100637,1053,2,33.56,0.00
1183,100637,1045,2,85.65,0.10
1184,100637,1025,1,24.20,0.00
1185,100638,1066,3,18.19,0.00
1186,100638,1017,2,25.52,0.00
1187,100638,1032,1,104.13,0.00
1188,100638,1009,1,40.20,0.20
1189,100639,1044,3,12.75,0.10
1190,100639,1010,1,42.65,0.15
1191,100640,1018,1,17.88,0.15
1192,100641,1030,1,125.08,0.15
1193,100641,1011,1,47.68,0.15
1194,100641,1068,1,35.89,0.20
1195,100642,1076,3,69.88,0.00
1196,100642,1057,1,56.24,0.00
1197,100643,1025,2,24.20,0.15
1198,100643,1010,1,42.65,0.20
1199,100644,1053,1,33.56,0.00
1200,100645,1033,1,210.53,0.00
1201,100646,1056,1,26.43,0.20
1202,100647,1047,2,70.37,0.10
1203,100647,1009,1,40.20,0.15
1204,100648,1063,1,14.47,0.15
1205,100649,1060,1,63.95,0.20
1206,100650,1050,1,79.54,0.00
1207,100651,1056,2,26.43,0.15
1208,100652,1061,1,10.53,0.00
1209,100653,1071,1,31.77,0.00
1210,100653,1063,2,14.47,0.05
1211,100653,1056,1,26.43,0.20
1212,100653,1021,1,16.90,0.15
1213,100654,1078,1,68.03,0.00
1214,100654,1067,3,33.59,0.20
1215,100655,1040,2,123.72,0.05
1216,100656,1017,1,25.52,0.05
1217,100656,1009,1,40.20,0.00
1218,100657,1041,2,81.45,0.05
1219,100657,1036,1,193.46,0.10
1220,100657,1043,2,185.49,0.00
1221,100657,1042,2,205.47,0.10
1222,100658,1003,1,25.07,0.00
1223,100658,1050,2,79.54,0.10
1224,100659,1035,1,51.62,0.05
1225,100659,1025,2,24.20,0.00
1226,100659,1019,1,18.46,0.20
1227,100660,1080,1,19.14,0.00
1228,100661,1025,4,24.20,0.10
1229,100661,1078,1,68.03,0.15
1230,100662,1055,2,50.44,0.20
1231,100662,1002,1,20.29,0.00
1232,100662,1019,1,18.46,0.00
1233,100663,1021,1,16.90,0.20
1234,100664,1059,1,46.39,0.10
1235,100664,1017,1,25.52,0.00
1236,100665,1049,1,53.08,0.15
1237,100666,1005,2,56.52,0.00
1238,100666,1073,2,39.75,0.00
1239,100666,1066,1,18.19,0.15
1240,100667,1021,3,16.90,0.00
1241,100668,1009,1,40.20,0.10
1242,100669,1012,2,6.77,0.05
1243,100669,1021,1,16.90,0.20
1244,100670,1029,1,162.75,0.00
1245,100671,1051,1,25.37,0.20
1246,100672,1006,1,38.50,0.00
1247,100672,1027,1,123.47,0.05
1248,100673,1022,1,27.34,0.00
1249,100673,1069,1,49.10,0.15
1250,100674,1078,1,68.03,0.00
1251,100674,1042,3,205.47,0.05
1252,100674,1016,2,23.24,0.05
1253,100675,1027,1,123.47,0.00
1254,100675,1050,2,79.54,0.15
1255,100675,1027,1,123.47,0.10
1256,100676,1030,1,125.08,0.20
1257,100677,1043,1,185.49,0.15
1258,100677,1050,2,79.54,0.05
1259,100677,1051,2,25.37,0.00
1260,100678,1032,1,104.13,0.00
1261,100678,1001,3,17.80,0.10
1262,100679,1073,4,39.75,0.00
1263,100680,1048,1,18.53,0.05
1264,100680,1003,1,25.07,0.00
1265,100681,1027,1,123.47,0.15
1266,100681,1004,3,16.52,0.05
1267,100681,1023,1,10.70,0.00
1268,100682,1003,2,25.07,0.05
1269,100683,1064,1,42.55,0.05
1270,100684,1036,2,193.46,0.15
1271,100684,1062,1,48.81,0.00
1272,100685,1001,4,17.80,0.00
1273,100686,1007,1,45.10,0.00
1274,100687,1048,2,18.53,0.10
1275,100688,1048,1,18.53,0.00
1276,100688,1038,1,46.33,0.15
1277,100689,1018,1,17.88,0.00
1278,100690,1065,3,56.22,0.15
1279,100691,1074,1,27.33,0.20
1280,100692,1070,1,14.18,0.00
1281,100692,1074,1,27.33,0.10
1282,100692,1022,2,27.34,0.15
1283,100692,1043,1,185.49,0.00
1284,100693,1074,1,27.33,0.05
1285,100694,1025,2,24.20,0.20
1286,100694,1065,2,56.22,0.05
1287,100695,1027,1,123.47,0.00
1288,100696,1010,1,42.65,0.05
1289,100697,1039,1,125.57,0.00
1290,100697,1027,1,123.47,0.10
1291,100698,1005,1,56.52,0.00
1292,100698,1004,1,16.52,0.05
1293,100699,1045,3,85.65,0.15
1294,100699,1063,4,14.47,0.05
1295,100700,1011,1,47.68,0.20
1296,100700,1013,1,19.73,0.15
1297,100701,1058,1,26.06,0.05
1298,100701,1013,1,19.73,0.00
1299,100702,1036,2,193.46,0.05
1300,100703,1063,1,14.47,0.05
1301,100703,1038,3,46.33,0.00
1302,100704,1010,1,42.65,0.05
1303,100704,1032,1,104.13,0.20
1304,100704,1023,2,10.70,0.00
1305,100704,1039,1,125.57,0.00
1306,100705,1015,1,22.31,0.00
1307,100705,1017,2,25.52,0.10
1308,100705,1073,1,39.75,0.05
1309,100705,1047,2,70.37,0.05
1310,100706,1061,1,10.53,0.05
1311,100707,1046,1,47.85,0.10
1312,100707,1032,3,104.13,0.00
1313,100707,1016,1,23.24,0.00
1314,100707,1074,1,27.33,0.00
1315,100708,1024,1,31.59,0.00
1316,100708,1072,1,25.15,0.00
1317,100708,1019,1,18.46,0.15
1318,100708,1051,1,25.37,0.00
1319,100709,1039,3,125.57,0.00
1320,100709,1041,3,81.45,0.20
1321,100710,1023,1,10.70,0.15
1322,100711,1009,1,40.20,0.00
1323,100712,1029,2,162.75,0.05
1324,100713,1048,1,18.53,0.10
1325,100714,1021,1,16.90,0.10
1326,100714,1037,1,145.98,0.00
1327,100715,1019,2,18.46,0.00
1328,100715,1048,1,18.53,0.00
1329,100716,1042,3,205.47,0.20
1330,100716,1061,1,10.53,0.05
1331,100717,1018,1,17.88,0.00
1332,100717,1063,4,14.47,0.10
1333,100717,1067,2,33.59,0.00
1334,100718,1030,1,125.08,0.00
1335,100718,1031,1,146.40,0.00
1336,100719,1077,1,10.69,0.15
1337,100720,1025,2,24.20,0.00
1338,100720,1070,1,14.18,0.00
1339,100721,1032,1,104.13,0.20
1340,100721,1044,1,12.75,0.15
1341,100721,1064,1,42.55,0.05
1342,100722,1078,1,68.03,0.00
1343,100723,1033,3,210.53,0.05
1344,100723,1071,1,31.77,0.00
1345,100723,1066,1,18.19,0.00
1346,100724,1061,1,10.53,0.00
1347,100724,1016,1,23.24,0.00
1348,100725,1035,1,51.62,0.00
1349,100725,1055,1,50.44,0.15
1350,100726,1037,1,145.98,0.00
1351,100726,1029,2,162.75,0.10
1352,100727,1041,2,81.45,0.00
1353,100727,1050,1,79.54,0.10
1354,100728,1063,1,14.47,0.00
1355,100728,1053,1,33.56,0.05
1356,100728,1079,1,74.62,0.00
1357,100728,1029,1,162.75,0.00
1358,100729,1030,1,125.08,0.00
1359,100730,1049,1,53.08,0.20
1360,100730,1035,1,51.62,0.15
1361,100730,1063,1,14.47,0.10
1362,100731,1078,1,68.03,0.00
1363,100731,1010,2,42.65,0.15
1364,100731,1049,1,53.08,0.05
1365,100732,1030,1,125.08,0.05
1366,100732,1004,2,16.52,0.10
1367,100733,1074,1,27.33,0.05
1368,100734,1033,1,210.53,0.00
1369,100735,1067,1,33.59,0.20
1370,100735,1026,2,22.74,0.05
1371,100736,1079,2,74.62,0.00
1372,100737,1056,1,26.43,0.00
1373,100738,1080,1,19.14,0.15
1374,100738,1023,1,10.70,0.05
1375,100738,1055,3,50.44,0.00
1376,100739,1023,1,10.70,0.20
1377,100740,1024,1,31.59,0.00
1378,100740,1042,3,205.47,0.20
1379,100741,1018,1,17.88,0.05
1380,100742,1036,1,193.46,0.05
1381,100742,1023,2,10.70,0.15
1382,100743,1001,1,17.80,0.10
1383,100744,1067,1,33.59,0.10
1384,100744,1074,2,27.33,0.15
1385,100745,1017,2,25.52,0.00
1386,100745,1010,1,42.65,0.00
1387,100745,1039,1,125.57,0.05
1388,100746,1003,1,25.07,0.20
1389,100747,1051,1,25.37,0.00
1390,100747,1030,3,125.08,0.00
1391,100747,1063,1,14.47,0.15
1392,100748,1032,3,104.13,0.15
1393,100748,1013,1,19.73,0.00
1394,100748,1045,1,85.65,0.05
1395,100748,1056,1,26.43,0.00
1396,100749,1062,1,48.81,0.00
1397,100749,1025,1,24.20,0.10
1398,100749,1022,1,27.34,0.00
1399,100750,1048,1,18.53,0.05
1400,100750,1043,2,185.49,0.05
1401,100751,1016,3,23.24,0.20
1402,100751,1063,1,14.47,0.10
1403,100752,1020,3,41.32,0.05
1404,100752,1043,2,185.49,0.05
1405,100752,1035,1,51.62,0.20
1406,100752,1026,1,22.74,0.05
1407,100753,1025,1,24.20,0.00
1408,100753,1054,2,61.29,0.00
1409,100753,1055,1,50.44,0.00
1410,100753,1027,1,123.47,0.00
1411,100754,1022,3,27.34,0.05
1412,100755,1061,4,10.53,0.00
1413,100755,1074,1,27.33,0.20
1414,100755,1043,2,185.49,0.00
1415,100755,1068,1,35.89,0.15
1416,100756,1003,1,25.07,0.00
1417,100757,1076,1,69.88,0.20
1418,100758,1032,1,104.13,0.00
1419,100758,1013,2,19.73,0.10
1420,100758,1047,1,70.37,0.05
1421,100759,1009,2,40.20,0.00
1422,100759,1056,1,26.43,0.05
1423,100760,1040,1,123.72,0.05
1424,100761,1079,2,74.62,0.00
1425,100762,1011,2,47.68,0.00
1426,100763,1020,4,41.32,0.00
1427,100763,1061,1,10.53,0.00
1428,100763,1038,4,46.33,0.00
1429,100764,1005,4,56.52,0.00
1430,100765,1063,1,14.47,0.10
1431,100765,1038,2,46.33,0.10
1432,100765,1010,2,42.65,0.00
1433,100766,1066,1,18.19,0.10
1434,100766,1029,2,162.75,0.00
1435,100766,1051,3,25.37,0.15
1436,100767,1052,1,67.85,0.00
1437,100768,1011,1,47.68,0.00
1438,100769,1043,2,185.49,0.10
1439,100770,1071,2,31.77,0.00
1440,100770,1027,3,123.47,0.15
1441,100771,1033,1,210.53,0.20
1442,100772,1058,1,26.06,0.00
1443,100772,1055,2,50.44,0.20
1444,100772,1073,3,39.75,0.00
1445,100773,1043,1,185.49,0.00
1446,100773,1031,1,146.40,0.05
1447,100773,1036,3,193.46,0.15
1448,100774,1079,1,74.62,0.00
1449,100774,1014,1,56.86,0.20
1450,100775,1065,1,56.22,0.05
1451,100775,1068,4,35.89,0.10
1452,100775,1079,1,74.62,0.20
1453,100776,1059,1,46.39,0.00
1454,100776,1003,1,25.07,0.15
1455,100777,1078,1,68.03,0.00
1456,100777,1076,1,69.88,0.00
1457,100777,1039,3,125.57,0.20
1458,100777,1005,2,56.52,0.15
1459,100778,1058,1,26.06,0.00
1460,100779,1054,1,61.29,0.20
1461,100779,1040,2,123.72,0.15
1462,100779,1007,1,45.10,0.10
1463,100780,1050,1,79.54,0.00
1464,100780,1023,1,10.70,0.00
1465,100780,1002,2,20.29,0.00
1466,100781,1034,1,68.99,0.00
1467,100782,1013,2,19.73,0.00
1468,100783,1016,3,23.24,0.00
1469,100783,1031,1,146.40,0.20
1470,100783,1035,4,51.62,0.00
1471,100783,1058,1,26.06,0.10
1472,100784,1011,1,47.68,0.00
1473,100785,1003,3,25.07,0.10
1474,100786,1069,1,49.10,0.20
1475,100786,1045,1,85.65,0.20
1476,100786,1050,2,79.54,0.05
1477,100787,1062,2,48.81,0.15
1478,100788,1042,2,205.47,0.00
1479,100788,1006,1,38.50,0.00
1480,100789,1054,2,61.29,0.00
1481,100789,1041,3,81.45,0.00
1482,100790,1061,1,10.53,0.10
1483,100790,1044,1,12.75,0.20
1484,100791,1005,3,56.52,0.00
1485,100792,1053,4,33.56,0.10
1486,100793,1037,1,145.98,0.15
1487,100794,1015,1,22.31,0.00
1488,100795,1011,1,47.68,0.00
1489,100795,1040,2,123.72,0.10
1490,100796,1070,1,14.18,0.10
1491,100796,1039,1,125.57,0.05
1492,100796,1006,1,38.50,0.05
1493,100797,1076,1,69.88,0.05
1494,100798,1076,3,69.88,0.20
1495,100799,1014,2,56.86,0.00
1496,100799,1061,1,10.53,0.15
1497,100800,1001,2,17.80,0.00
1498,100800,1074,2,27.33,0.20
1499,100800,1025,1,24.20,0.00
1500,100800,1008,1,25.87,0.10
1501,100801,1076,1,69.88,0.10
1502,100802,1078,1,68.03,0.00
1503,100803,1075,1,74.40,0.15
1504,100803,1032,1,104.13,0.00
1505,100804,1028,1,191.46,0.00
1506,100805,1053,1,33.56,0.00
1507,100805,1058,1,26.06,0.15
1508,100806,1036,1,193.46,0.00
1509,100806,1019,1,18.46,0.00
1510,100807,1056,1,26.43,0.00
1511,100808,1019,1,18.46,0.00
1512,100808,1055,2,50.44,0.05
1513,100808,1068,1,35.89,0.05
1514,100809,1062,4,48.81,0.00
1515,100809,1021,1,16.90,0.05
1516,100809,1018,1,17.88,0.00
1517,100810,1015,1,22.31,0.00
1518,100810,1067,1,33.59,0.00
1519,100810,1035,3,51.62,0.10
1520,100810,1040,2,123.72,0.00
1521,100811,1032,2,104.13,0.15
1522,100812,1068,1,35.89,0.00
1523,100812,1042,2,205.47,0.20
1524,100813,1040,2,123.72,0.05
1525,100814,1078,1,68.03,0.00
1526,100814,1013,1,19.73,0.10
1527,100814,1026,3,22.74,0.00
1528,100815,1056,4,26.43,0.00
1529,100815,1010,1,42.65,0.00
1530,100816,1010,1,42.65,0.10
1531,100816,1057,2,56.24,0.00
1532,100817,1053,1,33.56,0.00
1533,100817,1076,3,69.88,0.00
1534,100817,1012,1,6.77,0.00
1535,100817,1079,1,74.62,0.20
1536,100818,1061,2,10.53,0.10
1537,100819,1028,2,191.46,0.00
1538,100819,1013,1,19.73,0.10
1539,100819,1030,3,125.08,0.00
1540,100820,1022,1,27.34,0.00
1541,100820,1074,1,27.33,0.00
1542,100821,1026,2,22.74,0.00
1543,100821,1017,1,25.52,0.00
1544,100822,1027,1,123.47,0.20
1545,100822,1039,2,125.57,0.05
1546,100822,1020,2,41.32,0.20
1547,100822,1021,1,16.90,0.00
1548,100823,1014,1,56.86,0.00
1549,100823,1028,1,191.46,0.05
1550,100823,1014,1,56.86,0.15
1551,100824,1076,3,69.88,0.10
1552,100824,1043,3,185.49,0.00
1553,100825,1079,2,74.62,0.05
1554,100826,1003,1,25.07,0.00
1555,100826,1049,2,53.08,0.05
1556,100826,1012,3,6.77,0.00
1557,100827,1072,1,25.15,0.15
1558,100827,1075,2,74.40,0.20
1559,100827,1018,1,17.88,0.00
1560,100828,1078,1,68.03,0.00
1561,100828,1031,1,146.40,0.00
1562,100829,1023,1,10.70,0.05
1563,100829,1027,1,123.47,0.20
1564,100830,1070,1,14.18,0.20
1565,100831,1005,2,56.52,0.20
1566,100832,1075,1,74.40,0.15
1567,100833,1048,1,18.53,0.15
1568,100833,1078,1,68.03,0.00
1569,100833,1046,1,47.85,0.15
1570,100834,1019,2,18.46,0.10
1571,100835,1023,2,10.70,0.00
1572,100836,1056,1,26.43,0.00
1573,100837,1044,1,12.75,0.15
1574,100838,1053,1,33.56,0.00
1575,100839,1022,2,27.34,0.05
1576,100840,1031,1,146.40,0.20
1577,100841,1080,2,19.14,0.20
1578,100842,1016,3,23.24,0.00
1579,100843,1034,4,68.99,0.15
1580,100844,1025,1,24.20,0.20
1581,100845,1009,1,40.20,0.05
1582,100846,1040,1,123.72,0.00
1583,100846,1003,1,25.07,0.05
1584,100847,1033,1,210.53,0.20
1585,100848,1048,2,18.53,0.20
1586,100849,1070,2,14.18,0.00
1587,100850,1036,3,193.46,0.10
1588,100851,1048,1,18.53,0.15
1589,100851,1065,1,56.22,0.20
1590,100852,1008,2,25.87,0.00
1591,100852,1005,1,56.52,0.15
1592,100852,1008,4,25.87,0.00
1593,100853,1025,2,24.20,0.00
1594,100853,1076,1,69.88,0.15
1595,100853,1016,1,23.24,0.00
1596,100854,1016,1,23.24,0.10
1597,100854,1026,1,22.74,0.00
1598,100855,1006,3,38.50,0.20
1599,100855,1005,2,56.52,0.00
1600,100855,1079,2,74.62,0.05
1601,100855,1042,4,205.47,0.00
1602,100856,1002,1,20.29,0.00
1603,100856,1027,2,123.47,0.20
1604,100857,1077,1,10.69,0.00
1605,100858,1037,2,145.98,0.10
1606,100859,1079,2,74.62,0.00
1607,100860,1074,1,27.33,0.10
1608,100860,1038,1,46.33,0.05
1609,100860,1068,1,35.89,0.20
1610,100861,1021,3,16.90,0.10
1611,100861,1078,1,68.03,0.00
1612,100861,1031,1,146.40,0.00
1613,100862,1038,1,46.33,0.10
1614,100862,1053,3,33.56,0.00
1615,100863,1055,1,50.44,0.20
1616,100863,1006,1,38.50,0.00
1617,100863,1015,2,22.31,0.05
1618,100863,1003,3,25.07,0.00
1619,100864,1012,2,6.77,0.20
1620,100864,1004,1,16.52,0.15
1621,100864,1059,1,46.39,0.15
1622,100865,1007,2,45.10,0.10
1623,100866,1055,2,50.44,0.15
1624,100866,1019,2,18.46,0.10
1625,100866,1034,1,68.99,0.00
1626,100867,1058,2,26.06,0.00
1627,100867,1039,1,125.57,0.20
1628,100868,1079,2,74.62,0.00
1629,100868,1014,2,56.86,0.05
1630,100869,1009,2,40.20,0.00
1631,100869,1074,1,27.33,0.00
1632,100870,1074,2,27.33,0.15
1633,100870,1054,2,61.29,0.10
1634,100871,1059,1,46.39,0.10
1635,100871,1038,1,46.33,0.20
1636,100871,1047,1,70.37,0.15
1637,100872,1065,3,56.22,0.10
1638,100873,1029,1,162.75,0.00
1639,100873,1056,1,26.43,0.10
1640,100873,1008,1,25.87,0.15
1641,100874,1054,4,61.29,0.00
1642,100874,1057,1,56.24,0.00
1643,100875,1042,2,205.47,0.10
1644,100875,1047,2,70.37,0.10
1645,100876,1001,3,17.80,0.05
1646,100876,1016,4,23.24,0.15
1647,100876,1073,2,39.75,0.00
1648,100876,1004,1,16.52,0.20
1649,100877,1035,1,51.62,0.10
1650,100878,1028,1,191.46,0.05
1651,100878,1055,1,50.44,0.20
1652,100878,1019,2,18.46,0.20
1653,100878,1068,1,35.89,0.00
1654,100879,1076,2,69.88,0.00
1655,100880,1022,1,27.34,0.00
1656,100880,1001,1,17.80,0.20
1657,100880,1066,1,18.19,0.05
1658,100881,1065,1,56.22,0.00
1659,100881,1025,2,24.20,0.00
1660,100881,1004,1,16.52,0.00
1661,100882,1078,1,68.03,0.15
1662,100883,1075,3,74.40,0.15
1663,100883,1053,2,33.56,0.00
1664,100884,1057,1,56.24,0.05
1665,100884,1021,1,16.90,0.05
1666,100885,1045,1,85.65,0.20
1667,100885,1012,2,6.77,0.05
1668,100886,1009,2,40.20,0.00
1669,100886,1003,1,25.07,0.10
1670,100886,1069,1,49.10,0.00
1671,100886,1026,1,22.74,0.00
1672,100887,1026,1,22.74,0.05
1673,100887,1014,1,56.86,0.00
1674,100887,1060,1,63.95,0.20
1675,100887,1022,2,27.34,0.00
1676,100888,1066,4,18.19,0.00
1677,100889,1025,1,24.20,0.00
1678,100890,1075,1,74.40,0.00
1679,100890,1051,1,25.37,0.00
1680,100890,1013,1,19.73,0.00
1681,100890,1007,1,45.10,0.00
1682,100891,1060,2,63.95,0.05
1683,100892,1012,3,6.77,0.20
1684,100893,1054,1,61.29,0.10
1685,100894,1055,3,50.44,0.00
1686,100895,1041,1,81.45,0.00
1687,100895,1030,1,125.08,0.05
1688,100896,1052,2,67.85,0.00
1689,100896,1059,1,46.39,0.00
1690,100897,1002,1,20.29,0.00
1691,100897,1049,1,53.08,0.00
1692,100897,1022,1,27.34,0.15
1693,100898,1047,1,70.37,0.00
1694,100898,1070,4,14.18,0.00
1695,100899,1023,1,10.70,0.10
1696,100899,1018,1,17.88,0.05
1697,100900,1035,1,51.62,0.10
1698,100900,1078,1,68.03,0.20
1699,100900,1070,3,14.18,0.00
1700,100901,1030,2,125.08,0.10
1701,100901,1056,4,26.43,0.10
1702,100902,1044,2,12.75,0.10
1703,100902,1066,1,18.19,0.00
1704,100902,1011,1,47.68,0.05
1705,100903,1046,3,47.85,0.00
1706,100904,1024,1,31.59,0.10
1707,100904,1058,1,26.06,0.20
1708,100904,1010,4,42.65,0.00
1709,100905,1080,1,19.14,0.05
1710,100906,1067,1,33.59,0.05
1711,100907,1024,2,31.59,0.20
1712,100908,1047,2,70.37,0.05
1713,100908,1049,2,53.08,0.00
1714,100909,1070,1,14.18,0.15
1715,100910,1076,1,69.88,0.00
1716,100911,1069,2,49.10,0.20
1717,100911,1035,2,51.62,0.20
1718,100911,1029,3,162.75,0.00
1719,100911,1070,4,14.18,0.10
1720,100912,1042,1,205.47,0.20
1721,100912,1044,2,12.75,0.05
1722,100913,1029,3,162.75,0.00
1723,100913,1044,1,12.75,0.20
1724,100913,1048,1,18.53,0.20
1725,100913,1065,1,56.22,0.15
1726,100914,1050,3,79.54,0.10
1727,100915,1034,1,68.99,0.00
1728,100916,1010,3,42.65,0.00
1729,100916,1062,1,48.81,0.00
1730,100916,1007,1,45.10,0.20
1731,100917,1051,1,25.37,0.00
1732,100918,1023,1,10.70,0.00
1733,100919,1058,3,26.06,0.00
1734,100919,1003,4,25.07,0.00
1735,100919,1020,2,41.32,0.15
1736,100920,1059,1,46.39,0.10
1737,100921,1017,2,25.52,0.00
1738,100921,1035,1,51.62,0.00
1739,100922,1043,1,185.49,0.20
1740,100922,1055,1,50.44,0.00
1741,100922,1075,1,74.40,0.20
1742,100923,1044,1,12.75,0.15
1743,100924,1041,2,81.45,0.20
1744,100924,1079,1,74.62,0.10
1745,100924,1017,1,25.52,0.10
1746,100924,1016,4,23.24,0.20
1747,100925,1040,1,123.72,0.00
1748,100926,1015,2,22.31,0.20
1749,100927,1027,2,123.47,0.05
1750,100928,1068,2,35.89,0.05
1751,100928,1076,2,69.88,0.15
1752,100928,1063,1,14.47,0.20
1753,100929,1038,2,46.33,0.00
1754,100929,1001,1,17.80,0.20
1755,100930,1068,1,35.89,0.20
1756,100930,1023,2,10.70,0.20
1757,100930,1014,2,56.86,0.00
1758,100930,1009,1,40.20,0.10
1759,100931,1002,3,20.29,0.10
1760,100932,1045,1,85.65,0.00
1761,100932,1061,1,10.53,0.15
1762,100933,1042,1,205.47,0.00
1763,100933,1072,2,25.15,0.05
1764,100934,1080,1,19.14,0.20
1765,100935,1007,1,45.10,0.00
1766,100936,1026,1,22.74,0.15
1767,100936,1028,3,191.46,0.15
1768,100937,1074,4,27.33,0.10
1769,100938,1075,1,74.40,0.00
1770,100938,1031,1,146.40,0.00
1771,100938,1031,3,146.40,0.00
1772,100939,1040,1,123.72,0.00
1773,100939,1063,2,14.47,0.05
1774,100940,1074,1,27.33,0.20
1775,100940,1033,1,210.53,0.20
1776,100940,1064,2,42.55,0.15
1777,100940,1015,1,22.31,0.05
1778,100941,1021,1,16.90,0.00
1779,100942,1042,1,205.47,0.10
1780,100943,1013,1,19.73,0.00
1781,100943,1051,2,25.37,0.15
1782,100943,1007,1,45.10,0.00
1783,100944,1060,1,63.95,0.10
1784,100944,1073,1,39.75,0.15
1785,100944,1027,2,123.47,0.15
1786,100945,1008,2,25.87,0.20
1787,100946,1011,2,47.68,0.20
1788,100947,1027,3,123.47,0.10
1789,100947,1012,1,6.77,0.00
1790,100947,1074,1,27.33,0.15
1791,100948,1066,1,18.19,0.10
1792,100948,1026,3,22.74,0.10
1793,100949,1015,1,22.31,0.00
1794,100950,1059,1,46.39,0.20
1795,100950,1018,1,17.88,0.10
1796,100951,1006,1,38.50,0.15
1797,100951,1005,1,56.52,0.15
1798,100951,1044,2,12.75,0.10
1799,100951,1057,3,56.24,0.00
1800,100952,1027,1,123.47,0.15
1801,100953,1014,1,56.86,0.20
1802,100953,1037,1,145.98,0.00
1803,100953,1037,1,145.98,0.10
1804,100954,1042,4,205.47,0.00
1805,100954,1077,1,10.69,0.00
1806,100955,1049,2,53.08,0.00
1807,100956,1075,1,74.40,0.00
1808,100957,1046,1,47.85,0.10
1809,100958,1010,3,42.65,0.20
1810,100959,1047,2,70.37,0.05
1811,100960,1057,2,56.24,0.00
1812,100960,1056,1,26.43,0.10
1813,100961,1014,1,56.86,0.00
1814,100961,1021,2,16.90,0.15
1815,100962,1003,2,25.07,0.05
1816,100963,1040,2,123.72,0.00
1817,100964,1023,3,10.70,0.00
1818,100965,1006,1,38.50,0.20
1819,100966,1053,1,33.56,0.00
1820,100966,1058,1,26.06,0.20
1821,100966,1012,1,6.77,0.05
1822,100966,1067,1,33.59,0.00
1823,100967,1076,1,69.88,0.15
1824,100968,1014,1,56.86,0.05
1825,100969,1068,4,35.89,0.05
1826,100970,1003,1,25.07,0.00
1827,100971,1055,1,50.44,0.05
1828,100972,1026,2,22.74,0.00
1829,100972,1057,3,56.24,0.20
1830,100972,1056,3,26.43,0.05
1831,100972,1020,1,41.32,0.10
1832,100973,1005,1,56.52,0.00
1833,100973,1052,1,67.85,0.00
1834,100974,1007,1,45.10,0.05
1835,100974,1060,1,63.95,0.00
1836,100974,1005,1,56.52,0.15
1837,100975,1035,1,51.62,0.00
1838,100975,1032,2,104.13,0.15
1839,100976,1005,2,56.52,0.00
1840,100976,1077,2,10.69,0.05
1841,100977,1060,1,63.95,0.15
1842,100978,1049,4,53.08,0.00
1843,100979,1032,1,104.13,0.00
1844,100979,1042,1,205.47,0.00
1845,100980,1079,1,74.62,0.00
1846,100981,1018,1,17.88,0.05
1847,100981,1007,1,45.10,0.20
1848,100981,1070,2,14.18,0.00
1849,100981,1012,1,6.77,0.20
1850,100982,1070,3,14.18,0.20
1851,100983,1077,1,10.69,0.20
1852,100983,1075,1,74.40,0.00
1853,100984,1076,4,69.88,0.15
1854,100984,1066,1,18.19,0.20
1855,100985,1016,1,23.24,0.00
1856,100986,1065,1,56.22,0.00
1857,100987,1061,1,10.53,0.15
1858,100988,1052,1,67.85,0.15
1859,100989,1022,1,27.34,0.05
1860,100989,1072,3,25.15,0.00
1861,100990,1007,1,45.10,0.10
1862,100990,1046,1,47.85,0.00
1863,100991,1064,3,42.55,0.15
1864,100992,1072,1,25.15,0.15
1865,100992,1049,1,53.08,0.20
1866,100993,1038,2,46.33,0.10
1867,100994,1034,3,68.99,0.05
1868,100994,1004,1,16.52,0.10
1869,100995,1050,1,79.54,0.00
1870,100996,1001,1,17.80,0.10
1871,100996,1029,1,162.75,0.05
1872,100997,1034,1,68.99,0.00
1873,100998,1009,1,40.20,0.00
1874,100998,1028,4,191.46,0.00
1875,100999,1027,2,123.47,0.00
1876,101000,1032,1,104.13,0.00
1877,101001,1003,3,25.07,0.00
1878,101001,1036,2,193.46,0.05
1879,101001,1019,1,18.46,0.10
1880,101002,1036,1,193.46,0.10
1881,101002,1054,1,61.29,0.00
1882,101003,1034,1,68.99,0.10
1883,101003,1070,2,14.18,0.10
1884,101004,1035,1,51.62,0.00
1885,101005,1080,1,19.14,0.05
1886,101005,1049,3,53.08,0.10
1887,101005,1055,2,50.44,0.10
1888,101006,1057,1,56.24,0.10
1889,101006,1049,1,53.08,0.15
1890,101007,1007,1,45.10,0.10
1891,101007,1018,2,17.88,0.15
1892,101007,1024,1,31.59,0.15
1893,101008,1015,1,22.31,0.00
1894,101009,1051,1,25.37,0.00
1895,101009,1032,1,104.13,0.15
1896,101009,1017,1,25.52,0.10
1897,101010,1004,1,16.52,0.15
1898,101011,1023,1,10.70,0.05
1899,101011,1049,2,53.08,0.00
1900,101012,1056,1,26.43,0.00
1901,101013,1069,3,49.10,0.10
1902,101014,1078,1,68.03,0.00
1903,101014,1032,3,104.13,0.00
1904,101015,1054,1,61.29,0.00
1905,101016,1007,1,45.10,0.15
1906,101017,1058,1,26.06,0.05
1907,101018,1014,1,56.86,0.00
1908,101019,1067,2,33.59,0.00
1909,101020,1062,2,48.81,0.10
1910,101020,1017,1,25.52,0.00
1911,101020,1023,1,10.70,0.00
1912,101020,1057,3,56.24,0.00
1913,101021,1022,2,27.34,0.05
1914,101022,1030,2,125.08,0.05
1915,101022,1044,1,12.75,0.00
1916,101023,1022,1,27.34,0.00
1917,101023,1066,1,18.19,0.00
1918,101024,1047,2,70.37,0.00
1919,101024,1007,1,45.10,0.05
1920,101024,1033,1,210.53,0.00
1921,101025,1010,1,42.65,0.00
1922,101026,1063,2,14.47,0.10
1923,101026,1011,1,47.68,0.20
1924,101027,1022,1,27.34,0.00
1925,101027,1025,3,24.20,0.10
1926,101028,1002,2,20.29,0.00
1927,101029,1025,1,24.20,0.10
1928,101030,1030,1,125.08,0.00
1929,101031,1066,1,18.19,0.20
1930,101031,1051,1,25.37,0.10
1931,101032,1033,1,210.53,0.15
1932,101033,1069,3,49.10,0.15
1933,101034,1014,1,56.86,0.15
1934,101034,1042,1,205.47,0.10
1935,101034,1016,1,23.24,0.05
1936,101035,1073,1,39.75,0.10
1937,101035,1068,1,35.89,0.00
1938,101035,1077,1,10.69,0.00
1939,101036,1018,1,17.88,0.00
1940,101036,1005,2,56.52,0.20
1941,101036,1077,1,10.69,0.05
1942,101037,1076,1,69.88,0.10
1943,101037,1031,1,146.40,0.20
1944,101038,1051,3,25.37,0.00
1945,101038,1073,1,39.75,0.00
1946,101039,1022,1,27.34,0.00
1947,101039,1015,1,22.31,0.00
1948,101039,1023,3,10.70,0.00
1949,101039,1009,2,40.20,0.05
1950,101040,1077,2,10.69,0.10
1951,101040,1062,2,48.81,0.00
1952,101041,1012,1,6.77,0.15
1953,101042,1011,1,47.68,0.20
1954,101042,1007,2,45.10,0.00
1955,101043,1076,1,69.88,0.15
1956,101044,1052,3,67.85,0.00
1957,101045,1010,1,42.65,0.15
1958,101046,1010,1,42.65,0.15
1959,101047,1029,4,162.75,0.00
1960,101047,1058,1,26.06,0.00
1961,101048,1006,1,38.50,0.00
1962,101048,1048,2,18.53,0.20
1963,101049,1069,2,49.10,0.10
1964,101050,1030,1,125.08,0.10
1965,101051,1063,2,14.47,0.00
1966,101051,1047,1,70.37,0.20
1967,101052,1049,1,53.08,0.10
1968,101052,1031,1,146.40,0.00
1969,101053,1067,1,33.59,0.20
1970,101053,1024,1,31.59,0.00
1971,101053,1011,1,47.68,0.00
1972,101053,1074,1,27.33,0.00
1973,101054,1059,1,46.39,0.00
1974,101054,1012,2,6.77,0.00
1975,101054,1063,1,14.47,0.10
1976,101054,1024,2,31.59,0.00
1977,101055,1052,3,67.85,0.05
1978,101055,1035,1,51.62,0.00
1979,101056,1034,2,68.99,0.00
1980,101057,1063,2,14.47,0.00
1981,101058,1017,2,25.52,0.00
1982,101058,1064,2,42.55,0.15
1983,101059,1044,1,12.75,0.00
1984,101060,1023,1,10.70,0.10
1985,101060,1079,1,74.62,0.15
1986,101060,1036,1,193.46,0.00
1987,101061,1058,1,26.06,0.00
1988,101061,1054,1,61.29,0.10
1989,101062,1008,1,25.87,0.10
1990,101062,1048,4,18.53,0.10
1991,101062,1023,2,10.70,0.20
1992,101062,1014,4,56.86,0.15
1993,101063,1047,1,70.37,0.20
1994,101064,1010,2,42.65,0.10
1995,101065,1012,3,6.77,0.10
1996,101065,1040,1,123.72,0.00
1997,101066,1053,1,33.56,0.10
1998,101066,1028,3,191.46,0.05
1999,101067,1053,2,33.56,0.00
2000,101067,1080,2,19.14,0.10
2001,101067,1019,4,18.46,0.00
2002,101068,1043,1,185.49,0.00
2003,101069,1038,1,46.33,0.20
2004,101069,1047,1,70.37,0.10
2005,101070,1035,4,51.62,0.05
2006,101071,1033,3,210.53,0.10
2007,101071,1065,1,56.22,0.00
2008,101071,1023,1,10.70,0.00
2009,101071,1049,3,53.08,0.20
2010,101072,1058,2,26.06,0.00
2011,101073,1051,1,25.37,0.10
2012,101074,1042,1,205.47,0.05
2013,101074,1040,2,123.72,0.15
2014,101074,1077,1,10.69,0.00
2015,101074,1013,4,19.73,0.00
2016,101075,1019,1,18.46,0.00
2017,101075,1057,2,56.24,0.00
2018,101076,1030,1,125.08,0.00
2019,101077,1041,2,81.45,0.10
2020,101078,1007,1,45.10,0.00
2021,101078,1044,1,12.75,0.15
2022,101079,1057,2,56.24,0.10
2023,101079,1044,1,12.75,0.00
2024,101080,1060,1,63.95,0.00
2025,101080,1046,2,47.85,0.10
2026,101080,1047,2,70.37,0.00
2027,101081,1028,4,191.46,0.20
2028,101081,1002,1,20.29,0.10
2029,101082,1055,1,50.44,0.10
2030,101082,1037,1,145.98,0.10
2031,101082,1039,2,125.57,0.00
2032,101083,1070,1,14.18,0.20
2033,101084,1010,1,42.65,0.05
2034,101085,1055,3,50.44,0.20
2035,101086,1006,2,38.50,0.00
2036,101086,1062,1,48.81,0.15
2037,101087,1048,3,18.53,0.00
2038,101088,1043,1,185.49,0.00
2039,101088,1021,2,16.90,0.20
2040,101088,1002,1,20.29,0.00
2041,101089,1069,1,49.10,0.10
2042,101090,1029,1,162.75,0.20
2043,101091,1054,2,61.29,0.00
2044,101091,1046,1,47.85,0.15
2045,101092,1015,1,22.31,0.05
2046,101093,1043,4,185.49,0.05
2047,101094,1024,1,31.59,0.10
2048,101094,1076,2,69.88,0.00
2049,101094,1022,1,27.34,0.00
2050,101095,1019,1,18.46,0.00
2051,101095,1067,1,33.59,0.00
2052,101095,1060,4,63.95,0.00
2053,101096,1021,1,16.90,0.20
2054,101096,1071,1,31.77,0.00
2055,101096,1056,2,26.43,0.00
2056,101097,1068,2,35.89,0.10
2057,101098,1014,2,56.86,0.10
2058,101099,1076,3,69.88,0.10
2059,101100,1006,2,38.50,0.20
2060,101100,1044,3,12.75,0.05
2061,101101,1020,1,41.32,0.10
2062,101102,1007,2,45.10,0.10
2063,101102,1018,1,17.88,0.20
2064,101102,1062,1,48.81,0.00
2065,101103,1030,1,125.08,0.00
2066,101103,1008,1,25.87,0.00
2067,101104,1068,2,35.89,0.00
2068,101105,1017,2,25.52,0.15
2069,101106,1020,1,41.32,0.00
2070,101107,1048,2,18.53,0.00
2071,101108,1051,1,25.37,0.15
2072,101109,1059,1,46.39,0.05
2073,101109,1075,1,74.40,0.10
2074,101109,1029,1,162.75,0.00
2075,101110,1010,1,42.65,0.05
2076,101110,1078,1,68.03,0.00
2077,101111,1070,2,14.18,0.00
2078,101111,1080,1,19.14,0.00
2079,101111,1020,1,41.32,0.20
2080,101112,1072,3,25.15,0.20
2081,101113,1020,1,41.32,0.10
2082,101113,1051,1,25.37,0.00
2083,101114,1056,1,26.43,0.00
2084,101115,1002,1,20.29,0.10
2085,101116,1056,3,26.43,0.00
2086,101117,1018,3,17.88,0.15
2087,101118,1066,3,18.19,0.15
2088,101119,1080,3,19.14,0.00
2089,101119,1031,2,146.40,0.20
2090,101120,1072,1,25.15,0.00
2091,101121,1047,1,70.37,0.00
2092,101121,1032,1,104.13,0.00
2093,101122,1068,1,35.89,0.00
2094,101122,1048,4,18.53,0.00
2095,101122,1048,3,18.53,0.20
2096,101123,1076,2,69.88,0.15
2097,101123,1035,2,51.62,0.15
2098,101124,1035,1,51.62,0.15
2099,101124,1077,2,10.69,0.05
2100,101125,1037,1,145.98,0.10
2101,101126,1012,2,6.77,0.00
2102,101127,1058,1,26.06,0.20
2103,101128,1076,4,69.88,0.00
2104,101129,1034,2,68.99,0.10
2105,101129,1026,1,22.74,0.00
2106,101130,1008,1,25.87,0.05
2107,101131,1003,1,25.07,0.15
2108,101131,1016,1,23.24,0.10
2109,101131,1046,3,47.85,0.00
2110,101131,1016,1,23.24,0.15
2111,101132,1047,2,70.37,0.15
2112,101133,1064,1,42.55,0.05
2113,101134,1068,1,35.89,0.00
2114,101134,1019,1,18.46,0.05
2115,101135,1025,1,24.20,0.00
2116,101136,1046,2,47.85,0.20
2117,101136,1057,3,56.24,0.00
2118,101136,1004,3,16.52,0.00
2119,101136,1042,2,205.47,0.15
2120,101137,1017,1,25.52,0.00
2121,101137,1041,1,81.45,0.20
2122,101138,1016,2,23.24,0.00
2123,101138,1051,1,25.37,0.15
2124,101138,1012,1,6.77,0.00
2125,101138,1005,1,56.52,0.00
2126,101139,1023,3,10.70,0.00
2127,101139,1077,2,10.69,0.10
2128,101139,1063,2,14.47,0.00
2129,101140,1028,3,191.46,0.00
2130,101140,1022,1,27.34,0.15
2131,101140,1057,1,56.24,0.10
2132,101141,1061,2,10.53,0.20
2133,101142,1045,4,85.65,0.05
2134,101143,1024,1,31.59,0.05
2135,101144,1063,1,14.47,0.05
2136,101145,1072,2,25.15,0.00
2137,101145,1012,4,6.77,0.05
2138,101145,1056,3,26.43,0.20
2139,101145,1034,1,68.99,0.00
2140,101146,1027,4,123.47,0.00
2141,101147,1078,1,68.03,0.00
2142,101147,1045,1,85.65,0.15
2143,101148,1024,1,31.59,0.00
2144,101148,1052,1,67.85,0.00
2145,101149,1062,3,48.81,0.00
2146,101150,1063,1,14.47,0.20
2147,101150,1031,1,146.40,0.15
2148,101151,1042,1,205.47,0.15
2149,101151,1010,1,42.65,0.05
2150,101152,1030,1,125.08,0.15
2151,101152,1061,2,10.53,0.05
2152,101153,1073,1,39.75,0.00
2153,101154,1010,1,42.65,0.15
2154,101155,1074,2,27.33,0.10
2155,101155,1028,1,191.46,0.05
2156,101156,1018,1,17.88,0.00
2157,101156,1056,4,26.43,0.15
2158,101156,1002,1,20.29,0.20
2159,101157,1026,1,22.74,0.20
2160,101158,1005,1,56.52,0.10
2161,101158,1061,1,10.53,0.00
2162,101159,1024,1,31.59,0.15
2163,101159,1050,2,79.54,0.00
2164,101160,1070,1,14.18,0.00
2165,101160,1027,3,123.47,0.15
2166,101161,1043,1,185.49,0.00
2167,101161,1066,2,18.19,0.20
2168,101161,1075,2,74.40,0.00
2169,101162,1004,2,16.52,0.05
2170,101163,1037,1,145.98,0.15
2171,101163,1007,1,45.10,0.05
2172,101163,1072,1,25.15,0.00
2173,101164,1058,1,26.06,0.00
2174,101165,1005,1,56.52,0.00
2175,101166,1026,1,22.74,0.15
2176,101167,1011,1,47.68,0.15
2177,101167,1073,2,39.75,0.00
2178,101168,1060,2,63.95,0.00
2179,101169,1027,1,123.47,0.00
2180,101170,1073,2,39.75,0.10
2181,101170,1051,1,25.37,0.00
2182,101171,1038,2,46.33,0.00
2183,101171,1033,2,210.53,0.20
2184,101171,1040,2,123.72,0.05
2185,101172,1034,1,68.99,0.05
2186,101172,1037,1,145.98,0.00
2187,101173,1022,1,27.34,0.00
2188,101173,1076,1,69.88,0.05
2189,101174,1069,2,49.10,0.10
2190,101174,1075,3,74.40,0.00
2191,101174,1013,1,19.73,0.00
2192,101174,1002,4,20.29,0.20
2193,101175,1006,1,38.50,0.00
2194,101175,1067,1,33.59,0.00
2195,101175,1053,1,33.56,0.05
2196,101176,1039,1,125.57,0.05
2197,101177,1007,2,45.10,0.00
2198,101178,1043,3,185.49,0.20
2199,101178,1046,1,47.85,0.10
2200,101178,1051,1,25.37,0.10
2201,101179,1056,4,26.43,0.00
2202,101179,1074,2,27.33,0.00
2203,101180,1050,1,79.54,0.00
2204,101181,1024,1,31.59,0.05
2205,101182,1024,1,31.59,0.00
2206,101182,1014,1,56.86,0.00
2207,101183,1051,2,25.37,0.10
2208,101183,1004,1,16.52,0.20
2209,101183,1041,2,81.45,0.00
2210,101184,1012,2,6.77,0.05
2211,101185,1027,2,123.47,0.00
2212,101186,1072,2,25.15,0.00
2213,101187,1021,1,16.90,0.00
2214,101187,1067,4,33.59,0.10
2215,101188,1014,1,56.86,0.00
2216,101188,1030,1,125.08,0.00
2217,101189,1055,2,50.44,0.00
2218,101190,1045,2,85.65,0.00
2219,101190,1032,3,104.13,0.00
2220,101191,1023,3,10.70,0.15
2221,101191,1075,1,74.40,0.00
2222,101191,1063,1,14.47,0.00
2223,101191,1028,1,191.46,0.20
2224,101192,1075,2,74.40,0.20
2225,101192,1003,1,25.07,0.15
2226,101192,1021,4,16.90,0.15
2227,101192,1017,1,25.52,0.00
2228,101193,1070,1,14.18,0.20
2229,101193,1014,2,56.86,0.05
2230,101193,1064,1,42.55,0.00
2231,101194,1034,1,68.99,0.00
2232,101195,1019,1,18.46,0.20
2233,101195,1009,1,40.20,0.00
2234,101196,1051,2,25.37,0.00
2235,101197,1025,1,24.20,0.20
2236,101197,1010,2,42.65,0.00
2237,101198,1066,1,18.19,0.15
2238,101198,1045,4,85.65,0.10
2239,101199,1063,1,14.47,0.00
2240,101200,1033,2,210.53,0.00
2241,101200,1077,1,10.69,0.20
2242,101201,1050,2,79.54,0.00
2243,101201,1029,1,162.75,0.00
2244,101202,1023,1,10.70,0.00
2245,101203,1025,2,24.20,0.00
2246,101204,1003,1,25.07,0.20
2247,101205,1060,1,63.95,0.00
2248,101206,1010,2,42.65,0.20
2249,101206,1041,1,81.45,0.15
2250,101207,1027,1,123.47,0.10
2251,101208,1041,2,81.45,0.00
2252,101208,1046,1,47.85,0.00
2253,101209,1078,1,68.03,0.15
2254,101210,1010,1,42.65,0.20
2255,101211,1075,1,74.40,0.05
2256,101211,1032,1,104.13,0.15
2257,101211,1020,2,41.32,0.00
2258,101212,1043,2,185.49,0.10
2259,101213,1014,1,56.86,0.10
2260,101214,1021,1,16.90,0.15
2261,101215,1010,1,42.65,0.00
2262,101216,1054,1,61.29,0.05
2263,101217,1072,1,25.15,0.05
2264,101218,1023,1,10.70,0.10
2265,101218,1064,1,42.55,0.10
2266,101218,1062,1,48.81,0.00
2267,101219,1052,2,67.85,0.20
2268,101220,1015,2,22.31,0.15
2269,101220,1056,2,26.43,0.00
2270,101221,1021,2,16.90,0.10
2271,101222,1073,2,39.75,0.15
2272,101222,1015,1,22.31,0.20
2273,101222,1079,1,74.62,0.20
2274,101222,1053,1,33.56,0.10
2275,101223,1026,1,22.74,0.10
2276,101224,1022,2,27.34,0.00
2277,101225,1070,1,14.18,0.20
2278,101226,1032,3,104.13,0.00
2279,101227,1079,1,74.62,0.20
2280,101227,1073,2,39.75,0.00
2281,101227,1008,1,25.87,0.10
2282,101227,1056,1,26.43,0.05
2283,101228,1027,3,123.47,0.10
2284,101228,1079,3,74.62,0.15
2285,101228,1027,1,123.47,0.05
2286,101228,1053,3,33.56,0.00
2287,101229,1052,1,67.85,0.05
2288,101229,1014,1,56.86,0.10
2289,101229,1040,4,123.72,0.00
2290,101229,1001,4,17.80,0.00
2291,101230,1020,1,41.32,0.10
2292,101230,1066,2,18.19,0.00
2293,101231,1062,1,48.81,0.20
2294,101232,1006,1,38.50,0.15
2295,101233,1013,3,19.73,0.20
2296,101233,1035,1,51.62,0.00
2297,101234,1065,2,56.22,0.00
2298,101235,1039,1,125.57,0.05
2299,101235,1023,2,10.70,0.00
2300,101236,1050,2,79.54,0.10
2301,101237,1079,1,74.62,0.10
2302,101238,1002,2,20.29,0.15
2303,101239,1061,1,10.53,0.10
2304,101240,1080,1,19.14,0.00
2305,101241,1064,1,42.55,0.00
2306,101241,1080,3,19.14,0.00
2307,101242,1065,2,56.22,0.00
2308,101242,1053,1,33.56,0.00
2309,101243,1069,2,49.10,0.00
2310,101243,1049,1,53.08,0.10
2311,101244,1066,2,18.19,0.00
2312,101244,1042,4,205.47,0.00
2313,101245,1071,2,31.77,0.00
2314,101246,1014,2,56.86,0.00
2315,101247,1043,1,185.49,0.15
2316,101247,1070,1,14.18,0.10
2317,101247,1077,2,10.69,0.00
2318,101248,1058,2,26.06,0.00
2319,101248,1007,1,45.10,0.00
2320,101248,1045,2,85.65,0.20
2321,101248,1052,1,67.85,0.20
2322,101249,1050,1,79.54,0.10
2323,101249,1034,2,68.99,0.00
2324,101249,1057,4,56.24,0.15
2325,101249,1038,1,46.33,0.10
2326,101250,1068,1,35.89,0.05
2327,101250,1005,1,56.52,0.15
2328,101251,1038,1,46.33,0.00
2329,101252,1044,4,12.75,0.10
2330,101253,1017,1,25.52,0.00
2331,101253,1079,1,74.62,0.20
2332,101253,1062,1,48.81,0.05
2333,101254,1031,1,146.40,0.15
2334,101255,1050,1,79.54,0.00
2335,101255,1042,1,205.47,0.00
2336,101256,1069,1,49.10,0.00
2337,101256,1063,2,14.47,0.00
2338,101256,1037,1,145.98,0.00
2339,101257,1051,1,25.37,0.00
2340,101257,1012,3,6.77,0.00
2341,101258,1064,1,42.55,0.20
2342,101258,1035,1,51.62,0.10
2343,101258,1032,2,104.13,0.10
2344,101258,1042,2,205.47,0.00
2345,101259,1045,1,85.65,0.20
2346,101260,1011,1,47.68,0.00
2347,101261,1012,1,6.77,0.05
2348,101262,1019,1,18.46,0.20
2349,101263,1074,1,27.33,0.00
2350,101263,1038,2,46.33,0.10
2351,101264,1025,1,24.20,0.00
2352,101265,1067,3,33.59,0.00
2353,101266,1072,1,25.15,0.20
2354,101267,1056,1,26.43,0.15
2355,101267,1009,1,40.20,0.00
2356,101267,1057,2,56.24,0.05
2357,101268,1066,1,18.19,0.10
2358,101268,1073,3,39.75,0.00
2359,101268,1055,2,50.44,0.00
2360,101269,1049,3,53.08,0.10
2361,101269,1051,1,25.37,0.00
2362,101270,1033,3,210.53,0.15
2363,101270,1056,1,26.43,0.00
2364,101271,1015,1,22.31,0.10
2365,101271,1071,1,31.77,0.00
2366,101272,1044,1,12.75,0.15
2367,101272,1011,1,47.68,0.05
2368,101273,1066,2,18.19,0.00
2369,101274,1048,2,18.53,0.05
2370,101275,1067,2,33.59,0.20
2371,101276,1069,2,49.10,0.15
2372,101276,1010,2,42.65,0.00
2373,101277,1011,1,47.68,0.00
2374,101277,1075,1,74.40,0.00
2375,101278,1021,1,16.90,0.05
2376,101278,1067,1,33.59,0.00
2377,101278,1028,2,191.46,0.00
2378,101279,1011,1,47.68,0.10
2379,101280,1003,2,25.07,0.10
2380,101280,1074,2,27.33,0.00
2381,101280,1014,1,56.86,0.10
2382,101281,1075,1,74.40,0.20
2383,101281,1048,1,18.53,0.20
2384,101281,1041,2,81.45,0.10
2385,101281,1003,2,25.07,0.05
2386,101282,1016,1,23.24,0.00
2387,101282,1075,1,74.40,0.00
2388,101283,1041,1,81.45,0.00
2389,101283,1055,1,50.44,0.00
2390,101284,1006,1,38.50,0.00
2391,101284,1018,1,17.88,0.15
2392,101285,1068,1,35.89,0.05
2393,101285,1052,1,67.85,0.05
2394,101285,1011,1,47.68,0.00
2395,101286,1080,1,19.14,0.00
2396,101287,1038,1,46.33,0.00
2397,101287,1012,2,6.77,0.20
2398,101288,1015,1,22.31,0.00
2399,101289,1066,3,18.19,0.05
2400,101290,1049,1,53.08,0.00
2401,101291,1009,2,40.20,0.15
2402,101292,1042,2,205.47,0.00
2403,101292,1043,1,185.49,0.20
2404,101293,1005,1,56.52,0.10
2405,101293,1070,1,14.18,0.05
2406,101293,1028,1,191.46,0.00
2407,101293,1063,1,14.47,0.05
2408,101294,1059,1,46.39,0.20
2409,101294,1075,1,74.40,0.00
2410,101295,1052,1,67.85,0.20
2411,101296,1069,2,49.10,0.00
2412,101297,1045,1,85.65,0.15
2413,101297,1031,2,146.40,0.20
2414,101297,1043,1,185.49,0.05
2415,101298,1055,2,50.44,0.10
2416,101299,1005,1,56.52,0.00
2417,101299,1076,1,69.88,0.10
2418,101299,1009,1,40.20,0.00
2419,101300,1030,1,125.08,0.00
2420,101300,1061,1,10.53,0.20
2421,101301,1015,3,22.31,0.00
2422,101301,1025,1,24.20,0.15
2423,101302,1022,4,27.34,0.00
2424,101303,1046,1,47.85,0.00
2425,101303,1001,1,17.80,0.00
2426,101304,1035,1,51.62,0.00
2427,101304,1021,1,16.90,0.20
2428,101305,1040,1,123.72,0.15
2429,101305,1019,1,18.46,0.00
2430,101306,1050,4,79.54,0.20
2431,101306,1074,1,27.33,0.00
2432,101307,1024,1,31.59,0.00
2433,101307,1028,1,191.46,0.00
2434,101307,1014,1,56.86,0.10
2435,101308,1049,1,53.08,0.05
2436,101309,1020,2,41.32,0.00
2437,101310,1018,1,17.88,0.00
2438,101310,1026,1,22.74,0.10
2439,101310,1075,1,74.40,0.00
2440,101311,1018,1,17.88,0.20
2441,101311,1073,4,39.75,0.00
2442,101312,1058,1,26.06,0.00
2443,101312,1014,1,56.86,0.20
2444,101312,1049,1,53.08,0.15
2445,101313,1016,1,23.24,0.20
2446,101314,1015,4,22.31,0.00
2447,101314,1073,1,39.75,0.20
2448,101315,1007,4,45.10,0.00
2449,101316,1051,1,25.37,0.00
2450,101317,1003,1,25.07,0.00
2451,101318,1024,1,31.59,0.15
2452,101319,1060,2,63.95,0.00
2453,101320,1046,1,47.85,0.00
2454,101320,1015,1,22.31,0.00
2455,101320,1014,1,56.86,0.15
2456,101320,1015,1,22.31,0.10
2457,101321,1037,2,145.98,0.20
2458,101322,1066,2,18.19,0.00
2459,101322,1028,1,191.46,0.00
2460,101322,1002,1,20.29,0.00
2461,101323,1072,4,25.15,0.10
2462,101324,1011,1,47.68,0.00
2463,101324,1007,1,45.10,0.15
2464,101325,1042,4,205.47,0.00
2465,101325,1070,1,14.18,0.05
2466,101325,1035,1,51.62,0.00
2467,101326,1036,1,193.46,0.00
2468,101327,1019,3,18.46,0.00
2469,101327,1043,1,185.49,0.00
2470,101328,1038,2,46.33,0.05
2471,101329,1074,2,27.33,0.10
2472,101329,1012,1,6.77,0.00
2473,101330,1020,2,41.32,0.00
2474,101330,1064,1,42.55,0.05
2475,101330,1075,2,74.40,0.20
2476,101331,1044,1,12.75,0.20
2477,101332,1003,3,25.07,0.20
2478,101333,1013,2,19.73,0.00
2479,101334,1078,1,68.03,0.00
2480,101335,1003,1,25.07,0.00
2481,101336,1053,1,33.56,0.00
2482,101337,1035,3,51.62,0.05
2483,101337,1057,1,56.24,0.00
2484,101337,1013,1,19.73,0.00
2485,101338,1012,2,6.77,0.00
2486,101338,1018,2,17.88,0.10
2487,101339,1051,1,25.37,0.10
2488,101340,1018,1,17.88,0.20
2489,101341,1029,1,162.75,0.05
2490,101341,1003,1,25.07,0.00
2491,101341,1021,2,16.90,0.20
2492,101341,1072,4,25.15,0.10
2493,101342,1023,2,10.70,0.00
2494,101343,1005,1,56.52,0.10
2495,101344,1017,1,25.52,0.10
2496,101345,1023,1,10.70,0.00
2497,101345,1073,2,39.75,0.15
2498,101346,1069,2,49.10,0.00
2499,101346,1064,2,42.55,0.05
2500,101346,1042,1,205.47,0.20
2501,101346,1034,1,68.99,0.15
2502,101347,1029,3,162.75,0.00
2503,101348,1064,2,42.55,0.20
2504,101349,1031,1,146.40,0.05
2505,101350,1013,2,19.73,0.00
2506,101350,1059,2,46.39,0.00
2507,101350,1051,1,25.37,0.00
2508,101350,1066,1,18.19,0.05
2509,101351,1036,4,193.46,0.10
2510,101351,1057,3,56.24,0.05
2511,101351,1070,1,14.18,0.20
2512,101352,1075,1,74.40,0.00
2513,101352,1047,1,70.37,0.05
2514,101353,1019,1,18.46,0.00
2515,101354,1049,1,53.08,0.00
2516,101354,1020,1,41.32,0.20
2517,101354,1056,2,26.43,0.10
2518,101355,1052,2,67.85,0.00
2519,101356,1064,2,42.55,0.10
2520,101356,1071,1,31.77,0.00
2521,101357,1044,2,12.75,0.20
2522,101358,1068,1,35.89,0.10
2523,101358,1054,1,61.29,0.05
2524,101359,1013,4,19.73,0.00
2525,101360,1036,1,193.46,0.15
2526,101360,1024,1,31.59,0.00
2527,101361,1001,2,17.80,0.00
2528,101361,1064,1,42.55,0.15
2529,101362,1026,1,22.74,0.05
2530,101363,1005,3,56.52,0.00
2531,101363,1039,3,125.57,0.05
2532,101363,1015,1,22.31,0.20
2533,101364,1006,2,38.50,0.00
2534,101364,1050,3,79.54,0.00
2535,101365,1075,2,74.40,0.20
2536,101366,1010,1,42.65,0.05
2537,101366,1044,1,12.75,0.10
2538,101367,1057,1,56.24,0.00
2539,101367,1061,1,10.53,0.05
2540,101368,1055,1,50.44,0.15
2541,101369,1026,2,22.74,0.20
2542,101370,1069,1,49.10,0.00
2543,101370,1030,1,125.08,0.05
2544,101370,1072,3,25.15,0.00
2545,101371,1046,1,47.85,0.10
2546,101371,1005,1,56.52,0.15
2547,101372,1024,1,31.59,0.20
2548,101373,1071,1,31.77,0.05
2549,101373,1034,1,68.99,0.05
2550,101373,1003,1,25.07,0.05
2551,101374,1047,2,70.37,0.00
2552,101374,1012,1,6.77,0.15
2553,101375,1002,1,20.29,0.00
2554,101376,1028,2,191.46,0.15
2555,101377,1038,1,46.33,0.00
2556,101378,1010,2,42.65,0.00
2557,101378,1030,1,125.08,0.00
2558,101379,1071,4,31.77,0.15
2559,101379,1038,1,46.33,0.20
2560,101379,1032,1,104.13,0.20
2561,101380,1003,2,25.07,0.20
2562,101381,1075,2,74.40,0.20
2563,101381,1016,1,23.24,0.00
2564,101381,1071,1,31.77,0.15
2565,101382,1043,2,185.49,0.00
2566,101382,1030,1,125.08,0.20
2567,101382,1073,1,39.75,0.00
2568,101382,1044,1,12.75,0.00
2569,101383,1030,2,125.08,0.00
2570,101383,1020,1,41.32,0.00
2571,101384,1005,1,56.52,0.05
2572,101384,1014,1,56.86,0.00
2573,101385,1062,1,48.81,0.15
2574,101386,1040,4,123.72,0.10
2575,101386,1003,2,25.07,0.05
2576,101387,1024,1,31.59,0.00
2577,101387,1073,1,39.75,0.00
2578,101388,1067,2,33.59,0.00
2579,101389,1049,2,53.08,0.00
2580,101389,1062,3,48.81,0.20
2581,101390,1054,2,61.29,0.00
2582,101391,1061,2,10.53,0.05
2583,101391,1004,2,16.52,0.10
2584,101392,1048,2,18.53,0.00
2585,101392,1001,1,17.80,0.00
2586,101393,1011,4,47.68,0.00
2587,101394,1042,1,205.47,0.00
2588,101395,1033,1,210.53,0.20
2589,101396,1034,1,68.99,0.00
2590,101396,1062,1,48.81,0.05
2591,101396,1017,1,25.52,0.00
2592,101397,1014,1,56.86,0.00
2593,101398,1063,1,14.47,0.00
2594,101399,1071,1,31.77,0.10
2595,101400,1002,1,20.29,0.20
2596,101400,1023,1,10.70,0.00
2597,101400,1053,4,33.56,0.10
2598,101400,1071,1,31.77,0.00
2599,101401,1010,1,42.65,0.20
2600,101401,1003,3,25.07,0.20
2601,101402,1044,2,12.75,0.00
2602,101403,1033,3,210.53,0.05
2603,101403,1074,1,27.33,0.00
2604,101404,1072,1,25.15,0.00
2605,101405,1045,2,85.65,0.10
2606,101406,1017,1,25.52,0.00
2607,101406,1064,1,42.55,0.20
2608,101407,1007,1,45.10,0.20
2609,101408,1043,2,185.49,0.05
2610,101408,1022,1,27.34,0.00
2611,101409,1048,1,18.53,0.15
2612,101409,1001,1,17.80,0.10
2613,101410,1053,2,33.56,0.00
2614,101410,1022,1,27.34,0.00
2615,101410,1014,1,56.86,0.20
2616,101410,1022,1,27.34,0.00
2617,101411,1005,1,56.52,0.10
2618,101412,1025,1,24.20,0.00
2619,101413,1043,1,185.49,0.00
2620,101413,1015,2,22.31,0.15
2621,101413,1029,4,162.75,0.00
2622,101414,1072,1,25.15,0.20
2623,101414,1027,2,123.47,0.20
2624,101414,1032,1,104.13,0.00
2625,101415,1069,1,49.10,0.10
2626,101416,1035,1,51.62,0.10
2627,101416,1008,1,25.87,0.00
2628,101416,1077,1,10.69,0.20
2629,101417,1064,1,42.55,0.00
2630,101418,1002,1,20.29,0.10
2631,101419,1013,1,19.73,0.00
2632,101420,1052,1,67.85,0.05
2633,101421,1052,1,67.85,0.00
2634,101421,1019,2,18.46,0.10
2635,101422,1021,2,16.90,0.10
2636,101422,1035,1,51.62,0.00
2637,101423,1030,3,125.08,0.00
2638,101424,1075,2,74.40,0.00
2639,101425,1018,1,17.88,0.10
2640,101425,1017,1,25.52,0.15
2641,101426,1033,2,210.53,0.15
2642,101427,1001,1,17.80,0.10
2643,101427,1062,1,48.81,0.05
2644,101427,1064,2,42.55,0.20
2645,101427,1074,1,27.33,0.00
2646,101428,1080,3,19.14,0.00
2647,101429,1008,3,25.87,0.00
2648,101430,1022,4,27.34,0.00
2649,101430,1056,2,26.43,0.05
2650,101431,1062,1,48.81,0.10
2651,101432,1041,2,81.45,0.00
2652,101432,1075,1,74.40,0.10
2653,101433,1024,1,31.59,0.20
2654,101434,1025,1,24.20,0.00
2655,101434,1024,2,31.59,0.00
2656,101435,1023,1,10.70,0.20
2657,101435,1002,2,20.29,0.15
2658,101436,1052,1,67.85,0.20
2659,101437,1062,2,48.81,0.15
2660,101438,1011,1,47.68,0.00
2661,101438,1048,2,18.53,0.10
2662,101439,1076,1,69.88,0.20
2663,101440,1063,2,14.47,0.00
2664,101441,1008,1,25.87,0.05
2665,101441,1017,1,25.52,0.00
2666,101441,1068,2,35.89,0.00
2667,101442,1055,1,50.44,0.20
2668,101443,1026,2,22.74,0.00
2669,101444,1056,1,26.43,0.00
2670,101444,1013,1,19.73,0.00
2671,101445,1050,1,79.54,0.05
2672,101445,1054,3,61.29,0.20
2673,101446,1024,2,31.59,0.00
2674,101446,1036,3,193.46,0.20
2675,101447,1003,4,25.07,0.20
2676,101447,1064,2,42.55,0.10
2677,101448,1072,1,25.15,0.00
2678,101449,1055,2,50.44,0.20
2679,101450,1002,1,20.29,0.20
2680,101450,1038,2,46.33,0.00
2681,101451,1036,2,193.46,0.00
2682,101451,1026,1,22.74,0.15
2683,101452,1044,2,12.75,0.00
2684,101453,1076,2,69.88,0.20
2685,101454,1055,1,50.44,0.05
2686,101455,1034,1,68.99,0.05
2687,101455,1007,1,45.10,0.05
2688,101455,1011,1,47.68,0.05
2689,101455,1045,3,85.65,0.00
2690,101456,1009,1,40.20,0.00
2691,101457,1008,1,25.87,0.05
2692,101457,1022,1,27.34,0.00
2693,101458,1072,1,25.15,0.00
2694,101458,1031,1,146.40,0.20
2695,101459,1035,3,51.62,0.10
2696,101460,1028,1,191.46,0.05
2697,101461,1053,3,33.56,0.05
2698,101462,1058,1,26.06,0.10
2699,101462,1056,1,26.43,0.10
2700,101462,1043,2,185.49,0.20
2701,101463,1022,2,27.34,0.15
2702,101464,1042,2,205.47,0.20
2703,101464,1039,1,125.57,0.00
2704,101464,1016,2,23.24,0.00
2705,101465,1070,3,14.18,0.15
2706,101465,1057,1,56.24,0.05
2707,101465,1027,1,123.47,0.00
2708,101466,1002,1,20.29,0.20
2709,101466,1075,1,74.40,0.20
2710,101467,1063,1,14.47,0.00
2711,101467,1054,2,61.29,0.20
2712,101467,1027,2,123.47,0.00
2713,101467,1060,1,63.95,0.15
2714,101468,1076,1,69.88,0.00
2715,101469,1031,4,146.40,0.00
2716,101469,1077,2,10.69,0.00
2717,101469,1037,1,145.98,0.10
2718,101470,1044,2,12.75,0.05
2719,101471,1035,1,51.62,0.10
2720,101471,1036,2,193.46,0.00
2721,101471,1007,2,45.10,0.20
2722,101471,1010,1,42.65,0.10
2723,101472,1035,2,51.62,0.15
2724,101473,1007,1,45.10,0.15
2725,101473,1033,3,210.53,0.10
2726,101473,1019,3,18.46,0.15
2727,101474,1007,3,45.10,0.00
2728,101475,1066,2,18.19,0.00
2729,101476,1068,1,35.89,0.05
2730,101477,1042,2,205.47,0.00
2731,101477,1003,1,25.07,0.10
2732,101477,1065,2,56.22,0.00
2733,101478,1054,1,61.29,0.05
2734,101479,1061,1,10.53,0.00
2735,101480,1016,1,23.24,0.15
2736,101481,1077,1,10.69,0.15
2737,101482,1001,1,17.80,0.00
2738,101482,1038,2,46.33,0.15
2739,101482,1019,1,18.46,0.15
2740,101483,1020,4,41.32,0.05
2741,101483,1047,1,70.37,0.00
2742,101483,1071,3,31.77,0.10
2743,101483,1058,1,26.06,0.20
2744,101484,1038,1,46.33,0.00
2745,101485,1033,1,210.53,0.00
2746,101485,1069,2,49.10,0.20
2747,101485,1048,2,18.53,0.00
2748,101486,1066,1,18.19,0.00
2749,101486,1046,3,47.85,0.10
2750,101486,1058,4,26.06,0.00
2751,101487,1026,4,22.74,0.00
2752,101488,1068,1,35.89,0.10
2753,101488,1010,1,42.65,0.10
2754,101489,1007,4,45.10,0.00
2755,101490,1017,1,25.52,0.05
2756,101490,1051,1,25.37,0.05
2757,101491,1076,3,69.88,0.10
2758,101492,1032,1,104.13,0.20
2759,101492,1071,2,31.77,0.20
2760,101493,1048,3,18.53,0.05
2761,101493,1002,1,20.29,0.00
2762,101494,1078,2,68.03,0.00
2763,101494,1042,1,205.47,0.10
2764,101494,1025,4,24.20,0.10
2765,101495,1009,1,40.20,0.00
2766,101496,1040,2,123.72,0.15
2767,101496,1030,3,125.08,0.20
2768,101496,1037,2,145.98,0.10
2769,101496,1010,1,42.65,0.00
2770,101497,1070,1,14.18,0.00
2771,101498,1039,1,125.57,0.20
2772,101498,1018,1,17.88,0.00
2773,101499,1030,1,125.08,0.00
2774,101499,1004,1,16.52,0.05
2775,101500,1080,1,19.14,0.10
2776,101501,1001,1,17.80,0.15
2777,101502,1013,3,19.73,0.05
2778,101503,1038,2,46.33,0.00
2779,101503,1040,1,123.72,0.00
2780,101504,1025,1,24.20,0.10
2781,101504,1041,3,81.45,0.00
2782,101504,1002,1,20.29,0.05
2783,101504,1064,1,42.55,0.00
2784,101505,1074,2,27.33,0.00
2785,101506,1010,1,42.65,0.10
2786,101506,1062,1,48.81,0.05
2787,101507,1040,1,123.72,0.05
2788,101507,1037,1,145.98,0.00
2789,101507,1035,1,51.62,0.00
2790,101508,1009,3,40.20,0.00
2791,101509,1005,4,56.52,0.15
2792,101509,1072,3,25.15,0.00
2793,101510,1045,1,85.65,0.00
2794,101510,1050,1,79.54,0.00
2795,101511,1045,1,85.65,0.15
2796,101511,1011,2,47.68,0.20
2797,101512,1080,1,19.14,0.00
2798,101512,1032,2,104.13,0.00
2799,101513,1076,1,69.88,0.20
2800,101514,1003,4,25.07,0.00
2801,101515,1027,1,123.47,0.05
2802,101516,1052,2,67.85,0.00
2803,101516,1003,2,25.07,0.10
2804,101517,1012,4,6.77,0.05
2805,101517,1037,2,145.98,0.15
2806,101518,1017,1,25.52,0.00
2807,101518,1078,4,68.03,0.00
2808,101519,1056,1,26.43,0.10
2809,101519,1078,1,68.03,0.00
2810,101519,1077,1,10.69,0.15
2811,101520,1037,3,145.98,0.00
2812,101520,1012,1,6.77,0.20
2813,101521,1044,1,12.75,0.00
2814,101522,1052,1,67.85,0.05
2815,101522,1021,1,16.90,0.00
2816,101523,1035,1,51.62,0.00
2817,101523,1038,1,46.33,0.15
2818,101524,1026,1,22.74,0.20
2819,101524,1009,1,40.20,0.15
2820,101524,1010,2,42.65,0.10
2821,101524,1044,2,12.75,0.10
2822,101525,1017,3,25.52,0.00
2823,101525,1032,1,104.13,0.20
2824,101525,1074,1,27.33,0.00
2825,101525,1047,1,70.37,0.00
2826,101526,1063,2,14.47,0.05
2827,101527,1007,1,45.10,0.00
2828,101528,1068,3,35.89,0.00
2829,101529,1002,3,20.29,0.10
2830,101529,1006,1,38.50,0.00
2831,101530,1034,1,68.99,0.15
2832,101531,1030,3,125.08,0.10
2833,101531,1024,4,31.59,0.00
2834,101532,1060,1,63.95,0.20
2835,101532,1064,3,42.55,0.15
2836,101532,1042,1,205.47,0.00
2837,101533,1078,1,68.03,0.00
2838,101533,1043,1,185.49,0.00
2839,101534,1050,1,79.54,0.00
2840,101534,1068,1,35.89,0.20
2841,101535,1048,1,18.53,0.05
2842,101536,1053,1,33.56,0.05
2843,101537,1020,2,41.32,0.05
2844,101538,1010,1,42.65,0.00
2845,101539,1055,1,50.44,0.00
2846,101539,1041,1,81.45,0.00
2847,101539,1068,1,35.89,0.00
2848,101539,1048,1,18.53,0.00
2849,101540,1008,2,25.87,0.00
2850,101540,1047,1,70.37,0.15
2851,101541,1011,2,47.68,0.10
2852,101542,1052,1,67.85,0.05
2853,101542,1043,1,185.49,0.00
2854,101542,1071,1,31.77,0.00
2855,101542,1078,1,68.03,0.15
2856,101543,1024,4,31.59,0.15
2857,101543,1062,2,48.81,0.20
2858,101544,1024,1,31.59,0.10
2859,101545,1078,2,68.03,0.00
2860,101545,1018,1,17.88,0.20
2861,101545,1052,1,67.85,0.00
2862,101546,1051,3,25.37,0.05
2863,101547,1061,3,10.53,0.10
2864,101548,1031,2,146.40,0.00
2865,101549,1030,2,125.08,0.00
2866,101549,1067,1,33.59,0.00
2867,101550,1078,1,68.03,0.15
2868,101550,1062,1,48.81,0.00
2869,101551,1008,3,25.87,0.05
2870,101551,1042,1,205.47,0.15
2871,101551,1078,2,68.03,0.00
2872,101552,1037,4,145.98,0.00
2873,101553,1020,3,41.32,0.05
2874,101553,1058,1,26.06,0.00
2875,101554,1051,1,25.37,0.00
2876,101554,1062,1,48.81,0.20
2877,101554,1057,1,56.24,0.10
2878,101554,1047,1,70.37,0.05
2879,101555,1018,2,17.88,0.00
2880,101555,1005,2,56.52,0.20
2881,101555,1039,2,125.57,0.00
2882,101556,1047,1,70.37,0.05
2883,101556,1059,1,46.39,0.00
2884,101557,1006,1,38.50,0.05
2885,101558,1052,3,67.85,0.20
2886,101558,1034,3,68.99,0.15
2887,101558,1010,1,42.65,0.05
2888,101559,1028,4,191.46,0.15
2889,101560,1077,2,10.69,0.00
2890,101560,1077,3,10.69,0.10
2891,101560,1055,1,50.44,0.15
2892,101561,1027,1,123.47,0.05
2893,101561,1056,1,26.43,0.00
2894,101562,1013,1,19.73,0.10
2895,101563,1043,2,185.49,0.10
2896,101563,1044,1,12.75,0.00
2897,101563,1001,2,17.80,0.00
2898,101563,1058,1,26.06,0.15
2899,101564,1039,3,125.57,0.00
2900,101564,1023,2,10.70,0.15
2901,101565,1009,2,40.20,0.20
2902,101565,1065,1,56.22,0.00
2903,101566,1070,4,14.18,0.00
2904,101567,1026,2,22.74,0.00
2905,101567,1074,2,27.33,0.05
2906,101567,1040,1,123.72,0.10
2907,101567,1077,1,10.69,0.20
2908,101568,1057,2,56.24,0.10
2909,101569,1080,3,19.14,0.05
2910,101570,1074,3,27.33,0.05
2911,101570,1011,1,47.68,0.00
2912,101571,1065,1,56.22,0.00
2913,101571,1043,1,185.49,0.10
2914,101572,1023,1,10.70,0.05
2915,101573,1054,2,61.29,0.20
2916,101574,1033,1,210.53,0.00
2917,101575,1079,1,74.62,0.00
2918,101575,1001,1,17.80,0.20
2919,101576,1030,2,125.08,0.20
2920,101577,1025,1,24.20,0.10
2921,101578,1023,1,10.70,0.15
2922,101579,1078,2,68.03,0.00
2923,101580,1009,2,40.20,0.05
2924,101580,1077,1,10.69,0.20
2925,101580,1074,3,27.33,0.00
2926,101581,1050,2,79.54,0.10
2927,101582,1049,2,53.08,0.05
2928,101583,1029,1,162.75,0.15
2929,101583,1003,3,25.07,0.10
2930,101584,1079,1,74.62,0.00
2931,101585,1018,1,17.88,0.00
2932,101585,1079,2,74.62,0.00
2933,101586,1057,2,56.24,0.05
2934,101587,1015,2,22.31,0.00
2935,101587,1066,3,18.19,0.15
2936,101587,1035,4,51.62,0.15
2937,101587,1067,2,33.59,0.00
2938,101588,1067,3,33.59,0.15
2939,101588,1066,2,18.19,0.00
2940,101589,1055,1,50.44,0.15
2941,101590,1054,2,61.29,0.00
2942,101591,1052,1,67.85,0.10
2943,101592,1068,3,35.89,0.20
2944,101593,1049,2,53.08,0.20
2945,101594,1054,3,61.29,0.00
2946,101594,1018,1,17.88,0.00
2947,101594,1029,2,162.75,0.00
2948,101595,1022,1,27.34,0.15
2949,101596,1070,2,14.18,0.05
2950,101597,1034,1,68.99,0.20
2951,101597,1057,1,56.24,0.00
2952,101598,1070,1,14.18,0.15
2953,101598,1006,2,38.50,0.15
2954,101598,1027,1,123.47,0.00
2955,101599,1048,1,18.53,0.10
2956,101599,1050,1,79.54,0.20
2957,101600,1068,1,35.89,0.00
2958,101601,1014,1,56.86,0.15
2959,101602,1070,1,14.18,0.10
2960,101602,1070,1,14.18,0.05
2961,101603,1052,1,67.85,0.20
2962,101603,1077,1,10.69,0.00
2963,101604,1072,1,25.15,0.10
2964,101605,1056,2,26.43,0.10
2965,101605,1059,3,46.39,0.00
2966,101605,1041,1,81.45,0.05
2967,101605,1042,1,205.47,0.10
2968,101606,1046,2,47.85,0.00
2969,101607,1028,1,191.46,0.00
2970,101607,1044,2,12.75,0.15
2971,101607,1041,1,81.45,0.00
2972,101608,1029,1,162.75,0.15
2973,101608,1036,1,193.46,0.00
2974,101609,1040,3,123.72,0.00
2975,101610,1026,1,22.74,0.05
2976,101610,1015,1,22.31,0.20
2977,101610,1051,2,25.37,0.20
2978,101611,1058,2,26.06,0.10
2979,101612,1046,1,47.85,0.00
2980,101612,1034,1,68.99,0.05
2981,101613,1055,4,50.44,0.20
2982,101614,1064,1,42.55,0.00
2983,101614,1016,1,23.24,0.05
2984,101615,1019,2,18.46,0.00
2985,101615,1014,1,56.86,0.10
2986,101616,1039,2,125.57,0.20
2987,101617,1048,1,18.53,0.00
2988,101617,1033,1,210.53,0.10
2989,101617,1056,2,26.43,0.00
2990,101617,1060,3,63.95,0.00
2991,101618,1016,1,23.24,0.15
2992,101619,1035,2,51.62,0.10
2993,101619,1015,1,22.31,0.05
2994,101620,1013,1,19.73,0.10
2995,101621,1039,2,125.57,0.15
2996,101622,1072,1,25.15,0.05
2997,101623,1017,1,25.52,0.00
2998,101623,1031,4,146.40,0.20
2999,101624,1004,1,16.52,0.15
3000,101624,1075,1,74.40,0.20
3001,101624,1024,1,31.59,0.00
3002,101624,1054,1,61.29,0.05
3003,101625,1001,1,17.80,0.00
3004,101625,1051,3,25.37,0.00
3005,101625,1023,2,10.70,0.00
3006,101625,1018,2,17.88,0.20
3007,101626,1006,1,38.50,0.00
3008,101626,1057,4,56.24,0.10
3009,101627,1058,2,26.06,0.00
3010,101628,1079,1,74.62,0.00
3011,101629,1040,1,123.72,0.20
3012,101630,1049,1,53.08,0.10
3013,101630,1075,2,74.40,0.00
3014,101630,1049,3,53.08,0.15
3015,101631,1057,1,56.24,0.00
3016,101631,1012,1,6.77,0.00
3017,101632,1043,1,185.49,0.15
3018,101632,1027,2,123.47,0.20
3019,101632,1035,2,51.62,0.15
3020,101632,1033,3,210.53,0.05
3021,101633,1061,2,10.53,0.00
3022,101634,1011,1,47.68,0.05
3023,101634,1038,1,46.33,0.00
3024,101635,1068,1,35.89,0.10
3025,101635,1041,1,81.45,0.00
3026,101636,1056,1,26.43,0.10
3027,101637,1069,1,49.10,0.00
3028,101638,1033,1,210.53,0.05
3029,101638,1069,1,49.10,0.15
3030,101638,1014,3,56.86,0.00
3031,101638,1063,2,14.47,0.00
3032,101639,1041,1,81.45,0.00
3033,101639,1043,2,185.49,0.20
3034,101640,1055,2,50.44,0.15
3035,101641,1023,2,10.70,0.00
3036,101641,1002,1,20.29,0.00
3037,101641,1024,1,31.59,0.00
3038,101641,1065,1,56.22,0.00
3039,101642,1013,1,19.73,0.00
3040,101642,1004,1,16.52,0.05
3041,101643,1019,1,18.46,0.20
3042,101643,1052,1,67.85,0.00
3043,101644,1005,4,56.52,0.00
3044,101645,1004,1,16.52,0.15
3045,101646,1040,1,123.72,0.10
3046,101647,1015,2,22.31,0.00
3047,101647,1032,2,104.13,0.00
3048,101648,1065,1,56.22,0.20
3049,101649,1056,1,26.43,0.00
3050,101649,1023,2,10.70,0.15
3051,101650,1032,1,104.13,0.10
3052,101650,1071,2,31.77,0.00
3053,101651,1012,1,6.77,0.00
3054,101651,1050,4,79.54,0.05
3055,101651,1048,2,18.53,0.10
3056,101652,1032,3,104.13,0.10
3057,101653,1048,1,18.53,0.05
3058,101654,1051,1,25.37,0.00
3059,101654,1030,1,125.08,0.10
3060,101654,1075,2,74.40,0.15
3061,101654,1053,1,33.56,0.15
3062,101655,1050,1,79.54,0.10
3063,101656,1054,4,61.29,0.15
3064,101656,1071,3,31.77,0.00
3065,101657,1055,1,50.44,0.10
3066,101658,1073,1,39.75,0.15
3067,101659,1013,1,19.73,0.00
3068,101660,1012,1,6.77,0.00
3069,101660,1064,2,42.55,0.05
3070,101661,1001,3,17.80,0.00
3071,101661,1069,2,49.10,0.20
3072,101661,1062,4,48.81,0.15
3073,101662,1016,1,23.24,0.00
3074,101662,1037,1,145.98,0.00
3075,101663,1036,2,193.46,0.15
3076,101664,1027,3,123.47,0.00
3077,101664,1077,1,10.69,0.00
3078,101664,1075,3,74.40,0.10
3079,101665,1011,4,47.68,0.00
3080,101666,1012,2,6.77,0.05
3081,101666,1004,1,16.52,0.10
3082,101667,1050,1,79.54,0.00
3083,101668,1075,1,74.40,0.20
3084,101668,1011,1,47.68,0.00
3085,101669,1027,4,123.47,0.00
3086,101669,1069,2,49.10,0.00
3087,101670,1010,3,42.65,0.05
3088,101670,1077,1,10.69,0.00
3089,101671,1076,2,69.88,0.00
3090,101672,1005,1,56.52,0.10
3091,101673,1010,3,42.65,0.10
3092,101673,1006,1,38.50,0.00
3093,101673,1016,4,23.24,0.20
3094,101673,1026,1,22.74,0.15
3095,101674,1026,1,22.74,0.00
3096,101675,1076,1,69.88,0.10
3097,101675,1049,1,53.08,0.00
3098,101675,1062,1,48.81,0.15
3099,101675,1012,2,6.77,0.00
3100,101676,1003,4,25.07,0.00
3101,101677,1038,1,46.33,0.00
3102,101677,1069,1,49.10,0.15
3103,101678,1078,1,68.03,0.05
3104,101679,1078,1,68.03,0.10
3105,101680,1049,1,53.08,0.10
3106,101680,1037,1,145.98,0.15
3107,101680,1020,1,41.32,0.00
3108,101680,1007,1,45.10,0.00
3109,101681,1024,1,31.59,0.05
3110,101681,1071,1,31.77,0.00
3111,101682,1040,3,123.72,0.00
3112,101682,1018,2,17.88,0.00
3113,101683,1079,1,74.62,0.10
3114,101683,1046,1,47.85,0.10
3115,101684,1048,1,18.53,0.15
3116,101685,1047,2,70.37,0.00
3117,101686,1052,1,67.85,0.15
3118,101687,1003,2,25.07,0.00
3119,101688,1049,1,53.08,0.05
3120,101689,1014,3,56.86,0.00
3121,101689,1053,1,33.56,0.10
3122,101689,1008,2,25.87,0.20
3123,101690,1025,1,24.20,0.00
3124,101691,1071,1,31.77,0.00
3125,101692,1020,1,41.32,0.00
3126,101693,1071,1,31.77,0.10
3127,101694,1045,2,85.65,0.20
3128,101694,1041,1,81.45,0.20
3129,101694,1057,3,56.24,0.00
3130,101694,1068,1,35.89,0.20
3131,101695,1063,1,14.47,0.00
3132,101695,1077,2,10.69,0.10
3133,101696,1039,1,125.57,0.00
3134,101697,1066,2,18.19,0.00
3135,101697,1034,1,68.99,0.10
3136,101697,1053,2,33.56,0.00
3137,101698,1072,3,25.15,0.00
3138,101698,1003,1,25.07,0.20
3139,101699,1030,1,125.08,0.10
3140,101699,1015,2,22.31,0.00
3141,101699,1029,2,162.75,0.10
3142,101699,1057,1,56.24,0.00
3143,101700,1045,3,85.65,0.20
3144,101700,1048,1,18.53,0.00
3145,101701,1054,2,61.29,0.05
3146,101701,1073,2,39.75,0.15
3147,101702,1002,1,20.29,0.15
3148,101702,1007,1,45.10,0.05
3149,101703,1011,1,47.68,0.00
3150,101703,1057,1,56.24,0.00
3151,101703,1054,2,61.29,0.00
3152,101704,1003,1,25.07,0.00
3153,101705,1038,1,46.33,0.05
3154,101705,1064,3,42.55,0.00
3155,101705,1042,2,205.47,0.20
3156,101706,1033,1,210.53,0.00
3157,101707,1040,1,123.72,0.00
3158,101707,1044,1,12.75,0.20
3159,101708,1075,3,74.40,0.05
3160,101708,1023,2,10.70,0.10
3161,101709,1028,1,191.46,0.00
3162,101710,1011,1,47.68,0.10
3163,101710,1018,1,17.88,0.00
3164,101710,1006,1,38.50,0.20
3165,101710,1018,2,17.88,0.05
3166,101711,1021,2,16.90,0.20
3167,101711,1017,1,25.52,0.00
3168,101712,1031,1,146.40,0.05
3169,101713,1046,2,47.85,0.00
3170,101713,1016,2,23.24,0.10
3171,101713,1021,1,16.90,0.00
3172,101713,1069,2,49.10,0.20
3173,101714,1007,1,45.10,0.00
3174,101714,1032,1,104.13,0.10
3175,101715,1003,1,25.07,0.10
3176,101716,1036,2,193.46,0.00
3177,101717,1075,4,74.40,0.20
3178,101717,1019,1,18.46,0.00
3179,101718,1060,1,63.95,0.20
3180,101719,1032,1,104.13,0.20
3181,101719,1016,2,23.24,0.20
3182,101720,1058,4,26.06,0.05
3183,101720,1054,2,61.29,0.00
3184,101720,1008,1,25.87,0.15
3185,101720,1061,2,10.53,0.20
3186,101721,1042,1,205.47,0.00
3187,101722,1009,2,40.20,0.05
3188,101723,1062,2,48.81,0.00
3189,101723,1043,1,185.49,0.00
3190,101724,1018,1,17.88,0.15
3191,101725,1011,1,47.68,0.20
3192,101725,1020,2,41.32,0.00
3193,101725,1003,1,25.07,0.15
3194,101725,1032,1,104.13,0.00
3195,101726,1032,2,104.13,0.00
3196,101727,1049,1,53.08,0.00
3197,101727,1017,4,25.52,0.20
3198,101728,1064,1,42.55,0.10
3199,101728,1010,3,42.65,0.00
3200,101728,1027,3,123.47,0.00
3201,101729,1050,2,79.54,0.00
3202,101730,1029,3,162.75,0.00
3203,101730,1009,2,40.20,0.05
3204,101730,1024,4,31.59,0.00
3205,101731,1051,1,25.37,0.20
3206,101731,1050,2,79.54,0.05
3207,101731,1034,1,68.99,0.10
3208,101732,1037,2,145.98,0.20
3209,101732,1016,1,23.24,0.05
3210,101732,1018,1,17.88,0.05
3211,101733,1043,3,185.49,0.00
3212,101733,1007,3,45.10,0.20
3213,101734,1030,2,125.08,0.15
3214,101734,1003,2,25.07,0.10
3215,101735,1074,1,27.33,0.05
3216,101736,1071,4,31.77,0.15
3217,101736,1001,1,17.80,0.00
3218,101737,1038,2,46.33,0.00
3219,101737,1059,1,46.39,0.00
3220,101737,1079,1,74.62,0.00
3221,101738,1020,2,41.32,0.10
3222,101739,1057,1,56.24,0.00
3223,101739,1053,2,33.56,0.15
3224,101739,1018,2,17.88,0.20
3225,101740,1020,1,41.32,0.20
3226,101741,1070,1,14.18,0.20
3227,101741,1028,1,191.46,0.05
3228,101741,1074,1,27.33,0.20
3229,101742,1011,2,47.68,0.05
3230,101743,1056,3,26.43,0.10
3231,101744,1007,1,45.10,0.00
3232,101745,1048,1,18.53,0.15
3233,101745,1001,1,17.80,0.00
3234,101745,1038,1,46.33,0.05
3235,101745,1045,2,85.65,0.10
3236,101746,1074,2,27.33,0.15
3237,101746,1005,1,56.52,0.15
3238,101747,1050,3,79.54,0.00
3239,101748,1036,1,193.46,0.00
3240,101748,1062,1,48.81,0.00
3241,101749,1052,1,67.85,0.00
3242,101750,1034,1,68.99,0.10
3243,101750,1005,1,56.52,0.05
3244,101751,1027,1,123.47,0.00
3245,101751,1056,1,26.43,0.00
3246,101752,1073,1,39.75,0.20
3247,101753,1026,1,22.74,0.00
3248,101754,1027,1,123.47,0.00
3249,101754,1046,2,47.85,0.00
3250,101754,1076,1,69.88,0.00
3251,101754,1057,2,56.24,0.10
3252,101755,1076,2,69.88,0.10
3253,101755,1021,1,16.90,0.05
3254,101756,1009,2,40.20,0.10
3255,101756,1035,3,51.62,0.05
3256,101757,1026,1,22.74,0.20
3257,101757,1066,1,18.19,0.00
3258,101757,1060,1,63.95,0.20
3259,101758,1048,2,18.53,0.15
3260,101759,1014,4,56.86,0.00
3261,101760,1061,1,10.53,0.15
3262,101760,1002,2,20.29,0.20
3263,101761,1061,1,10.53,0.15
3264,101761,1015,1,22.31,0.20
3265,101761,1065,1,56.22,0.00
3266,101762,1008,1,25.87,0.00
3267,101762,1019,1,18.46,0.20
3268,101762,1019,2,18.46,0.00
3269,101763,1007,1,45.10,0.15
3270,101763,1062,2,48.81,0.15
3271,101763,1058,4,26.06,0.00
3272,101764,1014,1,56.86,0.15
3273,101764,1079,1,74.62,0.20
3274,101765,1049,1,53.08,0.00
3275,101765,1025,1,24.20,0.00
3276,101766,1037,3,145.98,0.15
3277,101766,1049,2,53.08,0.00
3278,101766,1026,2,22.74,0.10
3279,101766,1026,4,22.74,0.00
3280,101767,1002,1,20.29,0.00
3281,101767,1037,1,145.98,0.00
3282,101768,1015,1,22.31,0.00
3283,101768,1005,2,56.52,0.00
3284,101769,1005,1,56.52,0.00
3285,101770,1044,1,12.75,0.20
3286,101770,1072,3,25.15,0.00
3287,101771,1012,2,6.77,0.00
3288,101772,1032,4,104.13,0.15
3289,101773,1031,2,146.40,0.00
3290,101773,1027,1,123.47,0.05
3291,101774,1040,1,123.72,0.00
3292,101774,1034,3,68.99,0.10
3293,101775,1019,1,18.46,0.05
3294,101775,1007,1,45.10,0.15
3295,101775,1049,2,53.08,0.00
3296,101776,1064,3,42.55,0.05
3297,101776,1026,2,22.74,0.15
3298,101776,1026,4,22.74,0.00
3299,101777,1026,2,22.74,0.00
3300,101777,1008,1,25.87,0.00
3301,101777,1076,1,69.88,0.20
3302,101778,1001,2,17.80,0.00
3303,101779,1036,1,193.46,0.10
3304,101780,1034,2,68.99,0.15
3305,101781,1069,3,49.10,0.00
3306,101782,1009,1,40.20,0.20
3307,101783,1001,3,17.80,0.15
3308,101783,1029,1,162.75,0.20
3309,101783,1012,1,6.77,0.00
3310,101784,1056,1,26.43,0.00
3311,101784,1078,1,68.03,0.10
3312,101784,1038,4,46.33,0.00
3313,101785,1078,1,68.03,0.05
3314,101785,1046,2,47.85,0.20
3315,101786,1066,1,18.19,0.05
3316,101786,1017,2,25.52,0.10
3317,101786,1028,1,191.46,0.00
3318,101787,1051,3,25.37,0.20
3319,101788,1056,1,26.43,0.10
3320,101789,1011,3,47.68,0.20
3321,101789,1042,1,205.47,0.10
3322,101790,1031,2,146.40,0.10
3323,101790,1069,1,49.10,0.00
3324,101791,1078,2,68.03,0.05
3325,101792,1069,1,49.10,0.00
3326,101793,1050,1,79.54,0.10
3327,101793,1075,1,74.40,0.00
3328,101793,1018,1,17.88,0.20
3329,101793,1046,3,47.85,0.00
3330,101794,1040,1,123.72,0.00
3331,101794,1008,3,25.87,0.00
3332,101794,1006,1,38.50,0.10
3333,101795,1058,1,26.06,0.05
3334,101795,1045,2,85.65,0.00
3335,101796,1014,2,56.86,0.00
3336,101797,1005,1,56.52,0.00
3337,101797,1074,2,27.33,0.00
3338,101797,1052,2,67.85,0.10
3339,101798,1078,1,68.03,0.00
3340,101799,1064,2,42.55,0.00
3341,101800,1034,2,68.99,0.10
3342,101801,1042,1,205.47,0.20
3343,101801,1012,2,6.77,0.20
3344,101801,1036,1,193.46,0.15
3345,101801,1077,1,10.69,0.05
3346,101802,1027,1,123.47,0.00
3347,101802,1033,3,210.53,0.00
3348,101803,1071,4,31.77,0.15
3349,101804,1035,1,51.62,0.20
3350,101804,1038,1,46.33,0.20
3351,101805,1064,1,42.55,0.05
3352,101805,1039,1,125.57,0.00
3353,101805,1020,1,41.32,0.15
3354,101806,1078,1,68.03,0.00
3355,101806,1053,2,33.56,0.10
3356,101807,1056,4,26.43,0.15
3357,101808,1041,2,81.45,0.00
3358,101808,1005,1,56.52,0.10
3359,101808,1035,1,51.62,0.00
3360,101809,1078,2,68.03,0.10
3361,101809,1006,2,38.50,0.05
3362,101809,1030,3,125.08,0.05
3363,101809,1019,2,18.46,0.10
3364,101810,1001,1,17.80,0.00
3365,101810,1009,1,40.20,0.00
3366,101810,1072,4,25.15,0.00
3367,101810,1046,1,47.85,0.00
3368,101811,1072,1,25.15,0.00
3369,101812,1030,2,125.08,0.20
3370,101812,1063,2,14.47,0.20
3371,101813,1019,1,18.46,0.00
3372,101814,1059,2,46.39,0.00
3373,101815,1045,1,85.65,0.00
3374,101815,1068,1,35.89,0.00
3375,101815,1068,1,35.89,0.15
3376,101816,1006,2,38.50,0.20
3377,101816,1011,1,47.68,0.00
3378,101816,1013,1,19.73,0.15
3379,101817,1059,2,46.39,0.20
3380,101818,1026,1,22.74,0.00
3381,101819,1061,1,10.53,0.05
3382,101819,1022,2,27.34,0.00
3383,101820,1066,4,18.19,0.15
3384,101820,1057,1,56.24,0.00
3385,101821,1056,1,26.43,0.20
3386,101822,1008,1,25.87,0.00
3387,101822,1043,2,185.49,0.20
3388,101823,1054,1,61.29,0.15
3389,101823,1013,3,19.73,0.20
3390,101824,1005,1,56.52,0.00
3391,101824,1012,2,6.77,0.15
3392,101825,1047,1,70.37,0.15
3393,101826,1017,1,25.52,0.20
3394,101827,1043,1,185.49,0.00
3395,101828,1039,1,125.57,0.10
3396,101828,1048,1,18.53,0.20
3397,101829,1062,1,48.81,0.15
3398,101829,1014,1,56.86,0.05
3399,101830,1050,3,79.54,0.00
3400,101830,1009,3,40.20,0.00
3401,101831,1007,2,45.10,0.05
3402,101831,1030,2,125.08,0.00
3403,101832,1042,1,205.47,0.15
3404,101832,1059,1,46.39,0.05
3405,101832,1015,2,22.31,0.00
3406,101833,1038,1,46.33,0.10
3407,101834,1007,1,45.10,0.00
3408,101835,1072,1,25.15,0.10
3409,101835,1005,3,56.52,0.15
3410,101836,1052,1,67.85,0.05
3411,101837,1027,1,123.47,0.15
3412,101837,1059,2,46.39,0.00
3413,101838,1070,1,14.18,0.00
3414,101838,1010,3,42.65,0.20
3415,101838,1071,2,31.77,0.05
3416,101839,1049,1,53.08,0.10
3417,101840,1022,1,27.34,0.00
3418,101840,1023,1,10.70,0.10
3419,101841,1053,1,33.56,0.20
3420,101842,1062,4,48.81,0.15
3421,101843,1063,1,14.47,0.00
3422,101843,1006,1,38.50,0.00
3423,101844,1061,3,10.53,0.05
3424,101845,1069,2,49.10,0.00
3425,101845,1014,1,56.86,0.05
3426,101845,1001,1,17.80,0.00
3427,101846,1047,1,70.37,0.00
3428,101846,1054,2,61.29,0.00
3429,101847,1059,1,46.39,0.00
3430,101847,1031,1,146.40,0.15
3431,101848,1046,1,47.85,0.00
3432,101849,1048,1,18.53,0.00
3433,101849,1059,1,46.39,0.10
3434,101849,1068,1,35.89,0.00
3435,101849,1006,1,38.50,0.00
3436,101850,1039,1,125.57,0.05
3437,101850,1049,1,53.08,0.05
3438,101850,1027,2,123.47,0.00
3439,101850,1038,4,46.33,0.00
3440,101851,1014,1,56.86,0.00
3441,101852,1027,3,123.47,0.05
3442,101852,1034,1,68.99,0.20
3443,101853,1066,3,18.19,0.00
3444,101854,1029,1,162.75,0.10
3445,101855,1074,4,27.33,0.15
3446,101855,1019,2,18.46,0.15
3447,101855,1077,1,10.69,0.15
3448,101856,1009,1,40.20,0.00
3449,101857,1070,1,14.18,0.00
3450,101858,1069,1,49.10,0.15
3451,101859,1079,2,74.62,0.20
3452,101860,1079,1,74.62,0.10
3453,101861,1036,1,193.46,0.05
3454,101862,1014,4,56.86,0.00
3455,101862,1056,1,26.43,0.00
3456,101863,1013,1,19.73,0.05
3457,101864,1014,1,56.86,0.00
3458,101864,1078,1,68.03,0.05
3459,101864,1072,1,25.15,0.00
3460,101865,1075,1,74.40,0.10
3461,101865,1022,2,27.34,0.00
3462,101866,1045,1,85.65,0.15
3463,101866,1022,1,27.34,0.00
3464,101866,1025,1,24.20,0.00
3465,101866,1031,1,146.40,0.10
3466,101867,1078,2,68.03,0.00
3467,101868,1043,1,185.49,0.00
3468,101868,1054,3,61.29,0.20
3469,101869,1062,3,48.81,0.15
3470,101870,1044,1,12.75,0.20
3471,101870,1035,1,51.62,0.10
3472,101870,1024,1,31.59,0.00
3473,101871,1014,2,56.86,0.00
3474,101871,1025,1,24.20,0.00
3475,101871,1016,2,23.24,0.05
3476,101871,1030,1,125.08,0.00
3477,101872,1041,1,81.45,0.00
3478,101872,1050,1,79.54,0.00
3479,101873,1044,2,12.75,0.10
3480,101873,1006,2,38.50,0.05
3481,101874,1036,3,193.46,0.00
3482,101875,1025,1,24.20,0.20
3483,101875,1012,1,6.77,0.10
3484,101876,1055,1,50.44,0.05
3485,101876,1018,1,17.88,0.15
3486,101877,1022,2,27.34,0.15
3487,101878,1030,2,125.08,0.00
3488,101878,1053,2,33.56,0.00
3489,101878,1024,2,31.59,0.05
3490,101879,1040,1,123.72,0.00
3491,101880,1004,1,16.52,0.00
3492,101880,1032,2,104.13,0.20
3493,101880,1048,1,18.53,0.10
3494,101880,1040,1,123.72,0.00
3495,101881,1044,1,12.75,0.00
3496,101882,1025,2,24.20,0.10
3497,101882,1009,3,40.20,0.05
3498,101883,1012,2,6.77,0.10
3499,101884,1010,1,42.65,0.00
3500,101885,1023,1,10.70,0.00
3501,101885,1031,1,146.40,0.15
3502,101886,1073,1,39.75,0.00
3503,101886,1069,1,49.10,0.10
3504,101886,1033,1,210.53,0.00
3505,101887,1080,2,19.14,0.20
3506,101888,1049,1,53.08,0.00
3507,101889,1067,1,33.59,0.00
3508,101890,1068,1,35.89,0.10
3509,101890,1033,2,210.53,0.10
3510,101890,1056,2,26.43,0.00
3511,101890,1037,1,145.98,0.00
3512,101891,1044,1,12.75,0.00
3513,101891,1027,1,123.47,0.20
3514,101892,1067,2,33.59,0.00
3515,101892,1078,1,68.03,0.05
3516,101892,1002,1,20.29,0.05
3517,101893,1061,1,10.53,0.00
3518,101894,1076,2,69.88,0.00
3519,101895,1037,2,145.98,0.10
3520,101896,1079,1,74.62,0.05
3521,101896,1003,1,25.07,0.00
3522,101897,1034,2,68.99,0.00
3523,101898,1058,1,26.06,0.05
3524,101899,1010,1,42.65,0.10
3525,101899,1055,3,50.44,0.15
3526,101900,1024,1,31.59,0.15
3527,101900,1027,4,123.47,0.00
3528,101900,1079,3,74.62,0.05
3529,101901,1043,2,185.49,0.05
3530,101901,1074,2,27.33,0.00
3531,101901,1063,1,14.47,0.00
3532,101901,1018,2,17.88,0.15
3533,101902,1069,1,49.10,0.00
3534,101902,1058,1,26.06,0.00
3535,101902,1017,1,25.52,0.20
3536,101903,1023,2,10.70,0.20
3537,101904,1032,1,104.13,0.00
3538,101904,1074,1,27.33,0.15
3539,101904,1053,3,33.56,0.20
3540,101905,1011,1,47.68,0.00
3541,101906,1079,2,74.62,0.00
3542,101907,1063,1,14.47,0.10
3543,101907,1049,2,53.08,0.00
3544,101907,1028,1,191.46,0.05
3545,101908,1037,1,145.98,0.10
3546,101909,1032,1,104.13,0.10
3547,101909,1010,2,42.65,0.00
3548,101910,1007,1,45.10,0.00
3549,101910,1016,3,23.24,0.00
3550,101911,1018,1,17.88,0.05
3551,101912,1071,3,31.77,0.10
3552,101912,1063,2,14.47,0.00
3553,101912,1064,4,42.55,0.20
3554,101912,1048,2,18.53,0.15
3555,101913,1018,1,17.88,0.20
3556,101913,1025,1,24.20,0.05
3557,101914,1072,1,25.15,0.00
3558,101914,1034,3,68.99,0.00
3559,101915,1026,1,22.74,0.00
3560,101916,1076,1,69.88,0.00
3561,101917,1051,1,25.37,0.10
3562,101918,1043,2,185.49,0.05
3563,101919,1017,3,25.52,0.05
3564,101919,1005,2,56.52,0.15
3565,101919,1002,3,20.29,0.00
3566,101920,1032,2,104.13,0.10
3567,101921,1073,1,39.75,0.05
3568,101921,1041,4,81.45,0.00
3569,101922,1058,2,26.06,0.00
3570,101922,1052,1,67.85,0.00
3571,101923,1053,1,33.56,0.15
3572,101923,1001,1,17.80,0.05
3573,101923,1075,1,74.40,0.15
3574,101924,1018,1,17.88,0.00
3575,101924,1077,1,10.69,0.00
3576,101925,1030,1,125.08,0.00
3577,101925,1074,2,27.33,0.05
3578,101926,1031,2,146.40,0.05
3579,101926,1023,3,10.70,0.00
3580,101927,1049,1,53.08,0.05
3581,101927,1040,1,123.72,0.00
3582,101928,1065,1,56.22,0.00
3583,101928,1059,1,46.39,0.00
3584,101929,1022,3,27.34,0.00
3585,101930,1053,1,33.56,0.20
3586,101930,1064,1,42.55,0.00
3587,101931,1002,1,20.29,0.10
3588,101931,1048,1,18.53,0.05
3589,101932,1068,2,35.89,0.00
3590,101932,1022,2,27.34,0.05
3591,101933,1074,1,27.33,0.15
3592,101934,1067,2,33.59,0.20
3593,101935,1013,1,19.73,0.00
3594,101935,1069,2,49.10,0.10
3595,101936,1069,1,49.10,0.00
3596,101936,1050,1,79.54,0.00
3597,101936,1078,4,68.03,0.00
3598,101936,1040,3,123.72,0.00
3599,101937,1007,2,45.10,0.15
3600,101937,1014,1,56.86,0.10
3601,101937,1041,1,81.45,0.00
3602,101937,1038,1,46.33,0.00
3603,101938,1046,1,47.85,0.20
3604,101938,1007,4,45.10,0.00
3605,101938,1029,1,162.75,0.00
3606,101939,1013,3,19.73,0.10
3607,101939,1053,1,33.56,0.10
3608,101940,1031,2,146.40,0.00
3609,101940,1042,4,205.47,0.00
3610,101941,1053,3,33.56,0.20
3611,101942,1080,3,19.14,0.20
3612,101942,1014,1,56.86,0.00
3613,101943,1068,2,35.89,0.00
3614,101944,1065,3,56.22,0.00
3615,101945,1049,2,53.08,0.10
3616,101946,1012,2,6.77,0.00
3617,101946,1045,1,85.65,0.00
3618,101947,1017,1,25.52,0.05
3619,101948,1060,3,63.95,0.00
3620,101948,1072,1,25.15,0.05
3621,101949,1079,1,74.62,0.00
3622,101950,1003,2,25.07,0.00
3623,101950,1067,1,33.59,0.20
3624,101950,1049,1,53.08,0.10
3625,101950,1004,1,16.52,0.20
3626,101951,1034,1,68.99,0.20
3627,101951,1052,2,67.85,0.10
3628,101951,1044,1,12.75,0.10
3629,101952,1065,1,56.22,0.05
3630,101952,1034,1,68.99,0.00
3631,101953,1066,1,18.19,0.10
3632,101954,1079,2,74.62,0.00
3633,101954,1010,1,42.65,0.15
3634,101955,1012,4,6.77,0.20
3635,101956,1058,3,26.06,0.00
3636,101956,1074,2,27.33,0.00
3637,101957,1067,1,33.59,0.20
3638,101957,1042,2,205.47,0.10
3639,101958,1034,1,68.99,0.10
3640,101958,1007,4,45.10,0.00
3641,101958,1040,1,123.72,0.10
3642,101959,1028,2,191.46,0.20
3643,101960,1002,2,20.29,0.00
3644,101961,1043,1,185.49,0.15
3645,101961,1020,1,41.32,0.00
3646,101961,1048,2,18.53,0.15
3647,101962,1069,3,49.10,0.20
3648,101963,1066,1,18.19,0.05
3649,101964,1064,1,42.55,0.10
3650,101965,1036,1,193.46,0.20
3651,101965,1074,1,27.33,0.00
3652,101965,1011,1,47.68,0.15
3653,101965,1026,1,22.74,0.05
3654,101966,1065,2,56.22,0.05
3655,101966,1036,1,193.46,0.05
3656,101967,1068,1,35.89,0.00
3657,101968,1079,2,74.62,0.05
3658,101968,1033,1,210.53,0.00
3659,101969,1056,1,26.43,0.00
3660,101970,1002,3,20.29,0.00
3661,101970,1073,4,39.75,0.00
3662,101970,1065,2,56.22,0.00
3663,101970,1015,1,22.31,0.00
3664,101971,1020,1,41.32,0.00
3665,101971,1019,1,18.46,0.00
3666,101972,1053,1,33.56,0.10
3667,101972,1067,2,33.59,0.05
3668,101973,1027,1,123.47,0.00
3669,101974,1031,1,146.40,0.10
3670,101975,1034,1,68.99,0.00
3671,101976,1063,3,14.47,0.15
3672,101976,1052,2,67.85,0.00
3673,101976,1064,1,42.55,0.15
3674,101977,1074,1,27.33,0.10
3675,101978,1020,2,41.32,0.00
3676,101978,1006,1,38.50,0.00
3677,101979,1032,3,104.13,0.15
3678,101980,1021,1,16.90,0.05
3679,101981,1035,1,51.62,0.05
3680,101981,1001,1,17.80,0.10
3681,101982,1073,3,39.75,0.10
3682,101982,1065,1,56.22,0.05
3683,101982,1048,1,18.53,0.00
3684,101983,1027,2,123.47,0.05
3685,101984,1067,2,33.59,0.00
3686,101984,1074,1,27.33,0.05
3687,101984,1057,1,56.24,0.05
3688,101985,1079,1,74.62,0.20
3689,101986,1061,2,10.53,0.00
3690,101987,1075,1,74.40,0.10
3691,101987,1007,1,45.10,0.15
3692,101988,1060,1,63.95,0.00
3693,101988,1007,1,45.10,0.00
3694,101989,1034,1,68.99,0.00
3695,101989,1034,2,68.99,0.05
3696,101990,1052,1,67.85,0.00
3697,101990,1044,1,12.75,0.15
3698,101991,1048,1,18.53,0.10
3699,101991,1041,1,81.45,0.20
3700,101991,1019,1,18.46,0.00
3701,101992,1045,1,85.65,0.10
3702,101992,1039,2,125.57,0.00
3703,101992,1065,1,56.22,0.05
3704,101993,1016,2,23.24,0.05
3705,101994,1039,1,125.57,0.00
3706,101994,1003,1,25.07,0.00
3707,101994,1052,2,67.85,0.05
3708,101994,1013,1,19.73,0.05
3709,101995,1072,1,25.15,0.00
3710,101996,1037,1,145.98,0.20
3711,101996,1052,1,67.85,0.05
3712,101997,1045,2,85.65,0.00
3713,101998,1035,1,51.62,0.05
3714,101998,1070,1,14.18,0.10
3715,101999,1020,1,41.32,0.20
3716,101999,1047,1,70.37,0.20
3717,101999,1031,2,146.40,0.20
3718,101999,1075,1,74.40,0.05
3719,102000,1046,2,47.85,0.10
3720,102001,1028,1,191.46,0.00
3721,102001,1028,1,191.46,0.00
3722,102002,1060,3,63.95,0.00
3723,102003,1029,1,162.75,0.15
3724,102004,1003,1,25.07,0.20
3725,102005,1056,2,26.43,0.10
3726,102005,1020,1,41.32,0.00
3727,102005,1066,1,18.19,0.20
3728,102006,1061,2,10.53,0.00
3729,102006,1009,1,40.20,0.10
3730,102006,1067,1,33.59,0.10
3731,102007,1022,1,27.34,0.15
3732,102008,1063,2,14.47,0.10
3733,102009,1041,1,81.45,0.00
3734,102010,1041,1,81.45,0.00
3735,102011,1044,1,12.75,0.05
3736,102011,1058,1,26.06,0.00
3737,102011,1044,1,12.75,0.00
3738,102012,1055,1,50.44,0.20
3739,102012,1013,1,19.73,0.00
3740,102012,1064,3,42.55,0.00
3741,102013,1026,1,22.74,0.00
3742,102013,1008,3,25.87,0.00
3743,102014,1001,1,17.80,0.20
3744,102015,1054,2,61.29,0.05
3745,102015,1056,1,26.43,0.10
3746,102016,1054,2,61.29,0.15
3747,102017,1070,1,14.18,0.10
3748,102018,1074,1,27.33,0.00
3749,102019,1079,1,74.62,0.00
3750,102020,1030,2,125.08,0.00
3751,102020,1050,2,79.54,0.00
3752,102021,1002,1,20.29,0.00
3753,102021,1044,2,12.75,0.00
3754,102022,1048,1,18.53,0.00
3755,102022,1025,1,24.20,0.10
3756,102023,1043,3,185.49,0.00
3757,102024,1044,4,12.75,0.05
3758,102024,1001,1,17.80,0.00
3759,102024,1055,1,50.44,0.20
3760,102025,1002,1,20.29,0.20
3761,102026,1039,1,125.57,0.20
3762,102026,1080,2,19.14,0.00
3763,102026,1053,1,33.56,0.00
3764,102027,1028,2,191.46,0.15
3765,102028,1012,1,6.77,0.10
3766,102029,1075,2,74.40,0.10
3767,102029,1075,1,74.40,0.00
3768,102029,1044,2,12.75,0.20
3769,102029,1078,1,68.03,0.05
3770,102030,1053,1,33.56,0.00
3771,102031,1001,1,17.80,0.05
3772,102031,1033,1,210.53,0.00
3773,102032,1072,1,25.15,0.20
3774,102033,1056,3,26.43,0.00
3775,102033,1050,1,79.54,0.00
3776,102033,1042,3,205.47,0.15
3777,102034,1061,2,10.53,0.00
3778,102034,1030,1,125.08,0.00
3779,102034,1075,2,74.40,0.15
3780,102035,1044,1,12.75,0.00
3781,102036,1057,2,56.24,0.00
3782,102036,1015,1,22.31,0.00
3783,102037,1077,2,10.69,0.10
3784,102038,1016,1,23.24,0.00
3785,102039,1045,1,85.65,0.05
3786,102040,1074,1,27.33,0.10
3787,102041,1002,2,20.29,0.00
3788,102042,1049,2,53.08,0.15
3789,102042,1077,1,10.69,0.20
3790,102042,1053,1,33.56,0.10
3791,102043,1057,3,56.24,0.05
3792,102043,1057,1,56.24,0.05
3793,102043,1006,2,38.50,0.00
3794,102044,1060,1,63.95,0.15
3795,102045,1031,4,146.40,0.00
3796,102046,1053,1,33.56,0.15
3797,102046,1022,1,27.34,0.00
3798,102046,1030,1,125.08,0.20
3799,102047,1033,1,210.53,0.00
3800,102047,1052,2,67.85,0.00
3801,102047,1049,1,53.08,0.00
3802,102047,1030,2,125.08,0.00
3803,102048,1051,1,25.37,0.00
3804,102049,1007,1,45.10,0.05
3805,102049,1034,1,68.99,0.20
3806,102050,1014,1,56.86,0.10
3807,102051,1040,3,123.72,0.10
3808,102052,1017,1,25.52,0.20
3809,102052,1004,1,16.52,0.20
3810,102052,1055,1,50.44,0.15
3811,102052,1058,1,26.06,0.00
3812,102053,1032,3,104.13,0.05
3813,102054,1054,3,61.29,0.10
3814,102054,1074,2,27.33,0.10
3815,102055,1064,1,42.55,0.20
3816,102055,1010,1,42.65,0.00
3817,102055,1040,1,123.72,0.20
3818,102056,1051,1,25.37,0.00
3819,102056,1055,1,50.44,0.00
3820,102057,1011,2,47.68,0.00
3821,102058,1019,2,18.46,0.15
3822,102058,1001,1,17.80,0.05
3823,102058,1047,1,70.37,0.00
3824,102058,1009,1,40.20,0.10
3825,102059,1035,1,51.62,0.00
3826,102059,1060,1,63.95,0.15
3827,102059,1003,2,25.07,0.00
3828,102060,1007,1,45.10,0.15
3829,102061,1025,1,24.20,0.10
3830,102061,1048,1,18.53,0.05
3831,102062,1002,1,20.29,0.20
3832,102062,1012,3,6.77,0.00
3833,102063,1069,1,49.10,0.15
3834,102064,1014,1,56.86,0.05
3835,102065,1074,1,27.33,0.00
3836,102066,1020,4,41.32,0.05
3837,102067,1065,1,56.22,0.00
3838,102067,1044,1,12.75,0.15
3839,102068,1078,2,68.03,0.00
3840,102069,1059,1,46.39,0.20
3841,102069,1015,4,22.31,0.00
3842,102070,1021,1,16.90,0.00
3843,102070,1077,1,10.69,0.10
3844,102071,1061,2,10.53,0.00
3845,102071,1056,2,26.43,0.05
3846,102071,1062,1,48.81,0.20
3847,102071,1034,1,68.99,0.15
3848,102072,1060,1,63.95,0.00
3849,102072,1078,4,68.03,0.05
3850,102073,1029,3,162.75,0.20
3851,102073,1006,2,38.50,0.10
3852,102073,1074,1,27.33,0.20
3853,102074,1038,1,46.33,0.20
3854,102075,1077,1,10.69,0.15
3855,102076,1052,1,67.85,0.20
3856,102076,1018,1,17.88,0.00
3857,102076,1077,1,10.69,0.00
3858,102077,1035,3,51.62,0.15
3859,102077,1008,3,25.87,0.15
3860,102077,1043,1,185.49,0.00
3861,102078,1009,1,40.20,0.20
3862,102079,1067,1,33.59,0.10
3863,102079,1029,1,162.75,0.00
3864,102080,1021,1,16.90,0.15
3865,102081,1062,2,48.81,0.20
3866,102082,1056,2,26.43,0.00
3867,102083,1026,1,22.74,0.10
3868,102084,1059,1,46.39,0.20
3869,102085,1042,1,205.47,0.15
3870,102085,1007,2,45.10,0.00
3871,102085,1023,2,10.70,0.00
3872,102086,1056,1,26.43,0.00
3873,102086,1035,3,51.62,0.00
3874,102087,1003,1,25.07,0.20
3875,102088,1072,2,25.15,0.00
3876,102088,1059,1,46.39,0.20
3877,102089,1036,1,193.46,0.15
3878,102089,1027,1,123.47,0.00
3879,102090,1033,1,210.53,0.10
3880,102090,1069,1,49.10,0.15
3881,102090,1059,1,46.39,0.00
3882,102091,1017,1,25.52,0.20
3883,102092,1064,1,42.55,0.10
3884,102093,1039,3,125.57,0.05
3885,102094,1012,1,6.77,0.00
3886,102094,1066,2,18.19,0.00
3887,102094,1063,2,14.47,0.00
3888,102095,1003,1,25.07,0.15
3889,102096,1079,2,74.62,0.05
3890,102096,1015,1,22.31,0.05
3891,102096,1041,1,81.45,0.00
3892,102096,1051,1,25.37,0.00
3893,102097,1003,2,25.07,0.05
3894,102098,1047,3,70.37,0.15
3895,102098,1056,1,26.43,0.00
3896,102098,1002,3,20.29,0.00
3897,102099,1041,2,81.45,0.15
3898,102100,1059,3,46.39,0.00
3899,102100,1025,2,24.20,0.15
3900,102101,1005,1,56.52,0.00
3901,102101,1037,2,145.98,0.05
3902,102101,1013,2,19.73,0.15
3903,102102,1069,1,49.10,0.00
3904,102102,1036,2,193.46,0.05
3905,102103,1066,1,18.19,0.10
3906,102104,1077,1,10.69,0.00
3907,102105,1072,1,25.15,0.00
3908,102106,1063,1,14.47,0.00
3909,102106,1071,1,31.77,0.15
3910,102106,1038,1,46.33,0.15
3911,102106,1025,1,24.20,0.00
3912,102107,1004,4,16.52,0.00
3913,102107,1007,2,45.10,0.10
3914,102108,1014,2,56.86,0.00
3915,102108,1037,2,145.98,0.00
3916,102109,1005,3,56.52,0.05
3917,102110,1044,2,12.75,0.00
3918,102110,1011,1,47.68,0.00
3919,102110,1056,1,26.43,0.15
3920,102111,1012,1,6.77,0.15
3921,102112,1045,1,85.65,0.00
3922,102113,1062,1,48.81,0.00
3923,102113,1003,2,25.07,0.00
3924,102114,1054,1,61.29,0.00
3925,102114,1071,1,31.77,0.00
3926,102114,1002,3,20.29,0.00
3927,102115,1042,1,205.47,0.00
3928,102116,1005,2,56.52,0.10
3929,102116,1071,2,31.77,0.10
3930,102117,1040,1,123.72,0.05
3931,102117,1028,1,191.46,0.20
3932,102118,1011,1,47.68,0.00
3933,102119,1036,1,193.46,0.10
3934,102119,1073,4,39.75,0.05
3935,102120,1025,1,24.20,0.10
3936,102120,1078,2,68.03,0.00
3937,102121,1022,1,27.34,0.00
3938,102122,1060,1,63.95,0.20
3939,102123,1006,2,38.50,0.00
3940,102123,1067,3,33.59,0.00
3941,102124,1070,2,14.18,0.20
3942,102125,1036,1,193.46,0.10
3943,102126,1061,1,10.53,0.00
3944,102127,1034,2,68.99,0.00
3945,102128,1060,1,63.95,0.00
3946,102129,1069,1,49.10,0.00
3947,102129,1049,2,53.08,0.15
3948,102129,1076,2,69.88,0.00
3949,102130,1011,1,47.68,0.05
3950,102131,1075,2,74.40,0.10
3951,102132,1019,3,18.46,0.15
3952,102132,1063,1,14.47,0.10
3953,102133,1012,1,6.77,0.00
3954,102134,1044,3,12.75,0.15
3955,102135,1001,1,17.80,0.05
3956,102135,1005,1,56.52,0.05
3957,102136,1059,1,46.39,0.15
3958,102136,1065,1,56.22,0.00
3959,102136,1009,1,40.20,0.00
3960,102136,1034,2,68.99,0.00
3961,102137,1042,2,205.47,0.05
3962,102138,1028,3,191.46,0.05
3963,102139,1001,2,17.80,0.00
3964,102139,1032,2,104.13,0.15
3965,102140,1052,4,67.85,0.00
3966,102141,1045,1,85.65,0.00
3967,102141,1072,1,25.15,0.05
3968,102141,1051,1,25.37,0.15
3969,102142,1038,1,46.33,0.00
3970,102142,1022,1,27.34,0.05
3971,102143,1067,1,33.59,0.10
3972,102144,1076,1,69.88,0.00
3973,102144,1067,1,33.59,0.00
3974,102144,1032,1,104.13,0.00
3975,102145,1010,1,42.65,0.20
3976,102146,1026,2,22.74,0.00
3977,102146,1057,1,56.24,0.00
3978,102147,1005,1,56.52,0.00
3979,102147,1022,3,27.34,0.00
3980,102147,1037,1,145.98,0.20
3981,102148,1030,2,125.08,0.10
3982,102149,1021,1,16.90,0.00
3983,102150,1001,3,17.80,0.20
3984,102151,1052,4,67.85,0.00
3985,102152,1031,1,146.40,0.05
3986,102152,1028,4,191.46,0.20
3987,102152,1039,2,125.57,0.15
3988,102153,1026,2,22.74,0.20
3989,102153,1072,2,25.15,0.20
3990,102153,1068,1,35.89,0.00
3991,102153,1032,2,104.13,0.00
3992,102154,1011,4,47.68,0.00
3993,102155,1078,1,68.03,0.00
3994,102155,1056,1,26.43,0.00
3995,102156,1017,1,25.52,0.15
3996,102156,1016,1,23.24,0.00
3997,102157,1048,2,18.53,0.05
3998,102158,1002,1,20.29,0.00
3999,102158,1042,1,205.47,0.00
4000,102159,1013,2,19.73,0.05
4001,102159,1051,4,25.37,0.10
4002,102160,1043,1,185.49,0.00
4003,102160,1050,4,79.54,0.00
4004,102161,1011,2,47.68,0.05
4005,102161,1010,1,42.65,0.20
4006,102162,1080,2,19.14,0.00
4007,102162,1018,3,17.88,0.20
4008,102162,1030,1,125.08,0.15
4009,102162,1072,1,25.15,0.15
4010,102163,1080,1,19.14,0.15
4011,102163,1072,3,25.15,0.05
4012,102163,1017,1,25.52,0.00
4013,102164,1060,3,63.95,0.00
4014,102164,1053,3,33.56,0.00
4015,102165,1068,1,35.89,0.00
4016,102166,1037,1,145.98,0.05
4017,102166,1009,2,40.20,0.15
4018,102166,1029,2,162.75,0.00
4019,102166,1025,1,24.20,0.20
4020,102167,1079,1,74.62,0.05
4021,102168,1009,2,40.20,0.15
4022,102168,1030,2,125.08,0.00
4023,102168,1018,2,17.88,0.10
4024,102169,1078,1,68.03,0.10
4025,102170,1024,1,31.59,0.10
4026,102170,1054,2,61.29,0.00
4027,102170,1039,2,125.57,0.00
4028,102171,1015,3,22.31,0.00
4029,102172,1004,2,16.52,0.10
4030,102173,1045,1,85.65,0.15
4031,102174,1068,1,35.89,0.10
4032,102174,1007,1,45.10,0.00
4033,102174,1074,1,27.33,0.00
4034,102175,1023,3,10.70,0.05
4035,102176,1069,2,49.10,0.00
4036,102177,1060,2,63.95,0.15
4037,102177,1059,4,46.39,0.20
4038,102177,1074,1,27.33,0.20
4039,102177,1046,4,47.85,0.20
4040,102178,1019,1,18.46,0.05
4041,102178,1035,2,51.62,0.00
4042,102179,1028,2,191.46,0.05
4043,102179,1019,4,18.46,0.05
4044,102180,1021,1,16.90,0.00
4045,102180,1002,1,20.29,0.00
4046,102181,1022,2,27.34,0.15
4047,102181,1072,1,25.15,0.05
4048,102182,1067,1,33.59,0.00
4049,102182,1022,2,27.34,0.00
4050,102183,1001,1,17.80,0.00
4051,102184,1061,1,10.53,0.15
4052,102185,1027,2,123.47,0.00
4053,102185,1009,1,40.20,0.15
4054,102186,1047,3,70.37,0.00
4055,102187,1017,1,25.52,0.00
4056,102188,1017,1,25.52,0.00
4057,102188,1020,2,41.32,0.10
4058,102189,1036,1,193.46,0.05
4059,102189,1043,2,185.49,0.10
4060,102190,1078,1,68.03,0.05
4061,102190,1051,1,25.37,0.05
4062,102191,1002,1,20.29,0.20
4063,102191,1001,1,17.80,0.00
4064,102192,1075,1,74.40,0.00
4065,102193,1043,2,185.49,0.00
4066,102194,1022,1,27.34,0.10
4067,102194,1017,1,25.52,0.00
4068,102194,1046,1,47.85,0.20
4069,102195,1054,1,61.29,0.15
4070,102195,1025,1,24.20,0.20
4071,102195,1021,2,16.90,0.00
4072,102195,1021,2,16.90,0.15
4073,102196,1071,1,31.77,0.05
4074,102197,1040,1,123.72,0.05
4075,102197,1023,3,10.70,0.15
4076,102198,1021,2,16.90,0.00
4077,102198,1065,2,56.22,0.20
4078,102198,1024,1,31.59,0.15
4079,102198,1070,1,14.18,0.00
4080,102199,1031,1,146.40,0.00
4081,102199,1069,3,49.10,0.10
4082,102200,1040,2,123.72,0.00
4083,102200,1023,2,10.70,0.00
4084,102200,1048,4,18.53,0.00
4085,102201,1046,1,47.85,0.05
4086,102201,1042,1,205.47,0.10
4087,102202,1071,1,31.77,0.15
4088,102202,1040,2,123.72,0.05
4089,102202,1053,4,33.56,0.05
4090,102202,1033,1,210.53,0.20
4091,102203,1046,4,47.85,0.10
4092,102203,1060,3,63.95,0.00
4093,102203,1014,3,56.86,0.15
4094,102203,1022,1,27.34,0.20
4095,102204,1001,3,17.80,0.00
4096,102205,1074,3,27.33,0.10
4097,102205,1080,2,19.14,0.00
4098,102206,1074,2,27.33,0.15
4099,102206,1062,1,48.81,0.20
4100,102207,1051,3,25.37,0.20
4101,102208,1046,3,47.85,0.00
4102,102208,1066,1,18.19,0.15
4103,102208,1072,3,25.15,0.10
4104,102209,1031,4,146.40,0.05
4105,102210,1031,1,146.40,0.00
4106,102211,1036,1,193.46,0.15
4107,102212,1006,1,38.50,0.10
4108,102212,1022,2,27.34,0.00
4109,102212,1050,2,79.54,0.00
4110,102213,1014,2,56.86,0.00
4111,102213,1034,1,68.99,0.10
4112,102213,1066,1,18.19,0.10
4113,102213,1067,1,33.59,0.15
4114,102214,1074,4,27.33,0.00
4115,102214,1065,3,56.22,0.05
4116,102215,1071,1,31.77,0.05
4117,102215,1068,1,35.89,0.20
4118,102216,1008,4,25.87,0.15
4119,102216,1013,2,19.73,0.20
4120,102217,1025,1,24.20,0.00
4121,102217,1001,1,17.80,0.10
4122,102218,1065,1,56.22,0.00
4123,102218,1031,3,146.40,0.05
4124,102219,1006,2,38.50,0.00
4125,102220,1021,1,16.90,0.00
4126,102221,1007,1,45.10,0.00
4127,102221,1032,1,104.13,0.05
4128,102222,1032,2,104.13,0.00
4129,102223,1006,1,38.50,0.05
4130,102224,1047,1,70.37,0.20
4131,102224,1061,2,10.53,0.00
4132,102224,1021,1,16.90,0.10
4133,102224,1032,3,104.13,0.10
4134,102225,1054,1,61.29,0.05
4135,102225,1052,1,67.85,0.00
4136,102225,1022,3,27.34,0.10
4137,102226,1054,1,61.29,0.00
4138,102227,1044,1,12.75,0.00
4139,102227,1017,4,25.52,0.00
4140,102227,1043,1,185.49,0.05
4141,102228,1028,1,191.46,0.00
4142,102229,1034,2,68.99,0.05
4143,102229,1005,1,56.52,0.00
4144,102230,1019,3,18.46,0.05
4145,102230,1073,1,39.75,0.15
4146,102230,1024,1,31.59,0.10
4147,102231,1078,1,68.03,0.15
4148,102232,1023,1,10.70,0.00
4149,102232,1075,2,74.40,0.00
4150,102233,1015,1,22.31,0.15
4151,102233,1010,1,42.65,0.00
4152,102233,1031,2,146.40,0.20
4153,102234,1049,2,53.08,0.10
4154,102235,1021,1,16.90,0.05
4155,102235,1006,3,38.50,0.10
4156,102236,1024,1,31.59,0.00
4157,102236,1041,1,81.45,0.10
4158,102237,1071,3,31.77,0.00
4159,102237,1052,1,67.85,0.00
4160,102237,1067,2,33.59,0.15
4161,102238,1007,3,45.10,0.00
4162,102238,1054,2,61.29,0.00
4163,102239,1002,2,20.29,0.05
4164,102239,1003,2,25.07,0.20
4165,102240,1044,1,12.75,0.05
4166,102240,1028,1,191.46,0.05
4167,102240,1033,1,210.53,0.10
4168,102241,1035,1,51.62,0.05
4169,102241,1060,1,63.95,0.20
4170,102242,1020,1,41.32,0.00
4171,102242,1052,1,67.85,0.20
4172,102243,1010,2,42.65,0.20
4173,102243,1049,1,53.08,0.05
4174,102244,1055,1,50.44,0.05
4175,102244,1051,1,25.37,0.00
4176,102245,1061,4,10.53,0.10
4177,102246,1016,3,23.24,0.20
4178,102247,1035,1,51.62,0.05
4179,102248,1034,1,68.99,0.10
4180,102248,1057,1,56.24,0.15
4181,102249,1063,3,14.47,0.00
4182,102249,1047,1,70.37,0.05
4183,102250,1037,1,145.98,0.05
4184,102251,1020,2,41.32,0.00
4185,102251,1053,1,33.56,0.00
4186,102252,1061,1,10.53,0.00
4187,102253,1007,1,45.10,0.15
4188,102254,1080,1,19.14,0.00
4189,102254,1002,4,20.29,0.00
4190,102255,1059,2,46.39,0.15
4191,102255,1043,2,185.49,0.20
4192,102256,1033,2,210.53,0.00
4193,102256,1045,1,85.65,0.15
4194,102257,1037,1,145.98,0.20
4195,102258,1025,1,24.20,0.20
4196,102259,1074,2,27.33,0.15
4197,102260,1001,2,17.80,0.00
4198,102260,1044,1,12.75,0.00
4199,102260,1059,1,46.39,0.15
4200,102260,1006,2,38.50,0.10
4201,102261,1076,2,69.88,0.10
4202,102262,1006,2,38.50,0.05
4203,102263,1027,1,123.47,0.00
4204,102263,1032,1,104.13,0.05
4205,102264,1067,1,33.59,0.15
4206,102264,1010,4,42.65,0.00
4207,102264,1053,2,33.56,0.10
4208,102264,1079,1,74.62,0.15
4209,102265,1074,1,27.33,0.10
4210,102266,1036,2,193.46,0.20
4211,102267,1020,1,41.32,0.05
4212,102268,1074,1,27.33,0.05
4213,102268,1071,3,31.77,0.15
4214,102268,1079,1,74.62,0.00
4215,102269,1058,1,26.06,0.00
4216,102269,1038,1,46.33,0.00
4217,102270,1024,1,31.59,0.05
4218,102270,1011,1,47.68,0.05
4219,102271,1024,1,31.59,0.20
4220,102272,1070,1,14.18,0.05
4221,102272,1043,1,185.49,0.00
4222,102273,1001,1,17.80,0.10
4223,102274,1001,2,17.80,0.10
4224,102274,1056,1,26.43,0.05
4225,102274,1043,2,185.49,0.00
4226,102275,1020,2,41.32,0.20
4227,102276,1045,1,85.65,0.00
4228,102277,1031,3,146.40,0.00
4229,102278,1041,4,81.45,0.00
4230,102278,1049,1,53.08,0.15
4231,102279,1057,4,56.24,0.00
4232,102280,1059,3,46.39,0.00
4233,102281,1070,2,14.18,0.05
4234,102282,1051,1,25.37,0.00
4235,102282,1039,1,125.57,0.20
4236,102282,1066,1,18.19,0.05
4237,102283,1067,3,33.59,0.00
4238,102284,1022,3,27.34,0.10
4239,102285,1079,1,74.62,0.10
4240,102286,1069,4,49.10,0.05
4241,102286,1005,1,56.52,0.00
4242,102286,1032,1,104.13,0.00
4243,102287,1022,1,27.34,0.00
4244,102287,1003,1,25.07,0.05
4245,102288,1062,1,48.81,0.00
4246,102289,1060,2,63.95,0.00
4247,102290,1035,1,51.62,0.00
4248,102291,1045,2,85.65,0.20
4249,102292,1017,3,25.52,0.20
4250,102293,1044,1,12.75,0.15
4251,102294,1017,1,25.52,0.00
4252,102295,1020,1,41.32,0.00
4253,102296,1075,2,74.40,0.05
4254,102296,1005,1,56.52,0.00
4255,102297,1075,1,74.40,0.20
4256,102298,1044,1,12.75,0.00
4257,102299,1030,1,125.08,0.15
4258,102300,1043,1,185.49,0.05
4259,102300,1057,1,56.24,0.15
4260,102301,1076,2,69.88,0.00
4261,102302,1077,1,10.69,0.00
4262,102302,1011,1,47.68,0.15
4263,102303,1016,1,23.24,0.10
4264,102304,1046,1,47.85,0.10
4265,102305,1070,2,14.18,0.00
4266,102306,1052,1,67.85,0.00
4267,102307,1041,3,81.45,0.00
4268,102307,1078,1,68.03,0.10
4269,102308,1064,1,42.55,0.00
4270,102309,1031,2,146.40,0.05
4271,102310,1047,3,70.37,0.20
4272,102311,1041,1,81.45,0.20
4273,102312,1068,2,35.89,0.10
4274,102312,1021,2,16.90,0.00
4275,102312,1051,2,25.37,0.00
4276,102313,1048,1,18.53,0.15
4277,102313,1038,1,46.33,0.00
4278,102313,1027,1,123.47,0.20
4279,102314,1004,1,16.52,0.20
4280,102314,1071,1,31.77,0.00
4281,102315,1022,2,27.34,0.00
4282,102315,1037,1,145.98,0.15
4283,102315,1023,1,10.70,0.20
4284,102315,1056,1,26.43,0.15
4285,102316,1071,3,31.77,0.00
4286,102317,1004,1,16.52,0.20
4287,102318,1031,3,146.40,0.00
4288,102318,1039,1,125.57,0.00
4289,102318,1071,3,31.77,0.00
4290,102318,1015,1,22.31,0.00
4291,102319,1028,2,191.46,0.15
4292,102320,1024,1,31.59,0.00
4293,102321,1012,3,6.77,0.15
4294,102322,1040,1,123.72,0.00
4295,102323,1009,1,40.20,0.15
4296,102323,1053,1,33.56,0.00
4297,102324,1076,1,69.88,0.00
4298,102324,1009,2,40.20,0.00
4299,102325,1057,4,56.24,0.00
4300,102326,1009,3,40.20,0.00
4301,102326,1002,3,20.29,0.00
4302,102326,1071,3,31.77,0.00
4303,102326,1080,1,19.14,0.10
4304,102327,1021,1,16.90,0.00
4305,102327,1035,4,51.62,0.00
4306,102328,1061,2,10.53,0.00
4307,102328,1008,2,25.87,0.05
4308,102328,1059,1,46.39,0.15
4309,102329,1049,2,53.08,0.00
4310,102330,1065,2,56.22,0.00
4311,102330,1008,1,25.87,0.15
4312,102330,1057,4,56.24,0.00
4313,102330,1025,2,24.20,0.10
4314,102331,1060,1,63.95,0.00
4315,102332,1051,2,25.37,0.00
4316,102332,1018,4,17.88,0.00
4317,102332,1028,2,191.46,0.00
4318,102332,1004,1,16.52,0.15
4319,102333,1009,1,40.20,0.00
4320,102333,1072,1,25.15,0.00
4321,102333,1024,1,31.59,0.00
4322,102334,1070,2,14.18,0.10
4323,102335,1001,2,17.80,0.05
4324,102336,1019,2,18.46,0.10
4325,102336,1044,2,12.75,0.00
4326,102336,1041,4,81.45,0.00
4327,102337,1028,3,191.46,0.10
4328,102337,1022,2,27.34,0.00
4329,102337,1055,1,50.44,0.10
4330,102338,1025,1,24.20,0.00
4331,102338,1069,1,49.10,0.00
4332,102339,1036,1,193.46,0.15
4333,102340,1005,1,56.52,0.00
4334,102341,1005,1,56.52,0.00
4335,102341,1066,1,18.19,0.10
4336,102342,1057,1,56.24,0.00
4337,102343,1016,1,23.24,0.05
4338,102343,1004,3,16.52,0.05
4339,102344,1043,1,185.49,0.15
4340,102344,1035,1,51.62,0.00
4341,102345,1033,3,210.53,0.20
4342,102346,1035,2,51.62,0.00
4343,102347,1004,1,16.52,0.00
4344,102347,1012,1,6.77,0.05
4345,102347,1018,1,17.88,0.20
4346,102348,1035,2,51.62,0.15
4347,102348,1013,2,19.73,0.15
4348,102349,1008,3,25.87,0.00
4349,102350,1078,1,68.03,0.05
4350,102351,1034,3,68.99,0.20
4351,102351,1003,1,25.07,0.20
4352,102351,1068,2,35.89,0.10
4353,102352,1054,1,61.29,0.05
4354,102353,1040,2,123.72,0.10
4355,102353,1046,1,47.85,0.10
4356,102354,1061,2,10.53,0.15
4357,102355,1002,1,20.29,0.15
4358,102356,1037,2,145.98,0.00
4359,102356,1075,1,74.40,0.00
4360,102357,1036,3,193.46,0.10
4361,102358,1007,1,45.10,0.00
4362,102358,1060,1,63.95,0.00
4363,102358,1017,2,25.52,0.10
4364,102359,1031,1,146.40,0.00
4365,102360,1023,2,10.70,0.15
4366,102360,1032,1,104.13,0.00
4367,102360,1020,2,41.32,0.20
4368,102361,1061,2,10.53,0.20
4369,102361,1052,2,67.85,0.10
4370,102362,1042,1,205.47,0.15
4371,102363,1009,2,40.20,0.20
4372,102363,1060,4,63.95,0.15
4373,102364,1074,1,27.33,0.05
4374,102364,1016,1,23.24,0.05
4375,102365,1075,3,74.40,0.00
4376,102366,1063,1,14.47,0.15
4377,102366,1067,3,33.59,0.20
4378,102366,1044,4,12.75,0.00
4379,102367,1064,1,42.55,0.00
4380,102368,1023,1,10.70,0.00
4381,102369,1071,4,31.77,0.20
4382,102369,1022,1,27.34,0.10
4383,102369,1075,1,74.40,0.05
4384,102370,1027,1,123.47,0.00
4385,102371,1068,1,35.89,0.00
4386,102372,1076,2,69.88,0.00
4387,102372,1058,1,26.06,0.00
4388,102372,1063,1,14.47,0.00
4389,102373,1056,2,26.43,0.10
4390,102373,1029,1,162.75,0.05
4391,102374,1077,1,10.69,0.15
4392,102374,1056,1,26.43,0.00
4393,102375,1008,3,25.87,0.20
4394,102376,1061,1,10.53,0.15
4395,102377,1076,1,69.88,0.05
4396,102378,1017,2,25.52,0.00
4397,102379,1008,1,25.87,0.20
4398,102379,1050,2,79.54,0.00
4399,102379,1045,1,85.65,0.00
4400,102379,1057,1,56.24,0.00
4401,102380,1006,2,38.50,0.00
4402,102380,1043,1,185.49,0.10
4403,102380,1044,1,12.75,0.00
4404,102381,1072,1,25.15,0.20
4405,102382,1027,1,123.47,0.20
4406,102382,1053,2,33.56,0.00
4407,102382,1025,1,24.20,0.05
4408,102383,1052,1,67.85,0.20
4409,102383,1067,1,33.59,0.00
4410,102383,1029,1,162.75,0.00
4411,102383,1024,1,31.59,0.10
4412,102384,1007,1,45.10,0.15
4413,102384,1075,1,74.40,0.15
4414,102384,1027,1,123.47,0.00
4415,102385,1026,2,22.74,0.15
4416,102385,1069,3,49.10,0.10
4417,102385,1027,1,123.47,0.00
4418,102386,1071,2,31.77,0.00
4419,102386,1035,1,51.62,0.05
4420,102387,1015,1,22.31,0.05
4421,102388,1050,1,79.54,0.20
4422,102388,1046,1,47.85,0.15
4423,102389,1060,2,63.95,0.00
4424,102389,1056,1,26.43,0.00
4425,102389,1027,2,123.47,0.15
4426,102390,1079,1,74.62,0.15
4427,102390,1017,1,25.52,0.10
4428,102391,1078,1,68.03,0.15
4429,102391,1067,3,33.59,0.15
4430,102392,1066,1,18.19,0.10
4431,102393,1017,1,25.52,0.05
4432,102393,1056,1,26.43,0.15
4433,102394,1039,1,125.57,0.05
4434,102394,1012,3,6.77,0.20
4435,102395,1046,2,47.85,0.00
4436,102395,1001,1,17.80,0.00
4437,102396,1042,1,205.47,0.20
4438,102397,1054,1,61.29,0.10
4439,102397,1033,2,210.53,0.10
4440,102398,1037,1,145.98,0.05
4441,102398,1048,1,18.53,0.05
4442,102398,1008,1,25.87,0.00
4443,102399,1060,3,63.95,0.05
4444,102400,1060,1,63.95,0.15
4445,102401,1035,1,51.62,0.10
4446,102401,1009,1,40.20,0.05
4447,102402,1067,1,33.59,0.15
4448,102403,1058,2,26.06,0.10
4449,102404,1047,2,70.37,0.00
4450,102405,1003,1,25.07,0.05
4451,102405,1013,3,19.73,0.00
4452,102406,1063,2,14.47,0.15
4453,102407,1064,2,42.55,0.15
4454,102408,1042,1,205.47,0.10
4455,102408,1004,2,16.52,0.05
4456,102409,1039,2,125.57,0.05
4457,102410,1036,1,193.46,0.00
4458,102410,1046,1,47.85,0.20
4459,102410,1052,1,67.85,0.10
4460,102410,1028,1,191.46,0.05
4461,102411,1076,2,69.88,0.05
4462,102411,1036,1,193.46,0.10
4463,102412,1046,1,47.85,0.05
4464,102412,1077,1,10.69,0.00
4465,102412,1024,2,31.59,0.15
4466,102413,1067,1,33.59,0.00
4467,102414,1039,1,125.57,0.00
4468,102415,1075,1,74.40,0.15
4469,102416,1031,2,146.40,0.20
4470,102417,1009,2,40.20,0.15
4471,102417,1006,1,38.50,0.20
4472,102418,1017,2,25.52,0.05
4473,102419,1001,2,17.80,0.00
4474,102420,1014,4,56.86,0.00
4475,102420,1009,1,40.20,0.00
4476,102421,1008,1,25.87,0.15
4477,102422,1052,2,67.85,0.15
4478,102423,1076,1,69.88,0.10
4479,102424,1010,1,42.65,0.10
4480,102424,1002,2,20.29,0.10
4481,102425,1072,3,25.15,0.20
4482,102425,1047,1,70.37,0.15
4483,102425,1013,2,19.73,0.00
4484,102426,1074,1,27.33,0.00
4485,102427,1028,1,191.46,0.15
4486,102428,1058,1,26.06,0.00
4487,102429,1024,3,31.59,0.20
4488,102429,1017,2,25.52,0.15
4489,102429,1030,3,125.08,0.05
4490,102429,1076,4,69.88,0.00
4491,102430,1071,1,31.77,0.20
4492,102431,1030,3,125.08,0.10
4493,102432,1066,2,18.19,0.10
4494,102432,1018,1,17.88,0.20
4495,102433,1056,1,26.43,0.15
4496,102434,1050,2,79.54,0.10
4497,102434,1052,3,67.85,0.00
4498,102434,1037,1,145.98,0.00
4499,102435,1001,1,17.80,0.05
4500,102435,1036,2,193.46,0.15
4501,102435,1072,2,25.15,0.00
4502,102436,1064,3,42.55,0.00
4503,102436,1005,2,56.52,0.10
4504,102437,1046,1,47.85,0.05
4505,102437,1002,1,20.29,0.20
4506,102438,1044,1,12.75,0.10
4507,102438,1072,1,25.15,0.10
4508,102439,1034,1,68.99,0.00
4509,102440,1046,1,47.85,0.20
4510,102441,1069,1,49.10,0.05
4511,102442,1013,1,19.73,0.20
4512,102443,1038,2,46.33,0.05
4513,102443,1067,1,33.59,0.00
4514,102444,1050,1,79.54,0.20
4515,102445,1035,2,51.62,0.05
4516,102445,1071,1,31.77,0.15
4517,102446,1064,2,42.55,0.20
4518,102447,1017,1,25.52,0.15
4519,102447,1019,1,18.46,0.00
4520,102448,1005,1,56.52,0.00
4521,102449,1014,1,56.86,0.20
4522,102449,1008,1,25.87,0.00
4523,102450,1012,1,6.77,0.00
4524,102451,1080,1,19.14,0.15
4525,102451,1020,1,41.32,0.00
4526,102452,1034,3,68.99,0.00
4527,102452,1014,2,56.86,0.00
4528,102453,1063,1,14.47,0.00
4529,102453,1026,2,22.74,0.15
4530,102454,1006,2,38.50,0.00
4531,102454,1015,1,22.31,0.10
4532,102454,1019,1,18.46,0.00
4533,102455,1065,1,56.22,0.00
4534,102455,1006,2,38.50,0.10
4535,102456,1060,1,63.95,0.10
4536,102457,1037,2,145.98,0.20
4537,102457,1045,3,85.65,0.05
4538,102458,1064,2,42.55,0.00
4539,102458,1041,1,81.45,0.15
4540,102459,1060,4,63.95,0.15
4541,102460,1044,1,12.75,0.10
4542,102461,1057,1,56.24,0.05
4543,102461,1049,3,53.08,0.15
4544,102461,1006,1,38.50,0.10
4545,102461,1070,4,14.18,0.00
4546,102462,1061,1,10.53,0.00
4547,102463,1018,1,17.88,0.00
4548,102464,1034,1,68.99,0.15
4549,102465,1019,1,18.46,0.20
4550,102466,1028,1,191.46,0.20
4551,102466,1079,3,74.62,0.00
4552,102466,1016,2,23.24,0.00
4553,102466,1030,1,125.08,0.00
4554,102467,1060,1,63.95,0.00
4555,102467,1006,2,38.50,0.20
4556,102467,1039,1,125.57,0.00
4557,102468,1071,2,31.77,0.15
4558,102468,1009,2,40.20,0.10
4559,102469,1017,1,25.52,0.10
4560,102470,1029,1,162.75,0.05
4561,102471,1024,1,31.59,0.10
4562,102472,1016,4,23.24,0.15
4563,102472,1068,1,35.89,0.05
4564,102473,1001,1,17.80,0.00
4565,102473,1052,1,67.85,0.20
4566,102474,1018,1,17.88,0.10
4567,102475,1017,1,25.52,0.20
4568,102475,1028,3,191.46,0.10
4569,102476,1018,1,17.88,0.15
4570,102476,1028,1,191.46,0.00
4571,102476,1002,3,20.29,0.15
4572,102477,1005,3,56.52,0.05
4573,102477,1051,1,25.37,0.00
4574,102478,1034,1,68.99,0.00
4575,102479,1040,4,123.72,0.20
4576,102479,1056,1,26.43,0.00
4577,102479,1034,1,68.99,0.00
4578,102479,1050,2,79.54,0.05
4579,102480,1029,2,162.75,0.00
4580,102480,1068,1,35.89,0.15
4581,102481,1048,1,18.53,0.00
4582,102481,1022,1,27.34,0.00
4583,102481,1064,1,42.55,0.00
4584,102482,1044,1,12.75,0.00
4585,102482,1063,1,14.47,0.05
4586,102483,1072,1,25.15,0.00
4587,102484,1072,1,25.15,0.10
4588,102485,1078,2,68.03,0.15
4589,102486,1029,2,162.75,0.00
4590,102487,1053,4,33.56,0.05
4591,102487,1080,1,19.14,0.00
4592,102488,1051,1,25.37,0.05
4593,102488,1033,2,210.53,0.15
4594,102489,1074,4,27.33,0.00
4595,102489,1062,1,48.81,0.15
4596,102490,1050,1,79.54,0.00
4597,102490,1075,2,74.40,0.00
4598,102491,1023,1,10.70,0.10
4599,102492,1080,4,19.14,0.00
4600,102492,1047,1,70.37,0.15
4601,102492,1057,2,56.24,0.00
4602,102492,1063,1,14.47,0.00
4603,102493,1064,1,42.55,0.20
4604,102493,1024,2,31.59,0.20
4605,102493,1053,1,33.56,0.10
4606,102493,1055,1,50.44,0.05
4607,102494,1009,1,40.20,0.20
4608,102495,1049,4,53.08,0.05
4609,102496,1053,1,33.56,0.05
4610,102496,1007,1,45.10,0.00
4611,102496,1020,1,41.32,0.20
4612,102496,1064,2,42.55,0.20
4613,102497,1050,1,79.54,0.00
4614,102497,1075,2,74.40,0.05
4615,102498,1057,3,56.24,0.20
4616,102499,1047,1,70.37,0.05
4617,102500,1068,2,35.89,0.00
4618,102500,1030,2,125.08,0.00
4619,102501,1005,2,56.52,0.05
4620,102501,1068,1,35.89,0.00
4621,102501,1069,1,49.10,0.15
4622,102502,1016,1,23.24,0.10
4623,102502,1049,1,53.08,0.15
4624,102503,1029,1,162.75,0.00
4625,102504,1033,2,210.53,0.00
4626,102505,1069,1,49.10,0.10
4627,102505,1056,1,26.43,0.00
4628,102506,1051,3,25.37,0.15
4629,102506,1005,1,56.52,0.20
4630,102506,1018,3,17.88,0.00
4631,102506,1074,2,27.33,0.00
4632,102507,1037,2,145.98,0.00
4633,102507,1007,3,45.10,0.00
4634,102507,1023,2,10.70,0.05
4635,102508,1015,1,22.31,0.10
4636,102508,1034,1,68.99,0.05
4637,102509,1003,1,25.07,0.00
4638,102509,1033,1,210.53,0.00
4639,102509,1058,3,26.06,0.00
4640,102509,1035,2,51.62,0.05
4641,102510,1045,2,85.65,0.20
4642,102510,1024,1,31.59,0.00
4643,102510,1060,1,63.95,0.05
4644,102511,1070,2,14.18,0.00
4645,102512,1028,1,191.46,0.00
4646,102513,1039,4,125.57,0.00
4647,102513,1027,3,123.47,0.00
4648,102514,1065,2,56.22,0.00
4649,102514,1063,1,14.47,0.20
4650,102514,1006,2,38.50,0.20
4651,102514,1052,2,67.85,0.00
4652,102515,1059,1,46.39,0.20
4653,102516,1026,2,22.74,0.00
4654,102516,1033,1,210.53,0.20
4655,102517,1001,3,17.80,0.00
4656,102517,1080,1,19.14,0.00
4657,102518,1065,1,56.22,0.15
4658,102518,1050,2,79.54,0.00
4659,102519,1065,2,56.22,0.00
4660,102519,1035,3,51.62,0.10
4661,102520,1004,1,16.52,0.00
4662,102520,1005,1,56.52,0.00
4663,102521,1007,1,45.10,0.00
4664,102521,1021,1,16.90,0.15
4665,102522,1026,1,22.74,0.10
4666,102523,1032,1,104.13,0.10
4667,102523,1076,1,69.88,0.00
4668,102523,1036,2,193.46,0.20
4669,102523,1008,2,25.87,0.15
4670,102524,1078,1,68.03,0.00
4671,102524,1072,4,25.15,0.00
4672,102524,1001,1,17.80,0.00
4673,102525,1050,3,79.54,0.00
4674,102526,1031,3,146.40,0.00
4675,102527,1046,1,47.85,0.20
4676,102527,1063,2,14.47,0.00
4677,102527,1076,2,69.88,0.15
4678,102527,1020,1,41.32,0.15
4679,102528,1011,1,47.68,0.05
4680,102529,1017,1,25.52,0.20
4681,102530,1054,2,61.29,0.20
4682,102530,1068,2,35.89,0.00
4683,102531,1074,1,27.33,0.15
4684,102531,1080,1,19.14,0.00
4685,102532,1038,1,46.33,0.00
4686,102533,1018,2,17.88,0.00
4687,102533,1053,2,33.56,0.00
4688,102534,1046,2,47.85,0.20
4689,102535,1065,2,56.22,0.00
4690,102535,1020,1,41.32,0.20
4691,102535,1043,1,185.49,0.20
4692,102536,1024,1,31.59,0.15
4693,102536,1016,1,23.24,0.10
4694,102537,1062,1,48.81,0.10
4695,102537,1005,1,56.52,0.00
4696,102537,1037,3,145.98,0.00
4697,102538,1060,3,63.95,0.15
4698,102538,1014,1,56.86,0.00
4699,102539,1020,1,41.32,0.10
4700,102539,1029,1,162.75,0.00
4701,102540,1049,1,53.08,0.20
4702,102540,1020,3,41.32,0.00
4703,102540,1063,1,14.47,0.05
4704,102541,1015,2,22.31,0.00
4705,102541,1036,1,193.46,0.15
4706,102541,1007,1,45.10,0.00
4707,102542,1044,3,12.75,0.00
4708,102542,1056,2,26.43,0.00
4709,102543,1062,2,48.81,0.20
4710,102544,1001,1,17.80,0.20
4711,102544,1075,1,74.40,0.10
4712,102545,1043,2,185.49,0.10
4713,102546,1029,1,162.75,0.05
4714,102546,1006,2,38.50,0.10
4715,102547,1067,4,33.59,0.10
4716,102547,1045,2,85.65,0.00
4717,102548,1014,1,56.86,0.00
4718,102549,1025,2,24.20,0.15
4719,102549,1031,2,146.40,0.10
4720,102550,1031,1,146.40,0.15
4721,102551,1069,2,49.10,0.10
4722,102552,1053,2,33.56,0.05
4723,102552,1052,1,67.85,0.00
4724,102552,1018,2,17.88,0.10
4725,102553,1052,1,67.85,0.05
4726,102554,1033,1,210.53,0.10
4727,102554,1025,2,24.20,0.20
4728,102554,1022,2,27.34,0.10
4729,102555,1012,2,6.77,0.10
4730,102556,1040,1,123.72,0.05
4731,102556,1012,1,6.77,0.00
4732,102557,1012,2,6.77,0.00
4733,102558,1020,2,41.32,0.20
4734,102559,1076,1,69.88,0.05
4735,102560,1018,1,17.88,0.20
4736,102560,1019,1,18.46,0.20
4737,102561,1063,1,14.47,0.00
4738,102562,1007,4,45.10,0.15
4739,102562,1009,1,40.20,0.05
4740,102562,1063,3,14.47,0.15
4741,102563,1043,1,185.49,0.05
4742,102564,1048,2,18.53,0.05
4743,102564,1065,1,56.22,0.15
4744,102564,1001,1,17.80,0.00
4745,102564,1044,1,12.75,0.15
4746,102565,1033,3,210.53,0.00
4747,102566,1014,1,56.86,0.05
4748,102567,1020,1,41.32,0.15
4749,102568,1018,1,17.88,0.00
4750,102568,1011,2,47.68,0.00
4751,102568,1074,4,27.33,0.00
4752,102569,1071,1,31.77,0.10
4753,102570,1073,1,39.75,0.05
4754,102570,1055,1,50.44,0.00
4755,102570,1024,3,31.59,0.15
4756,102571,1001,1,17.80,0.15
4757,102571,1065,2,56.22,0.00
4758,102572,1035,1,51.62,0.20
4759,102573,1043,2,185.49,0.05
4760,102573,1003,2,25.07,0.00
4761,102574,1065,2,56.22,0.00
4762,102575,1047,1,70.37,0.00
4763,102575,1055,1,50.44,0.10
4764,102576,1026,2,22.74,0.00
4765,102577,1079,1,74.62,0.00
4766,102578,1006,1,38.50,0.00
4767,102579,1019,1,18.46,0.00
4768,102580,1031,1,146.40,0.05
4769,102580,1008,1,25.87,0.15
4770,102580,1041,1,81.45,0.00
4771,102581,1060,4,63.95,0.20
4772,102582,1077,1,10.69,0.00
4773,102583,1030,1,125.08,0.20
4774,102584,1011,3,47.68,0.05
4775,102585,1014,2,56.86,0.00
4776,102586,1068,2,35.89,0.15
4777,102587,1009,1,40.20,0.00
4778,102588,1025,1,24.20,0.20
4779,102588,1047,2,70.37,0.00
4780,102589,1048,2,18.53,0.00
4781,102589,1060,2,63.95,0.00
4782,102590,1034,1,68.99,0.05
4783,102590,1005,2,56.52,0.00
4784,102590,1013,2,19.73,0.00
4785,102591,1080,1,19.14,0.15
4786,102591,1029,3,162.75,0.15
4787,102592,1049,1,53.08,0.05
4788,102592,1049,2,53.08,0.00
4789,102593,1073,1,39.75,0.20
4790,102594,1011,2,47.68,0.10
4791,102594,1071,1,31.77,0.15
4792,102594,1010,1,42.65,0.00
4793,102595,1033,2,210.53,0.00
4794,102595,1050,1,79.54,0.15
4795,102596,1043,1,185.49,0.20
4796,102596,1048,1,18.53,0.15
4797,102596,1064,3,42.55,0.05
4798,102596,1048,1,18.53,0.00
4799,102597,1055,1,50.44,0.15
4800,102597,1024,1,31.59,0.10
4801,102598,1050,2,79.54,0.20
4802,102598,1009,1,40.20,0.05
4803,102598,1066,3,18.19,0.00
4804,102599,1009,1,40.20,0.20
4805,102600,1026,4,22.74,0.05
4806,102601,1068,1,35.89,0.20
4807,102601,1063,3,14.47,0.20
4808,102601,1007,1,45.10,0.15
4809,102602,1013,1,19.73,0.00
4810,102602,1055,2,50.44,0.20
4811,102602,1077,3,10.69,0.00
4812,102603,1077,1,10.69,0.15
4813,102604,1016,4,23.24,0.00
4814,102605,1059,2,46.39,0.15
4815,102605,1068,2,35.89,0.10
4816,102605,1023,1,10.70,0.00
4817,102605,1064,1,42.55,0.05
4818,102606,1025,1,24.20,0.00
4819,102606,1071,1,31.77,0.00
4820,102607,1058,2,26.06,0.00
4821,102608,1069,1,49.10,0.05
4822,102609,1005,2,56.52,0.10
4823,102610,1020,1,41.32,0.05
4824,102610,1015,1,22.31,0.10
4825,102611,1028,2,191.46,0.00
4826,102611,1072,1,25.15,0.00
4827,102612,1062,1,48.81,0.00
4828,102612,1043,2,185.49,0.00
4829,102612,1055,2,50.44,0.00
4830,102613,1065,1,56.22,0.00
4831,102614,1048,1,18.53,0.00
4832,102615,1059,1,46.39,0.00
4833,102616,1057,1,56.24,0.20
4834,102616,1008,1,25.87,0.05
4835,102616,1064,2,42.55,0.20
4836,102617,1039,1,125.57,0.15
4837,102618,1043,1,185.49,0.00
4838,102619,1066,1,18.19,0.20
4839,102619,1025,1,24.20,0.15
4840,102620,1026,1,22.74,0.00
4841,102620,1053,1,33.56,0.20
4842,102621,1074,2,27.33,0.00
4843,102622,1009,1,40.20,0.00
4844,102623,1075,1,74.40,0.00
4845,102624,1054,2,61.29,0.10
4846,102624,1015,1,22.31,0.00
4847,102625,1068,1,35.89,0.10
4848,102626,1025,1,24.20,0.00
4849,102627,1021,1,16.90,0.00
4850,102627,1043,3,185.49,0.00
4851,102627,1054,4,61.29,0.00
4852,102627,1023,4,10.70,0.20
4853,102628,1019,2,18.46,0.10
4854,102628,1037,1,145.98,0.20
4855,102629,1008,3,25.87,0.20
4856,102630,1007,1,45.10,0.20
4857,102631,1046,1,47.85,0.00
4858,102631,1044,1,12.75,0.00
4859,102632,1014,1,56.86,0.05
4860,102633,1011,1,47.68,0.00
4861,102634,1002,1,20.29,0.00
4862,102635,1071,1,31.77,0.15
4863,102635,1079,1,74.62,0.00
4864,102635,1061,1,10.53,0.10
4865,102636,1075,3,74.40,0.15
4866,102637,1065,1,56.22,0.00
4867,102637,1037,1,145.98,0.00
4868,102638,1075,1,74.40,0.00
4869,102638,1037,3,145.98,0.05
4870,102638,1042,1,205.47,0.00
4871,102638,1021,2,16.90,0.00
4872,102639,1065,2,56.22,0.15
4873,102639,1040,1,123.72,0.10
4874,102640,1070,1,14.18,0.00
4875,102640,1077,1,10.69,0.15
4876,102641,1054,1,61.29,0.00
4877,102641,1074,1,27.33,0.00
4878,102641,1025,2,24.20,0.15
4879,102641,1015,1,22.31,0.00
4880,102642,1014,1,56.86,0.20
4881,102643,1002,2,20.29,0.00
4882,102643,1033,1,210.53,0.05
4883,102644,1032,3,104.13,0.20
4884,102645,1058,1,26.06,0.00
4885,102646,1076,2,69.88,0.05
4886,102646,1055,2,50.44,0.05
4887,102646,1039,1,125.57,0.10
4888,102646,1064,1,42.55,0.00
4889,102647,1007,1,45.10,0.20
4890,102648,1077,2,10.69,0.05
4891,102649,1045,1,85.65,0.00
4892,102650,1056,2,26.43,0.20
4893,102650,1030,1,125.08,0.00
4894,102651,1066,1,18.19,0.05
4895,102652,1071,2,31.77,0.10
4896,102652,1003,1,25.07,0.15
4897,102652,1006,1,38.50,0.15
4898,102653,1067,2,33.59,0.00
4899,102654,1076,1,69.88,0.00
4900,102654,1025,1,24.20,0.00
4901,102655,1001,1,17.80,0.00
4902,102655,1001,2,17.80,0.10
4903,102655,1039,1,125.57,0.15
4904,102655,1074,2,27.33,0.20
4905,102656,1054,1,61.29,0.00
4906,102657,1079,2,74.62,0.00
4907,102658,1048,1,18.53,0.00
4908,102659,1079,1,74.62,0.00
4909,102659,1013,1,19.73,0.00
4910,102660,1077,1,10.69,0.00
4911,102661,1078,1,68.03,0.20
4912,102661,1043,2,185.49,0.00
4913,102661,1009,1,40.20,0.05
4914,102662,1065,2,56.22,0.05
4915,102662,1006,4,38.50,0.00
4916,102663,1057,1,56.24,0.20
4917,102663,1068,2,35.89,0.15
4918,102664,1041,3,81.45,0.20
4919,102664,1016,1,23.24,0.00
4920,102665,1028,1,191.46,0.00
4921,102665,1078,2,68.03,0.00
4922,102665,1031,4,146.40,0.00
4923,102666,1056,2,26.43,0.00
4924,102667,1069,1,49.10,0.20
4925,102667,1003,1,25.07,0.05
4926,102667,1039,1,125.57,0.00
4927,102668,1010,2,42.65,0.00
4928,102669,1009,1,40.20,0.10
4929,102669,1061,1,10.53,0.15
4930,102669,1025,1,24.20,0.00
4931,102669,1037,1,145.98,0.10
4932,102670,1040,2,123.72,0.00
4933,102671,1009,3,40.20,0.20
4934,102672,1015,1,22.31,0.00
4935,102672,1044,1,12.75,0.15
4936,102673,1019,2,18.46,0.00
4937,102673,1030,1,125.08,0.00
4938,102673,1055,2,50.44,0.15
4939,102674,1067,2,33.59,0.10
4940,102674,1072,3,25.15,0.10
4941,102674,1064,2,42.55,0.20
4942,102675,1009,1,40.20,0.05
4943,102676,1074,1,27.33,0.05
4944,102677,1005,1,56.52,0.00
4945,102677,1076,1,69.88,0.00
4946,102678,1029,1,162.75,0.10
4947,102678,1072,3,25.15,0.00
4948,102678,1064,4,42.55,0.10
4949,102679,1014,1,56.86,0.05
4950,102679,1041,1,81.45,0.10
4951,102680,1051,2,25.37,0.00
4952,102681,1024,1,31.59,0.15
4953,102682,1054,3,61.29,0.00
4954,102683,1059,1,46.39,0.00
4955,102684,1044,2,12.75,0.15
4956,102684,1041,1,81.45,0.20
4957,102685,1059,1,46.39,0.10
4958,102685,1068,1,35.89,0.20
4959,102686,1014,2,56.86,0.00
4960,102686,1005,1,56.52,0.00
4961,102686,1002,3,20.29,0.00
4962,102686,1080,1,19.14,0.20
4963,102687,1047,2,70.37,0.10
4964,102687,1002,3,20.29,0.00
4965,102688,1011,1,47.68,0.00
4966,102689,1064,1,42.55,0.00
4967,102690,1016,1,23.24,0.05
4968,102691,1037,2,145.98,0.00
4969,102692,1068,1,35.89,0.10
4970,102692,1062,2,48.81,0.00
4971,102693,1030,1,125.08,0.00
4972,102694,1019,1,18.46,0.20
4973,102694,1074,1,27.33,0.05
4974,102695,1025,1,24.20,0.10
4975,102695,1055,2,50.44,0.00
4976,102695,1032,1,104.13,0.00
4977,102695,1034,3,68.99,0.15
4978,102696,1011,3,47.68,0.05
4979,102697,1026,2,22.74,0.00
4980,102697,1046,3,47.85,0.20
4981,102698,1041,1,81.45,0.15
4982,102699,1015,1,22.31,0.00
4983,102699,1018,1,17.88,0.00
4984,102700,1005,1,56.52,0.00
4985,102701,1055,2,50.44,0.05
4986,102701,1032,2,104.13,0.00
4987,102702,1016,2,23.24,0.00
4988,102703,1053,2,33.56,0.00
4989,102703,1069,1,49.10,0.20
4990,102704,1068,1,35.89,0.15
4991,102705,1040,4,123.72,0.00
4992,102705,1025,1,24.20,0.00
4993,102706,1043,3,185.49,0.00
4994,102706,1066,1,18.19,0.00
4995,102707,1075,2,74.40,0.15
4996,102707,1058,2,26.06,0.00
4997,102708,1061,1,10.53,0.05
4998,102708,1033,1,210.53,0.00
4999,102709,1037,2,145.98,0.00
5000,102710,1050,1,79.54,0.05
5001,102710,1017,4,25.52,0.15
5002,102710,1059,1,46.39,0.00
5003,102710,1027,1,123.47,0.10
5004,102711,1049,1,53.08,0.00
5005,102711,1018,1,17.88,0.20
5006,102712,1026,2,22.74,0.00
5007,102712,1012,2,6.77,0.00
5008,102712,1074,2,27.33,0.10
5009,102712,1029,1,162.75,0.15
5010,102713,1047,2,70.37,0.20
5011,102713,1014,2,56.86,0.00
5012,102713,1026,1,22.74,0.05
5013,102713,1008,1,25.87,0.00
5014,102714,1075,1,74.40,0.15
5015,102714,1077,1,10.69,0.10
5016,102715,1032,1,104.13,0.20
5017,102716,1040,2,123.72,0.15
5018,102717,1023,1,10.70,0.00
5019,102717,1014,1,56.86,0.20
5020,102717,1037,2,145.98,0.20
5021,102718,1036,3,193.46,0.00
5022,102718,1028,1,191.46,0.00
5023,102718,1051,3,25.37,0.00
5024,102719,1004,2,16.52,0.00
5025,102720,1011,1,47.68,0.05
5026,102721,1018,2,17.88,0.20
5027,102722,1038,2,46.33,0.00
5028,102722,1076,1,69.88,0.20
5029,102722,1068,4,35.89,0.00
5030,102723,1041,2,81.45,0.00
5031,102723,1030,2,125.08,0.05
5032,102724,1075,1,74.40,0.20
5033,102724,1045,1,85.65,0.00
5034,102725,1025,3,24.20,0.15
5035,102726,1044,1,12.75,0.05
5036,102727,1046,1,47.85,0.10
5037,102727,1073,1,39.75,0.00
5038,102727,1072,1,25.15,0.00
5039,102727,1073,4,39.75,0.00
5040,102728,1030,1,125.08,0.00
5041,102728,1079,1,74.62,0.00
5042,102728,1036,3,193.46,0.15
5043,102729,1048,2,18.53,0.20
5044,102729,1004,1,16.52,0.05
5045,102730,1072,2,25.15,0.05
5046,102731,1036,1,193.46,0.00
5047,102731,1077,4,10.69,0.15
5048,102731,1042,1,205.47,0.20
5049,102732,1080,1,19.14,0.05
5050,102732,1045,1,85.65,0.00
5051,102732,1058,2,26.06,0.00
5052,102733,1056,3,26.43,0.10
5053,102734,1036,1,193.46,0.00
5054,102734,1004,1,16.52,0.10
5055,102734,1070,1,14.18,0.15
5056,102735,1044,3,12.75,0.00
5057,102735,1076,1,69.88,0.20
5058,102736,1023,3,10.70,0.05
5059,102736,1053,2,33.56,0.15
5060,102736,1051,1,25.37,0.00
5061,102736,1065,1,56.22,0.00
5062,102737,1040,2,123.72,0.00
5063,102738,1034,3,68.99,0.00
5064,102739,1078,3,68.03,0.20
5065,102739,1074,3,27.33,0.00
5066,102739,1055,2,50.44,0.15
5067,102739,1049,1,53.08,0.00
5068,102740,1073,1,39.75,0.20
5069,102740,1047,1,70.37,0.05
5070,102741,1056,1,26.43,0.00
5071,102741,1055,1,50.44,0.00
5072,102742,1041,1,81.45,0.05
5073,102742,1007,1,45.10,0.00
5074,102743,1077,1,10.69,0.00
5075,102744,1001,1,17.80,0.05
5076,102745,1058,1,26.06,0.20
5077,102745,1075,1,74.40,0.05
5078,102746,1021,1,16.90,0.00
5079,102746,1044,2,12.75,0.00
5080,102746,1019,1,18.46,0.05
5081,102746,1024,4,31.59,0.00
5082,102747,1074,1,27.33,0.10
5083,102747,1015,1,22.31,0.00
5084,102748,1070,2,14.18,0.20
5085,102749,1006,2,38.50,0.00
5086,102749,1004,1,16.52,0.00
5087,102750,1076,1,69.88,0.05
5088,102751,1057,2,56.24,0.00
5089,102751,1064,2,42.55,0.05
5090,102751,1006,1,38.50,0.00
5091,102752,1007,2,45.10,0.15
5092,102753,1037,1,145.98,0.10
5093,102754,1031,1,146.40,0.15
5094,102754,1059,1,46.39,0.20
5095,102754,1011,3,47.68,0.05
5096,102754,1063,2,14.47,0.20
5097,102755,1016,1,23.24,0.00
5098,102756,1030,2,125.08,0.00
5099,102756,1014,2,56.86,0.10
5100,102757,1074,1,27.33,0.15
5101,102758,1068,3,35.89,0.20
5102,102758,1021,1,16.90,0.10
5103,102759,1001,1,17.80,0.00
5104,102759,1066,1,18.19,0.20
5105,102759,1045,1,85.65,0.20
5106,102759,1062,1,48.81,0.20
5107,102760,1001,1,17.80,0.05
5108,102761,1040,1,123.72,0.15
5109,102762,1052,3,67.85,0.20
5110,102762,1061,2,10.53,0.05
5111,102762,1052,3,67.85,0.05
5112,102763,1044,2,12.75,0.00
5113,102763,1076,1,69.88,0.00
5114,102764,1069,1,49.10,0.10
5115,102764,1018,1,17.88,0.10
5116,102765,1001,1,17.80,0.15
5117,102766,1069,1,49.10,0.15
5118,102767,1062,1,48.81,0.05
5119,102768,1033,1,210.53,0.00
5120,102768,1012,1,6.77,0.00
5121,102768,1073,2,39.75,0.00
5122,102769,1066,1,18.19,0.00
5123,102769,1052,1,67.85,0.10
5124,102769,1069,1,49.10,0.10
5125,102770,1051,1,25.37,0.00
5126,102771,1067,1,33.59,0.00
5127,102772,1012,2,6.77,0.00
5128,102772,1045,4,85.65,0.05
5129,102773,1070,2,14.18,0.10
5130,102774,1019,1,18.46,0.15
5131,102774,1050,3,79.54,0.15
5132,102775,1056,1,26.43,0.20
5133,102775,1055,3,50.44,0.00
5134,102775,1061,1,10.53,0.00
5135,102776,1056,1,26.43,0.00
5136,102777,1078,3,68.03,0.00
5137,102777,1012,2,6.77,0.00
5138,102778,1008,2,25.87,0.10
5139,102778,1041,3,81.45,0.15
5140,102779,1017,1,25.52,0.20
5141,102780,1049,1,53.08,0.00
5142,102780,1035,1,51.62,0.00
5143,102780,1020,1,41.32,0.05
5144,102781,1046,1,47.85,0.00
5145,102781,1037,1,145.98,0.00
5146,102782,1002,1,20.29,0.15
5147,102782,1064,1,42.55,0.20
5148,102782,1077,2,10.69,0.20
5149,102782,1037,1,145.98,0.00
5150,102783,1045,1,85.65,0.00
5151,102784,1032,3,104.13,0.10
5152,102784,1007,3,45.10,0.15
5153,102785,1039,3,125.57,0.00
5154,102786,1072,1,25.15,0.15
5155,102787,1029,1,162.75,0.00
5156,102787,1044,1,12.75,0.05
5157,102788,1042,1,205.47,0.00
5158,102789,1014,1,56.86,0.15
5159,102790,1035,1,51.62,0.15
5160,102791,1027,3,123.47,0.20
5161,102791,1029,2,162.75,0.10
5162,102792,1079,2,74.62,0.00
5163,102792,1065,1,56.22,0.00
5164,102793,1017,2,25.52,0.10
5165,102793,1006,1,38.50,0.00
5166,102794,1047,1,70.37,0.15
5167,102795,1024,4,31.59,0.00
5168,102796,1036,2,193.46,0.00
5169,102797,1021,2,16.90,0.10
5170,102798,1001,2,17.80,0.05
5171,102798,1020,1,41.32,0.05
5172,102798,1051,2,25.37,0.00
5173,102799,1058,3,26.06,0.00
5174,102799,1062,1,48.81,0.10
5175,102800,1076,1,69.88,0.00
5176,102801,1055,2,50.44,0.05
5177,102801,1058,3,26.06,0.00
5178,102802,1040,4,123.72,0.15
5179,102802,1004,1,16.52,0.00
5180,102803,1046,2,47.85,0.20
5181,102803,1053,3,33.56,0.10
5182,102803,1037,3,145.98,0.20
5183,102804,1060,1,63.95,0.00
5184,102805,1064,1,42.55,0.15
5185,102805,1050,1,79.54,0.20
5186,102805,1073,1,39.75,0.10
5187,102806,1030,2,125.08,0.05
5188,102806,1041,1,81.45,0.10
5189,102806,1051,2,25.37,0.10
5190,102806,1033,2,210.53,0.00
5191,102807,1044,1,12.75,0.10
5192,102807,1048,2,18.53,0.00
5193,102808,1009,1,40.20,0.05
5194,102809,1010,1,42.65,0.05
5195,102810,1026,1,22.74,0.20
5196,102810,1020,1,41.32,0.15
5197,102811,1040,1,123.72,0.00
5198,102812,1043,1,185.49,0.00
5199,102812,1070,1,14.18,0.00
5200,102813,1007,4,45.10,0.05
5201,102813,1065,1,56.22,0.00
5202,102814,1029,1,162.75,0.15
5203,102814,1001,2,17.80,0.10
5204,102815,1046,3,47.85,0.00
5205,102815,1068,1,35.89,0.10
5206,102815,1024,1,31.59,0.15
5207,102816,1019,1,18.46,0.20
5208,102816,1019,1,18.46,0.15
5209,102817,1070,2,14.18,0.10
5210,102817,1022,1,27.34,0.00
5211,102817,1035,1,51.62,0.00
5212,102818,1046,1,47.85,0.00
5213,102819,1051,1,25.37,0.20
5214,102819,1071,1,31.77,0.15
5215,102819,1067,2,33.59,0.05
5216,102820,1003,2,25.07,0.15
5217,102820,1080,1,19.14,0.10
5218,102820,1055,2,50.44,0.00
5219,102820,1054,2,61.29,0.00
5220,102821,1031,3,146.40,0.10
5221,102822,1061,1,10.53,0.00
5222,102823,1032,2,104.13,0.10
5223,102823,1071,2,31.77,0.00
5224,102824,1065,2,56.22,0.00
5225,102825,1028,1,191.46,0.00
5226,102826,1001,1,17.80,0.00
5227,102827,1055,1,50.44,0.00
5228,102827,1015,1,22.31,0.00
5229,102828,1063,2,14.47,0.05
5230,102828,1074,2,27.33,0.00
5231,102828,1001,2,17.80,0.15
5232,102829,1044,2,12.75,0.00
5233,102829,1023,3,10.70,0.20
5234,102830,1062,1,48.81,0.00
5235,102830,1041,1,81.45,0.05
5236,102831,1071,1,31.77,0.00
5237,102831,1062,1,48.81,0.00
5238,102832,1067,1,33.59,0.20
5239,102832,1070,3,14.18,0.00
5240,102832,1037,2,145.98,0.10
5241,102832,1015,1,22.31,0.00
5242,102833,1077,3,10.69,0.00
5243,102834,1045,1,85.65,0.05
5244,102834,1050,1,79.54,0.00
5245,102835,1060,1,63.95,0.15
5246,102836,1064,2,42.55,0.00
5247,102836,1011,1,47.68,0.10
5248,102836,1015,1,22.31,0.05
5249,102837,1041,1,81.45,0.00
5250,102838,1003,1,25.07,0.00
5251,102839,1044,1,12.75,0.20
5252,102839,1003,1,25.07,0.15
5253,102839,1002,1,20.29,0.00
5254,102839,1010,2,42.65,0.00
5255,102840,1001,1,17.80,0.10
5256,102840,1041,1,81.45,0.00
5257,102840,1053,3,33.56,0.05
5258,102841,1063,1,14.47,0.00
5259,102841,1072,2,25.15,0.00
5260,102842,1044,3,12.75,0.00
5261,102842,1042,1,205.47,0.00
5262,102842,1011,1,47.68,0.00
5263,102843,1018,1,17.88,0.10
5264,102844,1047,1,70.37,0.20
5265,102845,1050,1,79.54,0.00
5266,102845,1080,1,19.14,0.00
5267,102845,1004,1,16.52,0.00
5268,102846,1035,3,51.62,0.05
5269,102846,1010,2,42.65,0.05
5270,102847,1073,1,39.75,0.10
5271,102847,1072,1,25.15,0.00
5272,102847,1012,1,6.77,0.20
5273,102848,1039,1,125.57,0.00
5274,102849,1016,1,23.24,0.20
5275,102850,1057,1,56.24,0.00
5276,102851,1062,1,48.81,0.00
5277,102852,1060,2,63.95,0.00
5278,102852,1017,3,25.52,0.15
5279,102852,1027,1,123.47,0.00
5280,102853,1018,1,17.88,0.00
5281,102854,1024,1,31.59,0.10
5282,102854,1073,1,39.75,0.20
5283,102855,1022,2,27.34,0.00
5284,102855,1028,2,191.46,0.00
5285,102856,1079,1,74.62,0.10
5286,102857,1050,1,79.54,0.00
5287,102858,1051,2,25.37,0.00
5288,102859,1059,1,46.39,0.20
5289,102860,1001,3,17.80,0.15
5290,102860,1021,1,16.90,0.00
5291,102860,1053,1,33.56,0.00
5292,102861,1051,2,25.37,0.00
5293,102862,1068,1,35.89,0.00
5294,102863,1047,2,70.37,0.00
5295,102864,1014,1,56.86,0.00
5296,102865,1022,2,27.34,0.00
5297,102865,1071,1,31.77,0.00
5298,102866,1047,1,70.37,0.10
5299,102867,1079,1,74.62,0.00
5300,102867,1050,1,79.54,0.10
5301,102868,1042,1,205.47,0.10
5302,102868,1080,1,19.14,0.05
5303,102869,1008,1,25.87,0.20
5304,102869,1016,1,23.24,0.15
5305,102869,1010,2,42.65,0.00
5306,102870,1007,1,45.10,0.05
5307,102870,1072,1,25.15,0.00
5308,102870,1026,4,22.74,0.00
5309,102871,1031,2,146.40,0.10
5310,102871,1050,3,79.54,0.00
5311,102871,1027,2,123.47,0.20
5312,102871,1010,3,42.65,0.15
5313,102872,1004,1,16.52,0.20
5314,102873,1014,3,56.86,0.00
5315,102874,1050,1,79.54,0.05
5316,102874,1010,2,42.65,0.00
5317,102875,1041,1,81.45,0.15
5318,102875,1025,1,24.20,0.00
5319,102875,1001,3,17.80,0.20
5320,102875,1007,1,45.10,0.05
5321,102876,1066,4,18.19,0.15
5322,102876,1018,1,17.88,0.00
5323,102876,1008,1,25.87,0.00
5324,102877,1080,1,19.14,0.05
5325,102877,1080,2,19.14,0.15
5326,102877,1058,1,26.06,0.00
5327,102878,1035,1,51.62,0.05
5328,102879,1069,3,49.10,0.00
5329,102879,1046,1,47.85,0.00
5330,102880,1042,2,205.47,0.15
5331,102881,1022,1,27.34,0.00
5332,102881,1044,1,12.75,0.05
5333,102882,1027,1,123.47,0.05
5334,102882,1003,1,25.07,0.15
5335,102882,1013,1,19.73,0.10
5336,102883,1036,2,193.46,0.00
5337,102884,1004,3,16.52,0.10
5338,102885,1002,3,20.29,0.05
5339,102886,1063,1,14.47,0.00
5340,102887,1018,1,17.88,0.20
5341,102888,1036,1,193.46,0.00
5342,102888,1008,1,25.87,0.20
5343,102888,1078,2,68.03,0.00
5344,102889,1061,2,10.53,0.20
5345,102889,1076,1,69.88,0.20
5346,102890,1029,1,162.75,0.20
5347,102891,1020,1,41.32,0.00
5348,102891,1022,3,27.34,0.20
5349,102891,1071,2,31.77,0.05
5350,102891,1059,2,46.39,0.20
5351,102892,1021,3,16.90,0.10
5352,102892,1023,2,10.70,0.10
5353,102892,1055,1,50.44,0.00
5354,102893,1073,2,39.75,0.00
5355,102893,1008,2,25.87,0.15
5356,102894,1012,1,6.77,0.15
5357,102894,1011,3,47.68,0.00
5358,102895,1070,1,14.18,0.15
5359,102896,1079,1,74.62,0.00
5360,102897,1066,1,18.19,0.00
5361,102898,1064,1,42.55,0.00
5362,102898,1058,1,26.06,0.00
5363,102899,1028,2,191.46,0.00
5364,102900,1050,1,79.54,0.00
5365,102901,1039,1,125.57,0.15
5366,102902,1026,1,22.74,0.05
5367,102902,1071,1,31.77,0.15
5368,102903,1053,1,33.56,0.05
5369,102903,1060,1,63.95,0.20
5370,102904,1039,1,125.57,0.00
5371,102905,1033,1,210.53,0.20
5372,102906,1041,1,81.45,0.00
5373,102907,1011,1,47.68,0.15
5374,102908,1004,1,16.52,0.00
5375,102908,1049,1,53.08,0.05
5376,102909,1016,2,23.24,0.00
5377,102910,1054,4,61.29,0.10
5378,102910,1032,2,104.13,0.00
5379,102910,1018,1,17.88,0.20
5380,102910,1075,1,74.40,0.00
5381,102911,1022,1,27.34,0.15
5382,102911,1005,1,56.52,0.15
5383,102911,1047,1,70.37,0.00
5384,102912,1034,1,68.99,0.20
5385,102913,1076,4,69.88,0.00
5386,102913,1078,1,68.03,0.00
5387,102913,1050,2,79.54,0.00
5388,102914,1051,2,25.37,0.00
5389,102915,1001,1,17.80,0.00
5390,102915,1048,1,18.53,0.20
5391,102915,1020,4,41.32,0.20
5392,102916,1002,2,20.29,0.10
5393,102916,1076,1,69.88,0.05
5394,102917,1058,3,26.06,0.15
5395,102918,1006,2,38.50,0.10
5396,102918,1004,1,16.52,0.15
5397,102918,1040,2,123.72,0.05
5398,102918,1062,3,48.81,0.00
5399,102919,1032,1,104.13,0.00
5400,102920,1012,1,6.77,0.00
5401,102921,1023,2,10.70,0.15
5402,102922,1044,3,12.75,0.00
5403,102922,1007,1,45.10,0.05
5404,102922,1067,3,33.59,0.00
5405,102923,1054,2,61.29,0.00
5406,102924,1073,1,39.75,0.15
5407,102924,1031,1,146.40,0.05
5408,102924,1002,1,20.29,0.00
5409,102924,1041,1,81.45,0.05
5410,102925,1024,1,31.59,0.00
5411,102925,1010,1,42.65,0.00
5412,102925,1051,2,25.37,0.00
5413,102925,1076,1,69.88,0.00
5414,102926,1072,2,25.15,0.15
5415,102926,1050,1,79.54,0.10
5416,102926,1039,1,125.57,0.10
5417,102927,1055,3,50.44,0.00
5418,102928,1074,3,27.33,0.00
5419,102929,1031,1,146.40,0.00
5420,102930,1015,1,22.31,0.00
5421,102930,1014,2,56.86,0.00
5422,102930,1074,2,27.33,0.20
5423,102931,1047,2,70.37,0.00
5424,102931,1050,1,79.54,0.20
5425,102931,1020,1,41.32,0.00
5426,102932,1063,1,14.47,0.05
5427,102932,1080,2,19.14,0.00
5428,102933,1002,2,20.29,0.15
5429,102934,1017,1,25.52,0.10
5430,102935,1042,1,205.47,0.15
5431,102936,1020,1,41.32,0.00
5432,102936,1070,1,14.18,0.20
5433,102937,1009,1,40.20,0.00
5434,102937,1009,2,40.20,0.00
5435,102937,1021,1,16.90,0.00
5436,102937,1060,1,63.95,0.10
5437,102938,1079,1,74.62,0.00
5438,102939,1075,1,74.40,0.00
5439,102939,1002,1,20.29,0.15
5440,102939,1063,2,14.47,0.15
5441,102940,1028,1,191.46,0.15
5442,102940,1026,2,22.74,0.00
5443,102941,1058,4,26.06,0.00
5444,102942,1032,1,104.13,0.05
5445,102943,1051,1,25.37,0.00
5446,102944,1077,4,10.69,0.00
5447,102945,1016,1,23.24,0.05
5448,102946,1011,1,47.68,0.00
5449,102947,1018,2,17.88,0.20
5450,102947,1050,1,79.54,0.10
5451,102947,1042,2,205.47,0.15
5452,102947,1073,2,39.75,0.00
5453,102948,1033,2,210.53,0.00
5454,102949,1031,3,146.40,0.10
5455,102950,1005,2,56.52,0.10
5456,102950,1012,2,6.77,0.10
5457,102950,1045,2,85.65,0.15
5458,102950,1057,1,56.24,0.00
5459,102951,1076,2,69.88,0.05
5460,102952,1004,1,16.52,0.00
5461,102952,1072,2,25.15,0.15
5462,102953,1057,1,56.24,0.15
5463,102954,1071,3,31.77,0.00
5464,102954,1009,1,40.20,0.20
5465,102955,1021,3,16.90,0.00
5466,102956,1049,1,53.08,0.05
5467,102956,1001,1,17.80,0.00
5468,102956,1075,2,74.40,0.00
5469,102956,1045,1,85.65,0.20
5470,102957,1005,1,56.52,0.05
5471,102957,1058,1,26.06,0.00
5472,102958,1044,1,12.75,0.05
5473,102958,1071,2,31.77,0.05
5474,102958,1031,2,146.40,0.00
5475,102958,1046,1,47.85,0.10
5476,102959,1018,4,17.88,0.20
5477,102959,1023,1,10.70,0.05
5478,102959,1017,1,25.52,0.05
5479,102959,1066,3,18.19,0.15
5480,102960,1038,1,46.33,0.20
5481,102961,1075,2,74.40,0.00
5482,102962,1030,2,125.08,0.15
5483,102963,1074,2,27.33,0.00
5484,102964,1074,1,27.33,0.00
5485,102964,1068,1,35.89,0.00
5486,102965,1033,2,210.53,0.15
5487,102965,1023,1,10.70,0.00
5488,102966,1046,2,47.85,0.20
5489,102967,1024,1,31.59,0.05
5490,102968,1018,1,17.88,0.10
5491,102968,1058,2,26.06,0.05
5492,102969,1068,1,35.89,0.00
5493,102970,1079,2,74.62,0.05
5494,102971,1025,1,24.20,0.00
5495,102971,1066,1,18.19,0.00
5496,102972,1058,2,26.06,0.00
5497,102972,1050,2,79.54,0.00
5498,102973,1072,1,25.15,0.00
5499,102973,1016,1,23.24,0.20
5500,102973,1014,1,56.86,0.05
5501,102973,1066,1,18.19,0.00
5502,102974,1072,1,25.15,0.00
5503,102974,1005,3,56.52,0.00
5504,102975,1005,1,56.52,0.10
5505,102976,1057,1,56.24,0.05
5506,102977,1023,1,10.70,0.00
5507,102977,1060,1,63.95,0.05
5508,102978,1013,2,19.73,0.00
5509,102978,1041,1,81.45,0.00
5510,102979,1067,1,33.59,0.20
5511,102980,1007,2,45.10,0.20
5512,102980,1067,1,33.59,0.00
5513,102981,1030,1,125.08,0.00
5514,102982,1005,2,56.52,0.00
5515,102982,1053,2,33.56,0.20
5516,102983,1009,3,40.20,0.00
5517,102983,1034,1,68.99,0.15
5518,102984,1032,3,104.13,0.00
5519,102985,1074,1,27.33,0.00
5520,102985,1080,4,19.14,0.00
5521,102985,1018,1,17.88,0.00
5522,102986,1061,3,10.53,0.15
5523,102986,1018,1,17.88,0.10
5524,102986,1070,1,14.18,0.15
5525,102987,1060,1,63.95,0.00
5526,102987,1068,2,35.89,0.05
5527,102987,1021,2,16.90,0.15
5528,102987,1066,3,18.19,0.05
5529,102988,1024,4,31.59,0.00
5530,102988,1061,1,10.53,0.15
5531,102989,1024,1,31.59,0.00
5532,102989,1074,4,27.33,0.00
5533,102989,1016,2,23.24,0.00
5534,102990,1023,3,10.70,0.15
5535,102990,1029,1,162.75,0.20
5536,102991,1013,3,19.73,0.00
5537,102992,1041,1,81.45,0.10
5538,102992,1031,1,146.40,0.20
5539,102993,1021,1,16.90,0.05
5540,102994,1058,1,26.06,0.20
5541,102995,1075,2,74.40,0.15
5542,102995,1018,1,17.88,0.00
5543,102995,1047,1,70.37,0.05
5544,102996,1027,1,123.47,0.05
5545,102997,1022,3,27.34,0.10
5546,102998,1028,1,191.46,0.00
5547,102999,1061,1,10.53,0.05
5548,103000,1052,1,67.85,0.00
5549,103000,1066,2,18.19,0.00
5550,103001,1031,1,146.40,0.15
5551,103001,1029,3,162.75,0.15
5552,103001,1005,1,56.52,0.00
5553,103002,1019,1,18.46,0.00
5554,103003,1079,3,74.62,0.20
5555,103004,1014,2,56.86,0.10
5556,103004,1040,1,123.72,0.00
5557,103004,1005,1,56.52,0.20
5558,103005,1001,1,17.80,0.10
5559,103006,1066,2,18.19,0.10
5560,103007,1004,1,16.52,0.15
5561,103008,1029,2,162.75,0.00
5562,103008,1010,1,42.65,0.00
5563,103008,1023,3,10.70,0.00
5564,103009,1033,2,210.53,0.00
5565,103010,1022,2,27.34,0.00
5566,103010,1004,1,16.52,0.15
5567,103011,1057,1,56.24,0.10
5568,103012,1011,1,47.68,0.10
5569,103013,1071,2,31.77,0.00
5570,103013,1075,1,74.40,0.00
5571,103013,1024,1,31.59,0.15
5572,103013,1071,1,31.77,0.20
5573,103014,1018,1,17.88,0.05
5574,103014,1051,1,25.37,0.00
5575,103015,1042,2,205.47,0.05
5576,103016,1038,1,46.33,0.00
5577,103016,1022,1,27.34,0.15
5578,103016,1022,1,27.34,0.10
5579,103017,1037,1,145.98,0.20
5580,103017,1030,1,125.08,0.05
5581,103018,1072,2,25.15,0.15
5582,103019,1013,1,19.73,0.05
5583,103019,1032,2,104.13,0.10
5584,103020,1035,3,51.62,0.10
5585,103021,1017,3,25.52,0.05
5586,103022,1033,1,210.53,0.15
5587,103023,1033,3,210.53,0.00
5588,103023,1004,1,16.52,0.00
5589,103024,1068,1,35.89,0.15
5590,103024,1063,2,14.47,0.05
5591,103024,1038,2,46.33,0.10
5592,103024,1049,1,53.08,0.00
5593,103025,1061,1,10.53,0.00
5594,103025,1001,1,17.80,0.10
5595,103025,1001,1,17.80,0.10
5596,103026,1069,2,49.10,0.10
5597,103026,1037,1,145.98,0.00
5598,103026,1075,1,74.40,0.00
5599,103027,1062,4,48.81,0.00
5600,103027,1017,2,25.52,0.05
5601,103028,1013,1,19.73,0.05
5602,103029,1071,1,31.77,0.00
5603,103029,1032,1,104.13,0.00
5604,103029,1021,2,16.90,0.10
5605,103030,1046,1,47.85,0.00
5606,103030,1018,2,17.88,0.20
5607,103030,1051,1,25.37,0.15
5608,103031,1031,1,146.40,0.20
5609,103031,1004,1,16.52,0.00
5610,103031,1080,2,19.14,0.05
5611,103032,1058,3,26.06,0.00
5612,103033,1069,1,49.10,0.00
5613,103034,1030,2,125.08,0.00
5614,103034,1005,2,56.52,0.20
5615,103034,1033,1,210.53,0.05
5616,103034,1027,3,123.47,0.05
5617,103035,1038,2,46.33,0.15
5618,103035,1064,4,42.55,0.00
5619,103036,1021,2,16.90,0.15
5620,103036,1065,2,56.22,0.10
5621,103036,1059,2,46.39,0.20
5622,103037,1065,1,56.22,0.00
5623,103038,1043,1,185.49,0.10
5624,103039,1062,2,48.81,0.10
5625,103040,1063,2,14.47,0.10
5626,103041,1075,1,74.40,0.05
5627,103041,1004,2,16.52,0.00
5628,103042,1025,1,24.20,0.00
5629,103042,1008,2,25.87,0.00
5630,103042,1028,1,191.46,0.05
5631,103043,1003,1,25.07,0.00
5632,103043,1056,2,26.43,0.20
5633,103043,1033,1,210.53,0.15
5634,103043,1013,1,19.73,0.00
5635,103044,1048,1,18.53,0.00
5636,103044,1031,2,146.40,0.00
5637,103044,1007,2,45.10,0.00
5638,103045,1068,2,35.89,0.00
5639,103045,1072,1,25.15,0.00
5640,103046,1076,2,69.88,0.10
5641,103047,1077,1,10.69,0.00
5642,103047,1053,1,33.56,0.20
5643,103047,1042,4,205.47,0.05
5644,103048,1032,4,104.13,0.05
5645,103048,1009,3,40.20,0.20
5646,103049,1076,1,69.88,0.05
5647,103050,1014,1,56.86,0.00
5648,103051,1008,1,25.87,0.00
5649,103051,1026,3,22.74,0.05
5650,103051,1051,2,25.37,0.05
5651,103051,1046,1,47.85,0.20
5652,103052,1060,1,63.95,0.05
5653,103052,1028,2,191.46,0.00
5654,103053,1021,1,16.90,0.10
5655,103053,1004,2,16.52,0.00
5656,103054,1051,1,25.37,0.20
5657,103055,1010,1,42.65,0.00
5658,103056,1062,1,48.81,0.05
5659,103057,1006,2,38.50,0.05
5660,103057,1080,1,19.14,0.15
5661,103058,1024,1,31.59,0.00
5662,103058,1031,1,146.40,0.15
5663,103059,1008,2,25.87,0.15
5664,103059,1056,1,26.43,0.05
5665,103059,1052,4,67.85,0.00
5666,103060,1015,2,22.31,0.05
5667,103061,1065,2,56.22,0.00
5668,103061,1060,1,63.95,0.00
5669,103061,1047,1,70.37,0.00
5670,103061,1031,4,146.40,0.10
5671,103062,1057,3,56.24,0.20
5672,103063,1053,1,33.56,0.00
5673,103064,1064,1,42.55,0.00
5674,103065,1035,1,51.62,0.00
5675,103065,1025,1,24.20,0.15
5676,103065,1076,1,69.88,0.20
5677,103066,1051,1,25.37,0.20
5678,103067,1043,2,185.49,0.00
5679,103067,1047,1,70.37,0.20
5680,103068,1061,3,10.53,0.00
5681,103068,1076,1,69.88,0.00
5682,103069,1043,1,185.49,0.00
5683,103070,1035,1,51.62,0.00
5684,103071,1056,2,26.43,0.00
5685,103071,1020,2,41.32,0.00
5686,103071,1034,3,68.99,0.20
5687,103071,1058,1,26.06,0.15
5688,103072,1014,1,56.86,0.15
5689,103072,1057,1,56.24,0.10
5690,103073,1033,1,210.53,0.20
5691,103073,1039,1,125.57,0.20
5692,103073,1016,2,23.24,0.05
5693,103073,1066,1,18.19,0.20
5694,103074,1066,1,18.19,0.10
5695,103075,1070,1,14.18,0.00
5696,103075,1025,1,24.20,0.15
5697,103076,1007,1,45.10,0.15
5698,103077,1076,1,69.88,0.15
5699,103077,1024,4,31.59,0.20
5700,103078,1003,3,25.07,0.15
5701,103079,1055,2,50.44,0.00
5702,103079,1065,1,56.22,0.15
5703,103079,1045,1,85.65,0.20
5704,103079,1025,1,24.20,0.00
5705,103080,1034,1,68.99,0.15
5706,103080,1042,1,205.47,0.20
5707,103080,1023,1,10.70,0.20
5708,103081,1056,1,26.43,0.15
5709,103081,1046,1,47.85,0.20
5710,103081,1016,2,23.24,0.05
5711,103082,1080,1,19.14,0.00
5712,103082,1039,1,125.57,0.10
5713,103082,1073,2,39.75,0.05
5714,103082,1038,2,46.33,0.05
5715,103083,1073,3,39.75,0.00
5716,103083,1017,2,25.52,0.20
5717,103084,1071,3,31.77,0.05
5718,103084,1033,1,210.53,0.00
5719,103084,1053,1,33.56,0.00
5720,103085,1051,1,25.37,0.15
5721,103086,1005,1,56.52,0.00
5722,103087,1061,1,10.53,0.00
5723,103087,1073,1,39.75,0.10
5724,103088,1079,1,74.62,0.00
5725,103089,1031,1,146.40,0.00
5726,103090,1027,2,123.47,0.10
5727,103091,1005,1,56.52,0.20
5728,103091,1018,3,17.88,0.00
5729,103091,1012,3,6.77,0.05
5730,103092,1003,1,25.07,0.05
5731,103092,1074,1,27.33,0.05
5732,103092,1029,2,162.75,0.15
5733,103093,1010,1,42.65,0.00
5734,103094,1055,4,50.44,0.20
5735,103095,1033,1,210.53,0.15
5736,103095,1018,2,17.88,0.15
5737,103096,1066,1,18.19,0.15
5738,103096,1060,2,63.95,0.00
5739,103097,1061,2,10.53,0.20
5740,103097,1045,2,85.65,0.00
5741,103098,1017,1,25.52,0.00
5742,103098,1047,3,70.37,0.05
5743,103098,1062,1,48.81,0.00
5744,103098,1059,1,46.39,0.00
5745,103099,1045,1,85.65,0.00
5746,103099,1037,1,145.98,0.05
5747,103100,1051,2,25.37,0.10
5748,103100,1063,1,14.47,0.10
5749,103101,1037,1,145.98,0.15
5750,103101,1076,2,69.88,0.00
5751,103101,1048,2,18.53,0.20
5752,103102,1032,2,104.13,0.00
5753,103103,1041,1,81.45,0.00
5754,103104,1058,1,26.06,0.20
5755,103104,1009,1,40.20,0.20
5756,103104,1073,1,39.75,0.05
5757,103104,1028,2,191.46,0.15
5758,103105,1042,4,205.47,0.10
5759,103106,1030,4,125.08,0.00
5760,103107,1074,1,27.33,0.05
5761,103107,1026,1,22.74,0.20
5762,103108,1080,3,19.14,0.15
5763,103108,1060,1,63.95,0.15
5764,103108,1062,1,48.81,0.15
5765,103108,1020,2,41.32,0.20
5766,103109,1004,1,16.52,0.00
5767,103110,1024,1,31.59,0.00
5768,103111,1006,1,38.50,0.05
5769,103111,1057,1,56.24,0.15
5770,103112,1066,2,18.19,0.00
5771,103112,1035,1,51.62,0.00
5772,103112,1062,3,48.81,0.15
5773,103112,1038,3,46.33,0.15
5774,103113,1067,1,33.59,0.00
5775,103113,1045,1,85.65,0.00
5776,103114,1033,1,210.53,0.00
5777,103114,1042,1,205.47,0.05
5778,103115,1033,3,210.53,0.20
5779,103116,1007,1,45.10,0.00
5780,103116,1002,1,20.29,0.15
5781,103117,1010,2,42.65,0.15
5782,103117,1024,3,31.59,0.00
5783,103117,1053,1,33.56,0.15
5784,103117,1074,1,27.33,0.05
5785,103118,1064,2,42.55,0.00
5786,103118,1061,1,10.53,0.20
5787,103119,1050,1,79.54,0.15
5788,103120,1074,1,27.33,0.00
5789,103121,1027,1,123.47,0.00
5790,103122,1067,2,33.59,0.15
5791,103122,1077,1,10.69,0.05
5792,103123,1010,1,42.65,0.05
5793,103123,1012,1,6.77,0.15
5794,103123,1078,1,68.03,0.05
5795,103123,1031,1,146.40,0.10
5796,103124,1033,1,210.53,0.20
5797,103124,1005,1,56.52,0.00
5798,103125,1003,1,25.07,0.05
5799,103126,1010,1,42.65,0.00
5800,103127,1008,3,25.87,0.20
5801,103127,1065,1,56.22,0.00
5802,103127,1047,2,70.37,0.20
5803,103128,1047,3,70.37,0.05
5804,103128,1021,2,16.90,0.10
5805,103129,1008,1,25.87,0.00
5806,103129,1067,1,33.59,0.15
5807,103130,1050,2,79.54,0.10
5808,103130,1013,1,19.73,0.15
5809,103130,1071,1,31.77,0.20
5810,103130,1062,1,48.81,0.15
5811,103131,1017,1,25.52,0.10
5812,103132,1056,2,26.43,0.20
5813,103133,1078,4,68.03,0.10
5814,103133,1035,1,51.62,0.15
5815,103134,1011,1,47.68,0.15
5816,103135,1047,3,70.37,0.15
5817,103135,1070,1,14.18,0.05
5818,103136,1023,2,10.70,0.00
5819,103137,1064,1,42.55,0.15
5820,103137,1025,1,24.20,0.10
5821,103138,1064,1,42.55,0.00
5822,103138,1047,1,70.37,0.05
5823,103139,1071,3,31.77,0.15
5824,103140,1040,2,123.72,0.00
5825,103141,1014,1,56.86,0.15
5826,103141,1072,3,25.15,0.20
5827,103142,1076,1,69.88,0.10
5828,103143,1043,1,185.49,0.00
5829,103144,1030,1,125.08,0.05
5830,103144,1074,3,27.33,0.00
5831,103145,1010,1,42.65,0.00
5832,103145,1028,1,191.46,0.00
5833,103146,1022,1,27.34,0.00
5834,103147,1054,1,61.29,0.05
5835,103148,1076,1,69.88,0.00
5836,103149,1075,1,74.40,0.10
5837,103149,1012,1,6.77,0.00
5838,103149,1063,4,14.47,0.00
5839,103149,1050,1,79.54,0.00
5840,103150,1039,1,125.57,0.10
5841,103150,1045,3,85.65,0.20
5842,103151,1033,4,210.53,0.00
5843,103151,1077,3,10.69,0.00
5844,103152,1062,1,48.81,0.00
5845,103152,1031,1,146.40,0.00
5846,103153,1050,3,79.54,0.00
5847,103154,1048,1,18.53,0.20
5848,103154,1069,2,49.10,0.00
5849,103155,1008,1,25.87,0.00
5850,103156,1071,1,31.77,0.00
5851,103157,1038,1,46.33,0.20
5852,103157,1061,1,10.53,0.00
5853,103157,1025,2,24.20,0.00
5854,103157,1008,2,25.87,0.20
5855,103158,1048,2,18.53,0.05
5856,103159,1021,1,16.90,0.15
5857,103159,1016,1,23.24,0.00
5858,103159,1068,1,35.89,0.05
5859,103159,1042,2,205.47,0.10
5860,103160,1060,3,63.95,0.05
5861,103160,1032,1,104.13,0.05
5862,103160,1059,1,46.39,0.15
5863,103160,1066,2,18.19,0.20
5864,103161,1064,1,42.55,0.00
5865,103161,1043,4,185.49,0.20
5866,103162,1018,2,17.88,0.00
5867,103163,1024,2,31.59,0.00
5868,103163,1052,1,67.85,0.05
5869,103164,1039,2,125.57,0.15
5870,103165,1075,1,74.40,0.20
5871,103166,1076,2,69.88,0.20
5872,103167,1064,1,42.55,0.00
5873,103168,1080,2,19.14,0.00
5874,103169,1059,2,46.39,0.00
5875,103170,1024,1,31.59,0.00
5876,103171,1004,2,16.52,0.00
5877,103172,1072,2,25.15,0.00
5878,103172,1037,4,145.98,0.15
5879,103172,1074,1,27.33,0.00
5880,103173,1025,1,24.20,0.20
5881,103173,1068,1,35.89,0.00
5882,103173,1005,1,56.52,0.00
5883,103174,1016,1,23.24,0.00
5884,103174,1026,1,22.74,0.05
5885,103174,1044,2,12.75,0.00
5886,103175,1032,2,104.13,0.20
5887,103176,1057,1,56.24,0.15
5888,103176,1017,1,25.52,0.00
5889,103177,1079,2,74.62,0.10
5890,103177,1009,1,40.20,0.10
5891,103178,1038,2,46.33,0.20
5892,103178,1061,2,10.53,0.00
5893,103179,1048,1,18.53,0.05
5894,103180,1016,1,23.24,0.15
5895,103180,1015,1,22.31,0.15
5896,103181,1003,2,25.07,0.05
5897,103181,1046,1,47.85,0.00
5898,103182,1018,1,17.88,0.05
5899,103182,1003,1,25.07,0.10
5900,103183,1080,1,19.14,0.05
5901,103183,1045,2,85.65,0.20
5902,103183,1065,3,56.22,0.15
5903,103184,1018,3,17.88,0.00
5904,103185,1029,1,162.75,0.00
5905,103186,1079,2,74.62,0.15
5906,103186,1053,1,33.56,0.00
5907,103187,1076,3,69.88,0.15
5908,103188,1054,1,61.29,0.00
5909,103188,1041,1,81.45,0.00
5910,103188,1074,1,27.33,0.15
5911,103189,1064,2,42.55,0.10
5912,103190,1014,1,56.86,0.00
5913,103190,1030,3,125.08,0.10
5914,103190,1038,1,46.33,0.00
5915,103190,1024,1,31.59,0.00
5916,103191,1020,1,41.32,0.00
5917,103192,1052,1,67.85,0.05
5918,103193,1075,1,74.40,0.05
5919,103193,1075,3,74.40,0.05
5920,103193,1036,1,193.46,0.10
5921,103193,1008,2,25.87,0.15
5922,103194,1029,1,162.75,0.00
5923,103195,1011,1,47.68,0.20
5924,103196,1034,2,68.99,0.00
5925,103196,1024,1,31.59,0.00
5926,103196,1045,2,85.65,0.10
5927,103197,1048,1,18.53,0.15
5928,103198,1033,1,210.53,0.05
5929,103198,1055,1,50.44,0.10
5930,103199,1042,2,205.47,0.00
5931,103200,1016,1,23.24,0.00
5932,103200,1035,1,51.62,0.00
5933,103201,1044,1,12.75,0.10
5934,103202,1027,1,123.47,0.00
5935,103202,1047,1,70.37,0.20
5936,103202,1002,1,20.29,0.00
5937,103203,1062,1,48.81,0.00
5938,103204,1068,3,35.89,0.15
5939,103205,1040,1,123.72,0.15
5940,103206,1032,1,104.13,0.05
5941,103207,1058,3,26.06,0.05
5942,103208,1066,3,18.19,0.10
5943,103208,1038,2,46.33,0.10
5944,103209,1074,1,27.33,0.10
5945,103210,1064,1,42.55,0.20
5946,103211,1001,3,17.80,0.00
5947,103211,1030,1,125.08,0.05
5948,103211,1057,2,56.24,0.00
5949,103211,1024,1,31.59,0.00
5950,103212,1062,1,48.81,0.00
5951,103212,1044,1,12.75,0.00
5952,103212,1027,1,123.47,0.10
5953,103213,1013,1,19.73,0.00
5954,103213,1051,1,25.37,0.10
5955,103213,1002,1,20.29,0.05
5956,103213,1018,1,17.88,0.20
5957,103214,1079,2,74.62,0.00
5958,103214,1025,1,24.20,0.00
5959,103215,1032,1,104.13,0.00
5960,103216,1002,1,20.29,0.20
5961,103216,1024,1,31.59,0.05
5962,103216,1046,1,47.85,0.05
5963,103217,1064,1,42.55,0.10
5964,103218,1055,4,50.44,0.00
5965,103219,1038,1,46.33,0.00
5966,103220,1018,2,17.88,0.10
5967,103221,1055,1,50.44,0.05
5968,103222,1051,1,25.37,0.20
5969,103223,1026,1,22.74,0.15
5970,103223,1059,1,46.39,0.00
5971,103224,1020,1,41.32,0.00
5972,103224,1044,2,12.75,0.15
5973,103224,1051,1,25.37,0.20
5974,103225,1064,1,42.55,0.20
5975,103225,1042,3,205.47,0.05
5976,103225,1080,1,19.14,0.10
5977,103225,1068,2,35.89,0.00
5978,103226,1023,1,10.70,0.20
5979,103227,1042,1,205.47,0.00
5980,103228,1038,1,46.33,0.00
5981,103228,1038,1,46.33,0.00
5982,103229,1070,1,14.18,0.05
5983,103230,1053,4,33.56,0.20
5984,103231,1047,2,70.37,0.00
5985,103231,1044,1,12.75,0.10
5986,103232,1005,2,56.52,0.00
5987,103232,1025,1,24.20,0.20
5988,103233,1076,2,69.88,0.00
5989,103233,1037,1,145.98,0.00
5990,103233,1015,2,22.31,0.00
5991,103234,1052,1,67.85,0.10
5992,103235,1023,2,10.70,0.05
5993,103236,1050,1,79.54,0.00
5994,103237,1020,1,41.32,0.00
5995,103237,1009,1,40.20,0.15
5996,103238,1033,1,210.53,0.20
5997,103238,1015,2,22.31,0.15
5998,103239,1001,2,17.80,0.20
5999,103239,1043,1,185.49,0.05
6000,103240,1048,1,18.53,0.20
6001,103241,1004,1,16.52,0.00
6002,103241,1068,2,35.89,0.05
6003,103242,1022,1,27.34,0.00
6004,103243,1039,1,125.57,0.00
6005,103244,1080,3,19.14,0.20
6006,103244,1064,2,42.55,0.15
6007,103245,1067,2,33.59,0.20
6008,103245,1068,1,35.89,0.15
6009,103246,1014,1,56.86,0.00
6010,103247,1065,1,56.22,0.00
6011,103248,1057,1,56.24,0.15
6012,103248,1061,3,10.53,0.15
6013,103248,1034,1,68.99,0.00
6014,103248,1053,1,33.56,0.00
6015,103249,1001,1,17.80,0.00
6016,103249,1016,2,23.24,0.20
6017,103250,1027,2,123.47,0.00
6018,103251,1012,2,6.77,0.10
6019,103252,1041,1,81.45,0.05
6020,103253,1041,1,81.45,0.00
6021,103254,1038,1,46.33,0.05
6022,103254,1036,1,193.46,0.20
6023,103254,1023,1,10.70,0.15
6024,103254,1009,2,40.20,0.00
6025,103255,1036,3,193.46,0.10
6026,103256,1038,1,46.33,0.00
6027,103256,1011,1,47.68,0.10
6028,103256,1034,1,68.99,0.00
6029,103257,1020,1,41.32,0.15
6030,103258,1055,1,50.44,0.00
6031,103258,1030,1,125.08,0.05
6032,103259,1037,1,145.98,0.15
6033,103259,1028,1,191.46,0.15
6034,103259,1014,3,56.86,0.15
6035,103260,1002,3,20.29,0.10
6036,103260,1077,2,10.69,0.00
6037,103260,1062,1,48.81,0.10
6038,103261,1068,1,35.89,0.00
6039,103261,1036,1,193.46,0.15
6040,103261,1042,2,205.47,0.00
6041,103262,1029,1,162.75,0.15
6042,103263,1013,2,19.73,0.10
6043,103263,1047,1,70.37,0.00
6044,103264,1007,1,45.10,0.00
6045,103264,1073,1,39.75,0.00
6046,103264,1011,3,47.68,0.00
6047,103265,1003,2,25.07,0.00
6048,103266,1005,1,56.52,0.05
6049,103266,1074,1,27.33,0.00
6050,103266,1068,1,35.89,0.15
6051,103266,1020,1,41.32,0.10
6052,103267,1023,1,10.70,0.05
6053,103267,1013,1,19.73,0.00
6054,103268,1049,1,53.08,0.05
6055,103268,1066,2,18.19,0.10
6056,103268,1004,1,16.52,0.10
6057,103269,1016,1,23.24,0.10
6058,103270,1021,1,16.90,0.00
6059,103270,1024,1,31.59,0.05
6060,103270,1064,1,42.55,0.00
6061,103271,1059,2,46.39,0.00
6062,103272,1019,1,18.46,0.15
6063,103272,1063,1,14.47,0.05
6064,103273,1020,1,41.32,0.00
6065,103274,1048,2,18.53,0.05
6066,103275,1043,4,185.49,0.00
6067,103276,1074,1,27.33,0.15
6068,103277,1024,1,31.59,0.05
6069,103278,1055,4,50.44,0.20
6070,103278,1010,1,42.65,0.00
6071,103279,1031,2,146.40,0.00
6072,103279,1014,1,56.86,0.00
6073,103280,1052,4,67.85,0.00
6074,103280,1068,2,35.89,0.20
6075,103280,1037,2,145.98,0.00
6076,103281,1022,3,27.34,0.10
6077,103282,1061,1,10.53,0.20
6078,103282,1074,1,27.33,0.10
6079,103282,1014,1,56.86,0.00
6080,103283,1080,1,19.14,0.00
6081,103284,1007,1,45.10,0.10
6082,103285,1058,2,26.06,0.00
6083,103286,1036,4,193.46,0.05
6084,103287,1033,1,210.53,0.05
6085,103288,1063,3,14.47,0.00
6086,103289,1067,1,33.59,0.00
6087,103289,1034,1,68.99,0.00
6088,103289,1016,2,23.24,0.00
6089,103289,1072,2,25.15,0.10
6090,103290,1069,1,49.10,0.05
6091,103290,1076,4,69.88,0.20
6092,103290,1022,4,27.34,0.10
6093,103290,1063,2,14.47,0.00
6094,103291,1031,1,146.40,0.00
6095,103292,1052,1,67.85,0.00
6096,103292,1012,1,6.77,0.20
6097,103293,1044,2,12.75,0.00
6098,103293,1077,1,10.69,0.00
6099,103294,1010,4,42.65,0.00
6100,103294,1028,1,191.46,0.15
6101,103295,1007,3,45.10,0.00
6102,103295,1048,1,18.53,0.00
6103,103296,1039,1,125.57,0.05
6104,103297,1042,1,205.47,0.05
6105,103297,1043,2,185.49,0.10
6106,103297,1078,1,68.03,0.15
6107,103298,1004,2,16.52,0.00
6108,103299,1003,2,25.07,0.00
6109,103299,1042,1,205.47,0.10
6110,103299,1013,1,19.73,0.20
6111,103299,1054,1,61.29,0.20
6112,103300,1069,2,49.10,0.20
6113,103301,1008,3,25.87,0.15
6114,103302,1054,1,61.29,0.00
6115,103302,1002,1,20.29,0.00
6116,103303,1077,2,10.69,0.00
6117,103304,1005,1,56.52,0.15
6118,103305,1033,2,210.53,0.00
6119,103306,1006,3,38.50,0.00
6120,103307,1060,1,63.95,0.20
6121,103308,1047,1,70.37,0.00
6122,103309,1057,1,56.24,0.00
6123,103310,1012,4,6.77,0.00
6124,103310,1022,2,27.34,0.00
6125,103311,1016,1,23.24,0.00
6126,103311,1078,1,68.03,0.00
6127,103312,1010,2,42.65,0.00
6128,103312,1010,2,42.65,0.15
6129,103312,1036,1,193.46,0.20
6130,103312,1062,3,48.81,0.15
6131,103313,1030,2,125.08,0.00
6132,103313,1032,1,104.13,0.05
6133,103314,1053,1,33.56,0.00
6134,103315,1065,2,56.22,0.20
6135,103315,1024,1,31.59,0.00
6136,103315,1011,3,47.68,0.10
6137,103315,1030,1,125.08,0.20
6138,103316,1035,3,51.62,0.15
6139,103316,1036,2,193.46,0.15
6140,103317,1074,1,27.33,0.20
6141,103318,1001,1,17.80,0.00
6142,103319,1075,1,74.40,0.15
6143,103320,1062,2,48.81,0.05
6144,103321,1074,1,27.33,0.00
6145,103322,1015,1,22.31,0.20
6146,103323,1040,1,123.72,0.20
6147,103323,1059,1,46.39,0.15
6148,103324,1047,1,70.37,0.20
6149,103324,1033,1,210.53,0.10
6150,103325,1064,2,42.55,0.20
6151,103325,1002,1,20.29,0.00
6152,103325,1054,2,61.29,0.05
6153,103326,1028,2,191.46,0.15
6154,103326,1076,2,69.88,0.20
6155,103327,1062,4,48.81,0.20
6156,103327,1015,1,22.31,0.00
6157,103327,1058,2,26.06,0.05
6158,103328,1048,4,18.53,0.00
6159,103329,1042,1,205.47,0.00
6160,103329,1017,1,25.52,0.15
6161,103329,1028,1,191.46,0.00
6162,103330,1061,1,10.53,0.20
6163,103330,1053,1,33.56,0.20
6164,103331,1004,4,16.52,0.00
6165,103331,1028,2,191.46,0.15
6166,103331,1058,1,26.06,0.15
6167,103331,1061,1,10.53,0.15
6168,103332,1064,1,42.55,0.15
6169,103332,1072,1,25.15,0.00
6170,103332,1021,2,16.90,0.15
6171,103333,1070,1,14.18,0.15
6172,103333,1024,2,31.59,0.05
6173,103333,1040,1,123.72,0.00
6174,103334,1008,4,25.87,0.10
6175,103335,1060,2,63.95,0.00
6176,103335,1018,1,17.88,0.00
6177,103335,1054,4,61.29,0.10
6178,103336,1043,1,185.49,0.20
6179,103337,1078,1,68.03,0.05
6180,103338,1007,1,45.10,0.00
6181,103339,1075,1,74.40,0.00
6182,103339,1062,1,48.81,0.00
6183,103340,1037,1,145.98,0.00
6184,103341,1016,1,23.24,0.15
6185,103341,1023,1,10.70,0.00
6186,103342,1071,1,31.77,0.10
6187,103342,1013,1,19.73,0.00
6188,103343,1025,2,24.20,0.10
6189,103344,1075,1,74.40,0.00
6190,103344,1074,3,27.33,0.00
6191,103345,1037,3,145.98,0.10
6192,103345,1065,1,56.22,0.00
6193,103345,1061,2,10.53,0.00
6194,103346,1023,3,10.70,0.05
6195,103347,1021,1,16.90,0.20
6196,103348,1036,3,193.46,0.15
6197,103348,1040,2,123.72,0.15
6198,103349,1060,2,63.95,0.05
6199,103349,1076,3,69.88,0.15
6200,103350,1022,3,27.34,0.05
6201,103351,1050,3,79.54,0.00
6202,103351,1007,1,45.10,0.05
6203,103351,1049,2,53.08,0.20
6204,103352,1024,2,31.59,0.00
6205,103353,1003,1,25.07,0.00
6206,103354,1036,1,193.46,0.15
6207,103355,1013,1,19.73,0.05
6208,103356,1009,2,40.20,0.00
6209,103357,1012,2,6.77,0.05
6210,103357,1008,2,25.87,0.15
6211,103357,1009,4,40.20,0.15
6212,103358,1054,4,61.29,0.20
6213,103358,1064,4,42.55,0.00
6214,103359,1057,1,56.24,0.00
6215,103359,1031,2,146.40,0.05
6216,103359,1006,1,38.50,0.20
6217,103360,1010,2,42.65,0.10
6218,103361,1034,1,68.99,0.00
6219,103361,1054,1,61.29,0.10
6220,103362,1007,1,45.10,0.15
6221,103362,1041,3,81.45,0.00
6222,103362,1032,1,104.13,0.15
6223,103362,1006,2,38.50,0.20
6224,103363,1005,4,56.52,0.00
6225,103364,1015,1,22.31,0.00
6226,103365,1025,2,24.20,0.15
6227,103365,1036,2,193.46,0.20
6228,103366,1065,2,56.22,0.00
6229,103367,1023,1,10.70,0.20
6230,103368,1054,2,61.29,0.20
6231,103368,1063,1,14.47,0.00
6232,103369,1072,1,25.15,0.20
6233,103370,1064,2,42.55,0.20
6234,103371,1071,1,31.77,0.00
6235,103372,1036,2,193.46,0.10
6236,103373,1069,1,49.10,0.00
6237,103374,1054,4,61.29,0.00
6238,103374,1053,1,33.56,0.10
6239,103375,1065,1,56.22,0.00
6240,103375,1001,1,17.80,0.05
6241,103376,1010,3,42.65,0.00
6242,103377,1060,1,63.95,0.15
6243,103378,1042,1,205.47,0.20
6244,103378,1064,1,42.55,0.00
6245,103378,1059,1,46.39,0.00
6246,103379,1023,1,10.70,0.00
6247,103379,1047,1,70.37,0.00
6248,103380,1055,1,50.44,0.15
6249,103381,1076,3,69.88,0.00
6250,103382,1021,1,16.90,0.00
6251,103383,1060,3,63.95,0.00
6252,103383,1007,3,45.10,0.15
6253,103383,1074,1,27.33,0.15
6254,103383,1006,1,38.50,0.10
6255,103384,1069,4,49.10,0.10
6256,103385,1017,1,25.52,0.00
6257,103386,1063,2,14.47,0.00
6258,103387,1051,2,25.37,0.05
6259,103387,1008,1,25.87,0.00
6260,103388,1057,3,56.24,0.20
6261,103389,1045,1,85.65,0.05
6262,103390,1049,1,53.08,0.00
6263,103391,1006,2,38.50,0.00
6264,103392,1060,2,63.95,0.20
6265,103392,1072,1,25.15,0.00
6266,103392,1069,3,49.10,0.15
6267,103393,1042,1,205.47,0.10
6268,103394,1001,1,17.80,0.00
6269,103395,1078,2,68.03,0.15
6270,103395,1064,3,42.55,0.05
6271,103396,1001,1,17.80,0.05
6272,103397,1008,1,25.87,0.00
6273,103397,1017,1,25.52,0.10
6274,103397,1074,1,27.33,0.20
6275,103398,1007,1,45.10,0.15
6276,103399,1063,1,14.47,0.05
6277,103400,1040,1,123.72,0.00
6278,103401,1029,1,162.75,0.00
6279,103402,1015,1,22.31,0.00
6280,103402,1033,1,210.53,0.00
6281,103402,1057,1,56.24,0.05
6282,103403,1016,3,23.24,0.15
6283,103403,1035,1,51.62,0.00
6284,103403,1046,2,47.85,0.20
6285,103404,1034,2,68.99,0.00
6286,103405,1028,1,191.46,0.20
6287,103405,1020,1,41.32,0.15
6288,103405,1080,1,19.14,0.20
6289,103405,1049,1,53.08,0.10
6290,103406,1073,3,39.75,0.15
6291,103407,1047,1,70.37,0.05
6292,103407,1006,1,38.50,0.00
6293,103407,1039,2,125.57,0.20
6294,103407,1016,1,23.24,0.00
6295,103408,1009,1,40.20,0.05
6296,103408,1050,1,79.54,0.20
6297,103409,1011,2,47.68,0.15
6298,103409,1041,2,81.45,0.10
6299,103410,1070,1,14.18,0.00
6300,103411,1058,2,26.06,0.10
6301,103412,1017,1,25.52,0.00
6302,103412,1020,2,41.32,0.00
6303,103412,1031,2,146.40,0.15
6304,103413,1001,2,17.80,0.00
6305,103413,1004,2,16.52,0.15
6306,103414,1032,2,104.13,0.10
6307,103414,1056,3,26.43,0.05
6308,103414,1066,1,18.19,0.00
6309,103415,1062,2,48.81,0.10
6310,103415,1054,4,61.29,0.00
6311,103416,1068,1,35.89,0.10
6312,103416,1068,4,35.89,0.00
6313,103417,1078,2,68.03,0.10
6314,103418,1047,1,70.37,0.15
6315,103418,1051,1,25.37,0.00
6316,103419,1025,1,24.20,0.10
6317,103420,1074,1,27.33,0.00
6318,103420,1049,2,53.08,0.05
6319,103421,1021,1,16.90,0.10
6320,103422,1058,1,26.06,0.00
6321,103422,1037,1,145.98,0.10
6322,103422,1079,2,74.62,0.10
6323,103423,1034,1,68.99,0.00
6324,103423,1080,1,19.14,0.20
6325,103424,1006,3,38.50,0.20
6326,103424,1035,3,51.62,0.10
6327,103425,1059,3,46.39,0.15
6328,103425,1018,1,17.88,0.00
6329,103425,1013,1,19.73,0.15
6330,103425,1065,2,56.22,0.05
6331,103426,1074,1,27.33,0.15
6332,103426,1039,1,125.57,0.00
6333,103427,1068,1,35.89,0.15
6334,103428,1068,1,35.89,0.00
6335,103428,1037,4,145.98,0.00
6336,103428,1043,2,185.49,0.00
6337,103429,1026,2,22.74,0.00
6338,103429,1022,4,27.34,0.00
6339,103430,1036,4,193.46,0.00
6340,103430,1032,1,104.13,0.00
6341,103431,1079,1,74.62,0.05
6342,103432,1036,2,193.46,0.05
6343,103433,1050,1,79.54,0.10
6344,103434,1017,1,25.52,0.00
6345,103435,1059,1,46.39,0.00
6346,103436,1054,1,61.29,0.00
6347,103436,1006,1,38.50,0.00
6348,103436,1013,1,19.73,0.20
6349,103436,1034,1,68.99,0.10
6350,103437,1068,1,35.89,0.00
6351,103437,1079,1,74.62,0.00
6352,103438,1033,1,210.53,0.10
6353,103438,1054,1,61.29,0.05
6354,103439,1071,1,31.77,0.00
6355,103439,1026,1,22.74,0.00
6356,103440,1001,2,17.80,0.00
6357,103440,1007,2,45.10,0.00
6358,103441,1056,1,26.43,0.10
6359,103442,1056,1,26.43,0.20
6360,103442,1076,3,69.88,0.00
6361,103443,1067,3,33.59,0.20
6362,103444,1021,2,16.90,0.00
6363,103444,1041,1,81.45,0.15
6364,103444,1017,1,25.52,0.15
6365,103445,1008,1,25.87,0.00
6366,103445,1021,1,16.90,0.05
6367,103445,1048,2,18.53,0.05
6368,103446,1052,2,67.85,0.00
6369,103446,1016,2,23.24,0.00
6370,103447,1053,1,33.56,0.00
6371,103447,1059,4,46.39,0.20
6372,103447,1033,1,210.53,0.20
6373,103447,1074,2,27.33,0.20
6374,103448,1008,2,25.87,0.00
6375,103448,1037,1,145.98,0.05
6376,103448,1034,1,68.99,0.05
6377,103448,1002,1,20.29,0.00
6378,103449,1046,1,47.85,0.10
6379,103449,1064,3,42.55,0.10
6380,103450,1021,4,16.90,0.10
6381,103450,1022,2,27.34,0.00
6382,103450,1013,1,19.73,0.00
6383,103451,1078,4,68.03,0.05
6384,103451,1036,1,193.46,0.20
6385,103451,1037,1,145.98,0.20
6386,103451,1019,1,18.46,0.00
6387,103452,1007,1,45.10,0.20
6388,103452,1061,3,10.53,0.00
6389,103453,1062,1,48.81,0.20
6390,103453,1066,1,18.19,0.20
6391,103453,1038,1,46.33,0.20
6392,103453,1002,1,20.29,0.15
6393,103454,1038,4,46.33,0.10
6394,103454,1066,1,18.19,0.10
6395,103455,1017,1,25.52,0.10
6396,103456,1024,1,31.59,0.10
6397,103456,1010,1,42.65,0.15
6398,103456,1047,1,70.37,0.10
6399,103457,1045,3,85.65,0.00
6400,103458,1036,1,193.46,0.20
6401,103458,1060,2,63.95,0.10
6402,103458,1003,1,25.07,0.15
6403,103458,1028,1,191.46,0.15
6404,103459,1058,1,26.06,0.20
6405,103460,1016,1,23.24,0.00
6406,103460,1010,2,42.65,0.20
6407,103461,1066,1,18.19,0.00
6408,103461,1034,2,68.99,0.10
6409,103461,1065,1,56.22,0.20
6410,103461,1060,2,63.95,0.05
6411,103462,1003,2,25.07,0.00
6412,103462,1050,2,79.54,0.00
6413,103463,1026,1,22.74,0.00
6414,103463,1058,1,26.06,0.20
6415,103463,1064,2,42.55,0.00
6416,103464,1031,1,146.40,0.10
6417,103464,1064,1,42.55,0.00
6418,103464,1021,2,16.90,0.15
6419,103465,1073,2,39.75,0.20
6420,103466,1076,1,69.88,0.00
6421,103466,1065,3,56.22,0.05
6422,103467,1003,1,25.07,0.20
6423,103467,1046,1,47.85,0.10
6424,103468,1064,4,42.55,0.00
6425,103468,1043,2,185.49,0.00
6426,103468,1027,1,123.47,0.15
6427,103469,1039,2,125.57,0.00
6428,103469,1050,3,79.54,0.10
6429,103470,1015,2,22.31,0.20
6430,103471,1073,1,39.75,0.20
6431,103471,1067,2,33.59,0.20
6432,103472,1042,1,205.47,0.15
6433,103473,1043,3,185.49,0.05
6434,103473,1050,4,79.54,0.00
6435,103474,1064,1,42.55,0.20
6436,103474,1050,2,79.54,0.00
6437,103475,1045,1,85.65,0.00
6438,103476,1078,1,68.03,0.00
6439,103477,1015,1,22.31,0.10
6440,103477,1049,2,53.08,0.00
6441,103477,1074,4,27.33,0.20
6442,103478,1001,4,17.80,0.15
6443,103478,1019,2,18.46,0.05
6444,103479,1053,1,33.56,0.00
6445,103480,1045,1,85.65,0.00
6446,103480,1004,3,16.52,0.00
6447,103481,1075,1,74.40,0.00
6448,103481,1048,1,18.53,0.00
6449,103482,1002,4,20.29,0.15
6450,103483,1011,1,47.68,0.00
6451,103484,1048,1,18.53,0.15
6452,103485,1062,1,48.81,0.00
6453,103485,1011,2,47.68,0.00
6454,103486,1020,1,41.32,0.00
6455,103486,1079,2,74.62,0.20
6456,103486,1055,2,50.44,0.00
6457,103487,1013,2,19.73,0.20
6458,103488,1002,1,20.29,0.20
6459,103488,1038,1,46.33,0.10
6460,103488,1001,4,17.80,0.15
6461,103489,1074,2,27.33,0.05
6462,103490,1056,1,26.43,0.05
6463,103490,1078,1,68.03,0.05
6464,103490,1059,1,46.39,0.10
6465,103491,1061,1,10.53,0.05
6466,103491,1026,1,22.74,0.10
6467,103492,1007,1,45.10,0.00
6468,103493,1066,1,18.19,0.10
6469,103493,1063,1,14.47,0.00
6470,103493,1061,1,10.53,0.10
6471,103494,1045,2,85.65,0.10
6472,103495,1065,1,56.22,0.15
6473,103496,1042,1,205.47,0.20
6474,103497,1028,1,191.46,0.20
6475,103497,1020,2,41.32,0.00
6476,103497,1009,2,40.20,0.05
6477,103497,1058,2,26.06,0.10
6478,103498,1038,2,46.33,0.05
6479,103499,1054,2,61.29,0.00
6480,103500,1014,1,56.86,0.10
6481,103500,1053,2,33.56,0.05
6482,103500,1069,1,49.10,0.00
6483,103501,1010,2,42.65,0.05
6484,103501,1075,2,74.40,0.00
6485,103502,1077,1,10.69,0.20
6486,103503,1033,3,210.53,0.05
6487,103504,1021,1,16.90,0.20
6488,103505,1007,2,45.10,0.20
6489,103505,1067,1,33.59,0.20
6490,103505,1038,1,46.33,0.00
6491,103505,1055,3,50.44,0.05
6492,103506,1036,1,193.46,0.00
6493,103506,1053,3,33.56,0.05
6494,103506,1007,1,45.10,0.00
6495,103507,1002,1,20.29,0.15
6496,103508,1062,1,48.81,0.00
6497,103509,1067,3,33.59,0.00
6498,103509,1058,1,26.06,0.10
6499,103510,1060,1,63.95,0.15
6500,103510,1013,2,19.73,0.10
6501,103511,1074,1,27.33,0.00
6502,103512,1019,1,18.46,0.20
6503,103512,1063,2,14.47,0.05
6504,103512,1008,1,25.87,0.10
6505,103513,1047,2,70.37,0.00
6506,103513,1026,2,22.74,0.00
6507,103514,1041,2,81.45,0.00
6508,103515,1014,1,56.86,0.10
6509,103516,1061,1,10.53,0.10
6510,103516,1028,2,191.46,0.00
6511,103516,1016,1,23.24,0.00
6512,103516,1041,1,81.45,0.15
6513,103517,1027,1,123.47,0.20
6514,103518,1001,1,17.80,0.00
6515,103519,1042,2,205.47,0.00
6516,103519,1040,2,123.72,0.00
6517,103520,1024,1,31.59,0.00
6518,103520,1067,1,33.59,0.00
6519,103521,1021,2,16.90,0.00
6520,103521,1065,4,56.22,0.15
6521,103521,1028,1,191.46,0.10
6522,103522,1019,2,18.46,0.15
6523,103523,1011,1,47.68,0.20
6524,103524,1039,2,125.57,0.20
6525,103524,1037,3,145.98,0.05
6526,103524,1062,3,48.81,0.20
6527,103525,1012,1,6.77,0.05
6528,103525,1076,1,69.88,0.05
6529,103526,1065,1,56.22,0.10
6530,103527,1079,1,74.62,0.20
6531,103528,1063,2,14.47,0.05
6532,103528,1035,2,51.62,0.00
6533,103528,1015,1,22.31,0.00
6534,103529,1027,2,123.47,0.20
6535,103529,1053,2,33.56,0.15
6536,103529,1035,2,51.62,0.00
6537,103529,1076,1,69.88,0.15
6538,103530,1049,1,53.08,0.15
6539,103530,1056,1,26.43,0.20
6540,103531,1050,2,79.54,0.10
6541,103532,1075,1,74.40,0.15
6542,103533,1064,2,42.55,0.00
6543,103534,1077,1,10.69,0.15
6544,103535,1039,1,125.57,0.00
6545,103536,1001,2,17.80,0.10
6546,103536,1066,2,18.19,0.10
6547,103537,1013,1,19.73,0.15
6548,103538,1066,1,18.19,0.15
6549,103538,1043,4,185.49,0.15
6550,103538,1065,1,56.22,0.20
6551,103538,1035,1,51.62,0.20
6552,103539,1064,4,42.55,0.20
6553,103539,1054,1,61.29,0.10
6554,103539,1029,2,162.75,0.00
6555,103540,1066,3,18.19,0.15
6556,103541,1049,1,53.08,0.20
6557,103541,1034,1,68.99,0.10
6558,103542,1061,1,10.53,0.00
6559,103542,1077,1,10.69,0.15
6560,103543,1040,1,123.72,0.00
6561,103543,1008,1,25.87,0.00
6562,103544,1003,1,25.07,0.15
6563,103544,1032,3,104.13,0.05
6564,103544,1041,1,81.45,0.10
6565,103545,1028,1,191.46,0.00
6566,103546,1071,3,31.77,0.00
6567,103547,1009,1,40.20,0.15
6568,103548,1025,1,24.20,0.00
6569,103549,1072,3,25.15,0.00
6570,103549,1077,1,10.69,0.00
6571,103549,1036,1,193.46,0.05
6572,103550,1063,1,14.47,0.15
6573,103550,1037,1,145.98,0.15
6574,103551,1045,1,85.65,0.00
6575,103552,1042,4,205.47,0.00
6576,103553,1047,2,70.37,0.20
6577,103554,1057,1,56.24,0.20
6578,103554,1076,2,69.88,0.20
6579,103555,1026,1,22.74,0.15
6580,103555,1054,1,61.29,0.00
6581,103556,1047,1,70.37,0.00
6582,103556,1029,2,162.75,0.10
6583,103556,1041,3,81.45,0.00
6584,103556,1002,1,20.29,0.10
6585,103557,1012,2,6.77,0.05
6586,103558,1003,1,25.07,0.00
6587,103559,1038,1,46.33,0.15
6588,103559,1037,2,145.98,0.00
6589,103560,1028,1,191.46,0.00
6590,103561,1052,2,67.85,0.20
6591,103561,1077,1,10.69,0.05
6592,103562,1075,3,74.40,0.05
6593,103562,1060,1,63.95,0.00
6594,103562,1003,1,25.07,0.00
6595,103562,1051,2,25.37,0.15
6596,103563,1078,2,68.03,0.00
6597,103563,1055,1,50.44,0.15
6598,103563,1072,2,25.15,0.15
6599,103563,1064,2,42.55,0.00
6600,103564,1063,1,14.47,0.00
6601,103564,1030,1,125.08,0.15
6602,103564,1044,1,12.75,0.05
6603,103564,1049,2,53.08,0.00
6604,103565,1061,1,10.53,0.10
6605,103565,1057,3,56.24,0.00
6606,103565,1028,1,191.46,0.00
6607,103566,1007,1,45.10,0.10
6608,103566,1003,4,25.07,0.15
6609,103566,1075,1,74.40,0.05
6610,103566,1026,4,22.74,0.05
6611,103567,1053,2,33.56,0.00
6612,103568,1067,1,33.59,0.15
6613,103569,1057,1,56.24,0.05
6614,103570,1026,2,22.74,0.00
6615,103571,1070,1,14.18,0.10
6616,103571,1045,1,85.65,0.00
6617,103571,1063,1,14.47,0.15
6618,103571,1005,1,56.52,0.00
6619,103572,1015,1,22.31,0.10
6620,103573,1014,1,56.86,0.20
6621,103573,1070,1,14.18,0.10
6622,103574,1008,2,25.87,0.05
6623,103575,1049,1,53.08,0.10
6624,103575,1046,1,47.85,0.00
6625,103575,1007,1,45.10,0.00
6626,103575,1008,2,25.87,0.00
6627,103576,1060,3,63.95,0.10
6628,103577,1043,2,185.49,0.00
6629,103577,1033,1,210.53,0.15
6630,103578,1070,2,14.18,0.00
6631,103579,1068,1,35.89,0.00
6632,103579,1024,1,31.59,0.00
6633,103580,1063,1,14.47,0.00
6634,103580,1070,1,14.18,0.00
6635,103580,1030,1,125.08,0.10
6636,103580,1038,1,46.33,0.15
6637,103581,1009,1,40.20,0.15
6638,103581,1016,2,23.24,0.00
6639,103582,1063,1,14.47,0.20
6640,103582,1040,1,123.72,0.15
6641,103583,1040,1,123.72,0.05
6642,103583,1056,1,26.43,0.10
6643,103583,1040,1,123.72,0.20
6644,103583,1041,2,81.45,0.00
6645,103584,1021,1,16.90,0.00
6646,103584,1053,1,33.56,0.15
6647,103585,1006,1,38.50,0.20
6648,103585,1079,1,74.62,0.15
6649,103586,1034,1,68.99,0.00
6650,103586,1040,1,123.72,0.05
6651,103586,1051,1,25.37,0.20
6652,103586,1030,1,125.08,0.10
6653,103587,1056,1,26.43,0.00
6654,103587,1012,1,6.77,0.05
6655,103588,1031,1,146.40,0.15
6656,103589,1010,1,42.65,0.00
6657,103590,1016,2,23.24,0.15
6658,103590,1072,1,25.15,0.00
6659,103591,1022,1,27.34,0.00
6660,103591,1033,1,210.53,0.05
6661,103591,1030,2,125.08,0.00
6662,103591,1016,1,23.24,0.00
6663,103592,1009,2,40.20,0.20
6664,103592,1051,1,25.37,0.00
6665,103592,1076,1,69.88,0.05
6666,103592,1030,1,125.08,0.15
6667,103593,1029,1,162.75,0.00
6668,103593,1016,1,23.24,0.15
6669,103594,1002,1,20.29,0.00
6670,103594,1034,3,68.99,0.10
6671,103594,1080,1,19.14,0.15
6672,103594,1017,1,25.52,0.05
6673,103595,1034,2,68.99,0.00
6674,103595,1070,1,14.18,0.20
6675,103596,1011,1,47.68,0.00
6676,103597,1044,1,12.75,0.00
6677,103598,1011,1,47.68,0.05
6678,103598,1053,1,33.56,0.00
6679,103599,1030,3,125.08,0.05
6680,103600,1072,1,25.15,0.00
6681,103600,1047,1,70.37,0.00
6682,103600,1075,1,74.40,0.15
6683,103601,1009,1,40.20,0.15
6684,103602,1067,1,33.59,0.00
6685,103602,1020,1,41.32,0.00
6686,103603,1068,1,35.89,0.00
6687,103603,1044,2,12.75,0.00
6688,103604,1032,1,104.13,0.15
6689,103604,1029,2,162.75,0.10
6690,103605,1024,2,31.59,0.15
6691,103605,1067,1,33.59,0.05
6692,103605,1074,1,27.33,0.10
6693,103606,1032,3,104.13,0.20
6694,103606,1023,1,10.70,0.00
6695,103607,1044,1,12.75,0.15
6696,103607,1021,1,16.90,0.00
6697,103608,1063,1,14.47,0.00
6698,103609,1038,1,46.33,0.20
6699,103610,1071,1,31.77,0.10
6700,103611,1055,2,50.44,0.05
6701,103611,1029,2,162.75,0.00
6702,103611,1058,1,26.06,0.05
6703,103611,1004,2,16.52,0.20
6704,103612,1031,1,146.40,0.10
6705,103613,1076,1,69.88,0.15
6706,103613,1029,4,162.75,0.05
6707,103614,1054,2,61.29,0.20
6708,103614,1065,1,56.22,0.00
6709,103614,1044,1,12.75,0.05
6710,103615,1044,1,12.75,0.05
6711,103616,1038,1,46.33,0.10
6712,103617,1035,1,51.62,0.00
6713,103618,1067,1,33.59,0.00
6714,103618,1076,1,69.88,0.00
6715,103618,1051,2,25.37,0.15
6716,103618,1001,4,17.80,0.05
6717,103619,1066,4,18.19,0.15
6718,103620,1079,3,74.62,0.10
6719,103621,1068,1,35.89,0.20
6720,103622,1064,2,42.55,0.15
6721,103623,1080,1,19.14,0.00
6722,103624,1006,1,38.50,0.05
6723,103625,1028,2,191.46,0.10
6724,103625,1010,4,42.65,0.15
6725,103626,1044,4,12.75,0.05
6726,103627,1001,2,17.80,0.15
6727,103627,1056,3,26.43,0.20
6728,103628,1025,4,24.20,0.05
6729,103628,1049,1,53.08,0.20
6730,103629,1076,1,69.88,0.00
6731,103629,1038,1,46.33,0.20
6732,103630,1047,1,70.37,0.20
6733,103630,1003,1,25.07,0.00
6734,103630,1035,2,51.62,0.00
6735,103631,1040,2,123.72,0.10
6736,103631,1056,1,26.43,0.05
6737,103632,1060,2,63.95,0.10
6738,103633,1029,3,162.75,0.10
6739,103634,1073,3,39.75,0.20
6740,103635,1078,1,68.03,0.00
6741,103635,1077,2,10.69,0.00
6742,103636,1026,1,22.74,0.20
6743,103637,1006,1,38.50,0.00
6744,103638,1008,1,25.87,0.00
6745,103638,1054,1,61.29,0.20
6746,103638,1068,4,35.89,0.05
6747,103638,1010,2,42.65,0.00
6748,103639,1049,4,53.08,0.10
6749,103639,1047,2,70.37,0.15
6750,103640,1077,1,10.69,0.00
6751,103641,1075,4,74.40,0.20
6752,103641,1017,1,25.52,0.10
6753,103641,1040,1,123.72,0.15
6754,103642,1039,1,125.57,0.15
6755,103643,1016,1,23.24,0.05
6756,103643,1050,1,79.54,0.20
6757,103644,1078,3,68.03,0.10
6758,103644,1062,1,48.81,0.00
6759,103645,1042,1,205.47,0.15
6760,103645,1080,1,19.14,0.00
6761,103646,1018,1,17.88,0.00
6762,103647,1033,1,210.53,0.15
6763,103647,1021,1,16.90,0.00
6764,103648,1016,3,23.24,0.05
6765,103649,1004,1,16.52,0.05
6766,103649,1067,3,33.59,0.10
6767,103649,1015,2,22.31,0.00
6768,103649,1072,2,25.15,0.00
6769,103650,1004,1,16.52,0.10
6770,103650,1080,1,19.14,0.20
6771,103651,1079,3,74.62,0.05
6772,103651,1039,2,125.57,0.20
6773,103651,1051,2,25.37,0.00
6774,103651,1062,2,48.81,0.00
6775,103652,1068,1,35.89,0.05
6776,103652,1030,2,125.08,0.20
6777,103653,1026,1,22.74,0.20
6778,103654,1079,1,74.62,0.05
6779,103655,1039,1,125.57,0.20
6780,103656,1014,2,56.86,0.05
6781,103657,1023,3,10.70,0.10
6782,103658,1076,1,69.88,0.00
6783,103658,1046,1,47.85,0.05
6784,103658,1042,1,205.47,0.15
6785,103658,1046,1,47.85,0.05
6786,103659,1028,1,191.46,0.20
6787,103659,1041,1,81.45,0.00
6788,103660,1042,1,205.47,0.00
6789,103660,1019,1,18.46,0.10
6790,103661,1074,2,27.33,0.00
6791,103661,1031,1,146.40,0.20
6792,103661,1043,1,185.49,0.20
6793,103662,1042,1,205.47,0.05
6794,103663,1074,2,27.33,0.15
6795,103664,1069,1,49.10,0.15
6796,103665,1018,1,17.88,0.15
6797,103666,1017,2,25.52,0.20
6798,103666,1008,1,25.87,0.20
6799,103667,1034,1,68.99,0.00
6800,103668,1066,3,18.19,0.00
6801,103668,1039,2,125.57,0.20
6802,103669,1056,1,26.43,0.10
6803,103670,1066,1,18.19,0.20
6804,103670,1032,2,104.13,0.10
6805,103671,1006,1,38.50,0.00
6806,103671,1080,1,19.14,0.20
6807,103671,1041,1,81.45,0.15
6808,103672,1041,2,81.45,0.05
6809,103672,1045,1,85.65,0.00
6810,103673,1080,3,19.14,0.15
6811,103674,1001,1,17.80,0.00
6812,103675,1033,1,210.53,0.20
6813,103675,1017,1,25.52,0.15
6814,103676,1027,1,123.47,0.00
6815,103677,1025,1,24.20,0.20
6816,103677,1005,1,56.52,0.00
6817,103677,1027,3,123.47,0.15
6818,103678,1047,2,70.37,0.00
6819,103679,1050,2,79.54,0.15
6820,103679,1057,1,56.24,0.00
6821,103680,1004,1,16.52,0.00
6822,103681,1068,3,35.89,0.20
6823,103681,1068,3,35.89,0.00
6824,103682,1032,2,104.13,0.10
6825,103682,1026,1,22.74,0.20
6826,103682,1010,1,42.65,0.10
6827,103683,1038,1,46.33,0.20
6828,103683,1003,2,25.07,0.20
6829,103684,1049,2,53.08,0.00
6830,103684,1027,3,123.47,0.05
6831,103685,1043,1,185.49,0.10
6832,103685,1071,3,31.77,0.15
6833,103686,1052,2,67.85,0.10
6834,103687,1034,3,68.99,0.00
6835,103687,1062,4,48.81,0.00
6836,103688,1035,1,51.62,0.05
6837,103689,1080,2,19.14,0.00
6838,103689,1016,1,23.24,0.00
6839,103690,1010,2,42.65,0.10
6840,103690,1033,3,210.53,0.05
6841,103690,1011,4,47.68,0.20
6842,103690,1051,1,25.37,0.05
6843,103691,1045,1,85.65,0.00
6844,103691,1054,1,61.29,0.15
6845,103692,1025,1,24.20,0.00
6846,103692,1010,2,42.65,0.00
6847,103692,1068,1,35.89,0.00
6848,103693,1038,1,46.33,0.15
6849,103693,1050,3,79.54,0.15
6850,103693,1035,1,51.62,0.00
6851,103693,1071,1,31.77,0.20
6852,103694,1018,1,17.88,0.20
6853,103695,1005,1,56.52,0.20
6854,103695,1051,1,25.37,0.05
6855,103696,1022,1,27.34,0.00
6856,103696,1070,1,14.18,0.00
6857,103696,1059,1,46.39,0.10
6858,103697,1069,2,49.10,0.15
6859,103697,1014,2,56.86,0.05
6860,103697,1008,2,25.87,0.20
6861,103697,1051,1,25.37,0.15
6862,103698,1047,1,70.37,0.00
6863,103698,1029,2,162.75,0.00
6864,103699,1036,2,193.46,0.10
6865,103699,1011,2,47.68,0.00
6866,103700,1062,1,48.81,0.10
6867,103701,1028,1,191.46,0.00
6868,103702,1005,1,56.52,0.00
6869,103702,1051,4,25.37,0.05
6870,103702,1045,1,85.65,0.05
6871,103703,1012,3,6.77,0.00
6872,103704,1026,1,22.74,0.20
6873,103704,1045,1,85.65,0.00
6874,103704,1061,2,10.53,0.00
6875,103705,1034,1,68.99,0.20
6876,103705,1002,1,20.29,0.15
6877,103705,1066,2,18.19,0.15
6878,103705,1011,1,47.68,0.20
6879,103706,1051,4,25.37,0.15
6880,103707,1052,1,67.85,0.00
6881,103708,1055,4,50.44,0.00
6882,103708,1017,1,25.52,0.00
6883,103708,1054,1,61.29,0.20
6884,103708,1058,1,26.06,0.00
6885,103709,1036,1,193.46,0.15
6886,103709,1040,1,123.72,0.05
6887,103710,1025,2,24.20,0.00
6888,103710,1024,1,31.59,0.00
6889,103711,1063,2,14.47,0.20
6890,103711,1029,2,162.75,0.10
6891,103712,1032,2,104.13,0.15
6892,103712,1004,1,16.52,0.15
6893,103713,1010,1,42.65,0.20
6894,103713,1013,2,19.73,0.05
6895,103714,1063,3,14.47,0.00
6896,103714,1044,2,12.75,0.05
6897,103715,1030,1,125.08,0.20
6898,103715,1065,2,56.22,0.00
6899,103716,1066,1,18.19,0.15
6900,103716,1053,1,33.56,0.15
6901,103717,1011,2,47.68,0.00
6902,103718,1056,1,26.43,0.15
6903,103719,1032,1,104.13,0.00
6904,103719,1038,3,46.33,0.00
6905,103719,1013,2,19.73,0.05
6906,103719,1050,1,79.54,0.20
6907,103720,1064,1,42.55,0.10
6908,103721,1062,1,48.81,0.15
6909,103722,1072,2,25.15,0.00
6910,103722,1072,1,25.15,0.00
6911,103723,1014,3,56.86,0.00
6912,103724,1060,1,63.95,0.05
6913,103724,1029,1,162.75,0.00
6914,103724,1014,2,56.86,0.20
6915,103725,1017,1,25.52,0.20
6916,103725,1079,1,74.62,0.20
6917,103726,1060,1,63.95,0.00
6918,103727,1004,2,16.52,0.20
6919,103727,1042,1,205.47,0.00
6920,103728,1063,1,14.47,0.00
6921,103728,1069,1,49.10,0.00
6922,103728,1015,1,22.31,0.15
6923,103728,1032,1,104.13,0.05
6924,103729,1070,1,14.18,0.20
6925,103729,1017,3,25.52,0.00
6926,103730,1002,2,20.29,0.00
6927,103731,1053,1,33.56,0.00
6928,103732,1013,1,19.73,0.20
6929,103733,1022,2,27.34,0.10
6930,103734,1002,2,20.29,0.00
6931,103735,1042,1,205.47,0.10
6932,103735,1044,1,12.75,0.20
6933,103736,1063,1,14.47,0.00
6934,103737,1069,1,49.10,0.00
6935,103737,1022,1,27.34,0.00
6936,103737,1052,1,67.85,0.00
6937,103738,1020,2,41.32,0.00
6938,103739,1072,1,25.15,0.00
6939,103739,1068,1,35.89,0.00
6940,103740,1006,4,38.50,0.10
6941,103740,1002,1,20.29,0.10
6942,103740,1004,2,16.52,0.00
6943,103740,1068,2,35.89,0.10
6944,103741,1059,1,46.39,0.10
6945,103741,1051,3,25.37,0.15
6946,103741,1062,2,48.81,0.20
6947,103741,1020,1,41.32,0.20
6948,103742,1055,1,50.44,0.00
6949,103742,1022,1,27.34,0.15
6950,103743,1035,1,51.62,0.20
6951,103744,1017,1,25.52,0.00
6952,103744,1080,2,19.14,0.20
6953,103744,1077,1,10.69,0.20
6954,103745,1040,1,123.72,0.15
6955,103745,1050,1,79.54,0.10
6956,103745,1070,1,14.18,0.15
6957,103746,1030,3,125.08,0.00
6958,103746,1047,2,70.37,0.10
6959,103747,1034,1,68.99,0.00
6960,103747,1067,2,33.59,0.00
6961,103748,1072,1,25.15,0.00
6962,103748,1003,2,25.07,0.00
6963,103748,1076,1,69.88,0.00
6964,103748,1075,2,74.40,0.20
6965,103749,1021,2,16.90,0.00
6966,103750,1013,1,19.73,0.20
6967,103750,1034,3,68.99,0.00
6968,103751,1036,1,193.46,0.10
6969,103752,1006,1,38.50,0.00
6970,103753,1070,2,14.18,0.05
6971,103754,1046,1,47.85,0.00
6972,103754,1011,1,47.68,0.05
6973,103755,1042,2,205.47,0.15
6974,103756,1054,1,61.29,0.15
6975,103756,1071,1,31.77,0.20
6976,103756,1077,2,10.69,0.00
6977,103757,1049,3,53.08,0.00
6978,103757,1024,1,31.59,0.15
6979,103757,1037,2,145.98,0.15
6980,103758,1051,3,25.37,0.05
6981,103758,1018,1,17.88,0.00
6982,103759,1063,3,14.47,0.20
6983,103759,1037,1,145.98,0.05
6984,103760,1043,1,185.49,0.15
6985,103760,1069,2,49.10,0.10
6986,103761,1059,1,46.39,0.20
6987,103762,1020,1,41.32,0.00
6988,103763,1056,4,26.43,0.20
6989,103764,1047,2,70.37,0.00
6990,103764,1018,1,17.88,0.05
6991,103764,1072,1,25.15,0.05
6992,103764,1070,1,14.18,0.15
6993,103765,1052,1,67.85,0.10
6994,103766,1034,1,68.99,0.00
6995,103767,1075,1,74.40,0.15
6996,103768,1040,1,123.72,0.00
6997,103769,1043,2,185.49,0.20
6998,103770,1057,3,56.24,0.00
6999,103771,1068,3,35.89,0.15
7000,103772,1079,1,74.62,0.05
7001,103773,1059,1,46.39,0.20
7002,103774,1076,1,69.88,0.10
7003,103774,1020,1,41.32,0.00
7004,103774,1029,2,162.75,0.10
7005,103774,1035,1,51.62,0.10
7006,103775,1069,1,49.10,0.15
7007,103775,1065,1,56.22,0.05
7008,103775,1012,2,6.77,0.10
7009,103775,1062,2,48.81,0.05
7010,103776,1080,1,19.14,0.00
7011,103777,1004,3,16.52,0.00
7012,103777,1009,1,40.20,0.05
7013,103778,1069,2,49.10,0.00
7014,103779,1073,3,39.75,0.00
7015,103780,1031,1,146.40,0.00
7016,103780,1014,2,56.86,0.15
7017,103781,1034,1,68.99,0.15
7018,103781,1023,1,10.70,0.20
7019,103782,1064,1,42.55,0.00
7020,103783,1014,3,56.86,0.00
7021,103784,1008,1,25.87,0.00
7022,103784,1060,1,63.95,0.00
7023,103785,1063,1,14.47,0.20
7024,103786,1049,4,53.08,0.00
7025,103787,1076,2,69.88,0.15
7026,103787,1064,1,42.55,0.00
7027,103788,1030,3,125.08,0.20
7028,103789,1047,1,70.37,0.15
7029,103789,1040,1,123.72,0.00
7030,103789,1050,1,79.54,0.20
7031,103789,1019,2,18.46,0.00
7032,103790,1041,3,81.45,0.00
7033,103791,1079,1,74.62,0.00
7034,103791,1047,2,70.37,0.10
7035,103791,1018,1,17.88,0.20
7036,103791,1022,1,27.34,0.00
7037,103792,1029,1,162.75,0.00
7038,103792,1046,1,47.85,0.10
7039,103792,1048,1,18.53,0.00
7040,103793,1039,1,125.57,0.05
7041,103793,1075,1,74.40,0.00
7042,103793,1045,2,85.65,0.05
7043,103794,1017,1,25.52,0.05
7044,103794,1001,1,17.80,0.00
7045,103794,1002,1,20.29,0.05
7046,103794,1048,1,18.53,0.05
7047,103795,1042,1,205.47,0.20
7048,103796,1051,3,25.37,0.05
7049,103797,1003,1,25.07,0.00
7050,103798,1061,2,10.53,0.00
7051,103798,1032,1,104.13,0.00
7052,103798,1044,1,12.75,0.20
7053,103799,1020,1,41.32,0.00
7054,103800,1016,1,23.24,0.15
7055,103800,1017,2,25.52,0.00
7056,103800,1039,1,125.57,0.00
7057,103801,1017,2,25.52,0.00
7058,103802,1022,1,27.34,0.15
7059,103802,1021,1,16.90,0.00
7060,103802,1043,1,185.49,0.10
7061,103802,1063,1,14.47,0.15
7062,103803,1015,2,22.31,0.05
7063,103803,1053,1,33.56,0.00
7064,103803,1067,1,33.59,0.15
7065,103803,1063,2,14.47,0.00
7066,103804,1047,1,70.37,0.00
7067,103804,1036,1,193.46,0.00
7068,103805,1031,1,146.40,0.00
7069,103806,1021,1,16.90,0.05
7070,103807,1070,1,14.18,0.15
7071,103807,1058,3,26.06,0.00
7072,103807,1070,2,14.18,0.00
7073,103808,1077,1,10.69,0.00
7074,103809,1026,1,22.74,0.00
7075,103809,1023,2,10.70,0.00
7076,103809,1044,2,12.75,0.00
7077,103810,1038,3,46.33,0.20
7078,103810,1006,3,38.50,0.15
7079,103810,1013,4,19.73,0.00
7080,103811,1033,2,210.53,0.05
7081,103811,1057,2,56.24,0.10
7082,103811,1073,1,39.75,0.15
7083,103811,1030,3,125.08,0.15
7084,103812,1079,2,74.62,0.00
7085,103812,1059,1,46.39,0.00
7086,103813,1027,2,123.47,0.05
7087,103813,1066,2,18.19,0.10
7088,103813,1047,2,70.37,0.00
7089,103814,1044,1,12.75,0.00
7090,103814,1074,1,27.33,0.10
7091,103815,1025,1,24.20,0.05
7092,103816,1039,1,125.57,0.00
7093,103816,1051,2,25.37,0.00
7094,103817,1071,1,31.77,0.00
7095,103818,1074,1,27.33,0.20
7096,103818,1018,1,17.88,0.20
7097,103818,1001,2,17.80,0.00
7098,103819,1014,2,56.86,0.15
7099,103820,1039,4,125.57,0.00
7100,103821,1073,2,39.75,0.00
7101,103821,1041,1,81.45,0.00
7102,103821,1062,1,48.81,0.00
7103,103822,1026,4,22.74,0.00
7104,103823,1053,2,33.56,0.00
7105,103824,1027,1,123.47,0.00
7106,103824,1020,3,41.32,0.15
7107,103824,1035,1,51.62,0.00
7108,103825,1032,2,104.13,0.00
7109,103826,1047,1,70.37,0.20
7110,103827,1056,1,26.43,0.15
7111,103827,1049,1,53.08,0.00
7112,103828,1059,1,46.39,0.15
7113,103828,1006,2,38.50,0.15
7114,103829,1068,2,35.89,0.00
7115,103829,1051,2,25.37,0.00
7116,103829,1017,1,25.52,0.15
7117,103829,1066,1,18.19,0.15
7118,103830,1007,2,45.10,0.20
7119,103830,1008,1,25.87,0.15
7120,103831,1073,2,39.75,0.00
7121,103832,1008,1,25.87,0.15
7122,103833,1002,1,20.29,0.00
7123,103834,1002,2,20.29,0.05
7124,103835,1045,3,85.65,0.00
7125,103835,1052,1,67.85,0.00
7126,103836,1044,2,12.75,0.10
7127,103837,1056,1,26.43,0.15
7128,103838,1034,1,68.99,0.05
7129,103838,1014,2,56.86,0.05
7130,103839,1028,1,191.46,0.15
7131,103840,1001,1,17.80,0.00
7132,103841,1003,1,25.07,0.05
7133,103842,1030,2,125.08,0.05
7134,103843,1031,2,146.40,0.20
7135,103843,1076,4,69.88,0.20
7136,103844,1015,1,22.31,0.15
7137,103844,1080,1,19.14,0.15
7138,103845,1024,1,31.59,0.05
7139,103845,1040,2,123.72,0.00
7140,103845,1076,3,69.88,0.00
7141,103846,1006,1,38.50,0.05
7142,103847,1056,2,26.43,0.20
7143,103847,1051,2,25.37,0.00
7144,103847,1071,1,31.77,0.00
7145,103847,1005,1,56.52,0.20
7146,103848,1003,2,25.07,0.05
7147,103849,1002,1,20.29,0.10
7148,103849,1018,1,17.88,0.00
7149,103850,1029,1,162.75,0.20
7150,103850,1013,4,19.73,0.05
7151,103850,1074,1,27.33,0.10
7152,103851,1011,1,47.68,0.00
7153,103852,1008,3,25.87,0.10
7154,103852,1054,4,61.29,0.05
7155,103852,1015,4,22.31,0.20
7156,103853,1073,1,39.75,0.15
7157,103853,1062,1,48.81,0.05
7158,103854,1027,1,123.47,0.10
7159,103855,1064,1,42.55,0.20
7160,103855,1044,1,12.75,0.10
7161,103856,1028,1,191.46,0.15
7162,103857,1065,2,56.22,0.00
7163,103857,1048,3,18.53,0.00
7164,103858,1017,1,25.52,0.05
7165,103858,1009,1,40.20,0.00
7166,103858,1002,2,20.29,0.10
7167,103859,1065,1,56.22,0.00
7168,103860,1002,1,20.29,0.20
7169,103861,1012,4,6.77,0.20
7170,103861,1062,1,48.81,0.00
7171,103861,1048,1,18.53,0.15
7172,103861,1006,1,38.50,0.20
7173,103862,1017,3,25.52,0.10
7174,103863,1075,1,74.40,0.05
7175,103863,1064,1,42.55,0.05
7176,103863,1057,3,56.24,0.05
7177,103863,1061,4,10.53,0.20
7178,103864,1064,1,42.55,0.10
7179,103864,1018,1,17.88,0.10
7180,103865,1004,1,16.52,0.10
7181,103865,1012,3,6.77,0.00
7182,103865,1001,1,17.80,0.00
7183,103866,1052,1,67.85,0.15
7184,103866,1079,1,74.62,0.05
7185,103866,1045,1,85.65,0.10
7186,103866,1069,2,49.10,0.00
7187,103867,1051,1,25.37,0.00
7188,103867,1077,1,10.69,0.00
7189,103868,1019,1,18.46,0.00
7190,103869,1005,1,56.52,0.05
7191,103870,1046,2,47.85,0.10
7192,103870,1019,3,18.46,0.15
7193,103870,1068,1,35.89,0.05
7194,103871,1025,2,24.20,0.05
7195,103872,1006,1,38.50,0.10
7196,103873,1039,1,125.57,0.15
7197,103873,1029,2,162.75,0.20
7198,103874,1008,1,25.87,0.05
7199,103875,1014,1,56.86,0.00
7200,103875,1033,1,210.53,0.10
7201,103875,1003,1,25.07,0.00
7202,103876,1052,2,67.85,0.15
7203,103877,1015,2,22.31,0.05
7204,103877,1063,1,14.47,0.00
7205,103877,1067,3,33.59,0.05
7206,103877,1006,1,38.50,0.05
7207,103878,1021,2,16.90,0.00
7208,103878,1048,2,18.53,0.00
7209,103879,1006,2,38.50,0.00
7210,103879,1038,2,46.33,0.00
7211,103880,1026,2,22.74,0.05
7212,103880,1050,2,79.54,0.00
7213,103880,1067,1,33.59,0.00
7214,103881,1052,2,67.85,0.00
7215,103882,1003,1,25.07,0.05
7216,103882,1077,2,10.69,0.00
7217,103882,1080,1,19.14,0.00
7218,103882,1068,2,35.89,0.10
7219,103883,1029,3,162.75,0.00
7220,103883,1036,2,193.46,0.00
7221,103884,1033,1,210.53,0.20
7222,103884,1012,1,6.77,0.00
7223,103885,1040,1,123.72,0.00
7224,103885,1004,1,16.52,0.00
7225,103886,1008,2,25.87,0.20
7226,103886,1008,1,25.87,0.05
7227,103886,1058,1,26.06,0.00
7228,103887,1041,1,81.45,0.20
7229,103887,1050,2,79.54,0.15
7230,103887,1029,1,162.75,0.05
7231,103887,1027,1,123.47,0.05
7232,103888,1046,2,47.85,0.00
7233,103889,1009,2,40.20,0.10
7234,103890,1021,2,16.90,0.15
7235,103891,1034,3,68.99,0.05
7236,103892,1049,1,53.08,0.15
7237,103893,1026,3,22.74,0.15
7238,103893,1043,3,185.49,0.15
7239,103894,1072,1,25.15,0.05
7240,103894,1049,1,53.08,0.00
7241,103894,1018,1,17.88,0.05
7242,103895,1001,2,17.80,0.10
7243,103895,1021,1,16.90,0.00
7244,103896,1047,1,70.37,0.05
7245,103897,1040,1,123.72,0.10
7246,103898,1039,2,125.57,0.00
7247,103899,1064,3,42.55,0.00
7248,103899,1065,3,56.22,0.15
7249,103899,1026,2,22.74,0.20
7250,103900,1078,1,68.03,0.05
7251,103900,1008,1,25.87,0.00
7252,103901,1067,1,33.59,0.20
7253,103901,1046,2,47.85,0.10
7254,103901,1030,1,125.08,0.15
7255,103902,1060,3,63.95,0.00
7256,103902,1071,1,31.77,0.00
7257,103903,1034,2,68.99,0.10
7258,103903,1001,1,17.80,0.05
7259,103903,1066,1,18.19,0.15
7260,103903,1080,2,19.14,0.10
7261,103904,1033,3,210.53,0.00
7262,103905,1045,1,85.65,0.05
7263,103906,1052,1,67.85,0.15
7264,103907,1068,2,35.89,0.00
7265,103908,1010,1,42.65,0.20
7266,103909,1055,1,50.44,0.15
7267,103909,1051,2,25.37,0.10
7268,103910,1065,1,56.22,0.00
7269,103910,1060,1,63.95,0.15
7270,103911,1071,1,31.77,0.00
7271,103911,1059,1,46.39,0.20
7272,103912,1043,1,185.49,0.00
7273,103912,1023,1,10.70,0.00
7274,103913,1080,1,19.14,0.20
7275,103914,1062,2,48.81,0.20
7276,103914,1013,4,19.73,0.00
7277,103914,1041,1,81.45,0.00
7278,103914,1024,3,31.59,0.10
7279,103915,1001,1,17.80,0.00
7280,103915,1056,1,26.43,0.15
7281,103915,1055,4,50.44,0.10
7282,103916,1039,1,125.57,0.10
7283,103917,1002,3,20.29,0.00
7284,103918,1012,1,6.77,0.00
7285,103918,1044,3,12.75,0.15
7286,103918,1052,1,67.85,0.20
7287,103919,1074,2,27.33,0.20
7288,103919,1058,1,26.06,0.00
7289,103920,1017,1,25.52,0.00
7290,103920,1024,1,31.59,0.00
7291,103921,1025,2,24.20,0.20
7292,103921,1061,2,10.53,0.10
7293,103921,1030,1,125.08,0.05
7294,103921,1031,1,146.40,0.20
7295,103922,1052,3,67.85,0.00
7296,103923,1003,1,25.07,0.20
7297,103924,1010,1,42.65,0.20
7298,103925,1044,1,12.75,0.10
7299,103925,1062,1,48.81,0.00
7300,103926,1016,1,23.24,0.00
7301,103926,1028,1,191.46,0.15
7302,103927,1077,3,10.69,0.00
7303,103927,1014,1,56.86,0.00
7304,103927,1048,2,18.53,0.00
7305,103928,1050,1,79.54,0.00
7306,103928,1005,1,56.52,0.20
7307,103928,1004,1,16.52,0.00
7308,103929,1016,2,23.24,0.00
7309,103929,1028,3,191.46,0.05
7310,103929,1001,3,17.80,0.05
7311,103930,1045,1,85.65,0.00
7312,103931,1061,1,10.53,0.00
7313,103931,1077,1,10.69,0.10
7314,103931,1007,2,45.10,0.00
7315,103932,1073,1,39.75,0.20
7316,103933,1004,3,16.52,0.00
7317,103933,1010,1,42.65,0.10
7318,103933,1002,1,20.29,0.00
7319,103934,1039,1,125.57,0.20
7320,103935,1008,1,25.87,0.10
7321,103936,1004,1,16.52,0.00
7322,103936,1045,4,85.65,0.15
7323,103937,1070,1,14.18,0.20
7324,103937,1039,4,125.57,0.05
7325,103938,1042,1,205.47,0.00
7326,103938,1052,1,67.85,0.00
7327,103939,1058,2,26.06,0.15
7328,103939,1038,1,46.33,0.15
7329,103939,1073,1,39.75,0.00
7330,103940,1051,2,25.37,0.05
7331,103941,1065,3,56.22,0.00
7332,103942,1025,2,24.20,0.00
7333,103942,1076,1,69.88,0.20
7334,103943,1070,2,14.18,0.00
7335,103943,1062,1,48.81,0.00
7336,103943,1078,2,68.03,0.10
7337,103944,1011,1,47.68,0.00
7338,103944,1071,2,31.77,0.05
7339,103945,1067,1,33.59,0.10
7340,103945,1010,2,42.65,0.00
7341,103946,1002,1,20.29,0.15
7342,103946,1010,1,42.65,0.00
7343,103946,1050,1,79.54,0.00
7344,103946,1001,1,17.80,0.00
7345,103947,1018,2,17.88,0.15
7346,103947,1033,1,210.53,0.00
7347,103948,1032,2,104.13,0.05
7348,103949,1073,1,39.75,0.00
7349,103949,1009,3,40.20,0.00
7350,103949,1079,1,74.62,0.00
7351,103949,1016,1,23.24,0.10
7352,103950,1040,1,123.72,0.00
7353,103951,1018,3,17.88,0.05
7354,103951,1010,1,42.65,0.05
7355,103951,1053,4,33.56,0.10
7356,103951,1039,1,125.57,0.15
7357,103952,1029,4,162.75,0.00
7358,103952,1016,1,23.24,0.10
7359,103953,1024,1,31.59,0.15
7360,103953,1025,1,24.20,0.00
7361,103953,1013,1,19.73,0.00
7362,103953,1037,1,145.98,0.00
7363,103954,1008,1,25.87,0.00
7364,103954,1066,2,18.19,0.20
7365,103955,1079,2,74.62,0.15
7366,103956,1051,1,25.37,0.05
7367,103956,1063,1,14.47,0.00
7368,103957,1007,2,45.10,0.00
7369,103957,1075,1,74.40,0.00
7370,103957,1059,3,46.39,0.10
7371,103957,1066,2,18.19,0.15
7372,103958,1046,2,47.85,0.20
7373,103959,1062,1,48.81,0.10
7374,103960,1022,1,27.34,0.00
7375,103960,1021,1,16.90,0.00
7376,103960,1080,1,19.14,0.05
7377,103960,1023,1,10.70,0.20
7378,103961,1063,1,14.47,0.00
7379,103961,1032,1,104.13,0.00
7380,103962,1009,1,40.20,0.00
7381,103963,1040,1,123.72,0.00
7382,103964,1043,2,185.49,0.10
7383,103964,1018,2,17.88,0.05
7384,103964,1061,1,10.53,0.15
7385,103965,1080,3,19.14,0.05
7386,103965,1079,1,74.62,0.10
7387,103966,1040,1,123.72,0.00
7388,103967,1022,2,27.34,0.15
7389,103968,1006,1,38.50,0.00
7390,103969,1046,2,47.85,0.00
7391,103969,1006,1,38.50,0.00
7392,103969,1062,2,48.81,0.00
7393,103969,1037,1,145.98,0.15
7394,103970,1071,1,31.77,0.00
7395,103971,1056,4,26.43,0.15
7396,103971,1080,3,19.14,0.05
7397,103971,1040,2,123.72,0.05
7398,103971,1075,1,74.40,0.05
7399,103972,1015,1,22.31,0.05
7400,103972,1070,3,14.18,0.00
7401,103972,1031,1,146.40,0.00
7402,103973,1039,1,125.57,0.05
7403,103974,1037,2,145.98,0.15
7404,103974,1075,3,74.40,0.05
7405,103975,1004,1,16.52,0.00
7406,103976,1064,1,42.55,0.15
7407,103976,1040,1,123.72,0.00
7408,103976,1020,2,41.32,0.20
7409,103977,1027,1,123.47,0.05
7410,103978,1059,1,46.39,0.10
7411,103978,1068,1,35.89,0.00
7412,103978,1068,1,35.89,0.05
7413,103979,1076,1,69.88,0.10
7414,103979,1038,1,46.33,0.00
7415,103980,1067,1,33.59,0.05
7416,103980,1064,1,42.55,0.00
7417,103981,1077,1,10.69,0.20
7418,103981,1004,2,16.52,0.10
7419,103982,1027,1,123.47,0.00
7420,103983,1020,1,41.32,0.00
7421,103984,1046,1,47.85,0.15
7422,103984,1017,1,25.52,0.00
7423,103985,1064,1,42.55,0.15
7424,103985,1069,1,49.10,0.00
7425,103985,1020,3,41.32,0.05
7426,103986,1018,2,17.88,0.00
7427,103987,1074,1,27.33,0.05
7428,103988,1014,2,56.86,0.10
7429,103988,1060,1,63.95,0.10
7430,103988,1053,1,33.56,0.00
7431,103988,1057,1,56.24,0.00
7432,103989,1074,1,27.33,0.15
7433,103990,1006,1,38.50,0.10
7434,103990,1050,3,79.54,0.00
7435,103991,1051,1,25.37,0.00
7436,103992,1005,1,56.52,0.05
7437,103992,1063,1,14.47,0.00
7438,103993,1047,1,70.37,0.20
7439,103994,1023,3,10.70,0.05
7440,103994,1004,1,16.52,0.05
7441,103995,1035,3,51.62,0.00
7442,103995,1005,1,56.52,0.00
7443,103995,1037,1,145.98,0.20
7444,103996,1033,2,210.53,0.10
7445,103996,1043,3,185.49,0.10
7446,103997,1051,1,25.37,0.05
7447,103997,1051,4,25.37,0.15
7448,103998,1067,1,33.59,0.00
7449,103998,1009,2,40.20,0.00
7450,103998,1045,1,85.65,0.10
7451,103999,1019,1,18.46,0.05
7452,103999,1043,1,185.49,0.00
7453,103999,1068,2,35.89,0.05
7454,103999,1031,2,146.40,0.00
7455,104000,1015,3,22.31,0.15
7456,104001,1040,1,123.72,0.10
7457,104002,1039,2,125.57,0.00
7458,104002,1050,2,79.54,0.15
7459,104002,1005,1,56.52,0.15
7460,104003,1047,1,70.37,0.00
7461,104003,1076,2,69.88,0.20
7462,104003,1034,1,68.99,0.05
7463,104004,1053,2,33.56,0.20
7464,104005,1042,4,205.47,0.20
7465,104006,1012,1,6.77,0.10
7466,104006,1005,3,56.52,0.00
7467,104006,1051,2,25.37,0.00
7468,104007,1063,1,14.47,0.00
7469,104008,1010,1,42.65,0.00
7470,104008,1018,2,17.88,0.00
7471,104008,1078,1,68.03,0.00
7472,104008,1032,1,104.13,0.00
7473,104009,1050,1,79.54,0.05
7474,104009,1048,2,18.53,0.00
7475,104009,1021,2,16.90,0.20
7476,104009,1047,2,70.37,0.20
7477,104010,1028,1,191.46,0.15
7478,104010,1037,1,145.98,0.00
7479,104011,1046,2,47.85,0.10
7480,104011,1024,3,31.59,0.05
7481,104012,1003,1,25.07,0.00
7482,104012,1054,1,61.29,0.00
7483,104013,1002,2,20.29,0.15
7484,104013,1053,2,33.56,0.00
7485,104013,1036,1,193.46,0.00
7486,104013,1080,1,19.14,0.00
7487,104014,1015,1,22.31,0.05
7488,104015,1019,2,18.46,0.15
7489,104016,1064,2,42.55,0.15
7490,104017,1051,2,25.37,0.20
7491,104018,1023,2,10.70,0.10
7492,104018,1011,2,47.68,0.10
7493,104019,1010,2,42.65,0.00
7494,104019,1076,2,69.88,0.20
7495,104020,1080,1,19.14,0.05
7496,104021,1017,1,25.52,0.00
7497,104022,1062,1,48.81,0.00
7498,104022,1014,2,56.86,0.00
7499,104022,1031,1,146.40,0.00
7500,104023,1033,1,210.53,0.00
7501,104023,1051,1,25.37,0.15
7502,104023,1009,1,40.20,0.10
7503,104023,1052,1,67.85,0.00
7504,104024,1001,3,17.80,0.00
7505,104024,1060,1,63.95,0.00
7506,104024,1074,1,27.33,0.15
7507,104025,1028,3,191.46,0.00
7508,104025,1001,1,17.80,0.00
7509,104026,1052,1,67.85,0.00
7510,104027,1009,4,40.20,0.05
7511,104027,1054,2,61.29,0.00
7512,104028,1053,1,33.56,0.05
7513,104028,1008,2,25.87,0.00
7514,104029,1045,2,85.65,0.20
7515,104029,1038,1,46.33,0.15
7516,104030,1038,2,46.33,0.20
7517,104030,1054,1,61.29,0.00
7518,104030,1016,1,23.24,0.05
7519,104030,1035,2,51.62,0.00
7520,104031,1017,4,25.52,0.00
7521,104031,1076,2,69.88,0.00
7522,104032,1033,1,210.53,0.00
7523,104032,1059,1,46.39,0.00
7524,104032,1023,1,10.70,0.00
7525,104032,1070,1,14.18,0.10
7526,104033,1013,1,19.73,0.00
7527,104034,1026,4,22.74,0.15
7528,104034,1038,4,46.33,0.00
7529,104035,1026,2,22.74,0.00
7530,104036,1028,1,191.46,0.15
7531,104037,1070,1,14.18,0.00
7532,104037,1019,1,18.46,0.10
7533,104037,1018,1,17.88,0.15
